step,baseline_loss,flat_buffer_loss,loss_diff,baseline_grad,flat_buffer_grad,grad_diff
0,5.30468750,5.30468750,0.00000000e+00,566.50000000,564.50000000,2.00000000e+00
1,5.05468750,5.05468750,0.00000000e+00,-277.25000000,-279.25000000,2.00000000e+00
2,6.26562500,6.26953125,3.90625000e-03,199.25000000,203.12500000,3.87500000e+00
3,5.08593750,5.08593750,0.00000000e+00,148.37500000,148.37500000,0.00000000e+00
4,4.85937500,4.85937500,0.00000000e+00,58.59375000,58.59375000,0.00000000e+00
5,4.71875000,4.71484375,3.90625000e-03,89.81250000,87.87500000,1.93750000e+00
6,5.63281250,5.63281250,0.00000000e+00,0.00000000,0.00000000,0.00000000e+00
7,7.96484375,7.96875000,3.90625000e-03,-33.18750000,-35.15625000,1.96875000e+00
8,6.74218750,6.74218750,0.00000000e+00,-150.37500000,-148.37500000,2.00000000e+00
9,7.37500000,7.37109375,3.90625000e-03,463.00000000,463.00000000,0.00000000e+00
10,7.17187500,7.19531250,2.34375000e-02,-386.75000000,-375.00000000,1.17500000e+01
11,6.92187500,6.81250000,1.09375000e-01,425.75000000,375.00000000,5.07500000e+01
12,6.56250000,6.57031250,7.81250000e-03,0.00000000,5.85937500,5.85937500e+00
13,7.11718750,7.09765625,1.95312500e-02,58.59375000,48.81250000,9.78125000e+00
14,7.67187500,7.67187500,0.00000000e+00,136.75000000,121.06250000,1.56875000e+01
15,7.35937500,7.35937500,0.00000000e+00,-242.12500000,-238.25000000,3.87500000e+00
16,6.04296875,6.04687500,3.90625000e-03,158.25000000,156.25000000,2.00000000e+00
17,4.42968750,4.42968750,0.00000000e+00,-209.00000000,-207.00000000,2.00000000e+00
18,6.40625000,6.38281250,2.34375000e-02,-140.62500000,-154.25000000,1.36250000e+01
19,6.80468750,6.78125000,2.34375000e-02,-93.75000000,-109.37500000,1.56250000e+01
20,5.60156250,5.60156250,0.00000000e+00,121.06250000,121.06250000,0.00000000e+00
21,3.97656250,3.96875000,7.81250000e-03,-625.00000000,-631.00000000,6.00000000e+00
22,5.64062500,5.65234375,1.17187500e-02,-37.09375000,-33.18750000,3.90625000e+00
23,6.70312500,6.70312500,0.00000000e+00,199.25000000,187.50000000,1.17500000e+01
24,6.07812500,6.07421875,3.90625000e-03,-203.12500000,-205.12500000,2.00000000e+00
25,5.90625000,5.89062500,1.56250000e-02,-615.00000000,-619.00000000,4.00000000e+00
26,11.51562500,11.51562500,0.00000000e+00,101.56250000,101.56250000,0.00000000e+00
27,8.03906250,8.03125000,7.81250000e-03,-343.75000000,-351.50000000,7.75000000e+00
28,4.54687500,4.55468750,7.81250000e-03,212.87500000,218.75000000,5.87500000e+00
29,4.44140625,4.44921875,7.81250000e-03,-316.50000000,-312.50000000,4.00000000e+00
30,5.42578125,5.41015625,1.56250000e-02,224.62500000,220.75000000,3.87500000e+00
31,5.54687500,5.54687500,0.00000000e+00,-582.00000000,-586.00000000,4.00000000e+00
32,7.30859375,7.31250000,3.90625000e-03,-33.18750000,-33.18750000,0.00000000e+00
33,6.17187500,6.17187500,0.00000000e+00,-420.00000000,-421.75000000,1.75000000e+00
34,6.57421875,6.52734375,4.68750000e-02,-126.93750000,-138.62500000,1.16875000e+01
35,5.66015625,5.66015625,0.00000000e+00,91.81250000,95.68750000,3.87500000e+00
36,6.45312500,6.44531250,7.81250000e-03,222.62500000,216.75000000,5.87500000e+00
37,5.29687500,5.29687500,0.00000000e+00,222.62500000,224.62500000,2.00000000e+00
38,7.10156250,7.10937500,7.81250000e-03,214.87500000,218.75000000,3.87500000e+00
39,6.43359375,6.44531250,1.17187500e-02,166.00000000,166.00000000,0.00000000e+00
40,7.57031250,7.57031250,0.00000000e+00,181.62500000,181.62500000,0.00000000e+00
41,4.52343750,4.51562500,7.81250000e-03,5.85937500,3.90625000,1.95312500e+00
42,5.80468750,5.80468750,0.00000000e+00,-269.50000000,-267.50000000,2.00000000e+00
43,5.52734375,5.51953125,7.81250000e-03,-650.50000000,-658.00000000,7.50000000e+00
44,4.48046875,4.47656250,3.90625000e-03,-302.75000000,-298.75000000,4.00000000e+00
45,7.06640625,7.06250000,3.90625000e-03,-37.09375000,-42.96875000,5.87500000e+00
46,7.35937500,7.36718750,7.81250000e-03,148.37500000,148.37500000,0.00000000e+00
47,6.90625000,6.89843750,7.81250000e-03,-54.68750000,-62.50000000,7.81250000e+00
48,6.46875000,6.46093750,7.81250000e-03,312.50000000,308.50000000,4.00000000e+00
49,5.99218750,5.97656250,1.56250000e-02,-437.50000000,-449.25000000,1.17500000e+01
50,4.47656250,4.47656250,0.00000000e+00,-60.53125000,-56.62500000,3.90625000e+00
51,5.04687500,5.01953125,2.73437500e-02,-125.00000000,-134.75000000,9.75000000e+00
52,6.88281250,6.88281250,0.00000000e+00,828.00000000,832.00000000,4.00000000e+00
53,4.71093750,4.71875000,7.81250000e-03,-265.50000000,-257.75000000,7.75000000e+00
54,4.69531250,4.69140625,3.90625000e-03,-17.57812500,-19.53125000,1.95312500e+00
55,4.71875000,4.71484375,3.90625000e-03,265.50000000,259.75000000,5.75000000e+00
56,4.95312500,4.94531250,7.81250000e-03,-461.00000000,-464.75000000,3.75000000e+00
57,7.49609375,7.49609375,0.00000000e+00,-275.50000000,-275.50000000,0.00000000e+00
58,6.28125000,6.28125000,0.00000000e+00,19.53125000,19.53125000,0.00000000e+00
59,7.07031250,7.07812500,7.81250000e-03,418.00000000,414.00000000,4.00000000e+00
60,7.71093750,7.70312500,7.81250000e-03,253.87500000,248.00000000,5.87500000e+00
61,5.97656250,6.00000000,2.34375000e-02,-74.18750000,-70.31250000,3.87500000e+00
62,6.56250000,6.53125000,3.12500000e-02,25.39062500,3.90625000,2.14843750e+01
63,6.44921875,6.44140625,7.81250000e-03,-443.25000000,-447.25000000,4.00000000e+00
64,6.80468750,6.77343750,3.12500000e-02,-293.00000000,-314.50000000,2.15000000e+01
65,7.42968750,7.43750000,7.81250000e-03,-339.75000000,-336.00000000,3.75000000e+00
66,5.51562500,5.52343750,7.81250000e-03,-168.00000000,-164.00000000,4.00000000e+00
67,4.34375000,4.33593750,7.81250000e-03,-160.12500000,-162.12500000,2.00000000e+00
68,6.71093750,6.69531250,1.56250000e-02,224.62500000,234.37500000,9.75000000e+00
69,6.60156250,6.59375000,7.81250000e-03,-195.25000000,-203.12500000,7.87500000e+00
70,5.22656250,5.21093750,1.56250000e-02,-218.75000000,-230.50000000,1.17500000e+01
71,4.75390625,4.72656250,2.73437500e-02,459.00000000,446.25000000,1.27500000e+01
72,5.68750000,5.67578125,1.17187500e-02,-103.50000000,-103.50000000,0.00000000e+00
73,6.82812500,6.82812500,0.00000000e+00,252.00000000,257.75000000,5.75000000e+00
74,6.33593750,6.33593750,0.00000000e+00,-15.62500000,-15.62500000,0.00000000e+00
75,7.14843750,7.14453125,3.90625000e-03,224.62500000,224.62500000,0.00000000e+00
76,11.83593750,11.83593750,0.00000000e+00,347.75000000,339.75000000,8.00000000e+00
77,8.07812500,8.06250000,1.56250000e-02,-3.90625000,-15.62500000,1.17187500e+01
78,4.07031250,4.07812500,7.81250000e-03,-101.56250000,-89.81250000,1.17500000e+01
79,4.80859375,4.81250000,3.90625000e-03,232.37500000,234.37500000,2.00000000e+00
80,5.30468750,5.33593750,3.12500000e-02,365.25000000,390.50000000,2.52500000e+01
81,5.73046875,5.74218750,1.17187500e-02,-490.25000000,-488.25000000,2.00000000e+00
82,7.76953125,7.76953125,0.00000000e+00,181.62500000,181.62500000,0.00000000e+00
83,6.09375000,6.09375000,0.00000000e+00,-183.62500000,-191.37500000,7.75000000e+00
84,6.78125000,6.75000000,3.12500000e-02,345.75000000,336.00000000,9.75000000e+00
85,5.46093750,5.47265625,1.17187500e-02,78.12500000,84.00000000,5.87500000e+00
86,6.17187500,6.19531250,2.34375000e-02,-31.25000000,-21.48437500,9.76562500e+00
87,4.65625000,4.66796875,1.17187500e-02,-185.50000000,-181.62500000,3.87500000e+00
88,6.69140625,6.70312500,1.17187500e-02,-162.12500000,-146.50000000,1.56250000e+01
89,6.50781250,6.49609375,1.17187500e-02,216.75000000,207.00000000,9.75000000e+00
90,7.26562500,7.23828125,2.73437500e-02,-58.59375000,-70.31250000,1.17187500e+01
91,4.43750000,4.43750000,0.00000000e+00,-261.75000000,-263.75000000,2.00000000e+00
92,6.30859375,6.30859375,0.00000000e+00,291.00000000,285.25000000,5.75000000e+00
93,6.76562500,6.77734375,1.17187500e-02,832.00000000,842.00000000,1.00000000e+01
94,5.07812500,5.05468750,2.34375000e-02,719.50000000,723.50000000,4.00000000e+00
95,7.22656250,7.22656250,0.00000000e+00,273.50000000,265.50000000,8.00000000e+00
96,7.24218750,7.24609375,3.90625000e-03,39.06250000,33.18750000,5.87500000e+00
97,6.57031250,6.55468750,1.56250000e-02,-171.87500000,-179.62500000,7.75000000e+00
98,5.41406250,5.40234375,1.17187500e-02,-246.12500000,-252.00000000,5.87500000e+00
99,6.66015625,6.66015625,0.00000000e+00,443.25000000,443.25000000,0.00000000e+00
100,4.12109375,4.11718750,3.90625000e-03,-115.25000000,-121.06250000,5.81250000e+00
101,5.08593750,5.07031250,1.56250000e-02,168.00000000,160.12500000,7.87500000e+00
102,5.60937500,5.60156250,7.81250000e-03,-93.75000000,-103.50000000,9.75000000e+00
103,4.69921875,4.69531250,3.90625000e-03,-56.62500000,-58.59375000,1.96875000e+00
104,4.52343750,4.52343750,0.00000000e+00,-160.12500000,-158.25000000,1.87500000e+00
105,4.80468750,4.80468750,0.00000000e+00,394.50000000,394.50000000,0.00000000e+00
106,5.71484375,5.69531250,1.95312500e-02,250.00000000,242.12500000,7.87500000e+00
107,8.18750000,8.17968750,7.81250000e-03,351.50000000,338.00000000,1.35000000e+01
108,6.17187500,6.18750000,1.56250000e-02,-109.37500000,-101.56250000,7.81250000e+00
109,6.78125000,6.78515625,3.90625000e-03,187.50000000,195.25000000,7.75000000e+00
110,7.55468750,7.54687500,7.81250000e-03,285.25000000,277.25000000,8.00000000e+00
111,6.53515625,6.53906250,3.90625000e-03,636.50000000,633.00000000,3.50000000e+00
112,6.78125000,6.77343750,7.81250000e-03,85.93750000,84.00000000,1.93750000e+00
113,6.74218750,6.75000000,7.81250000e-03,-11.71875000,-13.67187500,1.95312500e+00
114,7.36328125,7.35546875,7.81250000e-03,185.50000000,179.62500000,5.87500000e+00
115,7.52734375,7.54687500,1.95312500e-02,-72.25000000,-64.43750000,7.81250000e+00
116,4.64453125,4.64843750,3.90625000e-03,-806.50000000,-812.50000000,6.00000000e+00
117,4.23437500,4.23437500,0.00000000e+00,-132.75000000,-132.75000000,0.00000000e+00
118,7.38281250,7.43750000,5.46875000e-02,765.50000000,808.50000000,4.30000000e+01
119,6.50000000,6.39062500,1.09375000e-01,238.25000000,175.75000000,6.25000000e+01
120,5.38281250,5.38281250,0.00000000e+00,93.75000000,111.31250000,1.75625000e+01
121,3.83203125,3.83203125,0.00000000e+00,-103.50000000,-101.56250000,1.93750000e+00
122,6.03906250,6.03125000,7.81250000e-03,269.50000000,261.75000000,7.75000000e+00
123,6.24218750,6.21093750,3.12500000e-02,3.90625000,-9.76562500,1.36718750e+01
124,6.03906250,6.03906250,0.00000000e+00,-125.00000000,-121.06250000,3.93750000e+00
125,6.47265625,6.48828125,1.56250000e-02,263.75000000,267.50000000,3.75000000e+00
126,10.85937500,10.85937500,0.00000000e+00,-468.75000000,-484.25000000,1.55000000e+01
127,7.67578125,7.66406250,1.17187500e-02,-220.75000000,-230.50000000,9.75000000e+00
128,4.14453125,4.17187500,2.73437500e-02,19.53125000,35.15625000,1.56250000e+01
129,4.27734375,4.28125000,3.90625000e-03,-91.81250000,-89.81250000,2.00000000e+00
130,4.33203125,4.31250000,1.95312500e-02,-396.50000000,-400.50000000,4.00000000e+00
131,5.45312500,5.46093750,7.81250000e-03,-613.50000000,-547.00000000,6.65000000e+01
132,7.05468750,7.05468750,0.00000000e+00,-64.43750000,-66.37500000,1.93750000e+00
133,6.27734375,6.26562500,1.17187500e-02,121.06250000,113.25000000,7.81250000e+00
134,6.76953125,6.77343750,3.90625000e-03,150.37500000,156.25000000,5.87500000e+00
135,5.59375000,5.59375000,0.00000000e+00,234.37500000,236.37500000,2.00000000e+00
136,6.52734375,6.45312500,7.42187500e-02,263.75000000,226.50000000,3.72500000e+01
137,5.49218750,5.50000000,7.81250000e-03,621.00000000,627.00000000,6.00000000e+00
138,6.71093750,6.70312500,7.81250000e-03,-406.25000000,-406.25000000,0.00000000e+00
139,6.80078125,6.79296875,7.81250000e-03,287.00000000,291.00000000,4.00000000e+00
140,7.64062500,7.61718750,2.34375000e-02,363.25000000,339.75000000,2.35000000e+01
141,4.52734375,4.52343750,3.90625000e-03,17.57812500,11.71875000,5.85937500e+00
142,5.67968750,5.68750000,7.81250000e-03,-76.18750000,-66.37500000,9.81250000e+00
143,5.03515625,5.04687500,1.17187500e-02,-76.18750000,-66.37500000,9.81250000e+00
144,4.11718750,4.13281250,1.56250000e-02,-44.90625000,-29.29687500,1.56093750e+01
145,6.55859375,6.57812500,1.95312500e-02,-304.75000000,-300.75000000,4.00000000e+00
146,7.46093750,7.46093750,0.00000000e+00,226.50000000,226.50000000,0.00000000e+00
147,6.64453125,6.64843750,3.90625000e-03,-46.87500000,-42.96875000,3.90625000e+00
148,5.50000000,5.48828125,1.17187500e-02,-207.00000000,-209.00000000,2.00000000e+00
149,6.26171875,6.25781250,3.90625000e-03,113.25000000,95.68750000,1.75625000e+01
150,3.92187500,3.92968750,7.81250000e-03,-308.50000000,-308.50000000,0.00000000e+00
151,5.13281250,5.14843750,1.56250000e-02,318.25000000,318.25000000,0.00000000e+00
152,5.77343750,5.74218750,3.12500000e-02,187.50000000,175.75000000,1.17500000e+01
153,4.39062500,4.39843750,7.81250000e-03,-218.75000000,-212.87500000,5.87500000e+00
154,4.59375000,4.59765625,3.90625000e-03,3.90625000,5.85937500,1.95312500e+00
155,4.55468750,4.56250000,7.81250000e-03,105.43750000,109.37500000,3.93750000e+00
156,5.10937500,5.09765625,1.17187500e-02,-82.00000000,-85.93750000,3.93750000e+00
157,8.03125000,8.03125000,0.00000000e+00,109.37500000,99.62500000,9.75000000e+00
158,6.17968750,6.18750000,7.81250000e-03,-156.25000000,-156.25000000,0.00000000e+00
159,6.67968750,6.64062500,3.90625000e-02,410.25000000,398.50000000,1.17500000e+01
160,6.80468750,6.81640625,1.17187500e-02,-445.25000000,-439.50000000,5.75000000e+00
161,5.33593750,5.35937500,2.34375000e-02,-146.50000000,-136.75000000,9.75000000e+00
162,6.28906250,6.25000000,3.90625000e-02,-164.00000000,-185.50000000,2.15000000e+01
163,6.44531250,6.42578125,1.95312500e-02,136.75000000,119.12500000,1.76250000e+01
164,6.23437500,6.27734375,4.29687500e-02,-250.00000000,-226.50000000,2.35000000e+01
165,7.88281250,7.88671875,3.90625000e-03,328.00000000,326.25000000,1.75000000e+00
166,5.07421875,5.07031250,3.90625000e-03,-341.75000000,-341.75000000,0.00000000e+00
167,4.21484375,4.21875000,3.90625000e-03,-101.56250000,-105.43750000,3.87500000e+00
168,5.67968750,5.65625000,2.34375000e-02,-293.00000000,-304.75000000,1.17500000e+01
169,6.17968750,6.19921875,1.95312500e-02,-70.31250000,-56.62500000,1.36875000e+01
170,5.40625000,5.40625000,0.00000000e+00,11.71875000,23.43750000,1.17187500e+01
171,4.00781250,4.01171875,3.90625000e-03,361.25000000,368.25000000,7.00000000e+00
172,5.81250000,5.81640625,3.90625000e-03,218.75000000,220.75000000,2.00000000e+00
173,5.78515625,5.78125000,3.90625000e-03,-205.12500000,-207.00000000,1.87500000e+00
174,6.12890625,6.12500000,3.90625000e-03,84.00000000,82.00000000,2.00000000e+00
175,6.61718750,6.63281250,1.56250000e-02,382.75000000,390.50000000,7.75000000e+00
176,11.82812500,11.83593750,7.81250000e-03,230.50000000,242.12500000,1.16250000e+01
177,7.67187500,7.67968750,7.81250000e-03,-187.50000000,-179.62500000,7.87500000e+00
178,4.11328125,4.12109375,7.81250000e-03,125.00000000,135.75000000,1.07500000e+01
179,4.32421875,4.31640625,7.81250000e-03,-97.62500000,-107.43750000,9.81250000e+00
180,5.15625000,5.15625000,0.00000000e+00,183.62500000,191.37500000,7.75000000e+00
181,5.64843750,5.61718750,3.12500000e-02,-250.00000000,-267.50000000,1.75000000e+01
182,7.15625000,7.15625000,0.00000000e+00,-3.90625000,1.95312500,5.85937500e+00
183,6.12500000,6.11718750,7.81250000e-03,132.75000000,136.75000000,4.00000000e+00
184,5.55859375,5.54296875,1.56250000e-02,-560.50000000,-586.00000000,2.55000000e+01
185,4.81250000,4.80859375,3.90625000e-03,-441.50000000,-443.25000000,1.75000000e+00
186,6.12500000,6.11328125,1.17187500e-02,160.12500000,158.25000000,1.87500000e+00
187,5.04687500,5.08593750,3.90625000e-02,433.50000000,461.00000000,2.75000000e+01
188,6.75000000,6.75781250,7.81250000e-03,42.96875000,42.96875000,0.00000000e+00
189,6.21093750,6.20703125,3.90625000e-03,-19.53125000,-13.67187500,5.85937500e+00
190,7.48437500,7.49609375,1.17187500e-02,291.00000000,310.50000000,1.95000000e+01
191,4.21093750,4.22265625,1.17187500e-02,-175.75000000,-171.87500000,3.87500000e+00
192,5.79687500,5.78906250,7.81250000e-03,93.75000000,99.62500000,5.87500000e+00
193,4.70312500,4.71093750,7.81250000e-03,-590.00000000,-326.25000000,2.63750000e+02
194,4.23046875,4.22656250,3.90625000e-03,-154.25000000,-154.25000000,0.00000000e+00
195,6.87890625,6.87109375,7.81250000e-03,244.12500000,244.12500000,0.00000000e+00
196,7.10937500,7.10937500,0.00000000e+00,269.50000000,265.50000000,4.00000000e+00
197,6.83984375,6.81250000,2.73437500e-02,400.50000000,400.50000000,0.00000000e+00
198,5.05468750,5.05468750,0.00000000e+00,-629.00000000,-642.50000000,1.35000000e+01
199,5.88281250,5.84375000,3.90625000e-02,144.50000000,136.75000000,7.75000000e+00
200,4.37109375,4.39843750,2.73437500e-02,166.00000000,187.50000000,2.15000000e+01
201,4.88281250,4.89843750,1.56250000e-02,214.87500000,220.75000000,5.87500000e+00
202,5.76171875,5.75000000,1.17187500e-02,142.62500000,138.62500000,4.00000000e+00
203,4.52734375,4.55468750,2.73437500e-02,52.71875000,68.37500000,1.56562500e+01
204,4.57812500,4.58593750,7.81250000e-03,109.37500000,113.25000000,3.87500000e+00
205,4.45312500,4.45312500,0.00000000e+00,160.12500000,154.25000000,5.87500000e+00
206,4.87500000,4.86718750,7.81250000e-03,-240.25000000,-248.00000000,7.75000000e+00
207,8.02343750,8.04687500,2.34375000e-02,515.50000000,498.00000000,1.75000000e+01
208,6.18750000,6.19921875,1.17187500e-02,-62.50000000,-60.53125000,1.96875000e+00
209,5.96093750,5.96093750,0.00000000e+00,-85.93750000,-91.81250000,5.87500000e+00
210,7.18359375,7.20703125,2.34375000e-02,-91.81250000,-84.00000000,7.81250000e+00
211,4.96875000,4.95703125,1.17187500e-02,-646.50000000,-654.50000000,8.00000000e+00
212,6.78125000,6.76562500,1.56250000e-02,406.25000000,386.75000000,1.95000000e+01
213,6.51171875,6.57812500,6.64062500e-02,128.87500000,154.25000000,2.53750000e+01
214,7.43750000,7.44140625,3.90625000e-03,527.50000000,527.50000000,0.00000000e+00
215,7.84765625,7.87109375,2.34375000e-02,283.25000000,287.00000000,3.75000000e+00
216,5.26171875,5.28125000,1.95312500e-02,-35.15625000,-27.34375000,7.81250000e+00
217,4.72656250,4.73437500,7.81250000e-03,365.25000000,359.25000000,6.00000000e+00
218,5.94140625,6.01562500,7.42187500e-02,230.50000000,269.50000000,3.90000000e+01
219,7.04687500,7.04687500,0.00000000e+00,590.00000000,586.00000000,4.00000000e+00
220,4.63281250,4.63281250,0.00000000e+00,-343.75000000,-351.50000000,7.75000000e+00
221,3.57812500,3.59765625,1.95312500e-02,-152.37500000,-144.50000000,7.87500000e+00
222,5.50390625,5.52343750,1.95312500e-02,-76.18750000,-70.31250000,5.87500000e+00
223,5.89062500,5.88281250,7.81250000e-03,-203.12500000,-207.00000000,3.87500000e+00
224,6.38281250,6.39453125,1.17187500e-02,302.75000000,322.25000000,1.95000000e+01
225,6.28515625,6.31250000,2.73437500e-02,181.62500000,179.62500000,2.00000000e+00
226,11.43750000,11.42187500,1.56250000e-02,464.75000000,461.00000000,3.75000000e+00
227,7.33593750,7.35156250,1.56250000e-02,-179.62500000,-175.75000000,3.87500000e+00
228,4.13281250,4.12500000,7.81250000e-03,97.62500000,94.75000000,2.87500000e+00
229,3.72656250,3.71484375,1.17187500e-02,-418.00000000,-439.50000000,2.15000000e+01
230,4.37500000,4.37109375,3.90625000e-03,-437.50000000,-421.75000000,1.57500000e+01
231,5.20312500,5.20312500,0.00000000e+00,-296.75000000,-304.75000000,8.00000000e+00
232,6.93750000,6.92968750,7.81250000e-03,-97.62500000,-105.43750000,7.81250000e+00
233,5.45703125,5.44921875,7.81250000e-03,-379.00000000,-380.75000000,1.75000000e+00
234,6.25781250,6.27343750,1.56250000e-02,218.75000000,269.50000000,5.07500000e+01
235,5.23828125,5.24218750,3.90625000e-03,130.87500000,126.93750000,3.93750000e+00
236,5.60546875,5.60937500,3.90625000e-03,-318.25000000,-306.75000000,1.15000000e+01
237,3.90625000,3.91796875,1.17187500e-02,-437.50000000,-431.75000000,5.75000000e+00
238,6.25781250,6.25781250,0.00000000e+00,-445.25000000,-457.00000000,1.17500000e+01
239,6.54687500,6.53515625,1.17187500e-02,423.75000000,425.75000000,2.00000000e+00
240,7.48046875,7.46484375,1.56250000e-02,341.75000000,330.00000000,1.17500000e+01
241,4.10156250,4.10156250,0.00000000e+00,-126.93750000,-136.75000000,9.81250000e+00
242,5.54687500,5.53906250,7.81250000e-03,121.06250000,123.06250000,2.00000000e+00
243,4.59375000,4.58593750,7.81250000e-03,-101.56250000,-109.37500000,7.81250000e+00
244,4.02343750,4.05078125,2.73437500e-02,-220.75000000,-205.12500000,1.56250000e+01
245,6.46875000,6.47656250,7.81250000e-03,-476.50000000,-484.25000000,7.75000000e+00
246,6.43750000,6.42578125,1.17187500e-02,-271.50000000,-281.25000000,9.75000000e+00
247,6.14062500,6.10156250,3.90625000e-02,-3.90625000,-25.39062500,2.14843750e+01
248,5.55468750,5.55859375,3.90625000e-03,54.68750000,48.81250000,5.87500000e+00
249,6.16796875,6.18750000,1.95312500e-02,226.50000000,216.75000000,9.75000000e+00
250,3.92968750,3.91601562,1.36718750e-02,-121.06250000,-131.87500000,1.08125000e+01
251,4.14843750,4.15234375,3.90625000e-03,-23.43750000,-39.06250000,1.56250000e+01
252,5.08593750,5.10937500,2.34375000e-02,-402.25000000,-388.75000000,1.35000000e+01
253,4.05468750,4.07031250,1.56250000e-02,-367.25000000,-347.75000000,1.95000000e+01
254,4.21875000,4.23437500,1.56250000e-02,-226.50000000,-224.62500000,1.87500000e+00
255,3.90625000,3.93359375,2.73437500e-02,-312.50000000,-306.75000000,5.75000000e+00
256,5.37890625,5.37500000,3.90625000e-03,283.25000000,279.25000000,4.00000000e+00
257,8.13281250,8.12500000,7.81250000e-03,449.25000000,425.75000000,2.35000000e+01
258,5.89843750,5.92578125,2.73437500e-02,-113.25000000,-107.43750000,5.81250000e+00
259,5.98437500,5.99218750,7.81250000e-03,277.25000000,285.25000000,8.00000000e+00
260,6.78125000,6.82812500,4.68750000e-02,19.53125000,39.06250000,1.95312500e+01
261,5.12109375,5.17968750,5.85937500e-02,142.62500000,160.12500000,1.75000000e+01
262,6.83593750,6.83984375,3.90625000e-03,332.00000000,326.25000000,5.75000000e+00
263,6.49218750,6.53125000,3.90625000e-02,128.87500000,109.37500000,1.95000000e+01
264,6.13281250,6.14843750,1.56250000e-02,-89.81250000,-93.75000000,3.93750000e+00
265,7.16406250,7.19531250,3.12500000e-02,-117.18750000,-105.43750000,1.17500000e+01
266,5.44531250,5.44531250,0.00000000e+00,132.75000000,121.06250000,1.16875000e+01
267,3.93750000,3.96484375,2.73437500e-02,-101.56250000,-101.56250000,0.00000000e+00
268,6.45312500,6.52343750,7.03125000e-02,437.50000000,461.00000000,2.35000000e+01
269,6.78906250,6.78906250,0.00000000e+00,547.00000000,547.00000000,0.00000000e+00
270,5.46484375,5.47656250,1.17187500e-02,418.00000000,421.75000000,3.75000000e+00
271,3.58789062,3.62109375,3.32031250e-02,8.78906250,21.48437500,1.26953125e+01
272,4.94140625,4.94531250,3.90625000e-03,-255.87500000,-265.50000000,9.62500000e+00
273,5.92968750,5.92187500,7.81250000e-03,97.62500000,66.37500000,3.12500000e+01
274,6.01562500,6.01562500,0.00000000e+00,107.43750000,103.50000000,3.93750000e+00
275,5.45703125,5.47656250,1.95312500e-02,-142.62500000,-144.50000000,1.87500000e+00
276,10.99218750,11.00781250,1.56250000e-02,11.71875000,19.53125000,7.81250000e+00
277,7.35937500,7.36718750,7.81250000e-03,-414.00000000,-421.75000000,7.75000000e+00
278,3.96484375,3.98437500,1.95312500e-02,33.18750000,42.00000000,8.81250000e+00
279,4.28515625,4.29687500,1.17187500e-02,84.00000000,82.00000000,2.00000000e+00
280,4.62500000,4.59765625,2.73437500e-02,230.50000000,214.87500000,1.56250000e+01
281,4.93750000,4.95312500,1.56250000e-02,-740.00000000,-732.50000000,7.50000000e+00
282,7.14062500,7.15625000,1.56250000e-02,97.62500000,105.43750000,7.81250000e+00
283,5.73437500,5.72656250,7.81250000e-03,-35.15625000,-39.06250000,3.90625000e+00
284,5.75781250,5.72265625,3.51562500e-02,-21.48437500,-9.76562500,1.17187500e+01
285,4.58593750,4.58593750,0.00000000e+00,-136.75000000,-140.62500000,3.87500000e+00
286,5.81250000,5.83203125,1.95312500e-02,-58.59375000,-56.62500000,1.96875000e+00
287,4.63281250,4.56250000,7.03125000e-02,240.25000000,203.12500000,3.71250000e+01
288,7.70703125,7.75000000,4.29687500e-02,742.00000000,754.00000000,1.20000000e+01
289,5.25781250,5.26953125,1.17187500e-02,-433.50000000,-439.50000000,6.00000000e+00
290,7.26953125,7.27343750,3.90625000e-03,87.87500000,84.00000000,3.87500000e+00
291,3.81250000,3.83203125,1.95312500e-02,-531.00000000,-533.00000000,2.00000000e+00
292,5.44140625,5.44140625,0.00000000e+00,33.18750000,39.06250000,5.87500000e+00
293,4.41406250,4.44531250,3.12500000e-02,19.53125000,17.57812500,1.95312500e+00
294,3.86914062,3.90039062,3.12500000e-02,55.65625000,49.81250000,5.84375000e+00
295,6.73828125,6.75000000,1.17187500e-02,25.39062500,134.75000000,1.09359375e+02
296,6.82031250,6.83593750,1.56250000e-02,136.75000000,132.75000000,4.00000000e+00
297,6.62890625,6.62109375,7.81250000e-03,459.00000000,459.00000000,0.00000000e+00
298,5.75000000,5.76171875,1.17187500e-02,285.25000000,267.50000000,1.77500000e+01
299,5.94921875,5.96093750,1.17187500e-02,105.43750000,109.37500000,3.93750000e+00
300,3.79492188,3.79687500,1.95312500e-03,-79.12500000,-84.93750000,5.81250000e+00
301,4.49218750,4.51562500,2.34375000e-02,242.12500000,234.37500000,7.75000000e+00
302,5.88281250,5.87500000,7.81250000e-03,558.50000000,543.00000000,1.55000000e+01
303,4.36718750,4.39062500,2.34375000e-02,-66.37500000,-64.43750000,1.93750000e+00
304,4.60937500,4.62500000,1.56250000e-02,236.37500000,240.25000000,3.87500000e+00
305,4.09375000,4.11328125,1.95312500e-02,-62.50000000,-58.59375000,3.90625000e+00
306,5.29296875,5.35156250,5.85937500e-02,390.50000000,418.00000000,2.75000000e+01
307,6.77343750,6.81250000,3.90625000e-02,-597.50000000,-592.00000000,5.50000000e+00
308,5.79687500,5.82031250,2.34375000e-02,7.81250000,7.81250000,0.00000000e+00
309,6.32031250,6.29687500,2.34375000e-02,306.75000000,304.75000000,2.00000000e+00
310,6.44531250,6.48437500,3.90625000e-02,-269.50000000,-253.87500000,1.56250000e+01
311,5.34375000,5.35156250,7.81250000e-03,136.75000000,125.00000000,1.17500000e+01
312,5.98828125,5.97656250,1.17187500e-02,168.00000000,136.75000000,3.12500000e+01
313,5.51953125,5.54687500,2.73437500e-02,-302.75000000,-296.75000000,6.00000000e+00
314,5.94531250,5.94921875,3.90625000e-03,-199.25000000,-209.00000000,9.75000000e+00
315,6.92968750,6.94921875,1.95312500e-02,-173.87500000,-173.87500000,0.00000000e+00
316,5.73046875,5.75000000,1.95312500e-02,623.00000000,635.00000000,1.20000000e+01
317,4.28906250,4.30859375,1.95312500e-02,237.25000000,240.25000000,3.00000000e+00
318,5.32031250,5.27734375,4.29687500e-02,-734.50000000,-746.00000000,1.15000000e+01
319,7.02343750,7.08984375,6.64062500e-02,629.00000000,658.00000000,2.90000000e+01
320,4.83203125,4.83593750,3.90625000e-03,9.76562500,5.85937500,3.90625000e+00
321,3.32421875,3.32421875,0.00000000e+00,13.67187500,11.71875000,1.95312500e+00
322,5.25390625,5.28125000,2.73437500e-02,-80.06250000,-62.50000000,1.75625000e+01
323,5.59765625,5.60937500,1.17187500e-02,-365.25000000,-382.75000000,1.75000000e+01
324,5.82812500,5.83593750,7.81250000e-03,-89.81250000,-105.43750000,1.56250000e+01
325,6.20312500,6.21093750,7.81250000e-03,631.00000000,625.00000000,6.00000000e+00
326,10.51562500,10.51562500,0.00000000e+00,-257.75000000,-265.50000000,7.75000000e+00
327,7.26171875,7.28906250,2.73437500e-02,-17.57812500,-13.67187500,3.90625000e+00
328,3.69531250,3.67773438,1.75781250e-02,-14.64843750,0.97656250,1.56250000e+01
329,4.22265625,4.24218750,1.95312500e-02,128.87500000,130.87500000,2.00000000e+00
330,4.21875000,4.19921875,1.95312500e-02,3.90625000,-1.95312500,5.85937500e+00
331,5.57421875,5.59375000,1.95312500e-02,177.75000000,171.87500000,5.87500000e+00
332,6.71093750,6.72265625,1.17187500e-02,-166.00000000,-162.12500000,3.87500000e+00
333,5.58593750,5.61718750,3.12500000e-02,-62.50000000,-48.81250000,1.36875000e+01
334,6.25781250,6.31640625,5.85937500e-02,-11.71875000,23.43750000,3.51562500e+01
335,5.09375000,5.10937500,1.56250000e-02,281.25000000,275.50000000,5.75000000e+00
336,6.30468750,6.32031250,1.56250000e-02,187.50000000,201.12500000,1.36250000e+01
337,4.09765625,4.10546875,7.81250000e-03,37.09375000,46.87500000,9.78125000e+00
338,6.86328125,6.89843750,3.51562500e-02,197.25000000,191.37500000,5.87500000e+00
339,5.92968750,5.93750000,7.81250000e-03,-234.37500000,-232.37500000,2.00000000e+00
340,7.16015625,7.17187500,1.17187500e-02,56.62500000,66.37500000,9.75000000e+00
341,4.32812500,4.33593750,7.81250000e-03,246.12500000,234.37500000,1.17500000e+01
342,5.54296875,5.54687500,3.90625000e-03,105.43750000,109.37500000,3.93750000e+00
343,4.59375000,4.63281250,3.90625000e-02,187.50000000,207.00000000,1.95000000e+01
344,4.35156250,4.35546875,3.90625000e-03,349.50000000,351.50000000,2.00000000e+00
345,6.79687500,6.89843750,1.01562500e-01,306.75000000,390.50000000,8.37500000e+01
346,6.76171875,6.78906250,2.73437500e-02,142.62500000,144.50000000,1.87500000e+00
347,5.78125000,5.77343750,7.81250000e-03,-406.25000000,-425.75000000,1.95000000e+01
348,5.91796875,5.92578125,7.81250000e-03,549.00000000,545.00000000,4.00000000e+00
349,5.70312500,5.72265625,1.95312500e-02,-847.50000000,-842.00000000,5.50000000e+00
350,3.97851562,3.98828125,9.76562500e-03,-106.43750000,-111.31250000,4.87500000e+00
351,4.41796875,4.43750000,1.95312500e-02,39.06250000,25.39062500,1.36718750e+01
352,5.24218750,5.25781250,1.56250000e-02,-39.06250000,-35.15625000,3.90625000e+00
353,4.11718750,4.11718750,0.00000000e+00,-160.12500000,-160.12500000,0.00000000e+00
354,4.38281250,4.39843750,1.56250000e-02,156.25000000,158.25000000,2.00000000e+00
355,3.96093750,3.96875000,7.81250000e-03,-128.87500000,-136.75000000,7.87500000e+00
356,5.02343750,5.09375000,7.03125000e-02,230.50000000,240.25000000,9.75000000e+00
357,7.80078125,7.78125000,1.95312500e-02,330.00000000,302.75000000,2.72500000e+01
358,6.03515625,6.06640625,3.12500000e-02,295.00000000,310.50000000,1.55000000e+01
359,5.73437500,5.71093750,2.34375000e-02,54.68750000,35.15625000,1.95312500e+01
360,6.74218750,6.78515625,4.29687500e-02,31.25000000,52.71875000,2.14687500e+01
361,5.16406250,5.17187500,7.81250000e-03,310.50000000,310.50000000,0.00000000e+00
362,5.80078125,5.83984375,3.90625000e-02,37.09375000,39.06250000,1.96875000e+00
363,5.95703125,5.95312500,3.90625000e-03,214.87500000,214.87500000,0.00000000e+00
364,5.89843750,5.88281250,1.56250000e-02,19.53125000,1.95312500,1.75781250e+01
365,7.10546875,7.13281250,2.73437500e-02,-60.53125000,-62.50000000,1.96875000e+00
366,4.57031250,4.55859375,1.17187500e-02,-504.00000000,-517.50000000,1.35000000e+01
367,3.66406250,3.67578125,1.17187500e-02,-347.75000000,-357.50000000,9.75000000e+00
368,4.81640625,4.75781250,5.85937500e-02,-453.00000000,-486.25000000,3.32500000e+01
369,6.72656250,6.70312500,2.34375000e-02,607.50000000,578.00000000,2.95000000e+01
370,4.46875000,4.49218750,2.34375000e-02,-50.78125000,-50.78125000,0.00000000e+00
371,3.62109375,3.62109375,0.00000000e+00,185.50000000,169.87500000,1.56250000e+01
372,5.67968750,5.69531250,1.56250000e-02,312.50000000,320.25000000,7.75000000e+00
373,5.87500000,5.89843750,2.34375000e-02,140.62500000,138.62500000,2.00000000e+00
374,5.72656250,5.73828125,1.17187500e-02,-11.71875000,-13.67187500,1.95312500e+00
375,5.56640625,5.66406250,9.76562500e-02,320.25000000,353.50000000,3.32500000e+01
376,11.35156250,11.33593750,1.56250000e-02,504.00000000,511.75000000,7.75000000e+00
377,7.22656250,7.27343750,4.68750000e-02,156.25000000,171.87500000,1.56250000e+01
378,3.51953125,3.51562500,3.90625000e-03,-257.75000000,-250.00000000,7.75000000e+00
379,4.10156250,4.10546875,3.90625000e-03,134.75000000,128.87500000,5.87500000e+00
380,4.21093750,4.22265625,1.17187500e-02,-166.00000000,-158.25000000,7.75000000e+00
381,5.43750000,5.46093750,2.34375000e-02,138.62500000,130.87500000,7.75000000e+00
382,6.75781250,6.75781250,0.00000000e+00,-27.34375000,-52.71875000,2.53750000e+01
383,5.57812500,5.58203125,3.90625000e-03,-11.71875000,-19.53125000,7.81250000e+00
384,5.71875000,5.75781250,3.90625000e-02,-27.34375000,7.81250000,3.51562500e+01
385,4.87890625,4.89843750,1.95312500e-02,250.00000000,265.50000000,1.55000000e+01
386,5.63281250,5.61718750,1.56250000e-02,-152.37500000,-169.87500000,1.75000000e+01
387,4.00390625,3.97656250,2.73437500e-02,-109.37500000,-136.75000000,2.73750000e+01
388,6.11718750,6.13281250,1.56250000e-02,-597.50000000,-627.00000000,2.95000000e+01
389,5.68750000,5.77343750,8.59375000e-02,-78.12500000,-39.06250000,3.90625000e+01
390,6.56250000,6.53515625,2.73437500e-02,-394.50000000,-420.00000000,2.55000000e+01
391,4.12890625,4.15234375,2.34375000e-02,156.25000000,157.25000000,1.00000000e+00
392,5.41406250,5.39062500,2.34375000e-02,-70.31250000,-78.12500000,7.81250000e+00
393,4.38281250,4.42578125,4.29687500e-02,84.00000000,123.06250000,3.90625000e+01
394,4.03515625,4.06250000,2.73437500e-02,282.25000000,293.00000000,1.07500000e+01
395,6.47656250,6.50000000,2.34375000e-02,-25.39062500,-3.90625000,2.14843750e+01
396,6.67578125,6.67578125,0.00000000e+00,246.12500000,232.37500000,1.37500000e+01
397,5.87500000,5.88281250,7.81250000e-03,46.87500000,42.96875000,3.90625000e+00
398,4.60156250,4.60156250,0.00000000e+00,-511.75000000,-547.00000000,3.52500000e+01
399,5.54687500,5.58984375,4.29687500e-02,-95.68750000,-76.18750000,1.95000000e+01
400,4.21875000,4.23046875,1.17187500e-02,259.75000000,252.00000000,7.75000000e+00
401,3.42578125,3.43164062,5.85937500e-03,-687.50000000,-686.50000000,1.00000000e+00
402,5.51562500,5.50781250,7.81250000e-03,398.50000000,394.50000000,4.00000000e+00
403,4.23437500,4.23046875,3.90625000e-03,0.00000000,-1.95312500,1.95312500e+00
404,4.18750000,4.20703125,1.95312500e-02,15.62500000,21.48437500,5.85937500e+00
405,4.15625000,4.15625000,0.00000000e+00,158.25000000,141.62500000,1.66250000e+01
406,4.40625000,4.40625000,0.00000000e+00,-175.75000000,-189.50000000,1.37500000e+01
407,6.89062500,6.95312500,6.25000000e-02,-355.50000000,-339.75000000,1.57500000e+01
408,5.76171875,5.78125000,1.95312500e-02,123.06250000,128.87500000,5.81250000e+00
409,5.24218750,5.21875000,2.34375000e-02,-101.56250000,-125.00000000,2.34375000e+01
410,6.33593750,6.35937500,2.34375000e-02,-164.00000000,-152.37500000,1.16250000e+01
411,5.38281250,5.38671875,3.90625000e-03,650.50000000,636.50000000,1.40000000e+01
412,5.91406250,5.93750000,2.34375000e-02,433.50000000,402.25000000,3.12500000e+01
413,5.93750000,5.95703125,1.95312500e-02,31.25000000,17.57812500,1.36718750e+01
414,5.73437500,5.83984375,1.05468750e-01,-322.25000000,-314.50000000,7.75000000e+00
415,7.06640625,7.12500000,5.85937500e-02,-42.96875000,-27.34375000,1.56250000e+01
416,4.75000000,4.73437500,1.56250000e-02,136.75000000,115.25000000,2.15000000e+01
417,3.28125000,3.17187500,1.09375000e-01,-291.00000000,-363.25000000,7.22500000e+01
418,5.18750000,5.20703125,1.95312500e-02,-97.62500000,-125.00000000,2.73750000e+01
419,6.57812500,6.63281250,5.46875000e-02,642.50000000,654.50000000,1.20000000e+01
420,4.71093750,4.73046875,1.95312500e-02,169.87500000,173.87500000,4.00000000e+00
421,3.79296875,3.82421875,3.12500000e-02,410.25000000,429.75000000,1.95000000e+01
422,4.81640625,4.80468750,1.17187500e-02,-244.12500000,-261.75000000,1.76250000e+01
423,5.39062500,5.42187500,3.12500000e-02,-295.00000000,-285.25000000,9.75000000e+00
424,6.22656250,6.26171875,3.51562500e-02,466.75000000,472.75000000,6.00000000e+00
425,4.97656250,5.00000000,2.34375000e-02,-660.00000000,-656.00000000,4.00000000e+00
426,11.12500000,11.12500000,0.00000000e+00,195.25000000,199.25000000,4.00000000e+00
427,7.20312500,7.24218750,3.90625000e-02,128.87500000,140.62500000,1.17500000e+01
428,3.80664062,3.83203125,2.53906250e-02,194.37500000,203.12500000,8.75000000e+00
429,3.83593750,3.85156250,1.56250000e-02,194.37500000,194.37500000,0.00000000e+00
430,4.58593750,4.55859375,2.73437500e-02,246.12500000,226.50000000,1.96250000e+01
431,5.29687500,5.33203125,3.51562500e-02,-318.25000000,-300.75000000,1.75000000e+01
432,6.94140625,6.96093750,1.95312500e-02,76.18750000,66.37500000,9.81250000e+00
433,5.49609375,5.51171875,1.56250000e-02,134.75000000,126.93750000,7.81250000e+00
434,5.85156250,5.91796875,6.64062500e-02,578.00000000,601.50000000,2.35000000e+01
435,4.78515625,4.83203125,4.68750000e-02,205.12500000,228.50000000,2.33750000e+01
436,6.14062500,6.13281250,7.81250000e-03,453.00000000,449.25000000,3.75000000e+00
437,3.82031250,3.80468750,1.56250000e-02,-51.75000000,-68.37500000,1.66250000e+01
438,6.30468750,6.29687500,7.81250000e-03,-392.50000000,-418.00000000,2.55000000e+01
439,5.67187500,5.72656250,5.46875000e-02,234.37500000,246.12500000,1.17500000e+01
440,7.80468750,7.89843750,9.37500000e-02,382.75000000,449.25000000,6.65000000e+01
441,3.82812500,3.85546875,2.73437500e-02,79.12500000,75.18750000,3.93750000e+00
442,5.17968750,5.19531250,1.56250000e-02,-35.15625000,-27.34375000,7.81250000e+00
443,3.94921875,3.96093750,1.17187500e-02,-500.00000000,-509.75000000,9.75000000e+00
444,3.69921875,3.70507812,5.85937500e-03,138.62500000,151.37500000,1.27500000e+01
445,6.46093750,6.46093750,0.00000000e+00,3.90625000,-3.90625000,7.81250000e+00
446,6.69531250,6.68750000,7.81250000e-03,191.37500000,171.87500000,1.95000000e+01
447,5.59765625,5.62500000,2.73437500e-02,-220.75000000,-238.25000000,1.75000000e+01
448,5.06250000,5.07031250,7.81250000e-03,-13.67187500,-19.53125000,5.85937500e+00
449,5.85937500,5.87109375,1.17187500e-02,7.81250000,-25.39062500,3.32031250e+01
450,4.00390625,4.00390625,0.00000000e+00,81.06250000,74.18750000,6.87500000e+00
451,4.20312500,4.18750000,1.56250000e-02,109.37500000,103.50000000,5.87500000e+00
452,4.75000000,4.72656250,2.34375000e-02,-300.75000000,-308.50000000,7.75000000e+00
453,3.94921875,3.94531250,3.90625000e-03,-295.00000000,-312.50000000,1.75000000e+01
454,4.03125000,4.05078125,1.95312500e-02,-289.00000000,-279.25000000,9.75000000e+00
455,4.23046875,4.23828125,7.81250000e-03,213.87500000,209.00000000,4.87500000e+00
456,4.32812500,4.34375000,1.56250000e-02,-125.00000000,-126.93750000,1.93750000e+00
457,6.53125000,6.58984375,5.85937500e-02,-375.00000000,-349.50000000,2.55000000e+01
458,5.59375000,5.61718750,2.34375000e-02,-62.50000000,-60.53125000,1.96875000e+00
459,5.22265625,5.20312500,1.95312500e-02,-87.87500000,-93.75000000,5.87500000e+00
460,6.39843750,6.39062500,7.81250000e-03,11.71875000,13.67187500,1.95312500e+00
461,4.56640625,4.58203125,1.56250000e-02,450.25000000,457.00000000,6.75000000e+00
462,5.33984375,5.37500000,3.51562500e-02,-658.00000000,-676.00000000,1.80000000e+01
463,5.67187500,5.68750000,1.56250000e-02,-238.25000000,-226.50000000,1.17500000e+01
464,5.49609375,5.44140625,5.46875000e-02,-509.75000000,-541.00000000,3.12500000e+01
465,7.52343750,7.58593750,6.25000000e-02,556.50000000,572.50000000,1.60000000e+01
466,5.10156250,5.12890625,2.73437500e-02,760.50000000,774.50000000,1.40000000e+01
467,3.84765625,3.87890625,3.12500000e-02,-29.29687500,-29.29687500,0.00000000e+00
468,4.80468750,4.89062500,8.59375000e-02,-414.00000000,-386.75000000,2.72500000e+01
469,5.98828125,6.01562500,2.73437500e-02,-17.57812500,-7.81250000,9.76562500e+00
470,4.30078125,4.30468750,3.90625000e-03,-138.62500000,-103.50000000,3.51250000e+01
471,3.00390625,3.01367188,9.76562500e-03,-161.12500000,-149.37500000,1.17500000e+01
472,5.22656250,5.23437500,7.81250000e-03,97.62500000,89.81250000,7.81250000e+00
473,5.50000000,5.51562500,1.56250000e-02,140.62500000,121.06250000,1.95625000e+01
474,5.68750000,5.69921875,1.17187500e-02,160.12500000,168.00000000,7.87500000e+00
475,4.70312500,4.71484375,1.17187500e-02,-156.25000000,-193.37500000,3.71250000e+01
476,11.01562500,11.01562500,0.00000000e+00,3.90625000,-3.90625000,7.81250000e+00
477,6.81250000,6.82031250,7.81250000e-03,-273.50000000,-287.00000000,1.35000000e+01
478,3.29492188,3.29296875,1.95312500e-03,-49.81250000,-57.62500000,7.81250000e+00
479,3.48046875,3.48046875,0.00000000e+00,101.56250000,105.43750000,3.87500000e+00
480,4.16015625,4.16015625,0.00000000e+00,250.00000000,255.87500000,5.87500000e+00
481,4.59375000,4.57421875,1.95312500e-02,-713.00000000,-718.50000000,5.50000000e+00
482,6.81640625,6.84375000,2.73437500e-02,91.81250000,89.81250000,2.00000000e+00
483,5.31640625,5.33203125,1.56250000e-02,-185.50000000,-177.75000000,7.75000000e+00
484,5.17187500,5.23828125,6.64062500e-02,-97.62500000,-105.43750000,7.81250000e+00
485,5.03125000,5.07031250,3.90625000e-02,418.00000000,429.75000000,1.17500000e+01
486,5.17968750,5.18750000,7.81250000e-03,-464.75000000,-464.75000000,0.00000000e+00
487,4.25390625,4.25390625,0.00000000e+00,187.50000000,190.37500000,2.87500000e+00
488,6.50000000,6.50781250,7.81250000e-03,31.25000000,27.34375000,3.90625000e+00
489,5.38281250,5.43750000,5.46875000e-02,-23.43750000,-13.67187500,9.76562500e+00
490,6.68750000,6.67187500,1.56250000e-02,-250.00000000,-275.50000000,2.55000000e+01
491,4.09375000,4.10546875,1.17187500e-02,186.50000000,187.50000000,1.00000000e+00
492,5.06250000,5.07031250,7.81250000e-03,-121.06250000,-125.00000000,3.93750000e+00
493,3.99609375,3.98437500,1.17187500e-02,-279.25000000,-300.75000000,2.15000000e+01
494,3.19140625,3.19921875,7.81250000e-03,-167.00000000,-207.00000000,4.00000000e+01
495,6.43750000,6.48437500,4.68750000e-02,-58.59375000,-58.59375000,0.00000000e+00
496,6.38281250,6.40625000,2.34375000e-02,-111.31250000,-109.37500000,1.93750000e+00
497,5.52343750,5.53515625,1.17187500e-02,-160.12500000,-158.25000000,1.87500000e+00
498,5.17968750,5.19921875,1.95312500e-02,390.50000000,388.75000000,1.75000000e+00
499,5.80468750,5.80859375,3.90625000e-03,552.50000000,515.50000000,3.70000000e+01
500,3.61718750,3.63281250,1.56250000e-02,-126.93750000,-136.75000000,9.81250000e+00
501,3.82031250,3.77148438,4.88281250e-02,142.62500000,102.56250000,4.00625000e+01
502,4.81640625,4.83593750,1.95312500e-02,173.87500000,183.62500000,9.75000000e+00
503,4.16406250,4.14062500,2.34375000e-02,126.93750000,115.25000000,1.16875000e+01
504,4.15234375,4.17968750,2.73437500e-02,119.12500000,126.93750000,7.81250000e+00
505,4.17578125,4.21093750,3.51562500e-02,360.25000000,365.25000000,5.00000000e+00
506,4.28906250,4.28125000,7.81250000e-03,46.87500000,44.90625000,1.96875000e+00
507,7.05468750,7.12890625,7.42187500e-02,306.75000000,322.25000000,1.55000000e+01
508,5.48828125,5.50781250,1.95312500e-02,97.62500000,99.62500000,2.00000000e+00
509,5.16015625,5.15234375,7.81250000e-03,-212.87500000,-212.87500000,0.00000000e+00
510,5.48046875,5.46875000,1.17187500e-02,-703.00000000,-718.50000000,1.55000000e+01
511,3.77734375,3.76367188,1.36718750e-02,-142.62500000,-176.75000000,3.41250000e+01
512,5.89062500,5.89843750,7.81250000e-03,316.50000000,312.50000000,4.00000000e+00
513,5.44531250,5.39062500,5.46875000e-02,-58.59375000,-93.75000000,3.51562500e+01
514,5.66406250,5.67187500,7.81250000e-03,35.15625000,27.34375000,7.81250000e+00
515,6.89453125,6.93750000,4.29687500e-02,181.62500000,175.75000000,5.87500000e+00
516,3.75000000,3.76953125,1.95312500e-02,-373.00000000,-361.25000000,1.17500000e+01
517,3.36523438,3.39453125,2.92968750e-02,-321.25000000,-328.00000000,6.75000000e+00
518,5.14062500,5.08984375,5.07812500e-02,-70.31250000,-107.43750000,3.71250000e+01
519,5.78125000,5.80078125,1.95312500e-02,-5.85937500,-23.43750000,1.75781250e+01
520,4.14843750,4.16015625,1.17187500e-02,-168.00000000,-148.37500000,1.96250000e+01
521,2.99414062,2.99804688,3.90625000e-03,12.69531250,3.90625000,8.78906250e+00
522,5.27343750,5.30468750,3.12500000e-02,111.31250000,113.25000000,1.93750000e+00
523,5.52734375,5.56640625,3.90625000e-02,158.25000000,173.87500000,1.56250000e+01
524,5.23828125,5.24609375,7.81250000e-03,-134.75000000,-144.50000000,9.75000000e+00
525,4.66796875,4.69531250,2.73437500e-02,19.53125000,17.57812500,1.95312500e+00
526,11.18750000,11.18750000,0.00000000e+00,148.37500000,148.37500000,0.00000000e+00
527,6.79687500,6.80468750,7.81250000e-03,-226.50000000,-238.25000000,1.17500000e+01
528,3.06250000,3.11328125,5.07812500e-02,-126.93750000,-93.75000000,3.31875000e+01
529,3.42187500,3.42187500,0.00000000e+00,-26.35937500,-31.25000000,4.89062500e+00
530,4.14062500,4.13281250,7.81250000e-03,218.75000000,213.87500000,4.87500000e+00
531,5.58593750,5.64453125,5.85937500e-02,220.75000000,248.00000000,2.72500000e+01
532,6.47656250,6.51562500,3.90625000e-02,-328.00000000,-308.50000000,1.95000000e+01
533,5.78906250,5.78906250,0.00000000e+00,304.75000000,289.00000000,1.57500000e+01
534,5.25781250,5.33593750,7.81250000e-02,197.25000000,222.62500000,2.53750000e+01
535,4.67968750,4.67187500,7.81250000e-03,203.12500000,179.62500000,2.35000000e+01
536,5.69531250,5.71484375,1.95312500e-02,-189.50000000,-203.12500000,1.36250000e+01
537,4.00781250,3.98046875,2.73437500e-02,212.87500000,200.25000000,1.26250000e+01
538,6.61718750,6.64453125,2.73437500e-02,-74.18750000,-60.53125000,1.36562500e+01
539,5.25000000,5.28906250,3.90625000e-02,-138.62500000,-125.00000000,1.36250000e+01
540,6.97265625,6.91015625,6.25000000e-02,109.37500000,80.06250000,2.93125000e+01
541,3.68750000,3.72265625,3.51562500e-02,13.67187500,20.50000000,6.82812500e+00
542,5.15625000,5.17187500,1.56250000e-02,-60.53125000,-48.81250000,1.17187500e+01
543,3.89843750,3.92578125,2.73437500e-02,-269.50000000,-267.50000000,2.00000000e+00
544,3.23828125,3.25390625,1.56250000e-02,-154.25000000,-171.87500000,1.76250000e+01
545,5.86718750,5.82421875,4.29687500e-02,-218.75000000,-253.87500000,3.51250000e+01
546,6.49218750,6.51171875,1.95312500e-02,7.81250000,21.48437500,1.36718750e+01
547,5.73437500,5.71093750,2.34375000e-02,312.50000000,293.00000000,1.95000000e+01
548,4.78125000,4.77734375,3.90625000e-03,-58.59375000,-60.53125000,1.93750000e+00
549,5.08984375,5.09375000,3.90625000e-03,-185.50000000,-187.50000000,2.00000000e+00
550,3.72265625,3.74609375,2.34375000e-02,168.00000000,166.00000000,2.00000000e+00
551,3.66796875,3.65625000,1.17187500e-02,-15.62500000,-25.39062500,9.76562500e+00
552,4.60156250,4.59375000,7.81250000e-03,-91.81250000,-105.43750000,1.36250000e+01
553,3.80468750,3.77929688,2.53906250e-02,-31.25000000,-42.00000000,1.07500000e+01
554,3.74023438,3.75585938,1.56250000e-02,-206.00000000,-211.87500000,5.87500000e+00
555,3.77539062,3.79296875,1.75781250e-02,13.67187500,17.57812500,3.90625000e+00
556,3.89843750,3.92968750,3.12500000e-02,-339.75000000,-324.25000000,1.55000000e+01
557,6.81250000,6.82812500,1.56250000e-02,-70.31250000,-93.75000000,2.34375000e+01
558,5.15625000,5.14843750,7.81250000e-03,-156.25000000,-160.12500000,3.87500000e+00
559,5.34375000,5.33203125,1.17187500e-02,-29.29687500,-29.29687500,0.00000000e+00
560,6.23437500,6.27343750,3.90625000e-02,52.71875000,56.62500000,3.90625000e+00
561,3.76171875,3.77343750,1.17187500e-02,-435.50000000,-410.25000000,2.52500000e+01
562,5.44140625,5.50000000,5.85937500e-02,406.25000000,377.00000000,2.92500000e+01
563,5.56250000,5.61328125,5.07812500e-02,210.87500000,203.12500000,7.75000000e+00
564,5.29687500,5.27343750,2.34375000e-02,-336.00000000,-339.75000000,3.75000000e+00
565,6.47656250,6.51953125,4.29687500e-02,-242.12500000,-242.12500000,0.00000000e+00
566,4.00390625,4.00000000,3.90625000e-03,156.25000000,144.50000000,1.17500000e+01
567,3.80859375,3.86718750,5.85937500e-02,75.18750000,85.93750000,1.07500000e+01
568,4.42187500,4.45312500,3.12500000e-02,-605.50000000,-574.00000000,3.15000000e+01
569,5.61328125,5.65234375,3.90625000e-02,173.87500000,189.50000000,1.56250000e+01
570,4.14843750,4.16406250,1.56250000e-02,7.81250000,19.53125000,1.17187500e+01
571,2.74218750,2.77148438,2.92968750e-02,-201.12500000,-180.62500000,2.05000000e+01
572,4.69921875,4.73828125,3.90625000e-02,-302.75000000,-300.75000000,2.00000000e+00
573,5.47265625,5.53906250,6.64062500e-02,-84.00000000,-58.59375000,2.54062500e+01
574,5.27343750,5.27343750,0.00000000e+00,113.25000000,111.31250000,1.93750000e+00
575,5.09375000,5.09375000,0.00000000e+00,320.25000000,304.75000000,1.55000000e+01
576,11.06250000,11.04687500,1.56250000e-02,515.50000000,504.00000000,1.15000000e+01
577,6.87500000,6.92187500,4.68750000e-02,-414.00000000,-357.50000000,5.65000000e+01
578,3.19531250,3.20312500,7.81250000e-03,18.54687500,20.50000000,1.95312500e+00
579,3.20117188,3.21093750,9.76562500e-03,-186.50000000,-181.62500000,4.87500000e+00
580,3.72265625,3.72460938,1.95312500e-03,-21.48437500,-24.40625000,2.92187500e+00
581,4.54296875,4.57421875,3.12500000e-02,-255.87500000,-240.25000000,1.56250000e+01
582,6.81250000,6.87890625,6.64062500e-02,41.00000000,60.53125000,1.95312500e+01
583,5.29296875,5.29687500,3.90625000e-03,-29.29687500,-35.15625000,5.85937500e+00
584,4.80468750,4.78906250,1.56250000e-02,68.37500000,82.00000000,1.36250000e+01
585,4.82031250,4.85937500,3.90625000e-02,375.00000000,384.75000000,9.75000000e+00
586,5.50781250,5.54687500,3.90625000e-02,-171.87500000,-179.62500000,7.75000000e+00
587,3.73046875,3.73437500,3.90625000e-03,41.00000000,25.39062500,1.56093750e+01
588,6.75000000,6.77343750,2.34375000e-02,168.00000000,156.25000000,1.17500000e+01
589,5.06250000,5.09375000,3.12500000e-02,-148.37500000,-158.25000000,9.87500000e+00
590,6.50000000,6.50000000,0.00000000e+00,-238.25000000,-273.50000000,3.52500000e+01
591,3.52343750,3.57421875,5.07812500e-02,-79.12500000,-66.37500000,1.27500000e+01
592,5.02343750,5.05468750,3.12500000e-02,-183.62500000,-183.62500000,0.00000000e+00
593,4.15234375,4.15625000,3.90625000e-03,19.53125000,3.90625000,1.56250000e+01
594,3.30078125,3.30078125,0.00000000e+00,-91.81250000,-68.37500000,2.34375000e+01
595,6.42187500,6.40625000,1.56250000e-02,148.37500000,164.00000000,1.56250000e+01
596,6.26562500,6.25781250,7.81250000e-03,-128.87500000,-128.87500000,0.00000000e+00
597,5.07812500,5.11718750,3.90625000e-02,-185.50000000,-191.37500000,5.87500000e+00
598,4.66796875,4.70312500,3.51562500e-02,-70.31250000,-60.53125000,9.78125000e+00
599,5.56640625,5.58984375,2.34375000e-02,267.50000000,277.25000000,9.75000000e+00
600,4.00781250,4.03906250,3.12500000e-02,398.50000000,396.50000000,2.00000000e+00
601,3.03125000,3.04687500,1.56250000e-02,-597.50000000,-597.50000000,0.00000000e+00
602,4.94531250,4.94921875,3.90625000e-03,269.50000000,271.50000000,2.00000000e+00
603,3.78906250,3.79296875,3.90625000e-03,-85.93750000,-85.93750000,0.00000000e+00
604,4.14843750,4.16796875,1.95312500e-02,107.43750000,94.75000000,1.26875000e+01
605,3.44726562,3.46093750,1.36718750e-02,-288.00000000,-293.00000000,5.00000000e+00
606,4.26562500,4.27734375,1.17187500e-02,-42.96875000,-64.43750000,2.14687500e+01
607,5.62500000,5.64843750,2.34375000e-02,-828.00000000,-826.00000000,2.00000000e+00
608,5.27343750,5.30468750,3.12500000e-02,13.67187500,19.53125000,5.85937500e+00
609,4.95703125,4.96875000,1.17187500e-02,-212.87500000,-222.62500000,9.75000000e+00
610,6.34375000,6.34375000,0.00000000e+00,468.75000000,480.50000000,1.17500000e+01
611,4.23046875,4.25390625,2.34375000e-02,484.25000000,490.25000000,6.00000000e+00
612,6.28125000,6.45312500,1.71875000e-01,916.00000000,1004.00000000,8.80000000e+01
613,5.02343750,5.03906250,1.56250000e-02,-214.87500000,-220.75000000,5.87500000e+00
614,5.46093750,5.50000000,3.90625000e-02,160.12500000,140.62500000,1.95000000e+01
615,6.80078125,6.84375000,4.29687500e-02,64.43750000,66.37500000,1.93750000e+00
616,3.95312500,3.96875000,1.56250000e-02,19.53125000,21.48437500,1.95312500e+00
617,3.72656250,3.75390625,2.73437500e-02,270.50000000,270.50000000,0.00000000e+00
618,5.00781250,5.02734375,1.95312500e-02,-230.50000000,-177.75000000,5.27500000e+01
619,5.37890625,5.37109375,7.81250000e-03,-134.75000000,-177.75000000,4.30000000e+01
620,3.79296875,3.80468750,1.17187500e-02,-250.00000000,-257.75000000,7.75000000e+00
621,3.10546875,3.10742188,1.95312500e-03,210.87500000,200.25000000,1.06250000e+01
622,5.60937500,5.61718750,7.81250000e-03,464.75000000,455.00000000,9.75000000e+00
623,5.17187500,5.22656250,5.46875000e-02,-121.06250000,-97.62500000,2.34375000e+01
624,5.33203125,5.35156250,1.95312500e-02,269.50000000,281.25000000,1.17500000e+01
625,4.51562500,4.53125000,1.56250000e-02,-117.18750000,-125.00000000,7.81250000e+00
626,10.46875000,10.50781250,3.90625000e-02,289.00000000,300.75000000,1.17500000e+01
627,7.05859375,7.03906250,1.95312500e-02,107.43750000,68.37500000,3.90625000e+01
628,3.63281250,3.64062500,7.81250000e-03,113.25000000,120.12500000,6.87500000e+00
629,3.49218750,3.51562500,2.34375000e-02,257.75000000,258.75000000,1.00000000e+00
630,3.92578125,3.91796875,7.81250000e-03,-3.90625000,0.00000000,3.90625000e+00
631,4.38281250,4.41406250,3.12500000e-02,-361.25000000,-287.00000000,7.42500000e+01
632,6.67187500,6.69921875,2.73437500e-02,-201.12500000,-205.12500000,4.00000000e+00
633,5.34375000,5.37109375,2.73437500e-02,97.62500000,95.68750000,1.93750000e+00
634,5.55078125,5.53125000,1.95312500e-02,529.50000000,480.50000000,4.90000000e+01
635,4.62500000,4.64843750,2.34375000e-02,318.25000000,304.75000000,1.35000000e+01
636,5.39453125,5.39843750,3.90625000e-03,-291.00000000,-289.00000000,2.00000000e+00
637,3.76757812,3.79101562,2.34375000e-02,145.50000000,186.50000000,4.10000000e+01
638,5.97656250,5.98828125,1.17187500e-02,-265.50000000,-289.00000000,2.35000000e+01
639,5.14453125,5.25781250,1.13281250e-01,95.68750000,125.00000000,2.93125000e+01
640,6.03125000,6.04296875,1.17187500e-02,-515.50000000,-529.50000000,1.40000000e+01
641,3.62304688,3.68164062,5.85937500e-02,-94.75000000,-77.12500000,1.76250000e+01
642,5.29687500,5.31250000,1.56250000e-02,150.37500000,136.75000000,1.36250000e+01
643,4.83593750,4.85156250,1.56250000e-02,246.12500000,236.37500000,9.75000000e+00
644,3.95117188,3.95703125,5.85937500e-03,247.12500000,255.87500000,8.75000000e+00
645,6.32031250,6.32812500,7.81250000e-03,148.37500000,160.12500000,1.17500000e+01
646,6.50781250,6.54296875,3.51562500e-02,330.00000000,338.00000000,8.00000000e+00
647,5.31640625,5.37109375,5.46875000e-02,-37.09375000,-13.67187500,2.34218750e+01
648,4.56250000,4.59375000,3.12500000e-02,-95.68750000,-107.43750000,1.17500000e+01
649,5.33203125,5.25390625,7.81250000e-02,29.29687500,-35.15625000,6.44531250e+01
650,3.51562500,3.52734375,1.17187500e-02,-50.78125000,-64.43750000,1.36562500e+01
651,3.76757812,3.76171875,5.85937500e-03,-127.93750000,-142.62500000,1.46875000e+01
652,4.46484375,4.48437500,1.95312500e-02,-314.50000000,-312.50000000,2.00000000e+00
653,4.39453125,4.40625000,1.17187500e-02,390.50000000,392.50000000,2.00000000e+00
654,3.89062500,3.91406250,2.34375000e-02,-23.43750000,-31.25000000,7.81250000e+00
655,3.67382812,3.70507812,3.12500000e-02,89.81250000,96.68750000,6.87500000e+00
656,4.19531250,4.20703125,1.17187500e-02,162.12500000,147.50000000,1.46250000e+01
657,6.92187500,6.95312500,3.12500000e-02,328.00000000,304.75000000,2.32500000e+01
658,4.96093750,4.96484375,3.90625000e-03,-189.50000000,-210.87500000,2.13750000e+01
659,4.94531250,5.00781250,6.25000000e-02,-197.25000000,-179.62500000,1.76250000e+01
660,5.91015625,5.92187500,1.17187500e-02,5.85937500,3.90625000,1.95312500e+00
661,3.50585938,3.53515625,2.92968750e-02,-94.75000000,-89.81250000,4.93750000e+00
662,4.92578125,4.95312500,2.73437500e-02,87.87500000,85.93750000,1.93750000e+00
663,5.12109375,5.14062500,1.95312500e-02,-54.68750000,-62.50000000,7.81250000e+00
664,5.46875000,5.51562500,4.68750000e-02,-7.81250000,31.25000000,3.90625000e+01
665,6.58593750,6.60937500,2.34375000e-02,113.25000000,97.62500000,1.56250000e+01
666,3.33984375,3.33593750,3.90625000e-03,-582.00000000,-582.00000000,0.00000000e+00
667,3.52343750,3.54687500,2.34375000e-02,21.48437500,15.62500000,5.85937500e+00
668,4.68359375,4.70312500,1.95312500e-02,-248.00000000,-279.25000000,3.12500000e+01
669,5.36328125,5.37500000,1.17187500e-02,64.43750000,54.68750000,9.75000000e+00
670,3.87695312,3.86523438,1.17187500e-02,-206.00000000,-208.00000000,2.00000000e+00
671,3.09375000,3.10937500,1.56250000e-02,228.50000000,226.50000000,2.00000000e+00
672,5.31250000,5.35156250,3.90625000e-02,214.87500000,226.50000000,1.16250000e+01
673,5.74218750,5.75000000,7.81250000e-03,209.00000000,168.00000000,4.10000000e+01
674,5.29687500,5.29687500,0.00000000e+00,27.34375000,-13.67187500,4.10156250e+01
675,4.67968750,4.69921875,1.95312500e-02,-23.43750000,-41.00000000,1.75625000e+01
676,10.43750000,10.45312500,1.56250000e-02,15.62500000,27.34375000,1.17187500e+01
677,6.92187500,6.94921875,2.73437500e-02,48.81250000,50.78125000,1.96875000e+00
678,3.05664062,3.07421875,1.75781250e-02,-157.25000000,-154.25000000,3.00000000e+00
679,3.03515625,3.05859375,2.34375000e-02,-271.50000000,-265.50000000,6.00000000e+00
680,3.69335938,3.68554688,7.81250000e-03,38.09375000,18.54687500,1.95468750e+01
681,4.33203125,4.38671875,5.46875000e-02,-169.87500000,-146.50000000,2.33750000e+01
682,7.03515625,7.07812500,4.29687500e-02,392.50000000,379.00000000,1.35000000e+01
683,5.16406250,5.23046875,6.64062500e-02,62.50000000,84.00000000,2.15000000e+01
684,4.76562500,4.89843750,1.32812500e-01,-25.39062500,31.25000000,5.66406250e+01
685,4.41406250,4.43359375,1.95312500e-02,248.00000000,234.37500000,1.36250000e+01
686,5.28125000,5.30468750,2.34375000e-02,-164.00000000,-156.25000000,7.75000000e+00
687,3.24023438,3.21875000,2.14843750e-02,-335.00000000,-329.00000000,6.00000000e+00
688,7.00000000,7.04687500,4.68750000e-02,558.50000000,570.50000000,1.20000000e+01
689,5.44140625,5.48046875,3.90625000e-02,349.50000000,338.00000000,1.15000000e+01
690,6.16406250,6.23046875,6.64062500e-02,-289.00000000,-267.50000000,2.15000000e+01
691,3.25781250,3.28710938,2.92968750e-02,-255.87500000,-244.12500000,1.17500000e+01
692,5.00000000,5.02343750,2.34375000e-02,119.12500000,115.25000000,3.87500000e+00
693,4.11718750,4.11718750,0.00000000e+00,37.09375000,17.57812500,1.95156250e+01
694,3.03125000,3.08789062,5.66406250e-02,-277.25000000,-262.75000000,1.45000000e+01
695,6.01953125,6.02734375,7.81250000e-03,-142.62500000,-95.68750000,4.69375000e+01
696,5.76171875,5.76953125,7.81250000e-03,-156.25000000,-179.62500000,2.33750000e+01
697,5.52734375,5.58593750,5.85937500e-02,-5.85937500,13.67187500,1.95312500e+01
698,4.78125000,4.80468750,2.34375000e-02,113.25000000,103.50000000,9.75000000e+00
699,5.55859375,5.61718750,5.85937500e-02,37.09375000,50.78125000,1.36875000e+01
700,3.51562500,3.56250000,4.68750000e-02,91.81250000,98.62500000,6.81250000e+00
701,3.66992188,3.73437500,6.44531250e-02,106.43750000,126.93750000,2.05000000e+01
702,4.47656250,4.48437500,7.81250000e-03,-62.50000000,-50.78125000,1.17187500e+01
703,3.58203125,3.59960938,1.75781250e-02,-289.00000000,-301.75000000,1.27500000e+01
704,3.58593750,3.59570312,9.76562500e-03,-202.12500000,-210.00000000,7.87500000e+00
705,3.87890625,3.91406250,3.51562500e-02,154.25000000,169.87500000,1.56250000e+01
706,4.12890625,4.19531250,6.64062500e-02,78.12500000,105.43750000,2.73125000e+01
707,7.03125000,7.03125000,0.00000000e+00,554.50000000,527.50000000,2.70000000e+01
708,5.31640625,5.32812500,1.17187500e-02,119.12500000,109.37500000,9.75000000e+00
709,5.33593750,5.36328125,2.73437500e-02,168.00000000,169.87500000,1.87500000e+00
710,5.89843750,5.89453125,3.90625000e-03,125.00000000,121.06250000,3.93750000e+00
711,3.36328125,3.39062500,2.73437500e-02,-267.50000000,-270.50000000,3.00000000e+00
712,4.92187500,4.96093750,3.90625000e-02,453.00000000,496.00000000,4.30000000e+01
713,5.48437500,5.51562500,3.12500000e-02,300.75000000,300.75000000,0.00000000e+00
714,5.29687500,5.26953125,2.73437500e-02,33.18750000,-1.95312500,3.51406250e+01
715,5.99218750,6.02343750,3.12500000e-02,-511.75000000,-504.00000000,7.75000000e+00
716,4.05859375,4.10546875,4.68750000e-02,191.37500000,216.75000000,2.53750000e+01
717,3.25390625,3.30859375,5.46875000e-02,-160.12500000,-148.37500000,1.17500000e+01
718,4.78125000,4.87500000,9.37500000e-02,121.06250000,148.37500000,2.73125000e+01
719,5.58593750,5.61328125,2.73437500e-02,128.87500000,80.06250000,4.88125000e+01
720,4.04687500,4.10156250,5.46875000e-02,101.56250000,112.31250000,1.07500000e+01
721,2.79687500,2.81250000,1.56250000e-02,-11.71875000,-16.59375000,4.87500000e+00
722,4.89843750,4.94921875,5.07812500e-02,-103.50000000,-87.87500000,1.56250000e+01
723,5.36718750,5.40625000,3.90625000e-02,126.93750000,105.43750000,2.15000000e+01
724,4.79296875,4.85937500,6.64062500e-02,-259.75000000,-238.25000000,2.15000000e+01
725,4.64062500,4.67187500,3.12500000e-02,160.12500000,140.62500000,1.95000000e+01
726,9.66406250,9.76562500,1.01562500e-01,-58.59375000,-7.81250000,5.07812500e+01
727,6.79687500,6.81250000,1.56250000e-02,-35.15625000,-50.78125000,1.56250000e+01
728,2.98437500,2.99609375,1.17187500e-02,-235.37500000,-242.12500000,6.75000000e+00
729,3.40234375,3.41406250,1.17187500e-02,142.62500000,130.87500000,1.17500000e+01
730,3.81640625,3.81835938,1.95312500e-03,66.37500000,65.43750000,9.37500000e-01
731,5.72656250,5.77343750,4.68750000e-02,799.00000000,812.50000000,1.35000000e+01
732,6.75000000,6.80078125,5.07812500e-02,371.00000000,369.25000000,1.75000000e+00
733,5.04687500,5.07031250,2.34375000e-02,-250.00000000,-265.50000000,1.55000000e+01
734,4.92187500,4.92968750,7.81250000e-03,242.12500000,275.50000000,3.33750000e+01
735,3.94335938,3.99218750,4.88281250e-02,-124.00000000,-125.00000000,1.00000000e+00
736,5.21875000,5.24218750,2.34375000e-02,-195.25000000,-207.00000000,1.17500000e+01
737,3.15625000,3.14843750,7.81250000e-03,-331.00000000,-351.50000000,2.05000000e+01
738,6.52343750,6.63281250,1.09375000e-01,-164.00000000,-179.62500000,1.56250000e+01
739,5.55468750,5.65234375,9.76562500e-02,273.50000000,291.00000000,1.75000000e+01
740,6.25781250,6.18750000,7.03125000e-02,-320.25000000,-379.00000000,5.87500000e+01
741,3.58007812,3.58984375,9.76562500e-03,77.12500000,56.62500000,2.05000000e+01
742,4.66406250,4.67187500,7.81250000e-03,-218.75000000,-226.50000000,7.75000000e+00
743,3.89062500,3.93750000,4.68750000e-02,11.71875000,18.54687500,6.82812500e+00
744,3.52343750,3.53515625,1.17187500e-02,217.75000000,265.50000000,4.77500000e+01
745,5.92968750,6.02343750,9.37500000e-02,72.25000000,123.06250000,5.08125000e+01
746,6.10937500,6.11718750,7.81250000e-03,62.50000000,46.87500000,1.56250000e+01
747,5.43750000,5.44921875,1.17187500e-02,-29.29687500,-17.57812500,1.17187500e+01
748,4.61718750,4.66406250,4.68750000e-02,-35.15625000,-31.25000000,3.90625000e+00
749,5.40625000,5.45312500,4.68750000e-02,156.25000000,156.25000000,0.00000000e+00
750,3.59375000,3.60156250,7.81250000e-03,199.25000000,185.50000000,1.37500000e+01
751,3.62500000,3.58984375,3.51562500e-02,140.62500000,111.31250000,2.93125000e+01
752,4.51562500,4.47265625,4.29687500e-02,-168.00000000,-185.50000000,1.75000000e+01
753,3.75195312,3.74609375,5.85937500e-03,-94.75000000,-103.50000000,8.75000000e+00
754,3.59375000,3.62890625,3.51562500e-02,-146.50000000,-142.62500000,3.87500000e+00
755,3.82421875,3.83203125,7.81250000e-03,197.25000000,185.50000000,1.17500000e+01
756,3.84765625,3.85937500,1.17187500e-02,-384.75000000,-392.50000000,7.75000000e+00
757,6.76562500,6.81250000,4.68750000e-02,463.00000000,472.75000000,9.75000000e+00
758,5.05468750,5.08593750,3.12500000e-02,-117.18750000,-109.37500000,7.81250000e+00
759,5.17578125,5.17187500,3.90625000e-03,76.18750000,60.53125000,1.56562500e+01
760,6.05468750,6.05468750,0.00000000e+00,375.00000000,363.25000000,1.17500000e+01
761,3.92382812,3.93359375,9.76562500e-03,83.00000000,82.00000000,1.00000000e+00
762,4.02734375,4.09375000,6.64062500e-02,-517.50000000,-504.00000000,1.35000000e+01
763,5.02343750,5.10937500,8.59375000e-02,99.62500000,128.87500000,2.92500000e+01
764,5.26562500,5.28125000,1.56250000e-02,-85.93750000,-52.71875000,3.32187500e+01
765,6.63281250,6.69531250,6.25000000e-02,148.37500000,152.37500000,4.00000000e+00
766,3.49609375,3.47265625,2.34375000e-02,-174.75000000,-188.50000000,1.37500000e+01
767,3.78906250,3.83203125,4.29687500e-02,286.25000000,291.00000000,4.75000000e+00
768,4.82031250,4.85156250,3.12500000e-02,-379.00000000,-459.00000000,8.00000000e+01
769,5.31250000,5.37109375,5.85937500e-02,82.00000000,111.31250000,2.93125000e+01
770,4.55078125,4.57031250,1.95312500e-02,421.75000000,414.00000000,7.75000000e+00
771,2.82812500,2.83593750,7.81250000e-03,121.06250000,111.31250000,9.75000000e+00
772,4.89843750,4.91796875,1.95312500e-02,56.62500000,37.09375000,1.95312500e+01
773,5.73437500,5.74218750,7.81250000e-03,421.75000000,408.25000000,1.35000000e+01
774,5.01171875,5.02734375,1.56250000e-02,-44.90625000,-33.18750000,1.17187500e+01
775,5.08593750,5.07812500,7.81250000e-03,338.00000000,312.50000000,2.55000000e+01
776,10.05468750,10.05468750,0.00000000e+00,551.00000000,515.50000000,3.55000000e+01
777,6.50000000,6.53125000,3.12500000e-02,-17.57812500,-11.71875000,5.85937500e+00
778,2.97656250,2.98828125,1.17187500e-02,-238.25000000,-237.25000000,1.00000000e+00
779,3.15039062,3.14453125,5.85937500e-03,6.83593750,0.00000000,6.83593750e+00
780,4.08203125,4.14453125,6.25000000e-02,99.62500000,128.87500000,2.92500000e+01
781,4.73437500,4.75000000,1.56250000e-02,-48.81250000,-35.15625000,1.36562500e+01
782,7.09765625,7.11718750,1.95312500e-02,435.50000000,416.00000000,1.95000000e+01
783,4.82812500,4.91015625,8.20312500e-02,-216.75000000,-199.25000000,1.75000000e+01
784,4.28906250,4.34375000,5.46875000e-02,-353.50000000,-363.25000000,9.75000000e+00
785,4.27734375,4.35156250,7.42187500e-02,169.87500000,197.25000000,2.73750000e+01
786,5.96875000,6.00000000,3.12500000e-02,683.50000000,687.50000000,4.00000000e+00
787,3.61718750,3.63671875,1.95312500e-02,111.31250000,110.37500000,9.37500000e-01
788,6.28515625,6.30468750,1.95312500e-02,-146.50000000,-203.12500000,5.66250000e+01
789,4.95312500,5.00781250,5.46875000e-02,89.81250000,95.68750000,5.87500000e+00
790,7.31250000,7.21875000,9.37500000e-02,832.00000000,793.00000000,3.90000000e+01
791,3.76171875,3.80078125,3.90625000e-02,30.26562500,37.09375000,6.82812500e+00
792,4.74609375,4.75000000,3.90625000e-03,-252.00000000,-261.75000000,9.75000000e+00
793,3.86718750,3.88281250,1.56250000e-02,-19.53125000,-23.43750000,3.90625000e+00
794,3.48828125,3.51171875,2.34375000e-02,242.12500000,244.12500000,2.00000000e+00
795,6.15625000,6.22265625,6.64062500e-02,-136.75000000,-103.50000000,3.32500000e+01
796,6.00000000,6.03515625,3.51562500e-02,236.37500000,252.00000000,1.56250000e+01
797,5.50781250,5.56250000,5.46875000e-02,70.31250000,64.43750000,5.87500000e+00
798,4.80468750,4.84375000,3.90625000e-02,109.37500000,117.18750000,7.81250000e+00
799,4.99218750,5.02343750,3.12500000e-02,-545.00000000,-531.00000000,1.40000000e+01
800,3.39648438,3.43359375,3.71093750e-02,32.21875000,42.00000000,9.78125000e+00
801,3.87500000,3.87109375,3.90625000e-03,394.50000000,365.25000000,2.92500000e+01
802,4.82812500,4.82031250,7.81250000e-03,-103.50000000,-132.75000000,2.92500000e+01
803,3.51953125,3.53515625,1.56250000e-02,-267.50000000,-267.50000000,0.00000000e+00
804,3.94921875,3.96484375,1.56250000e-02,119.12500000,109.37500000,9.75000000e+00
805,3.67578125,3.69140625,1.56250000e-02,100.56250000,87.87500000,1.26875000e+01
806,3.88671875,3.94531250,5.85937500e-02,44.90625000,54.68750000,9.78125000e+00
807,5.70312500,5.82812500,1.25000000e-01,-363.25000000,-339.75000000,2.35000000e+01
808,5.30468750,5.30468750,0.00000000e+00,230.50000000,218.75000000,1.17500000e+01
809,5.14062500,5.21093750,7.03125000e-02,89.81250000,113.25000000,2.34375000e+01
810,5.44531250,5.45312500,7.81250000e-03,-253.87500000,-269.50000000,1.56250000e+01
811,3.37500000,3.42773438,5.27343750e-02,-410.25000000,-393.50000000,1.67500000e+01
812,4.53125000,4.57031250,3.90625000e-02,-175.75000000,-191.37500000,1.56250000e+01
813,4.95703125,5.03125000,7.42187500e-02,-138.62500000,-121.06250000,1.75625000e+01
814,4.78906250,4.80078125,1.17187500e-02,-410.25000000,-435.50000000,2.52500000e+01
815,6.18750000,6.25781250,7.03125000e-02,-39.06250000,-19.53125000,1.95312500e+01
816,3.67773438,3.69140625,1.36718750e-02,-112.31250000,-129.87500000,1.75625000e+01
817,3.35937500,3.39843750,3.90625000e-02,5.85937500,7.81250000,1.95312500e+00
818,4.58593750,4.59375000,7.81250000e-03,-136.75000000,-136.75000000,0.00000000e+00
819,5.21875000,5.28906250,7.03125000e-02,27.34375000,23.43750000,3.90625000e+00
820,3.77929688,3.81640625,3.71093750e-02,-106.43750000,-107.43750000,1.00000000e+00
821,3.00000000,3.00390625,3.90625000e-03,129.87500000,123.06250000,6.81250000e+00
822,4.97656250,4.99218750,1.56250000e-02,205.12500000,195.25000000,9.87500000e+00
823,5.05859375,5.11328125,5.46875000e-02,-93.75000000,-80.06250000,1.36875000e+01
824,4.62890625,4.64843750,1.95312500e-02,-412.00000000,-425.75000000,1.37500000e+01
825,4.50000000,4.56640625,6.64062500e-02,-1.95312500,15.62500000,1.75781250e+01
826,8.96093750,9.06250000,1.01562500e-01,-711.00000000,-730.50000000,1.95000000e+01
827,6.40234375,6.45703125,5.46875000e-02,-80.06250000,-56.62500000,2.34375000e+01
828,3.24609375,3.28906250,4.29687500e-02,227.50000000,226.50000000,1.00000000e+00
829,2.76953125,2.77734375,7.81250000e-03,-206.00000000,-214.87500000,8.87500000e+00
830,3.54687500,3.54687500,0.00000000e+00,-156.25000000,-164.00000000,7.75000000e+00
831,4.21875000,4.21093750,7.81250000e-03,-156.25000000,-171.87500000,1.56250000e+01
832,6.08984375,6.13671875,4.68750000e-02,-240.25000000,-242.12500000,1.87500000e+00
833,5.03906250,5.03906250,0.00000000e+00,144.50000000,117.18750000,2.73125000e+01
834,4.70312500,4.65234375,5.07812500e-02,80.06250000,33.18750000,4.68750000e+01
835,4.02734375,4.07031250,4.29687500e-02,-37.09375000,-44.90625000,7.81250000e+00
836,5.67968750,5.72656250,4.68750000e-02,388.75000000,402.25000000,1.35000000e+01
837,3.41406250,3.45312500,3.90625000e-02,75.18750000,86.93750000,1.17500000e+01
838,6.57812500,6.69531250,1.17187500e-01,101.56250000,156.25000000,5.46875000e+01
839,4.98437500,5.02734375,4.29687500e-02,136.75000000,134.75000000,2.00000000e+00
840,6.32812500,6.30468750,2.34375000e-02,117.18750000,82.00000000,3.51875000e+01
841,3.15234375,3.20117188,4.88281250e-02,-242.12500000,-251.00000000,8.87500000e+00
842,5.18359375,5.21093750,2.73437500e-02,322.25000000,326.25000000,4.00000000e+00
843,3.71484375,3.70703125,7.81250000e-03,35.15625000,19.53125000,1.56250000e+01
844,2.98046875,2.98828125,7.81250000e-03,63.46875000,48.81250000,1.46562500e+01
845,6.14062500,6.20312500,6.25000000e-02,-85.93750000,-74.18750000,1.17500000e+01
846,6.07812500,6.10937500,3.12500000e-02,209.00000000,203.12500000,5.87500000e+00
847,5.32812500,5.36718750,3.90625000e-02,138.62500000,105.43750000,3.31875000e+01
848,4.41406250,4.44531250,3.12500000e-02,1.95312500,3.90625000,1.95312500e+00
849,5.17187500,5.24609375,7.42187500e-02,-195.25000000,-193.37500000,1.87500000e+00
850,3.05664062,3.08593750,2.92968750e-02,-182.62500000,-175.75000000,6.87500000e+00
851,3.69726562,3.80664062,1.09375000e-01,260.75000000,296.00000000,3.52500000e+01
852,4.48828125,4.46875000,1.95312500e-02,27.34375000,13.67187500,1.36718750e+01
853,3.88281250,3.87890625,3.90625000e-03,101.56250000,98.62500000,2.93750000e+00
854,3.91210938,3.94140625,2.92968750e-02,51.75000000,50.78125000,9.68750000e-01
855,3.50390625,3.52734375,2.34375000e-02,-5.85937500,-5.85937500,0.00000000e+00
856,3.76562500,3.77343750,7.81250000e-03,-115.25000000,-121.06250000,5.81250000e+00
857,6.71875000,6.75000000,3.12500000e-02,232.37500000,222.62500000,9.75000000e+00
858,5.30078125,5.32812500,2.73437500e-02,91.81250000,101.56250000,9.75000000e+00
859,5.09375000,5.13671875,4.29687500e-02,244.12500000,252.00000000,7.87500000e+00
860,5.85937500,5.89453125,3.51562500e-02,158.25000000,187.50000000,2.92500000e+01
861,3.35156250,3.36328125,1.17187500e-02,-111.31250000,-128.87500000,1.75625000e+01
862,3.87890625,3.91406250,3.51562500e-02,-517.50000000,-527.50000000,1.00000000e+01
863,4.44921875,4.44531250,3.90625000e-03,-478.50000000,-500.00000000,2.15000000e+01
864,5.79687500,5.79687500,0.00000000e+00,464.75000000,437.50000000,2.72500000e+01
865,6.29687500,6.33593750,3.90625000e-02,41.00000000,33.18750000,7.81250000e+00
866,3.73828125,3.77343750,3.51562500e-02,62.50000000,71.31250000,8.81250000e+00
867,3.55078125,3.60156250,5.07812500e-02,214.87500000,228.50000000,1.36250000e+01
868,4.90234375,4.93750000,3.51562500e-02,234.37500000,230.50000000,3.87500000e+00
869,5.55078125,5.58593750,3.51562500e-02,410.25000000,400.50000000,9.75000000e+00
870,3.57031250,3.62109375,5.07812500e-02,-269.50000000,-259.75000000,9.75000000e+00
871,2.42187500,2.46093750,3.90625000e-02,-216.75000000,-208.00000000,8.75000000e+00
872,4.80468750,4.79687500,7.81250000e-03,78.12500000,68.37500000,9.75000000e+00
873,4.96875000,4.98046875,1.17187500e-02,74.18750000,39.06250000,3.51250000e+01
874,4.92187500,4.96875000,4.68750000e-02,125.00000000,132.75000000,7.75000000e+00
875,4.64062500,4.59765625,4.29687500e-02,97.62500000,54.68750000,4.29375000e+01
876,8.65625000,8.70312500,4.68750000e-02,-250.00000000,-250.00000000,0.00000000e+00
877,6.47656250,6.51562500,3.90625000e-02,169.87500000,175.75000000,5.87500000e+00
878,2.92968750,2.91796875,1.17187500e-02,-189.50000000,-197.25000000,7.75000000e+00
879,2.90234375,2.92578125,2.34375000e-02,-29.29687500,-26.35937500,2.93750000e+00
880,3.70312500,3.71875000,1.56250000e-02,-111.31250000,-131.87500000,2.05625000e+01
881,4.23828125,4.26171875,2.34375000e-02,-52.71875000,-21.48437500,3.12343750e+01
882,5.87500000,5.90625000,3.12500000e-02,-345.75000000,-339.75000000,6.00000000e+00
883,4.66406250,4.67187500,7.81250000e-03,35.15625000,21.48437500,1.36718750e+01
884,4.55078125,4.53906250,1.17187500e-02,-500.00000000,-500.00000000,0.00000000e+00
885,4.11328125,4.17968750,6.64062500e-02,17.57812500,44.90625000,2.73281250e+01
886,4.91796875,4.96093750,4.29687500e-02,-189.50000000,-168.00000000,2.15000000e+01
887,3.46093750,3.48046875,1.95312500e-02,214.87500000,221.62500000,6.75000000e+00
888,6.82031250,6.87500000,5.46875000e-02,660.00000000,652.50000000,7.50000000e+00
889,4.73437500,4.81250000,7.81250000e-02,-29.29687500,-3.90625000,2.53906250e+01
890,5.87109375,5.98046875,1.09375000e-01,-720.50000000,-646.50000000,7.40000000e+01
891,3.34375000,3.36328125,1.95312500e-02,50.78125000,37.09375000,1.36875000e+01
892,4.78906250,4.81250000,2.34375000e-02,117.18750000,123.06250000,5.87500000e+00
893,3.89062500,3.91992188,2.92968750e-02,179.62500000,183.62500000,4.00000000e+00
894,3.00781250,3.05078125,4.29687500e-02,-73.25000000,-64.43750000,8.81250000e+00
895,5.72656250,5.83984375,1.13281250e-01,-62.50000000,1.95312500,6.44531250e+01
896,5.17187500,5.17968750,7.81250000e-03,-535.00000000,-551.00000000,1.60000000e+01
897,5.47656250,5.50000000,2.34375000e-02,62.50000000,89.81250000,2.73125000e+01
898,4.26953125,4.28125000,1.17187500e-02,-230.50000000,-234.37500000,3.87500000e+00
899,4.63281250,4.70312500,7.03125000e-02,-384.75000000,-357.50000000,2.72500000e+01
900,3.64453125,3.66992188,2.53906250e-02,260.75000000,264.75000000,4.00000000e+00
901,3.13867188,3.15820312,1.95312500e-02,-14.64843750,-28.31250000,1.36640625e+01
902,4.09375000,4.11718750,2.34375000e-02,-132.75000000,-123.06250000,9.68750000e+00
903,3.98828125,3.98437500,3.90625000e-03,157.25000000,143.50000000,1.37500000e+01
904,4.00390625,4.03906250,3.51562500e-02,177.75000000,185.50000000,7.75000000e+00
905,3.76171875,3.76953125,7.81250000e-03,236.37500000,228.50000000,7.87500000e+00
906,4.26562500,4.31250000,4.68750000e-02,275.50000000,263.75000000,1.17500000e+01
907,5.69531250,5.70312500,7.81250000e-03,-113.25000000,-218.75000000,1.05500000e+02
908,4.77343750,4.77343750,0.00000000e+00,-263.75000000,-277.25000000,1.35000000e+01
909,4.74218750,4.76562500,2.34375000e-02,-89.81250000,-82.00000000,7.81250000e+00
910,6.12500000,6.08593750,3.90625000e-02,574.00000000,562.50000000,1.15000000e+01
911,3.30468750,3.32812500,2.34375000e-02,-208.00000000,-214.87500000,6.87500000e+00
912,4.13671875,4.16015625,2.34375000e-02,-64.43750000,-52.71875000,1.17187500e+01
913,5.26953125,5.30468750,3.51562500e-02,91.81250000,175.75000000,8.39375000e+01
914,5.08203125,5.09375000,1.17187500e-02,99.62500000,84.00000000,1.56250000e+01
915,6.45312500,6.48437500,3.12500000e-02,347.75000000,349.50000000,1.75000000e+00
916,3.34570312,3.37109375,2.53906250e-02,-122.06250000,-91.81250000,3.02500000e+01
917,3.43750000,3.48046875,4.29687500e-02,117.18750000,121.06250000,3.87500000e+00
918,4.41406250,4.50000000,8.59375000e-02,11.71875000,37.09375000,2.53750000e+01
919,4.86718750,4.95312500,8.59375000e-02,-154.25000000,-138.62500000,1.56250000e+01
920,3.96093750,4.01562500,5.46875000e-02,205.12500000,222.62500000,1.75000000e+01
921,2.55468750,2.58789062,3.32031250e-02,-122.06250000,-116.18750000,5.87500000e+00
922,4.78125000,4.79687500,1.56250000e-02,41.00000000,19.53125000,2.14687500e+01
923,5.19531250,5.18750000,7.81250000e-03,265.50000000,218.75000000,4.67500000e+01
924,4.98437500,5.02734375,4.29687500e-02,279.25000000,269.50000000,9.75000000e+00
925,4.06250000,4.07812500,1.56250000e-02,-330.00000000,-324.25000000,5.75000000e+00
926,9.42187500,9.46875000,4.68750000e-02,472.75000000,445.25000000,2.75000000e+01
927,5.83593750,5.86718750,3.12500000e-02,-242.12500000,-253.87500000,1.17500000e+01
928,3.87109375,3.93359375,6.25000000e-02,504.00000000,527.50000000,2.35000000e+01
929,2.97656250,2.97265625,3.90625000e-03,-42.00000000,-42.96875000,9.68750000e-01
930,3.54492188,3.54882812,3.90625000e-03,-80.06250000,-83.00000000,2.93750000e+00
931,3.78515625,3.78906250,3.90625000e-03,-549.00000000,-556.50000000,7.50000000e+00
932,6.53125000,6.57812500,4.68750000e-02,257.75000000,269.50000000,1.17500000e+01
933,5.02734375,5.06250000,3.51562500e-02,375.00000000,369.25000000,5.75000000e+00
934,4.22265625,4.18359375,3.90625000e-02,-15.62500000,46.87500000,6.25000000e+01
935,3.94531250,3.98437500,3.90625000e-02,-115.25000000,-125.00000000,9.75000000e+00
936,4.82031250,4.81250000,7.81250000e-03,-306.75000000,-332.00000000,2.52500000e+01
937,3.47851562,3.42578125,5.27343750e-02,74.18750000,41.00000000,3.31875000e+01
938,6.23437500,6.30859375,7.42187500e-02,156.25000000,119.12500000,3.71250000e+01
939,4.71093750,4.78125000,7.03125000e-02,175.75000000,195.25000000,1.95000000e+01
940,6.43750000,6.48437500,4.68750000e-02,-11.71875000,-46.87500000,3.51562500e+01
941,2.75781250,2.78710938,2.92968750e-02,-404.25000000,-422.75000000,1.85000000e+01
942,4.32812500,4.31250000,1.56250000e-02,-351.50000000,-367.25000000,1.57500000e+01
943,3.66406250,3.67968750,1.56250000e-02,164.00000000,149.37500000,1.46250000e+01
944,2.79492188,2.87109375,7.61718750e-02,-118.18750000,-93.75000000,2.44375000e+01
945,6.05468750,6.07031250,1.56250000e-02,-29.29687500,-5.85937500,2.34375000e+01
946,5.51953125,5.52343750,3.90625000e-03,-115.25000000,-128.87500000,1.36250000e+01
947,5.36718750,5.39453125,2.73437500e-02,-13.67187500,-44.90625000,3.12343750e+01
948,4.37890625,4.41406250,3.51562500e-02,93.75000000,99.62500000,5.87500000e+00
949,5.21093750,5.21484375,3.90625000e-03,-117.18750000,-142.62500000,2.54375000e+01
950,3.32812500,3.33593750,7.81250000e-03,31.25000000,19.53125000,1.17187500e+01
951,3.07031250,3.07617188,5.85937500e-03,-82.00000000,-79.12500000,2.87500000e+00
952,4.43359375,4.42187500,1.17187500e-02,-42.96875000,-39.06250000,3.90625000e+00
953,3.82226562,3.81445312,7.81250000e-03,202.12500000,182.62500000,1.95000000e+01
954,3.59179688,3.62890625,3.71093750e-02,-81.06250000,-78.12500000,2.93750000e+00
955,3.39062500,3.41015625,1.95312500e-02,52.71875000,52.71875000,0.00000000e+00
956,4.02734375,4.07031250,4.29687500e-02,365.25000000,375.00000000,9.75000000e+00
957,5.44531250,5.46484375,1.95312500e-02,-246.12500000,-240.25000000,5.87500000e+00
958,4.80078125,4.84375000,4.29687500e-02,-173.87500000,-152.37500000,2.15000000e+01
959,4.77343750,4.80468750,3.12500000e-02,-13.67187500,3.90625000,1.75781250e+01
960,5.52343750,5.48046875,4.29687500e-02,-13.67187500,-76.18750000,6.25156250e+01
961,3.61718750,3.61718750,0.00000000e+00,-5.85937500,-15.62500000,9.76562500e+00
962,4.35546875,4.45703125,1.01562500e-01,-173.87500000,-224.62500000,5.07500000e+01
963,4.60156250,4.73046875,1.28906250e-01,-152.37500000,-107.43750000,4.49375000e+01
964,4.74218750,4.76171875,1.95312500e-02,11.71875000,9.76562500,1.95312500e+00
965,6.10937500,6.13281250,2.34375000e-02,-70.31250000,-89.81250000,1.95000000e+01
966,3.48437500,3.54492188,6.05468750e-02,-191.37500000,-169.00000000,2.23750000e+01
967,3.54296875,3.57617188,3.32031250e-02,230.50000000,233.37500000,2.87500000e+00
968,4.32812500,4.37890625,5.07812500e-02,-281.25000000,-250.00000000,3.12500000e+01
969,5.39843750,5.48828125,8.98437500e-02,156.25000000,191.37500000,3.51250000e+01
970,4.41406250,4.43750000,2.34375000e-02,283.25000000,281.25000000,2.00000000e+00
971,2.67968750,2.72265625,4.29687500e-02,11.71875000,24.40625000,1.26875000e+01
972,4.61718750,4.65625000,3.90625000e-02,-82.00000000,-62.50000000,1.95000000e+01
973,5.17968750,5.24218750,6.25000000e-02,500.00000000,502.00000000,2.00000000e+00
974,4.03125000,4.13281250,1.01562500e-01,-642.50000000,-615.00000000,2.75000000e+01
975,4.30859375,4.33203125,2.34375000e-02,-37.09375000,-44.90625000,7.81250000e+00
976,9.07031250,9.06250000,7.81250000e-03,-148.37500000,-175.75000000,2.73750000e+01
977,6.04296875,6.10937500,6.64062500e-02,-33.18750000,-25.39062500,7.79687500e+00
978,2.82617188,2.82421875,1.95312500e-03,-221.62500000,-243.12500000,2.15000000e+01
979,3.00195312,2.99218750,9.76562500e-03,-104.50000000,-109.37500000,4.87500000e+00
980,3.61523438,3.59960938,1.56250000e-02,-106.43750000,-147.50000000,4.10625000e+01
981,4.39453125,4.38671875,7.81250000e-03,42.96875000,7.81250000,3.51562500e+01
982,6.13281250,6.15625000,2.34375000e-02,-15.62500000,-25.39062500,9.76562500e+00
983,4.60546875,4.63281250,2.73437500e-02,-15.62500000,-19.53125000,3.90625000e+00
984,4.10156250,4.19921875,9.76562500e-02,-121.06250000,-66.37500000,5.46875000e+01
985,3.77734375,3.78906250,1.17187500e-02,-77.12500000,-99.62500000,2.25000000e+01
986,5.11718750,5.13281250,1.56250000e-02,-148.37500000,-175.75000000,2.73750000e+01
987,3.27148438,3.29687500,2.53906250e-02,73.25000000,85.93750000,1.26875000e+01
988,6.12500000,6.14843750,2.34375000e-02,212.87500000,199.25000000,1.36250000e+01
989,4.35937500,4.43750000,7.81250000e-02,-109.37500000,-85.93750000,2.34375000e+01
990,6.27734375,6.26562500,1.17187500e-02,134.75000000,89.81250000,4.49375000e+01
991,3.48632812,3.51953125,3.32031250e-02,223.62500000,214.87500000,8.75000000e+00
992,5.08593750,5.10937500,2.34375000e-02,373.00000000,371.00000000,2.00000000e+00
993,3.67578125,3.71093750,3.51562500e-02,-64.43750000,-46.87500000,1.75625000e+01
994,3.13671875,3.15625000,1.95312500e-02,102.56250000,104.50000000,1.93750000e+00
995,6.20312500,6.31250000,1.09375000e-01,181.62500000,265.50000000,8.38750000e+01
996,6.15625000,6.20312500,4.68750000e-02,253.87500000,250.00000000,3.87500000e+00
997,5.41015625,5.44531250,3.51562500e-02,201.12500000,171.87500000,2.92500000e+01
998,4.46875000,4.50000000,3.12500000e-02,203.12500000,201.12500000,2.00000000e+00
999,5.14453125,5.16015625,1.56250000e-02,-87.87500000,-91.81250000,3.93750000e+00
1000,3.73046875,3.72851562,1.95312500e-03,212.87500000,194.37500000,1.85000000e+01
1001,2.95117188,2.95703125,5.85937500e-03,-64.43750000,-101.56250000,3.71250000e+01
1002,4.24218750,4.27343750,3.12500000e-02,-175.75000000,-164.00000000,1.17500000e+01
1003,3.93359375,3.94335938,9.76562500e-03,204.12500000,192.37500000,1.17500000e+01
1004,3.48437500,3.51171875,2.73437500e-02,-240.25000000,-244.12500000,3.87500000e+00
1005,3.40039062,3.47265625,7.22656250e-02,-31.25000000,-15.62500000,1.56250000e+01
1006,3.65429688,3.72265625,6.83593750e-02,-170.87500000,-173.87500000,3.00000000e+00
1007,5.14062500,5.13281250,7.81250000e-03,-855.50000000,-910.00000000,5.45000000e+01
1008,5.06250000,5.10937500,4.68750000e-02,66.37500000,85.93750000,1.95625000e+01
1009,5.16796875,5.20312500,3.51562500e-02,291.00000000,296.75000000,5.75000000e+00
1010,5.13281250,5.20703125,7.42187500e-02,-212.87500000,-201.12500000,1.17500000e+01
1011,3.39257812,3.30664062,8.59375000e-02,169.00000000,122.06250000,4.69375000e+01
1012,3.87109375,3.92968750,5.85937500e-02,-238.25000000,-226.50000000,1.17500000e+01
1013,4.87500000,4.94531250,7.03125000e-02,-50.78125000,-11.71875000,3.90625000e+01
1014,4.67968750,4.66015625,1.95312500e-02,-345.75000000,-388.75000000,4.30000000e+01
1015,6.20312500,6.27343750,7.03125000e-02,109.37500000,115.25000000,5.87500000e+00
1016,3.17382812,3.18359375,9.76562500e-03,26.35937500,29.29687500,2.93750000e+00
1017,3.16406250,3.19531250,3.12500000e-02,-50.78125000,-45.90625000,4.87500000e+00
1018,5.69531250,5.75390625,5.85937500e-02,887.50000000,863.50000000,2.40000000e+01
1019,4.49218750,4.56640625,7.42187500e-02,-175.75000000,-154.25000000,2.15000000e+01
1020,3.78906250,3.82031250,3.12500000e-02,61.53125000,56.62500000,4.90625000e+00
1021,2.81250000,2.82031250,7.81250000e-03,130.87500000,104.50000000,2.63750000e+01
1022,4.71875000,4.76562500,4.68750000e-02,54.68750000,74.18750000,1.95000000e+01
1023,5.41796875,5.40625000,1.17187500e-02,212.87500000,195.25000000,1.76250000e+01
1024,4.80468750,4.85156250,4.68750000e-02,189.50000000,201.12500000,1.16250000e+01
1025,4.56250000,4.59375000,3.12500000e-02,295.00000000,315.50000000,2.05000000e+01
1026,9.00000000,9.14062500,1.40625000e-01,-437.50000000,-414.00000000,2.35000000e+01
1027,6.66015625,6.69531250,3.51562500e-02,494.25000000,496.00000000,1.75000000e+00
1028,2.75390625,2.76562500,1.17187500e-02,-181.62500000,-169.87500000,1.17500000e+01
1029,2.86718750,2.86132812,5.85937500e-03,-160.12500000,-169.00000000,8.87500000e+00
1030,3.38671875,3.38476562,1.95312500e-03,-125.00000000,-120.12500000,4.87500000e+00
1031,4.01953125,4.03906250,1.95312500e-02,-201.12500000,-212.87500000,1.17500000e+01
1032,5.87500000,5.94140625,6.64062500e-02,-44.90625000,-46.87500000,1.96875000e+00
1033,5.04687500,5.08593750,3.90625000e-02,248.00000000,234.37500000,1.36250000e+01
1034,4.76953125,4.74218750,2.73437500e-02,365.25000000,338.00000000,2.72500000e+01
1035,4.12500000,4.17187500,4.68750000e-02,109.37500000,87.87500000,2.15000000e+01
1036,4.67968750,4.67968750,0.00000000e+00,-238.25000000,-246.12500000,7.87500000e+00
1037,3.13476562,3.14062500,5.85937500e-03,-100.56250000,-111.31250000,1.07500000e+01
1038,6.38281250,6.44921875,6.64062500e-02,236.37500000,156.25000000,8.01250000e+01
1039,4.64843750,4.65625000,7.81250000e-03,11.71875000,-3.90625000,1.56250000e+01
1040,6.20703125,6.25000000,4.29687500e-02,-91.81250000,-125.00000000,3.31875000e+01
1041,2.90625000,2.96093750,5.46875000e-02,-220.75000000,-226.50000000,5.75000000e+00
1042,4.15234375,4.12500000,2.73437500e-02,-439.50000000,-457.00000000,1.75000000e+01
1043,3.48828125,3.53906250,5.07812500e-02,-26.35937500,3.90625000,3.02656250e+01
1044,3.16015625,3.08984375,7.03125000e-02,-6.83593750,-55.65625000,4.88203125e+01
1045,6.03125000,5.97656250,5.46875000e-02,-113.25000000,-156.25000000,4.30000000e+01
1046,5.35937500,5.43750000,7.81250000e-02,-308.50000000,-267.50000000,4.10000000e+01
1047,5.12500000,5.21093750,8.59375000e-02,109.37500000,140.62500000,3.12500000e+01
1048,4.34765625,4.38281250,3.51562500e-02,37.09375000,23.43750000,1.36562500e+01
1049,5.47265625,5.53906250,6.64062500e-02,406.25000000,410.25000000,4.00000000e+00
1050,3.30078125,3.30078125,0.00000000e+00,29.29687500,30.26562500,9.68750000e-01
1051,3.13281250,3.18359375,5.07812500e-02,242.12500000,257.75000000,1.56250000e+01
1052,4.34765625,4.35937500,1.17187500e-02,150.37500000,140.62500000,9.75000000e+00
1053,3.73828125,3.76562500,2.73437500e-02,-60.53125000,-64.43750000,3.90625000e+00
1054,3.70703125,3.72656250,1.95312500e-02,-9.76562500,-27.34375000,1.75781250e+01
1055,3.33203125,3.37109375,3.90625000e-02,-11.71875000,-4.88281250,6.83593750e+00
1056,3.94140625,3.98437500,4.29687500e-02,130.87500000,119.12500000,1.17500000e+01
1057,5.54687500,5.57812500,3.12500000e-02,54.68750000,19.53125000,3.51562500e+01
1058,5.03906250,5.05859375,1.95312500e-02,70.31250000,60.53125000,9.78125000e+00
1059,4.94921875,4.96875000,1.95312500e-02,218.75000000,197.25000000,2.15000000e+01
1060,5.33984375,5.40625000,6.64062500e-02,105.43750000,128.87500000,2.34375000e+01
1061,3.19140625,3.20703125,1.56250000e-02,-47.84375000,-72.25000000,2.44062500e+01
1062,4.14843750,4.17187500,2.34375000e-02,78.12500000,35.15625000,4.29687500e+01
1063,4.68750000,4.75781250,7.03125000e-02,-187.50000000,-164.00000000,2.35000000e+01
1064,4.70312500,4.71484375,1.17187500e-02,-181.62500000,-173.87500000,7.75000000e+00
1065,6.15625000,6.18359375,2.73437500e-02,195.25000000,179.62500000,1.56250000e+01
1066,3.12109375,3.13671875,1.56250000e-02,-210.87500000,-207.00000000,3.87500000e+00
1067,3.20312500,3.23437500,3.12500000e-02,-33.18750000,-33.18750000,0.00000000e+00
1068,5.01953125,5.01953125,0.00000000e+00,232.37500000,224.62500000,7.75000000e+00
1069,5.23437500,5.35937500,1.25000000e-01,338.00000000,384.75000000,4.67500000e+01
1070,3.46093750,3.46093750,0.00000000e+00,-162.12500000,-183.62500000,2.15000000e+01
1071,2.66015625,2.70703125,4.68750000e-02,-42.96875000,-30.26562500,1.27031250e+01
1072,4.48437500,4.47265625,1.17187500e-02,-23.43750000,-52.71875000,2.92812500e+01
1073,5.14062500,5.14843750,7.81250000e-03,242.12500000,203.12500000,3.90000000e+01
1074,4.64843750,4.64453125,3.90625000e-03,148.37500000,123.06250000,2.53125000e+01
1075,4.34765625,4.38281250,3.51562500e-02,-33.18750000,-13.67187500,1.95156250e+01
1076,8.93750000,9.04687500,1.09375000e-01,-7.81250000,39.06250000,4.68750000e+01
1077,6.07421875,6.10546875,3.12500000e-02,-74.18750000,-66.37500000,7.81250000e+00
1078,2.87890625,2.90625000,2.73437500e-02,-164.00000000,-148.37500000,1.56250000e+01
1079,2.65234375,2.65039062,1.95312500e-03,-154.25000000,-150.37500000,3.87500000e+00
1080,3.01171875,3.01171875,0.00000000e+00,-399.50000000,-388.75000000,1.07500000e+01
1081,3.68750000,3.70703125,1.95312500e-02,-437.50000000,-437.50000000,0.00000000e+00
1082,5.97656250,6.02343750,4.68750000e-02,-80.06250000,-97.62500000,1.75625000e+01
1083,4.59765625,4.66406250,6.64062500e-02,-128.87500000,-123.06250000,5.81250000e+00
1084,4.13281250,4.12500000,7.81250000e-03,-58.59375000,-70.31250000,1.17187500e+01
1085,3.90625000,3.99218750,8.59375000e-02,145.50000000,149.37500000,3.87500000e+00
1086,5.21093750,5.24609375,3.51562500e-02,7.81250000,13.67187500,5.85937500e+00
1087,3.00000000,2.99609375,3.90625000e-03,-293.00000000,-283.25000000,9.75000000e+00
1088,6.03125000,6.10156250,7.03125000e-02,207.00000000,183.62500000,2.33750000e+01
1089,4.38671875,4.42187500,3.51562500e-02,99.62500000,107.43750000,7.81250000e+00
1090,6.69531250,6.68750000,7.81250000e-03,308.50000000,226.50000000,8.20000000e+01
1091,2.92773438,2.97070312,4.29687500e-02,-198.25000000,-202.12500000,3.87500000e+00
1092,4.70312500,4.71093750,7.81250000e-03,35.15625000,35.15625000,0.00000000e+00
1093,3.93554688,3.90234375,3.32031250e-02,268.50000000,221.62500000,4.68750000e+01
1094,3.07617188,3.10156250,2.53906250e-02,61.53125000,50.78125000,1.07500000e+01
1095,5.47656250,5.57031250,9.37500000e-02,-226.50000000,-218.75000000,7.75000000e+00
1096,5.26562500,5.26562500,0.00000000e+00,-101.56250000,-128.87500000,2.73125000e+01
1097,4.41406250,4.46484375,5.07812500e-02,-425.75000000,-437.50000000,1.17500000e+01
1098,4.42578125,4.44531250,1.95312500e-02,95.68750000,85.93750000,9.75000000e+00
1099,5.26953125,5.22656250,4.29687500e-02,253.87500000,187.50000000,6.63750000e+01
1100,3.08593750,3.10937500,2.34375000e-02,-80.06250000,-87.87500000,7.81250000e+00
1101,3.00390625,3.05859375,5.46875000e-02,-25.39062500,16.59375000,4.19843750e+01
1102,4.43750000,4.46875000,3.12500000e-02,228.50000000,235.37500000,6.87500000e+00
1103,3.78906250,3.76562500,2.34375000e-02,126.93750000,97.62500000,2.93125000e+01
1104,3.45312500,3.48046875,2.73437500e-02,-236.37500000,-250.00000000,1.36250000e+01
1105,3.46679688,3.50390625,3.71093750e-02,50.78125000,64.43750000,1.36562500e+01
1106,3.32812500,3.32812500,0.00000000e+00,-279.25000000,-301.75000000,2.25000000e+01
1107,5.26562500,5.35156250,8.59375000e-02,17.57812500,23.43750000,5.85937500e+00
1108,4.94531250,4.98437500,3.90625000e-02,160.12500000,154.25000000,5.87500000e+00
1109,4.75781250,4.79296875,3.51562500e-02,21.48437500,3.90625000,1.75781250e+01
1110,5.01171875,4.98437500,2.73437500e-02,-203.12500000,-214.87500000,1.17500000e+01
1111,3.09765625,3.10351562,5.85937500e-03,-31.25000000,-47.84375000,1.65937500e+01
1112,3.78906250,3.83984375,5.07812500e-02,-273.50000000,-248.00000000,2.55000000e+01
1113,4.53125000,4.61718750,8.59375000e-02,-154.25000000,-132.75000000,2.15000000e+01
1114,4.47265625,4.50390625,3.12500000e-02,-115.25000000,-123.06250000,7.81250000e+00
1115,6.06250000,6.16406250,1.01562500e-01,148.37500000,164.00000000,1.56250000e+01
1116,4.03906250,4.07031250,3.12500000e-02,549.00000000,551.00000000,2.00000000e+00
1117,3.35156250,3.37500000,2.34375000e-02,184.62500000,176.75000000,7.87500000e+00
1118,3.94531250,3.94140625,3.90625000e-03,-836.00000000,-849.50000000,1.35000000e+01
1119,4.69531250,4.76953125,7.42187500e-02,-101.56250000,-72.25000000,2.93125000e+01
1120,3.33203125,3.35937500,2.73437500e-02,-317.50000000,-320.25000000,2.75000000e+00
1121,2.54687500,2.57421875,2.73437500e-02,-21.48437500,-25.39062500,3.90625000e+00
1122,4.59375000,4.63281250,3.90625000e-02,158.25000000,166.00000000,7.75000000e+00
1123,4.78125000,4.81640625,3.51562500e-02,146.50000000,138.62500000,7.87500000e+00
1124,4.73437500,4.79296875,5.85937500e-02,164.00000000,185.50000000,2.15000000e+01
1125,4.15234375,4.14062500,1.17187500e-02,-33.18750000,-41.00000000,7.81250000e+00
1126,8.60937500,8.55468750,5.46875000e-02,-597.50000000,-664.00000000,6.65000000e+01
1127,6.39843750,6.43750000,3.90625000e-02,199.25000000,187.50000000,1.17500000e+01
1128,2.64062500,2.67968750,3.90625000e-02,-210.87500000,-197.25000000,1.36250000e+01
1129,2.88671875,2.88281250,3.90625000e-03,40.03125000,32.21875000,7.81250000e+00
1130,3.54882812,3.55859375,9.76562500e-03,-102.56250000,-97.62500000,4.93750000e+00
1131,3.74218750,3.77734375,3.51562500e-02,-224.62500000,-214.87500000,9.75000000e+00
1132,6.47265625,6.46875000,3.90625000e-03,255.87500000,220.75000000,3.51250000e+01
1133,4.57812500,4.61718750,3.90625000e-02,103.50000000,109.37500000,5.87500000e+00
1134,4.30859375,4.29296875,1.56250000e-02,29.29687500,29.29687500,0.00000000e+00
1135,4.05859375,4.08984375,3.12500000e-02,240.25000000,228.50000000,1.17500000e+01
1136,5.08203125,5.12109375,3.90625000e-02,242.12500000,252.00000000,9.87500000e+00
1137,3.44335938,3.43164062,1.17187500e-02,119.12500000,120.12500000,1.00000000e+00
1138,7.03125000,7.09765625,6.64062500e-02,890.50000000,900.50000000,1.00000000e+01
1139,4.59375000,4.51562500,7.81250000e-02,9.76562500,-66.37500000,7.61406250e+01
1140,6.10156250,6.18750000,8.59375000e-02,15.62500000,72.25000000,5.66250000e+01
1141,3.01757812,3.03906250,2.14843750e-02,-202.12500000,-202.12500000,0.00000000e+00
1142,4.27734375,4.22265625,5.46875000e-02,-136.75000000,-169.87500000,3.31250000e+01
1143,3.29296875,3.31640625,2.34375000e-02,0.00000000,14.64843750,1.46484375e+01
1144,3.30078125,3.27734375,2.34375000e-02,279.25000000,215.87500000,6.33750000e+01
1145,5.96484375,6.00000000,3.51562500e-02,138.62500000,175.75000000,3.71250000e+01
1146,5.34375000,5.39062500,4.68750000e-02,54.68750000,37.09375000,1.75937500e+01
1147,5.53125000,5.55468750,2.34375000e-02,355.50000000,365.25000000,9.75000000e+00
1148,4.27343750,4.31640625,4.29687500e-02,31.25000000,41.00000000,9.75000000e+00
1149,5.16406250,5.29296875,1.28906250e-01,128.87500000,179.62500000,5.07500000e+01
1150,3.14843750,3.17187500,2.34375000e-02,-224.62500000,-226.50000000,1.87500000e+00
1151,2.92578125,2.90625000,1.95312500e-02,-165.00000000,-208.00000000,4.30000000e+01
1152,4.23046875,4.22656250,3.90625000e-03,-252.00000000,-261.75000000,9.75000000e+00
1153,3.83984375,3.89062500,5.07812500e-02,97.62500000,119.12500000,2.15000000e+01
1154,3.64062500,3.67187500,3.12500000e-02,-72.25000000,-70.31250000,1.93750000e+00
1155,3.09179688,3.13085938,3.90625000e-02,-309.50000000,-298.75000000,1.07500000e+01
1156,4.26562500,4.32031250,5.46875000e-02,345.75000000,363.25000000,1.75000000e+01
1157,5.21093750,5.22265625,1.17187500e-02,-558.50000000,-588.00000000,2.95000000e+01
1158,5.00390625,5.05468750,5.07812500e-02,142.62500000,173.87500000,3.12500000e+01
1159,4.46093750,4.51562500,5.46875000e-02,-336.00000000,-328.00000000,8.00000000e+00
1160,5.15625000,5.15625000,0.00000000e+00,35.15625000,21.48437500,1.36718750e+01
1161,3.73828125,3.82617188,8.78906250e-02,309.50000000,333.00000000,2.35000000e+01
1162,3.59960938,3.63671875,3.71093750e-02,-471.75000000,-494.25000000,2.25000000e+01
1163,4.25781250,4.31250000,5.46875000e-02,-117.18750000,-115.25000000,1.93750000e+00
1164,4.41015625,4.38281250,2.73437500e-02,-277.25000000,-289.00000000,1.17500000e+01
1165,5.67968750,5.77343750,9.37500000e-02,-78.12500000,-52.71875000,2.54062500e+01
1166,3.33398438,3.37109375,3.71093750e-02,98.62500000,88.87500000,9.75000000e+00
1167,3.12109375,3.14062500,1.95312500e-02,51.75000000,42.96875000,8.78125000e+00
1168,4.17968750,4.10937500,7.03125000e-02,-207.00000000,-253.87500000,4.68750000e+01
1169,4.70703125,4.71875000,1.17187500e-02,-212.87500000,-238.25000000,2.53750000e+01
1170,3.98437500,4.05859375,7.42187500e-02,233.37500000,236.37500000,3.00000000e+00
1171,2.75390625,2.79687500,4.29687500e-02,101.56250000,108.37500000,6.81250000e+00
1172,4.79687500,4.85156250,5.46875000e-02,398.50000000,418.00000000,1.95000000e+01
1173,5.13671875,5.16406250,2.73437500e-02,382.75000000,384.75000000,2.00000000e+00
1174,4.77734375,4.78906250,1.17187500e-02,349.50000000,330.00000000,1.95000000e+01
1175,4.46093750,4.47656250,1.56250000e-02,166.00000000,168.00000000,2.00000000e+00
1176,7.91406250,7.94140625,2.73437500e-02,-343.75000000,-357.50000000,1.37500000e+01
1177,6.06640625,6.05468750,1.17187500e-02,138.62500000,121.06250000,1.75625000e+01
1178,3.03906250,3.07617188,3.71093750e-02,248.00000000,244.12500000,3.87500000e+00
1179,2.66015625,2.66796875,7.81250000e-03,-203.12500000,-186.50000000,1.66250000e+01
1180,3.52148438,3.57031250,4.88281250e-02,-53.71875000,-39.06250000,1.46562500e+01
1181,3.99218750,4.01171875,1.95312500e-02,142.62500000,144.50000000,1.87500000e+00
1182,5.53906250,5.56250000,2.34375000e-02,-199.25000000,-187.50000000,1.17500000e+01
1183,4.53125000,4.59375000,6.25000000e-02,-103.50000000,-80.06250000,2.34375000e+01
1184,4.65234375,4.59375000,5.85937500e-02,281.25000000,261.75000000,1.95000000e+01
1185,3.69726562,3.77734375,8.00781250e-02,51.75000000,59.56250000,7.81250000e+00
1186,4.93359375,4.93750000,3.90625000e-03,-64.43750000,-66.37500000,1.93750000e+00
1187,3.33398438,3.38085938,4.68750000e-02,81.06250000,106.43750000,2.53750000e+01
1188,5.26171875,5.40625000,1.44531250e-01,9.76562500,70.31250000,6.05468750e+01
1189,4.38281250,4.43359375,5.07812500e-02,33.18750000,58.59375000,2.54062500e+01
1190,5.50000000,5.66015625,1.60156250e-01,76.18750000,138.62500000,6.24375000e+01
1191,3.10937500,3.14062500,3.12500000e-02,-53.71875000,-44.90625000,8.81250000e+00
1192,4.33593750,4.33593750,0.00000000e+00,-121.06250000,-123.06250000,2.00000000e+00
1193,3.42773438,3.41992188,7.81250000e-03,20.50000000,0.00000000,2.05000000e+01
1194,2.84375000,2.94335938,9.96093750e-02,-222.62500000,-172.87500000,4.97500000e+01
1195,5.95312500,5.85937500,9.37500000e-02,-82.00000000,-164.00000000,8.20000000e+01
1196,5.21875000,5.24218750,2.34375000e-02,-261.75000000,-273.50000000,1.17500000e+01
1197,5.48437500,5.53125000,4.68750000e-02,543.00000000,500.00000000,4.30000000e+01
1198,4.04687500,4.06640625,1.95312500e-02,-181.62500000,-189.50000000,7.87500000e+00
1199,5.89062500,5.94140625,5.07812500e-02,711.00000000,703.00000000,8.00000000e+00
1200,3.21289062,3.23437500,2.14843750e-02,26.35937500,27.34375000,9.84375000e-01
1201,3.07031250,3.06250000,7.81250000e-03,95.68750000,54.68750000,4.10000000e+01
1202,4.46875000,4.47265625,3.90625000e-03,171.87500000,169.87500000,2.00000000e+00
1203,3.73437500,3.76171875,2.73437500e-02,140.62500000,150.37500000,9.75000000e+00
1204,3.81250000,3.85546875,4.29687500e-02,101.56250000,109.37500000,7.81250000e+00
1205,3.34765625,3.35546875,7.81250000e-03,27.34375000,11.71875000,1.56250000e+01
1206,4.17187500,4.21875000,4.68750000e-02,265.50000000,259.75000000,5.75000000e+00
1207,5.07421875,5.06250000,1.17187500e-02,9.76562500,11.71875000,1.95312500e+00
1208,4.84375000,4.83593750,7.81250000e-03,50.78125000,42.96875000,7.81250000e+00
1209,4.67968750,4.71093750,3.12500000e-02,105.43750000,89.81250000,1.56250000e+01
1210,4.69531250,4.75781250,6.25000000e-02,-392.50000000,-339.75000000,5.27500000e+01
1211,3.20312500,3.23046875,2.73437500e-02,-90.81250000,-80.06250000,1.07500000e+01
1212,4.08203125,4.23046875,1.48437500e-01,58.59375000,105.43750000,4.68437500e+01
1213,4.94921875,5.03906250,8.98437500e-02,410.25000000,425.75000000,1.55000000e+01
1214,4.62500000,4.65625000,3.12500000e-02,93.75000000,89.81250000,3.93750000e+00
1215,5.83203125,5.88281250,5.07812500e-02,95.68750000,101.56250000,5.87500000e+00
1216,2.76953125,2.79882812,2.92968750e-02,-515.50000000,-506.75000000,8.75000000e+00
1217,3.26171875,3.30859375,4.68750000e-02,64.43750000,68.37500000,3.93750000e+00
1218,4.43750000,4.47656250,3.90625000e-02,254.87500000,258.75000000,3.87500000e+00
1219,4.57812500,4.61328125,3.51562500e-02,-156.25000000,-175.75000000,1.95000000e+01
1220,3.20117188,3.24609375,4.49218750e-02,-436.50000000,-416.00000000,2.05000000e+01
1221,2.79101562,2.82617188,3.51562500e-02,243.12500000,252.00000000,8.87500000e+00
1222,4.00000000,4.01953125,1.95312500e-02,-320.25000000,-339.75000000,1.95000000e+01
1223,4.33593750,4.34765625,1.17187500e-02,-103.50000000,-138.62500000,3.51250000e+01
1224,4.42968750,4.50000000,7.03125000e-02,50.78125000,76.18750000,2.54062500e+01
1225,4.57812500,4.58593750,7.81250000e-03,244.12500000,244.12500000,0.00000000e+00
1226,7.70312500,7.74218750,3.90625000e-02,-156.25000000,-97.62500000,5.86250000e+01
1227,5.57421875,5.67187500,9.76562500e-02,-80.06250000,-48.81250000,3.12500000e+01
1228,2.75000000,2.77343750,2.34375000e-02,-228.50000000,-231.50000000,3.00000000e+00
1229,3.04492188,3.02734375,1.75781250e-02,180.62500000,157.25000000,2.33750000e+01
1230,3.30078125,3.31640625,1.56250000e-02,-111.31250000,-115.25000000,3.93750000e+00
1231,3.68359375,3.69531250,1.17187500e-02,-121.06250000,-126.00000000,4.93750000e+00
1232,5.73437500,5.73828125,3.90625000e-03,-318.25000000,-322.25000000,4.00000000e+00
1233,4.39062500,4.46875000,7.81250000e-02,-82.00000000,-78.12500000,3.87500000e+00
1234,4.25781250,4.23828125,1.95312500e-02,-126.93750000,-109.37500000,1.75625000e+01
1235,3.55859375,3.65039062,9.17968750e-02,-68.37500000,-57.62500000,1.07500000e+01
1236,4.89843750,4.92968750,3.12500000e-02,140.62500000,162.12500000,2.15000000e+01
1237,3.22656250,3.25781250,3.12500000e-02,11.71875000,22.45312500,1.07343750e+01
1238,5.35156250,5.40625000,5.46875000e-02,-363.25000000,-371.00000000,7.75000000e+00
1239,4.23437500,4.27343750,3.90625000e-02,-126.93750000,-128.87500000,1.93750000e+00
1240,4.84765625,4.78125000,6.64062500e-02,-588.00000000,-613.50000000,2.55000000e+01
1241,3.37890625,3.41015625,3.12500000e-02,222.62500000,228.50000000,5.87500000e+00
1242,3.98828125,3.99218750,3.90625000e-03,-357.50000000,-367.25000000,9.75000000e+00
1243,3.71875000,3.76171875,4.29687500e-02,5.85937500,23.43750000,1.75781250e+01
1244,3.14062500,3.11523438,2.53906250e-02,146.50000000,126.00000000,2.05000000e+01
1245,5.68750000,5.67187500,1.56250000e-02,-152.37500000,-152.37500000,0.00000000e+00
1246,5.11718750,5.14453125,2.73437500e-02,-87.87500000,-99.62500000,1.17500000e+01
1247,4.31250000,4.37500000,6.25000000e-02,-326.25000000,-283.25000000,4.30000000e+01
1248,4.14843750,4.15234375,3.90625000e-03,41.00000000,21.48437500,1.95156250e+01
1249,4.67968750,4.76171875,8.20312500e-02,-183.62500000,-134.75000000,4.88750000e+01
1250,3.31250000,3.30078125,1.17187500e-02,-16.59375000,-30.26562500,1.36718750e+01
1251,2.85742188,2.90625000,4.88281250e-02,31.25000000,44.90625000,1.36562500e+01
1252,4.01562500,3.99414062,2.14843750e-02,-126.93750000,-127.93750000,1.00000000e+00
1253,3.58984375,3.60546875,1.56250000e-02,-29.29687500,-31.25000000,1.95312500e+00
1254,3.48437500,3.51171875,2.73437500e-02,-142.62500000,-138.62500000,4.00000000e+00
1255,3.04296875,3.06250000,1.95312500e-02,-166.00000000,-176.75000000,1.07500000e+01
1256,3.90234375,3.97265625,7.03125000e-02,169.87500000,177.75000000,7.87500000e+00
1257,5.81250000,5.84375000,3.12500000e-02,449.25000000,435.50000000,1.37500000e+01
1258,4.60156250,4.60156250,0.00000000e+00,-164.00000000,-166.00000000,2.00000000e+00
1259,4.58593750,4.58203125,3.90625000e-03,13.67187500,-9.76562500,2.34375000e+01
1260,4.58593750,4.58593750,0.00000000e+00,-560.50000000,-572.50000000,1.20000000e+01
1261,3.01171875,3.02734375,1.56250000e-02,-230.50000000,-234.37500000,3.87500000e+00
1262,3.58203125,3.59765625,1.56250000e-02,-44.90625000,-27.34375000,1.75625000e+01
1263,4.62890625,4.66406250,3.51562500e-02,1.95312500,-31.25000000,3.32031250e+01
1264,4.21875000,4.20312500,1.56250000e-02,-472.75000000,-472.75000000,0.00000000e+00
1265,5.00781250,5.07812500,7.03125000e-02,-670.00000000,-668.00000000,2.00000000e+00
1266,3.35937500,3.33593750,2.34375000e-02,224.62500000,204.12500000,2.05000000e+01
1267,2.99804688,3.01171875,1.36718750e-02,-105.43750000,-103.50000000,1.93750000e+00
1268,3.96875000,4.01562500,4.68750000e-02,162.12500000,177.75000000,1.56250000e+01
1269,4.60546875,4.63281250,2.73437500e-02,-210.87500000,-228.50000000,1.76250000e+01
1270,3.67578125,3.66796875,7.81250000e-03,1.95312500,-23.43750000,2.53906250e+01
1271,2.33203125,2.37304688,4.10156250e-02,-214.87500000,-208.00000000,6.87500000e+00
1272,4.05468750,4.10937500,5.46875000e-02,-125.00000000,-117.18750000,7.81250000e+00
1273,4.75781250,4.77734375,1.95312500e-02,-1.95312500,11.71875000,1.36718750e+01
1274,4.25390625,4.30468750,5.07812500e-02,-37.09375000,-27.34375000,9.75000000e+00
1275,3.87695312,3.90429688,2.73437500e-02,-268.50000000,-262.75000000,5.75000000e+00
1276,8.85937500,8.84375000,1.56250000e-02,453.00000000,472.75000000,1.97500000e+01
1277,5.71093750,5.79296875,8.20312500e-02,230.50000000,263.75000000,3.32500000e+01
1278,2.78125000,2.89062500,1.09375000e-01,-27.34375000,27.34375000,5.46875000e+01
1279,3.03515625,3.01367188,2.14843750e-02,203.12500000,191.37500000,1.17500000e+01
1280,3.57812500,3.58789062,9.76562500e-03,203.12500000,215.87500000,1.27500000e+01
1281,4.12500000,4.10546875,1.95312500e-02,225.62500000,207.00000000,1.86250000e+01
1282,5.71875000,5.72265625,3.90625000e-03,-199.25000000,-199.25000000,0.00000000e+00
1283,4.27343750,4.35937500,8.59375000e-02,-31.25000000,0.00000000,3.12500000e+01
1284,4.07031250,4.07421875,3.90625000e-03,15.62500000,5.85937500,9.76562500e+00
1285,3.24609375,3.28710938,4.10156250e-02,-252.00000000,-257.75000000,5.75000000e+00
1286,5.28906250,5.30468750,1.56250000e-02,367.25000000,363.25000000,4.00000000e+00
1287,3.27343750,3.26953125,3.90625000e-03,232.37500000,226.50000000,5.87500000e+00
1288,5.35156250,5.41015625,5.85937500e-02,109.37500000,64.43750000,4.49375000e+01
1289,4.10937500,4.13281250,2.34375000e-02,74.18750000,50.78125000,2.34062500e+01
1290,5.72265625,5.75781250,3.51562500e-02,240.25000000,300.75000000,6.05000000e+01
1291,3.01562500,3.05078125,3.51562500e-02,-85.93750000,-76.18750000,9.75000000e+00
1292,4.44531250,4.39843750,4.68750000e-02,89.81250000,74.18750000,1.56250000e+01
1293,3.36914062,3.38281250,1.36718750e-02,61.53125000,66.37500000,4.84375000e+00
1294,3.21875000,3.21875000,0.00000000e+00,128.87500000,140.62500000,1.17500000e+01
1295,5.68750000,5.70312500,1.56250000e-02,126.93750000,101.56250000,2.53750000e+01
1296,5.05859375,5.07812500,1.95312500e-02,31.25000000,31.25000000,0.00000000e+00
1297,4.43359375,4.46875000,3.51562500e-02,-275.50000000,-279.25000000,3.75000000e+00
1298,3.65625000,3.69531250,3.90625000e-02,-355.50000000,-353.50000000,2.00000000e+00
1299,4.55078125,4.59375000,4.29687500e-02,-201.12500000,-222.62500000,2.15000000e+01
1300,3.19531250,3.19531250,0.00000000e+00,-148.37500000,-149.37500000,1.00000000e+00
1301,2.68359375,2.73437500,5.07812500e-02,-64.43750000,-33.18750000,3.12500000e+01
1302,4.01562500,4.03515625,1.95312500e-02,-5.85937500,5.85937500,1.17187500e+01
1303,4.12109375,4.10156250,1.95312500e-02,485.25000000,470.75000000,1.45000000e+01
1304,3.45312500,3.48046875,2.73437500e-02,-68.37500000,-80.06250000,1.16875000e+01
1305,3.39843750,3.42773438,2.92968750e-02,-23.43750000,-18.54687500,4.89062500e+00
1306,3.37109375,3.45703125,8.59375000e-02,-218.75000000,-210.87500000,7.87500000e+00
1307,4.77343750,4.67187500,1.01562500e-01,-195.25000000,-242.12500000,4.68750000e+01
1308,4.54687500,4.55468750,7.81250000e-03,-97.62500000,-97.62500000,0.00000000e+00
1309,4.39062500,4.42968750,3.90625000e-02,-171.87500000,-169.87500000,2.00000000e+00
1310,5.13671875,5.19140625,5.46875000e-02,265.50000000,271.50000000,6.00000000e+00
1311,3.31250000,3.32421875,1.17187500e-02,148.37500000,142.62500000,5.75000000e+00
1312,3.57031250,3.58984375,1.95312500e-02,-127.93750000,-140.62500000,1.26875000e+01
1313,4.88281250,4.90625000,2.34375000e-02,410.25000000,379.00000000,3.12500000e+01
1314,4.48437500,4.47656250,7.81250000e-03,117.18750000,117.18750000,0.00000000e+00
1315,5.21875000,5.28125000,6.25000000e-02,-339.75000000,-320.25000000,1.95000000e+01
1316,2.95898438,2.98437500,2.53906250e-02,36.12500000,44.90625000,8.78125000e+00
1317,3.30859375,3.34375000,3.51562500e-02,206.00000000,210.87500000,4.87500000e+00
1318,4.16406250,4.35156250,1.87500000e-01,41.00000000,107.43750000,6.64375000e+01
1319,4.18359375,4.22656250,4.29687500e-02,-435.50000000,-423.75000000,1.17500000e+01
1320,3.74218750,3.77929688,3.71093750e-02,230.50000000,225.62500000,4.87500000e+00
1321,2.40234375,2.43359375,3.12500000e-02,-107.43750000,-107.43750000,0.00000000e+00
1322,4.14843750,4.14062500,7.81250000e-03,94.75000000,75.18750000,1.95625000e+01
1323,4.83984375,4.86718750,2.73437500e-02,142.62500000,168.00000000,2.53750000e+01
1324,4.01171875,4.06250000,5.07812500e-02,-125.00000000,-117.18750000,7.81250000e+00
1325,4.17187500,4.17187500,0.00000000e+00,42.96875000,23.43750000,1.95312500e+01
1326,7.71093750,7.67968750,3.12500000e-02,-171.87500000,-222.62500000,5.07500000e+01
1327,5.70703125,5.73437500,2.73437500e-02,138.62500000,136.75000000,1.87500000e+00
1328,2.50000000,2.53125000,3.12500000e-02,-165.00000000,-168.00000000,3.00000000e+00
1329,2.97265625,2.95703125,1.56250000e-02,185.50000000,191.37500000,5.87500000e+00
1330,3.10546875,3.09375000,1.17187500e-02,-214.87500000,-226.50000000,1.16250000e+01
1331,3.46484375,3.47656250,1.17187500e-02,-345.75000000,-353.50000000,7.75000000e+00
1332,5.63281250,5.67578125,4.29687500e-02,-68.37500000,-68.37500000,0.00000000e+00
1333,4.22265625,4.28515625,6.25000000e-02,-168.00000000,-171.87500000,3.87500000e+00
1334,3.36718750,3.30078125,6.64062500e-02,-543.00000000,-568.50000000,2.55000000e+01
1335,4.09375000,4.10937500,1.56250000e-02,339.75000000,312.50000000,2.72500000e+01
1336,3.97070312,3.97265625,1.95312500e-03,-552.00000000,-556.50000000,4.50000000e+00
1337,2.92578125,2.94140625,1.56250000e-02,-145.50000000,-152.37500000,6.87500000e+00
1338,5.00000000,5.02343750,2.34375000e-02,-490.25000000,-521.50000000,3.12500000e+01
1339,3.71875000,3.76171875,4.29687500e-02,-425.75000000,-367.25000000,5.85000000e+01
1340,4.91406250,4.87500000,3.90625000e-02,-212.87500000,-248.00000000,3.51250000e+01
1341,3.14843750,3.19921875,5.07812500e-02,33.18750000,51.75000000,1.85625000e+01
1342,4.07812500,4.03125000,4.68750000e-02,-136.75000000,-128.87500000,7.87500000e+00
1343,3.59375000,3.62500000,3.12500000e-02,58.59375000,70.31250000,1.17187500e+01
1344,2.97656250,2.96679688,9.76562500e-03,74.18750000,71.31250000,2.87500000e+00
1345,5.89843750,5.91406250,1.56250000e-02,82.00000000,68.37500000,1.36250000e+01
1346,4.76562500,4.81250000,4.68750000e-02,-115.25000000,-105.43750000,9.81250000e+00
1347,4.71484375,4.73828125,2.34375000e-02,-21.48437500,-44.90625000,2.34218750e+01
1348,4.14453125,4.08203125,6.25000000e-02,5.85937500,-44.90625000,5.07656250e+01
1349,4.90625000,4.94140625,3.51562500e-02,62.50000000,50.78125000,1.17187500e+01
1350,3.15625000,3.13867188,1.75781250e-02,84.00000000,59.56250000,2.44375000e+01
1351,2.79296875,2.80273438,9.76562500e-03,-3.90625000,-9.76562500,5.85937500e+00
1352,4.11328125,4.11718750,3.90625000e-03,85.93750000,89.81250000,3.87500000e+00
1353,3.46093750,3.46875000,7.81250000e-03,-64.43750000,-76.18750000,1.17500000e+01
1354,3.48437500,3.52343750,3.90625000e-02,-75.18750000,-70.31250000,4.87500000e+00
1355,3.37304688,3.41406250,4.10156250e-02,127.93750000,140.62500000,1.26875000e+01
1356,3.41406250,3.41796875,3.90625000e-03,25.39062500,-11.71875000,3.71093750e+01
1357,4.83203125,4.83593750,3.90625000e-03,-457.00000000,-480.50000000,2.35000000e+01
1358,4.78515625,4.79687500,1.17187500e-02,64.43750000,74.18750000,9.75000000e+00
1359,4.62500000,4.64062500,1.56250000e-02,11.71875000,-15.62500000,2.73437500e+01
1360,5.20312500,5.30859375,1.05468750e-01,226.50000000,283.25000000,5.67500000e+01
1361,3.30078125,3.34765625,4.68750000e-02,173.87500000,177.75000000,3.87500000e+00
1362,3.45703125,3.51562500,5.85937500e-02,-261.75000000,-275.50000000,1.37500000e+01
1363,4.54296875,4.48437500,5.85937500e-02,332.00000000,285.25000000,4.67500000e+01
1364,4.12109375,4.18750000,6.64062500e-02,-228.50000000,-199.25000000,2.92500000e+01
1365,5.58593750,5.66406250,7.81250000e-02,89.81250000,115.25000000,2.54375000e+01
1366,3.14062500,3.13281250,7.81250000e-03,44.90625000,19.53125000,2.53750000e+01
1367,3.11328125,3.15234375,3.90625000e-02,90.81250000,105.43750000,1.46250000e+01
1368,3.44140625,3.47656250,3.51562500e-02,-351.50000000,-402.25000000,5.07500000e+01
1369,4.40625000,4.46093750,5.46875000e-02,-27.34375000,-7.81250000,1.95312500e+01
1370,3.26562500,3.32812500,6.25000000e-02,-144.50000000,-148.37500000,3.87500000e+00
1371,2.43750000,2.48046875,4.29687500e-02,-150.37500000,-128.87500000,2.15000000e+01
1372,4.08203125,4.10546875,2.34375000e-02,31.25000000,37.09375000,5.84375000e+00
1373,4.06250000,4.10937500,4.68750000e-02,-269.50000000,-244.12500000,2.53750000e+01
1374,3.87500000,3.91796875,4.29687500e-02,-46.87500000,-30.26562500,1.66093750e+01
1375,3.79296875,3.82812500,3.51562500e-02,-263.75000000,-234.37500000,2.93750000e+01
1376,7.92187500,7.99218750,7.03125000e-02,-539.00000000,-511.75000000,2.72500000e+01
1377,5.65234375,5.72656250,7.42187500e-02,482.50000000,457.00000000,2.55000000e+01
1378,2.49023438,2.53906250,4.88281250e-02,-338.75000000,-302.75000000,3.60000000e+01
1379,2.60742188,2.62890625,2.14843750e-02,-194.37500000,-177.75000000,1.66250000e+01
1380,3.27734375,3.29687500,1.95312500e-02,99.62500000,101.56250000,1.93750000e+00
1381,3.68359375,3.67968750,3.90625000e-03,-76.18750000,-74.18750000,2.00000000e+00
1382,5.19921875,5.24218750,4.29687500e-02,-275.50000000,-244.12500000,3.13750000e+01
1383,4.83984375,4.95312500,1.13281250e-01,355.50000000,398.50000000,4.30000000e+01
1384,4.14843750,4.07031250,7.81250000e-02,15.62500000,15.62500000,0.00000000e+00
1385,3.37500000,3.42578125,5.07812500e-02,23.43750000,27.34375000,3.90625000e+00
1386,4.49609375,4.51562500,1.95312500e-02,177.75000000,228.50000000,5.07500000e+01
1387,2.92578125,2.93554688,9.76562500e-03,-69.31250000,-62.50000000,6.81250000e+00
1388,5.81250000,5.89843750,8.59375000e-02,560.50000000,547.00000000,1.35000000e+01
1389,3.61328125,3.65625000,4.29687500e-02,-396.50000000,-382.75000000,1.37500000e+01
1390,6.15625000,6.17578125,1.95312500e-02,472.75000000,592.00000000,1.19250000e+02
1391,2.98632812,3.04492188,5.85937500e-02,-137.75000000,-129.87500000,7.87500000e+00
1392,4.25390625,4.19921875,5.46875000e-02,-64.43750000,-103.50000000,3.90625000e+01
1393,3.38867188,3.36328125,2.53906250e-02,68.37500000,46.87500000,2.15000000e+01
1394,2.82421875,2.88281250,5.85937500e-02,29.29687500,68.37500000,3.90781250e+01
1395,5.75000000,5.84375000,9.37500000e-02,-332.00000000,-324.25000000,7.75000000e+00
1396,5.44531250,5.45312500,7.81250000e-03,472.75000000,464.75000000,8.00000000e+00
1397,4.33203125,4.47656250,1.44531250e-01,-64.43750000,0.00000000,6.44375000e+01
1398,4.15625000,4.17578125,1.95312500e-02,7.81250000,7.81250000,0.00000000e+00
1399,4.71875000,4.73437500,1.56250000e-02,60.53125000,70.31250000,9.78125000e+00
1400,2.83593750,2.86132812,2.53906250e-02,-168.00000000,-170.87500000,2.87500000e+00
1401,2.78906250,2.80468750,1.56250000e-02,58.59375000,39.06250000,1.95312500e+01
1402,3.96875000,3.94531250,2.34375000e-02,-9.76562500,-33.18750000,2.34218750e+01
1403,3.52343750,3.50000000,2.34375000e-02,126.93750000,107.43750000,1.95000000e+01
1404,3.37890625,3.41601562,3.71093750e-02,-139.62500000,-137.75000000,1.87500000e+00
1405,2.94335938,2.96484375,2.14843750e-02,-200.25000000,-212.87500000,1.26250000e+01
1406,3.66015625,3.68750000,2.73437500e-02,129.87500000,103.50000000,2.63750000e+01
1407,4.94531250,5.00000000,5.46875000e-02,138.62500000,171.87500000,3.32500000e+01
1408,4.65625000,4.65625000,0.00000000e+00,-70.31250000,-89.81250000,1.95000000e+01
1409,4.26562500,4.27734375,1.17187500e-02,-205.12500000,-212.87500000,7.75000000e+00
1410,4.81250000,4.70312500,1.09375000e-01,-35.15625000,-87.87500000,5.27187500e+01
1411,2.85546875,2.89453125,3.90625000e-02,-197.25000000,-187.50000000,9.75000000e+00
1412,3.59179688,3.62890625,3.71093750e-02,-98.62500000,-79.12500000,1.95000000e+01
1413,3.51562500,3.60351562,8.78906250e-02,-281.25000000,-231.50000000,4.97500000e+01
1414,4.39062500,4.46484375,7.42187500e-02,-80.06250000,-60.53125000,1.95312500e+01
1415,5.51562500,5.54687500,3.12500000e-02,144.50000000,148.37500000,3.87500000e+00
1416,3.24804688,3.28906250,4.10156250e-02,151.37500000,149.37500000,2.00000000e+00
1417,2.90429688,2.92382812,1.95312500e-02,-69.31250000,-79.12500000,9.81250000e+00
1418,3.70312500,3.67187500,3.12500000e-02,-263.75000000,-234.37500000,2.93750000e+01
1419,3.96093750,4.00390625,4.29687500e-02,-431.75000000,-425.75000000,6.00000000e+00
1420,3.18359375,3.20703125,2.34375000e-02,-343.75000000,-331.00000000,1.27500000e+01
1421,2.25390625,2.28515625,3.12500000e-02,-313.50000000,-314.50000000,1.00000000e+00
1422,3.51171875,3.55468750,4.29687500e-02,-517.50000000,-502.00000000,1.55000000e+01
1423,4.33593750,4.34375000,7.81250000e-03,-66.37500000,-85.93750000,1.95625000e+01
1424,4.17187500,4.16406250,7.81250000e-03,42.96875000,35.15625000,7.81250000e+00
1425,4.23828125,4.22656250,1.17187500e-02,312.50000000,306.75000000,5.75000000e+00
1426,9.96093750,9.87500000,8.59375000e-02,1236.00000000,1184.00000000,5.20000000e+01
1427,5.52343750,5.62109375,9.76562500e-02,-37.09375000,21.48437500,5.85781250e+01
1428,2.66015625,2.70312500,4.29687500e-02,-85.93750000,-72.25000000,1.36875000e+01
1429,2.79296875,2.79101562,1.95312500e-03,99.62500000,87.87500000,1.17500000e+01
1430,3.33203125,3.34375000,1.17187500e-02,121.06250000,125.00000000,3.93750000e+00
1431,4.16406250,4.12109375,4.29687500e-02,291.00000000,278.25000000,1.27500000e+01
1432,5.25781250,5.30078125,4.29687500e-02,-121.06250000,-107.43750000,1.36250000e+01
1433,4.91796875,4.99218750,7.42187500e-02,421.75000000,418.00000000,3.75000000e+00
1434,4.07031250,4.07031250,0.00000000e+00,296.00000000,324.25000000,2.82500000e+01
1435,3.46875000,3.53906250,7.03125000e-02,93.75000000,107.43750000,1.36875000e+01
1436,4.47656250,4.45312500,2.34375000e-02,408.25000000,372.00000000,3.62500000e+01
1437,2.56835938,2.61328125,4.49218750e-02,-430.75000000,-416.00000000,1.47500000e+01
1438,5.33984375,5.46093750,1.21093750e-01,343.75000000,347.75000000,4.00000000e+00
1439,3.85937500,3.88281250,2.34375000e-02,12.69531250,-3.90625000,1.66015625e+01
1440,5.14062500,5.12500000,1.56250000e-02,0.00000000,-19.53125000,1.95312500e+01
1441,3.03320312,3.08984375,5.66406250e-02,54.68750000,75.18750000,2.05000000e+01
1442,3.87109375,3.88671875,1.56250000e-02,-244.12500000,-244.12500000,0.00000000e+00
1443,3.24414062,3.24609375,1.95312500e-03,-59.56250000,-66.37500000,6.81250000e+00
1444,2.95898438,2.97656250,1.75781250e-02,171.87500000,181.62500000,9.75000000e+00
1445,5.91406250,6.03515625,1.21093750e-01,105.43750000,173.87500000,6.84375000e+01
1446,4.97656250,4.99218750,1.56250000e-02,175.75000000,162.12500000,1.36250000e+01
1447,4.83203125,4.85937500,2.73437500e-02,203.12500000,242.12500000,3.90000000e+01
1448,3.92382812,3.98828125,6.44531250e-02,-92.75000000,-76.18750000,1.65625000e+01
1449,4.37500000,4.41406250,3.90625000e-02,-216.75000000,-218.75000000,2.00000000e+00
1450,2.84375000,2.85742188,1.36718750e-02,47.84375000,27.34375000,2.05000000e+01
1451,2.78125000,2.83593750,5.46875000e-02,194.37500000,198.25000000,3.87500000e+00
1452,3.96484375,3.94921875,1.56250000e-02,105.43750000,91.81250000,1.36250000e+01
1453,3.27343750,3.34375000,7.03125000e-02,-116.18750000,-89.81250000,2.63750000e+01
1454,3.36718750,3.40820312,4.10156250e-02,-119.12500000,-122.06250000,2.93750000e+00
1455,3.25000000,3.28710938,3.71093750e-02,117.18750000,120.12500000,2.93750000e+00
1456,4.09375000,4.07031250,2.34375000e-02,541.00000000,502.00000000,3.90000000e+01
1457,4.27734375,4.35937500,8.20312500e-02,-453.00000000,-406.25000000,4.67500000e+01
1458,4.33984375,4.35546875,1.56250000e-02,-189.50000000,-179.62500000,9.87500000e+00
1459,4.66796875,4.69140625,2.34375000e-02,132.75000000,150.37500000,1.76250000e+01
1460,5.06640625,5.09765625,3.12500000e-02,101.56250000,87.87500000,1.36875000e+01
1461,3.06640625,3.09765625,3.12500000e-02,-44.90625000,-31.25000000,1.36562500e+01
1462,3.66015625,3.66796875,7.81250000e-03,259.75000000,232.37500000,2.73750000e+01
1463,3.42187500,3.38281250,3.90625000e-02,-314.50000000,-341.75000000,2.72500000e+01
1464,3.77734375,3.82812500,5.07812500e-02,-248.00000000,-216.75000000,3.12500000e+01
1465,5.67968750,5.70703125,2.73437500e-02,207.00000000,179.62500000,2.73750000e+01
1466,2.72265625,2.75781250,3.51562500e-02,-242.12500000,-246.12500000,4.00000000e+00
1467,2.86718750,2.89453125,2.73437500e-02,-130.87500000,-134.75000000,3.87500000e+00
1468,4.10156250,4.15234375,5.07812500e-02,394.50000000,410.25000000,1.57500000e+01
1469,4.26953125,4.35156250,8.20312500e-02,-60.53125000,-23.43750000,3.70937500e+01
1470,3.64062500,3.67187500,3.12500000e-02,318.25000000,308.50000000,9.75000000e+00
1471,2.32031250,2.35546875,3.51562500e-02,-58.59375000,-66.37500000,7.78125000e+00
1472,3.77929688,3.80078125,2.14843750e-02,-229.50000000,-228.50000000,1.00000000e+00
1473,4.53906250,4.59765625,5.85937500e-02,242.12500000,265.50000000,2.33750000e+01
1474,4.19140625,4.20312500,1.17187500e-02,242.12500000,246.12500000,4.00000000e+00
1475,3.64843750,3.69726562,4.88281250e-02,-134.75000000,-116.18750000,1.85625000e+01
1476,7.88281250,7.84375000,3.90625000e-02,125.00000000,97.62500000,2.73750000e+01
1477,5.51953125,5.61718750,9.76562500e-02,285.25000000,320.25000000,3.50000000e+01
1478,2.62890625,2.67187500,4.29687500e-02,-20.50000000,-11.71875000,8.78125000e+00
1479,2.68750000,2.69921875,1.17187500e-02,53.71875000,50.78125000,2.93750000e+00
1480,2.94921875,2.95117188,1.95312500e-03,-97.62500000,-90.81250000,6.81250000e+00
1481,3.77343750,3.75781250,1.56250000e-02,81.06250000,78.12500000,2.93750000e+00
1482,5.48437500,5.46875000,1.56250000e-02,54.68750000,41.00000000,1.36875000e+01
1483,4.30078125,4.36718750,6.64062500e-02,-62.50000000,-41.00000000,2.15000000e+01
1484,3.84375000,3.85546875,1.17187500e-02,-30.26562500,12.69531250,4.29609375e+01
1485,3.36718750,3.43359375,6.64062500e-02,1.95312500,3.90625000,1.95312500e+00
1486,4.57812500,4.50390625,7.42187500e-02,332.00000000,296.75000000,3.52500000e+01
1487,2.80078125,2.80273438,1.95312500e-03,-78.12500000,-79.12500000,1.00000000e+00
1488,4.96093750,5.00000000,3.90625000e-02,85.93750000,70.31250000,1.56250000e+01
1489,3.69140625,3.72656250,3.51562500e-02,21.48437500,-9.76562500,3.12500000e+01
1490,4.96875000,5.02343750,5.46875000e-02,166.00000000,121.06250000,4.49375000e+01
1491,2.87500000,2.89062500,1.56250000e-02,-117.18750000,-123.06250000,5.87500000e+00
1492,4.23046875,4.22265625,7.81250000e-03,9.76562500,3.90625000,5.85937500e+00
1493,3.13281250,3.14648438,1.36718750e-02,-39.06250000,-53.71875000,1.46562500e+01
1494,2.55078125,2.58203125,3.12500000e-02,-102.56250000,-104.50000000,1.93750000e+00
1495,5.47656250,5.50390625,2.73437500e-02,-23.43750000,-1.95312500,2.14843750e+01
1496,4.70703125,4.76171875,5.46875000e-02,-25.39062500,13.67187500,3.90625000e+01
1497,4.30468750,4.20312500,1.01562500e-01,13.67187500,-156.25000000,1.69921875e+02
1498,4.08593750,4.10156250,1.56250000e-02,189.50000000,195.25000000,5.75000000e+00
1499,4.70312500,4.68359375,1.95312500e-02,68.37500000,27.34375000,4.10312500e+01
1500,2.72265625,2.72265625,0.00000000e+00,-92.75000000,-103.50000000,1.07500000e+01
1501,2.48828125,2.50000000,1.17187500e-02,-345.75000000,-363.25000000,1.75000000e+01
1502,3.89843750,3.91015625,1.17187500e-02,-84.00000000,-78.12500000,5.87500000e+00
1503,3.36132812,3.39453125,3.32031250e-02,3.90625000,22.45312500,1.85468750e+01
1504,3.55859375,3.60156250,4.29687500e-02,177.75000000,169.87500000,7.87500000e+00
1505,2.98046875,3.05273438,7.22656250e-02,-181.62500000,-159.12500000,2.25000000e+01
1506,3.08593750,3.13085938,4.49218750e-02,-476.50000000,-469.75000000,6.75000000e+00
1507,5.35546875,5.15625000,1.99218750e-01,406.25000000,316.50000000,8.97500000e+01
1508,4.47656250,4.48828125,1.17187500e-02,150.37500000,154.25000000,3.87500000e+00
1509,4.50390625,4.51171875,7.81250000e-03,189.50000000,177.75000000,1.17500000e+01
1510,4.63281250,4.71484375,8.20312500e-02,-125.00000000,-64.43750000,6.05625000e+01
1511,3.10937500,3.14257812,3.32031250e-02,4.88281250,0.00000000,4.88281250e+00
1512,3.23437500,3.30078125,6.64062500e-02,-185.50000000,-173.87500000,1.16250000e+01
1513,4.22656250,4.26562500,3.90625000e-02,58.59375000,68.37500000,9.78125000e+00
1514,4.10546875,4.09375000,1.17187500e-02,-205.12500000,-199.25000000,5.87500000e+00
1515,5.08203125,5.10156250,1.95312500e-02,-48.81250000,-66.37500000,1.75625000e+01
1516,3.01171875,3.01953125,7.81250000e-03,101.56250000,70.31250000,3.12500000e+01
1517,2.90234375,2.95507812,5.27343750e-02,71.31250000,84.00000000,1.26875000e+01
1518,3.48632812,3.48242188,3.90625000e-03,8.78906250,-12.69531250,2.14843750e+01
1519,4.45312500,4.43359375,1.95312500e-02,-7.81250000,-85.93750000,7.81250000e+01
1520,3.27343750,3.32421875,5.07812500e-02,23.43750000,23.43750000,0.00000000e+00
1521,2.00976562,2.03906250,2.92968750e-02,-403.25000000,-431.75000000,2.85000000e+01
1522,3.83593750,3.87500000,3.90625000e-02,-99.62500000,-95.68750000,3.93750000e+00
1523,4.16796875,4.16796875,0.00000000e+00,-99.62500000,-119.12500000,1.95000000e+01
1524,3.98046875,4.00781250,2.73437500e-02,130.87500000,137.75000000,6.87500000e+00
1525,3.65234375,3.66406250,1.17187500e-02,-269.50000000,-255.87500000,1.36250000e+01
1526,7.98437500,8.07812500,9.37500000e-02,-359.25000000,-312.50000000,4.67500000e+01
1527,5.13281250,5.18359375,5.07812500e-02,-46.87500000,-42.96875000,3.90625000e+00
1528,2.21484375,2.27539062,6.05468750e-02,-247.12500000,-231.50000000,1.56250000e+01
1529,2.48242188,2.48437500,1.95312500e-03,-71.31250000,-75.18750000,3.87500000e+00
1530,3.46484375,3.48046875,1.56250000e-02,242.12500000,244.12500000,2.00000000e+00
1531,3.81640625,3.79882812,1.75781250e-02,75.18750000,55.65625000,1.95312500e+01
1532,4.64453125,4.57812500,6.64062500e-02,-490.25000000,-519.50000000,2.92500000e+01
1533,4.26562500,4.31640625,5.07812500e-02,-27.34375000,-25.39062500,1.95312500e+00
1534,3.73828125,3.71875000,1.95312500e-02,-201.12500000,-203.12500000,2.00000000e+00
1535,3.30468750,3.31640625,1.17187500e-02,29.29687500,-2.92968750,3.22265625e+01
1536,5.06250000,5.14843750,8.59375000e-02,650.50000000,691.50000000,4.10000000e+01
1537,2.85351562,2.89062500,3.71093750e-02,14.64843750,38.09375000,2.34453125e+01
1538,4.77343750,4.79687500,2.34375000e-02,-629.00000000,-674.00000000,4.50000000e+01
1539,3.68554688,3.66796875,1.75781250e-02,-102.56250000,-139.62500000,3.70625000e+01
1540,5.49609375,5.48437500,1.17187500e-02,144.50000000,117.18750000,2.73125000e+01
1541,2.99609375,3.03515625,3.90625000e-02,24.40625000,21.48437500,2.92187500e+00
1542,3.87500000,3.85156250,2.34375000e-02,-214.87500000,-193.37500000,2.15000000e+01
1543,3.31640625,3.32421875,7.81250000e-03,203.12500000,174.75000000,2.83750000e+01
1544,2.85742188,2.81250000,4.49218750e-02,65.43750000,35.15625000,3.02812500e+01
1545,6.01562500,6.13281250,1.17187500e-01,504.00000000,593.50000000,8.95000000e+01
1546,5.09375000,5.10156250,7.81250000e-03,273.50000000,277.25000000,3.75000000e+00
1547,4.17968750,4.24609375,6.64062500e-02,-261.75000000,-191.37500000,7.03750000e+01
1548,3.50781250,3.50195312,5.85937500e-03,-355.50000000,-399.50000000,4.40000000e+01
1549,4.64453125,4.70312500,5.85937500e-02,289.00000000,295.00000000,6.00000000e+00
1550,2.66601562,2.66406250,1.95312500e-03,-73.25000000,-91.81250000,1.85625000e+01
1551,2.43359375,2.40625000,2.73437500e-02,-197.25000000,-225.62500000,2.83750000e+01
1552,3.86718750,3.83593750,3.12500000e-02,-27.34375000,-46.87500000,1.95312500e+01
1553,3.37109375,3.39453125,2.34375000e-02,84.00000000,80.06250000,3.93750000e+00
1554,3.67968750,3.73828125,5.85937500e-02,173.87500000,164.00000000,9.87500000e+00
1555,2.96875000,3.01171875,4.29687500e-02,-115.25000000,-120.12500000,4.87500000e+00
1556,3.17187500,3.22265625,5.07812500e-02,55.65625000,73.25000000,1.75937500e+01
1557,4.79687500,4.83593750,3.90625000e-02,-52.71875000,-29.29687500,2.34218750e+01
1558,4.48437500,4.48437500,0.00000000e+00,185.50000000,189.50000000,4.00000000e+00
1559,4.52343750,4.50390625,1.95312500e-02,101.56250000,82.00000000,1.95625000e+01
1560,4.58203125,4.56640625,1.56250000e-02,50.78125000,41.00000000,9.78125000e+00
1561,2.83398438,2.91210938,7.81250000e-02,-116.18750000,-90.81250000,2.53750000e+01
1562,3.50585938,3.58593750,8.00781250e-02,103.50000000,125.00000000,2.15000000e+01
1563,3.86328125,3.96093750,9.76562500e-02,56.62500000,168.00000000,1.11375000e+02
1564,4.00390625,3.96093750,4.29687500e-02,68.37500000,31.25000000,3.71250000e+01
1565,4.80468750,4.80468750,0.00000000e+00,-199.25000000,-226.50000000,2.72500000e+01
1566,2.97656250,3.08007812,1.03515625e-01,219.75000000,276.25000000,5.65000000e+01
1567,2.80468750,2.82812500,2.34375000e-02,30.26562500,30.26562500,0.00000000e+00
1568,3.03125000,3.02734375,3.90625000e-03,-421.75000000,-417.00000000,4.75000000e+00
1569,4.50390625,4.50390625,0.00000000e+00,68.37500000,84.00000000,1.56250000e+01
1570,3.07226562,3.11132812,3.90625000e-02,-97.62500000,-65.43750000,3.21875000e+01
1571,2.54492188,2.55859375,1.36718750e-02,281.25000000,257.75000000,2.35000000e+01
1572,3.78515625,3.79296875,7.81250000e-03,-126.93750000,-144.50000000,1.75625000e+01
1573,4.46484375,4.46875000,3.90625000e-03,189.50000000,195.25000000,5.75000000e+00
1574,3.76562500,3.66796875,9.76562500e-02,-125.00000000,-166.00000000,4.10000000e+01
1575,4.47656250,4.49218750,1.56250000e-02,650.50000000,662.00000000,1.15000000e+01
1576,8.07812500,8.07031250,7.81250000e-03,-54.68750000,-35.15625000,1.95312500e+01
1577,5.51953125,5.57812500,5.85937500e-02,240.25000000,253.87500000,1.36250000e+01
1578,2.47656250,2.52343750,4.68750000e-02,-144.50000000,-154.25000000,9.75000000e+00
1579,2.43554688,2.45507812,1.95312500e-02,-83.00000000,-107.43750000,2.44375000e+01
1580,3.17187500,3.20312500,3.12500000e-02,151.37500000,169.87500000,1.85000000e+01
1581,3.65429688,3.67382812,1.95312500e-02,-18.54687500,-10.74218750,7.80468750e+00
1582,4.84765625,4.80468750,4.29687500e-02,-355.50000000,-379.00000000,2.35000000e+01
1583,4.31250000,4.28906250,2.34375000e-02,107.43750000,62.50000000,4.49375000e+01
1584,3.80078125,3.79687500,3.90625000e-03,-46.87500000,-23.43750000,2.34375000e+01
1585,3.22265625,3.22656250,3.90625000e-03,-322.25000000,-346.75000000,2.45000000e+01
1586,4.08203125,4.10156250,1.95312500e-02,-164.00000000,-136.75000000,2.72500000e+01
1587,2.73828125,2.75585938,1.75781250e-02,-85.93750000,-95.68750000,9.75000000e+00
1588,4.79296875,4.73828125,5.46875000e-02,-330.00000000,-394.50000000,6.45000000e+01
1589,3.52539062,3.52734375,1.95312500e-03,-62.50000000,-74.18750000,1.16875000e+01
1590,5.80078125,5.97656250,1.75781250e-01,619.00000000,693.50000000,7.45000000e+01
1591,2.83398438,2.89453125,6.05468750e-02,9.76562500,31.25000000,2.14843750e+01
1592,4.25781250,4.23437500,2.34375000e-02,195.25000000,191.37500000,3.87500000e+00
1593,3.12695312,3.16406250,3.71093750e-02,37.09375000,52.71875000,1.56250000e+01
1594,2.45117188,2.44921875,1.95312500e-03,-133.75000000,-127.93750000,5.81250000e+00
1595,4.81250000,4.81250000,0.00000000e+00,-324.25000000,-304.75000000,1.95000000e+01
1596,4.65625000,4.69531250,3.90625000e-02,-117.18750000,-89.81250000,2.73750000e+01
1597,4.47656250,4.48437500,7.81250000e-03,7.81250000,-50.78125000,5.85937500e+01
1598,3.79492188,3.78906250,5.85937500e-03,-137.75000000,-136.75000000,1.00000000e+00
1599,4.55078125,4.56640625,1.56250000e-02,240.25000000,209.00000000,3.12500000e+01
1600,2.75195312,2.80273438,5.07812500e-02,-14.64843750,6.83593750,2.14843750e+01
1601,2.54101562,2.53515625,5.85937500e-03,-186.50000000,-210.00000000,2.35000000e+01
1602,3.81445312,3.78125000,3.32031250e-02,-264.75000000,-277.25000000,1.25000000e+01
1603,3.07812500,3.13281250,5.46875000e-02,-276.25000000,-253.87500000,2.23750000e+01
1604,3.45312500,3.51171875,5.85937500e-02,108.37500000,115.25000000,6.87500000e+00
1605,3.08203125,3.04687500,3.51562500e-02,24.40625000,-9.76562500,3.41718750e+01
1606,3.05273438,3.10546875,5.27343750e-02,-174.75000000,-179.62500000,4.87500000e+00
1607,4.88671875,4.88281250,3.90625000e-03,302.75000000,261.75000000,4.10000000e+01
1608,4.12890625,4.14843750,1.95312500e-02,-113.25000000,-101.56250000,1.16875000e+01
1609,4.39062500,4.40234375,1.17187500e-02,89.81250000,85.93750000,3.87500000e+00
1610,4.91406250,4.93750000,2.34375000e-02,553.50000000,534.00000000,1.95000000e+01
1611,3.34375000,3.31640625,2.73437500e-02,402.25000000,373.00000000,2.92500000e+01
1612,3.47265625,3.56250000,8.98437500e-02,236.37500000,295.00000000,5.86250000e+01
1613,3.78125000,3.89062500,1.09375000e-01,111.31250000,154.25000000,4.29375000e+01
1614,3.82617188,3.84570312,1.95312500e-02,-108.37500000,-100.56250000,7.81250000e+00
1615,5.16796875,5.17578125,7.81250000e-03,-23.43750000,-41.00000000,1.75625000e+01
1616,2.80859375,2.82031250,1.17187500e-02,44.90625000,18.54687500,2.63593750e+01
1617,2.76757812,2.79492188,2.73437500e-02,180.62500000,185.50000000,4.87500000e+00
1618,3.45507812,3.52929688,7.42187500e-02,-73.25000000,-45.90625000,2.73437500e+01
1619,4.47656250,4.44921875,2.73437500e-02,445.25000000,437.50000000,7.75000000e+00
1620,3.12500000,3.18750000,6.25000000e-02,61.53125000,86.93750000,2.54062500e+01
1621,2.18164062,2.19140625,9.76562500e-03,-66.37500000,-70.31250000,3.93750000e+00
1622,3.50000000,3.52343750,2.34375000e-02,-117.18750000,-111.31250000,5.87500000e+00
1623,3.95312500,3.95312500,0.00000000e+00,-236.37500000,-242.12500000,5.75000000e+00
1624,3.69726562,3.73632812,3.90625000e-02,-108.37500000,-109.37500000,1.00000000e+00
1625,3.44921875,3.46875000,1.95312500e-02,-115.25000000,-105.43750000,9.81250000e+00
1626,7.66796875,7.72656250,5.85937500e-02,25.39062500,42.96875000,1.75781250e+01
1627,5.11328125,5.14843750,3.51562500e-02,-13.67187500,-39.06250000,2.53906250e+01
1628,2.42773438,2.38281250,4.49218750e-02,-135.75000000,-160.12500000,2.43750000e+01
1629,2.73828125,2.75000000,1.17187500e-02,212.87500000,212.87500000,0.00000000e+00
1630,2.96093750,3.00195312,4.10156250e-02,0.97656250,20.50000000,1.95234375e+01
1631,3.30664062,3.31250000,5.85937500e-03,-215.87500000,-205.12500000,1.07500000e+01
1632,5.10937500,5.10937500,0.00000000e+00,-273.50000000,-265.50000000,8.00000000e+00
1633,4.19921875,4.28906250,8.98437500e-02,-56.62500000,-27.34375000,2.92812500e+01
1634,3.63085938,3.65625000,2.53906250e-02,-190.37500000,-154.25000000,3.61250000e+01
1635,3.18750000,3.23046875,4.29687500e-02,-18.54687500,0.00000000,1.85468750e+01
1636,4.49218750,4.48437500,7.81250000e-03,173.87500000,179.62500000,5.75000000e+00
1637,2.60742188,2.63671875,2.92968750e-02,-142.62500000,-142.62500000,0.00000000e+00
1638,4.76562500,4.78125000,1.56250000e-02,-228.50000000,-246.12500000,1.76250000e+01
1639,3.81250000,3.87304688,6.05468750e-02,54.68750000,53.71875000,9.68750000e-01
1640,4.78125000,4.91406250,1.32812500e-01,-277.25000000,-25.39062500,2.51859375e+02
1641,3.16796875,3.23828125,7.03125000e-02,295.00000000,291.00000000,4.00000000e+00
1642,4.17187500,4.08593750,8.59375000e-02,154.25000000,107.43750000,4.68125000e+01
1643,3.02734375,3.04687500,1.95312500e-02,-52.71875000,-49.81250000,2.90625000e+00
1644,2.66210938,2.66992188,7.81250000e-03,-149.37500000,-122.06250000,2.73125000e+01
1645,4.87890625,4.76562500,1.13281250e-01,-486.25000000,-572.50000000,8.62500000e+01
1646,4.11718750,4.13281250,1.56250000e-02,-492.25000000,-449.25000000,4.30000000e+01
1647,4.45312500,4.47265625,1.95312500e-02,246.12500000,193.37500000,5.27500000e+01
1648,3.65625000,3.70703125,5.07812500e-02,-128.87500000,-97.62500000,3.12500000e+01
1649,4.07812500,4.10546875,2.73437500e-02,-168.00000000,-185.50000000,1.75000000e+01
1650,2.78515625,2.79296875,7.81250000e-03,-31.25000000,-39.06250000,7.81250000e+00
1651,2.64843750,2.68945312,4.10156250e-02,117.18750000,120.12500000,2.93750000e+00
1652,3.84765625,3.81640625,3.12500000e-02,48.81250000,37.09375000,1.17187500e+01
1653,2.95703125,2.98046875,2.34375000e-02,-154.25000000,-158.25000000,4.00000000e+00
1654,3.33984375,3.36718750,2.73437500e-02,74.18750000,55.65625000,1.85312500e+01
1655,3.06250000,3.11132812,4.88281250e-02,218.75000000,231.50000000,1.27500000e+01
1656,3.00781250,3.06054688,5.27343750e-02,5.85937500,46.87500000,4.10156250e+01
1657,4.50390625,4.46093750,4.29687500e-02,25.39062500,-31.25000000,5.66406250e+01
1658,4.40625000,4.42578125,1.95312500e-02,252.00000000,251.00000000,1.00000000e+00
1659,4.55078125,4.55078125,0.00000000e+00,343.75000000,310.50000000,3.32500000e+01
1660,4.80078125,5.00000000,1.99218750e-01,353.50000000,466.75000000,1.13250000e+02
1661,2.75781250,2.77734375,1.95312500e-02,-140.62500000,-134.75000000,5.87500000e+00
1662,3.39453125,3.44335938,4.88281250e-02,154.25000000,184.62500000,3.03750000e+01
1663,4.06250000,4.12890625,6.64062500e-02,263.75000000,271.50000000,7.75000000e+00
1664,4.32031250,4.33203125,1.17187500e-02,439.50000000,432.50000000,7.00000000e+00
1665,5.22656250,5.30078125,7.42187500e-02,316.50000000,349.50000000,3.30000000e+01
1666,3.26953125,3.26562500,3.90625000e-03,590.00000000,568.50000000,2.15000000e+01
1667,2.64257812,2.65820312,1.56250000e-02,53.71875000,42.00000000,1.17187500e+01
1668,3.92578125,4.17187500,2.46093750e-01,397.50000000,559.50000000,1.62000000e+02
1669,4.46484375,4.54687500,8.20312500e-02,119.12500000,158.25000000,3.91250000e+01
1670,3.31640625,3.38476562,6.83593750e-02,27.34375000,36.12500000,8.78125000e+00
1671,2.43359375,2.48828125,5.46875000e-02,169.00000000,174.75000000,5.75000000e+00
1672,4.21093750,4.21875000,7.81250000e-03,248.00000000,279.25000000,3.12500000e+01
1673,4.88281250,4.94531250,6.25000000e-02,582.00000000,588.00000000,6.00000000e+00
1674,3.25585938,3.26367188,7.81250000e-03,-194.37500000,-190.37500000,4.00000000e+00
1675,3.65039062,3.68359375,3.32031250e-02,-11.71875000,15.62500000,2.73437500e+01
1676,8.90625000,9.08593750,1.79687500e-01,843.50000000,902.50000000,5.90000000e+01
1677,5.12500000,5.16406250,3.90625000e-02,-72.25000000,-74.18750000,1.93750000e+00
1678,2.66796875,2.70507812,3.71093750e-02,245.12500000,249.00000000,3.87500000e+00
1679,2.15820312,2.15234375,5.85937500e-03,-262.75000000,-273.50000000,1.07500000e+01
1680,2.67578125,2.68750000,1.17187500e-02,-258.75000000,-248.00000000,1.07500000e+01
1681,3.45703125,3.43750000,1.95312500e-02,-14.64843750,-18.54687500,3.89843750e+00
1682,5.14062500,5.12500000,1.56250000e-02,39.06250000,82.00000000,4.29375000e+01
1683,4.09375000,4.17187500,7.81250000e-02,119.12500000,159.12500000,4.00000000e+01
1684,3.67578125,3.53906250,1.36718750e-01,-17.57812500,-87.87500000,7.02968750e+01
1685,3.54296875,3.52148438,2.14843750e-02,218.75000000,217.75000000,1.00000000e+00
1686,3.86523438,3.84570312,1.95312500e-02,-249.00000000,-290.00000000,4.10000000e+01
1687,2.46484375,2.46289062,1.95312500e-03,-257.75000000,-272.50000000,1.47500000e+01
1688,5.00000000,4.94531250,5.46875000e-02,7.81250000,-31.25000000,3.90625000e+01
1689,3.37109375,3.30078125,7.03125000e-02,-195.25000000,-252.00000000,5.67500000e+01
1690,6.21875000,5.93750000,2.81250000e-01,859.50000000,808.50000000,5.10000000e+01
1691,3.24218750,3.26367188,2.14843750e-02,430.75000000,413.00000000,1.77500000e+01
1692,3.54492188,3.53125000,1.36718750e-02,-563.50000000,-527.50000000,3.60000000e+01
1693,2.74609375,2.72656250,1.95312500e-02,-240.25000000,-242.12500000,1.87500000e+00
1694,2.77734375,2.89453125,1.17187500e-01,-18.54687500,18.54687500,3.70937500e+01
1695,5.28125000,5.35937500,7.81250000e-02,144.50000000,193.37500000,4.88750000e+01
1696,4.47265625,4.46484375,7.81250000e-03,-224.62500000,-207.00000000,1.76250000e+01
1697,3.57812500,3.58984375,1.17187500e-02,-908.00000000,-806.50000000,1.01500000e+02
1698,3.54296875,3.58007812,3.71093750e-02,-189.50000000,-177.75000000,1.17500000e+01
1699,4.52343750,4.58984375,6.64062500e-02,0.00000000,1.95312500,1.95312500e+00
1700,2.66406250,2.68359375,1.95312500e-02,-31.25000000,-35.15625000,3.90625000e+00
1701,1.93359375,1.93164062,1.95312500e-03,-349.50000000,-364.25000000,1.47500000e+01
1702,3.90234375,3.91406250,1.17187500e-02,169.87500000,177.75000000,7.87500000e+00
1703,2.82226562,2.84375000,2.14843750e-02,-100.56250000,-117.18750000,1.66250000e+01
1704,3.25390625,3.30078125,4.68750000e-02,-83.00000000,-84.00000000,1.00000000e+00
1705,2.73632812,2.79492188,5.85937500e-02,-64.43750000,-61.53125000,2.90625000e+00
1706,3.22656250,3.25585938,2.92968750e-02,221.62500000,217.75000000,3.87500000e+00
1707,5.06250000,5.21093750,1.48437500e-01,619.00000000,690.50000000,7.15000000e+01
1708,4.27734375,4.31250000,3.51562500e-02,15.62500000,39.06250000,2.34375000e+01
1709,3.97851562,4.03125000,5.27343750e-02,10.74218750,23.43750000,1.26953125e+01
1710,4.26171875,4.22265625,3.90625000e-02,-60.53125000,-84.00000000,2.34687500e+01
1711,2.61328125,2.66406250,5.07812500e-02,103.50000000,105.43750000,1.93750000e+00
1712,3.40625000,3.43164062,2.53906250e-02,65.43750000,63.46875000,1.96875000e+00
1713,3.93359375,3.98046875,4.68750000e-02,381.75000000,427.75000000,4.60000000e+01
1714,3.46875000,3.48632812,1.75781250e-02,-189.50000000,-202.12500000,1.26250000e+01
1715,4.94921875,4.95312500,3.90625000e-03,-1.95312500,-37.09375000,3.51406250e+01
1716,2.46875000,2.47656250,7.81250000e-03,6.83593750,-3.90625000,1.07421875e+01
1717,2.28125000,2.30273438,2.14843750e-02,-249.00000000,-278.25000000,2.92500000e+01
1718,3.43945312,3.53906250,9.96093750e-02,-194.37500000,-310.50000000,1.16125000e+02
1719,4.27734375,4.24218750,3.51562500e-02,177.75000000,124.00000000,5.37500000e+01
1720,3.30078125,3.31640625,1.56250000e-02,154.25000000,147.50000000,6.75000000e+00
1721,2.05273438,2.08203125,2.92968750e-02,-186.50000000,-197.25000000,1.07500000e+01
1722,3.96875000,3.94531250,2.34375000e-02,277.25000000,230.50000000,4.67500000e+01
1723,4.13281250,4.16015625,2.73437500e-02,222.62500000,193.37500000,2.92500000e+01
1724,3.79492188,3.77734375,1.75781250e-02,20.50000000,-11.71875000,3.22187500e+01
1725,3.42578125,3.42187500,3.90625000e-03,-75.18750000,-69.31250000,5.87500000e+00
1726,7.08203125,7.14062500,5.85937500e-02,-670.00000000,-656.00000000,1.40000000e+01
1727,5.14843750,5.22265625,7.42187500e-02,80.06250000,84.00000000,3.93750000e+00
1728,2.52734375,2.55468750,2.73437500e-02,120.12500000,117.18750000,2.93750000e+00
1729,2.22656250,2.25390625,2.73437500e-02,0.00000000,9.76562500,9.76562500e+00
1730,2.85351562,2.86328125,9.76562500e-03,176.75000000,167.00000000,9.75000000e+00
1731,3.49609375,3.50390625,7.81250000e-03,56.62500000,29.29687500,2.73281250e+01
1732,5.58593750,5.66406250,7.81250000e-02,214.87500000,246.12500000,3.12500000e+01
1733,4.05468750,4.16406250,1.09375000e-01,38.09375000,56.62500000,1.85312500e+01
1734,3.67968750,3.69726562,1.75781250e-02,-33.18750000,6.83593750,4.00234375e+01
1735,3.06640625,3.09375000,2.73437500e-02,-52.71875000,-31.25000000,2.14687500e+01
1736,4.14453125,4.17187500,2.73437500e-02,103.50000000,119.12500000,1.56250000e+01
1737,2.54101562,2.57617188,3.51562500e-02,-173.87500000,-147.50000000,2.63750000e+01
1738,4.24218750,4.30468750,6.25000000e-02,-472.75000000,-551.00000000,7.82500000e+01
1739,3.98437500,4.07812500,9.37500000e-02,525.50000000,547.00000000,2.15000000e+01
1740,5.21875000,5.14843750,7.03125000e-02,361.25000000,250.00000000,1.11250000e+02
1741,2.53906250,2.63281250,9.37500000e-02,-184.62500000,-154.25000000,3.03750000e+01
1742,3.98046875,3.92578125,5.46875000e-02,318.25000000,296.00000000,2.22500000e+01
1743,2.99414062,2.99609375,1.95312500e-03,12.69531250,-25.39062500,3.80859375e+01
1744,2.38671875,2.41796875,3.12500000e-02,-60.53125000,-64.43750000,3.90625000e+00
1745,4.67968750,4.72656250,4.68750000e-02,-611.50000000,-617.00000000,5.50000000e+00
1746,4.11718750,4.18750000,7.03125000e-02,-46.87500000,-35.15625000,1.17187500e+01
1747,3.61914062,4.01171875,3.92578125e-01,-252.87500000,-54.68750000,1.98187500e+02
1748,3.87109375,3.95507812,8.39843750e-02,136.75000000,176.75000000,4.00000000e+01
1749,4.63671875,4.63281250,3.90625000e-03,214.87500000,207.00000000,7.87500000e+00
1750,2.26171875,2.28125000,1.95312500e-02,-252.00000000,-252.00000000,0.00000000e+00
1751,2.39062500,2.39648438,5.85937500e-03,60.53125000,40.03125000,2.05000000e+01
1752,3.67578125,3.71875000,4.29687500e-02,35.15625000,44.90625000,9.75000000e+00
1753,2.79296875,2.87890625,8.59375000e-02,-183.62500000,-165.00000000,1.86250000e+01
1754,3.19140625,3.26367188,7.22656250e-02,-15.62500000,-0.97656250,1.46484375e+01
1755,2.57031250,2.63671875,6.64062500e-02,-126.93750000,-115.25000000,1.16875000e+01
1756,3.37500000,3.42968750,5.46875000e-02,427.75000000,462.00000000,3.42500000e+01
1757,4.35156250,4.41015625,5.85937500e-02,-82.00000000,-54.68750000,2.73125000e+01
1758,3.98828125,4.03906250,5.07812500e-02,-44.90625000,-31.25000000,1.36562500e+01
1759,3.89453125,3.94140625,4.68750000e-02,-107.43750000,-87.87500000,1.95625000e+01
1760,4.05859375,4.04296875,1.56250000e-02,-76.18750000,-78.12500000,1.93750000e+00
1761,2.67187500,2.72265625,5.07812500e-02,-113.25000000,-95.68750000,1.75625000e+01
1762,2.66015625,2.70703125,4.68750000e-02,-222.62500000,-218.75000000,3.87500000e+00
1763,3.67187500,3.75390625,8.20312500e-02,174.75000000,207.00000000,3.22500000e+01
1764,4.01953125,3.99609375,2.34375000e-02,454.00000000,437.50000000,1.65000000e+01
1765,4.94531250,4.95312500,7.81250000e-03,-23.43750000,-35.15625000,1.17187500e+01
1766,2.48046875,2.50781250,2.73437500e-02,2.92968750,-21.48437500,2.44140625e+01
1767,2.73828125,2.77343750,3.51562500e-02,224.62500000,219.75000000,4.87500000e+00
1768,3.19140625,3.24218750,5.07812500e-02,-205.12500000,-205.12500000,0.00000000e+00
1769,3.96875000,4.03515625,6.64062500e-02,-23.43750000,-46.87500000,2.34375000e+01
1770,2.65234375,2.68359375,3.12500000e-02,-327.25000000,-326.25000000,1.00000000e+00
1771,1.92187500,1.98242188,6.05468750e-02,-132.75000000,-99.62500000,3.31250000e+01
1772,3.67187500,3.67187500,0.00000000e+00,35.15625000,45.90625000,1.07500000e+01
1773,3.54687500,3.63281250,8.59375000e-02,-597.50000000,-535.00000000,6.25000000e+01
1774,3.60351562,3.69726562,9.37500000e-02,81.06250000,127.93750000,4.68750000e+01
1775,3.20703125,3.27734375,7.03125000e-02,-188.50000000,-156.25000000,3.22500000e+01
1776,6.78906250,6.85937500,7.03125000e-02,-478.50000000,-453.00000000,2.55000000e+01
1777,4.73828125,4.75781250,1.95312500e-02,-72.25000000,-101.56250000,2.93125000e+01
1778,2.44921875,2.50390625,5.46875000e-02,172.87500000,168.00000000,4.87500000e+00
1779,2.09375000,2.13476562,4.10156250e-02,-123.06250000,-107.43750000,1.56250000e+01
1780,2.51367188,2.54687500,3.32031250e-02,-282.25000000,-275.50000000,6.75000000e+00
1781,3.32421875,3.34765625,2.34375000e-02,-108.37500000,-114.25000000,5.87500000e+00
1782,5.62500000,5.55468750,7.03125000e-02,584.00000000,507.75000000,7.62500000e+01
1783,3.88671875,3.98046875,9.37500000e-02,-257.75000000,-244.12500000,1.36250000e+01
1784,3.35156250,3.35742188,5.85937500e-03,-136.75000000,-109.37500000,2.73750000e+01
1785,3.08984375,3.09960938,9.76562500e-03,54.68750000,51.75000000,2.93750000e+00
1786,3.83593750,3.83593750,0.00000000e+00,26.35937500,23.43750000,2.92187500e+00
1787,2.59375000,2.65234375,5.85937500e-02,-92.75000000,-59.56250000,3.31875000e+01
1788,4.68750000,4.78125000,9.37500000e-02,3.90625000,33.18750000,2.92812500e+01
1789,3.67578125,3.75781250,8.20312500e-02,225.62500000,212.87500000,1.27500000e+01
1790,4.60546875,4.50000000,1.05468750e-01,-197.25000000,-388.75000000,1.91500000e+02
1791,2.76953125,2.87890625,1.09375000e-01,64.43750000,114.25000000,4.98125000e+01
1792,3.75585938,3.75000000,5.85937500e-03,-135.75000000,-138.62500000,2.87500000e+00
1793,2.85937500,2.93164062,7.22656250e-02,-31.25000000,-14.64843750,1.66015625e+01
1794,2.01171875,2.04882812,3.71093750e-02,-324.25000000,-307.50000000,1.67500000e+01
1795,4.27343750,4.28125000,7.81250000e-03,-611.50000000,-601.50000000,1.00000000e+01
1796,4.24218750,4.21875000,2.34375000e-02,-70.31250000,-70.31250000,0.00000000e+00
1797,3.94531250,4.07812500,1.32812500e-01,306.75000000,283.25000000,2.35000000e+01
1798,3.42382812,3.46093750,3.71093750e-02,-247.12500000,-241.25000000,5.87500000e+00
1799,4.06640625,4.14062500,7.42187500e-02,-443.25000000,-414.00000000,2.92500000e+01
1800,2.23632812,2.28125000,4.49218750e-02,-214.87500000,-202.12500000,1.27500000e+01
1801,2.29687500,2.31250000,1.56250000e-02,-103.50000000,-107.43750000,3.93750000e+00
1802,3.95312500,3.93945312,1.36718750e-02,304.75000000,296.75000000,8.00000000e+00
1803,2.96484375,3.04296875,7.81250000e-02,19.53125000,34.18750000,1.46562500e+01
1804,3.02343750,3.10546875,8.20312500e-02,-150.37500000,-136.75000000,1.36250000e+01
1805,2.66601562,2.73437500,6.83593750e-02,4.88281250,25.39062500,2.05078125e+01
1806,2.94531250,3.02148438,7.61718750e-02,89.81250000,118.18750000,2.83750000e+01
1807,4.12500000,4.02343750,1.01562500e-01,-117.18750000,-183.62500000,6.64375000e+01
1808,3.90820312,3.92968750,2.14843750e-02,-65.43750000,-66.37500000,9.37500000e-01
1809,4.19921875,4.22656250,2.73437500e-02,160.12500000,165.00000000,4.87500000e+00
1810,4.21484375,4.22265625,7.81250000e-03,60.53125000,76.18750000,1.56562500e+01
1811,2.50000000,2.54882812,4.88281250e-02,-30.26562500,-16.59375000,1.36718750e+01
1812,3.02929688,3.13671875,1.07421875e-01,-31.25000000,23.43750000,5.46875000e+01
1813,3.70898438,3.72656250,1.75781250e-02,201.12500000,273.50000000,7.23750000e+01
1814,3.41796875,3.47656250,5.85937500e-02,187.50000000,211.87500000,2.43750000e+01
1815,4.80468750,4.84375000,3.90625000e-02,-105.43750000,-101.56250000,3.87500000e+00
1816,2.35546875,2.41796875,6.25000000e-02,-161.12500000,-160.12500000,1.00000000e+00
1817,2.49609375,2.55273438,5.66406250e-02,34.18750000,32.21875000,1.96875000e+00
1818,3.50390625,3.51171875,7.81250000e-03,101.56250000,68.37500000,3.31875000e+01
1819,3.80468750,3.84570312,4.10156250e-02,-11.71875000,0.97656250,1.26953125e+01
1820,2.64062500,2.66406250,2.34375000e-02,-69.31250000,-95.68750000,2.63750000e+01
1821,2.22656250,2.27734375,5.07812500e-02,95.68750000,90.81250000,4.87500000e+00
1822,3.21875000,3.21484375,3.90625000e-03,-345.75000000,-380.00000000,3.42500000e+01
1823,3.74609375,3.82031250,7.42187500e-02,-173.87500000,-164.00000000,9.87500000e+00
1824,3.87890625,3.94140625,6.25000000e-02,199.25000000,182.62500000,1.66250000e+01
1825,3.37890625,3.37109375,7.81250000e-03,138.62500000,119.12500000,1.95000000e+01
1826,7.27343750,7.34375000,7.03125000e-02,171.87500000,162.12500000,9.75000000e+00
1827,5.03125000,5.08203125,5.07812500e-02,189.50000000,203.12500000,1.36250000e+01
1828,2.02929688,2.06250000,3.32031250e-02,-241.25000000,-250.00000000,8.75000000e+00
1829,2.36132812,2.37304688,1.17187500e-02,-65.43750000,-122.06250000,5.66250000e+01
1830,2.77539062,2.82421875,4.88281250e-02,167.00000000,200.25000000,3.32500000e+01
1831,3.40039062,3.39843750,1.95312500e-03,184.62500000,190.37500000,5.75000000e+00
1832,4.62890625,4.75390625,1.25000000e-01,-302.75000000,-228.50000000,7.42500000e+01
1833,4.01562500,4.00000000,1.56250000e-02,117.18750000,69.31250000,4.78750000e+01
1834,3.37500000,3.35351562,2.14843750e-02,-298.75000000,-266.50000000,3.22500000e+01
1835,3.11132812,3.09765625,1.36718750e-02,84.93750000,81.06250000,3.87500000e+00
1836,4.09375000,4.20312500,1.09375000e-01,291.00000000,375.00000000,8.40000000e+01
1837,2.80273438,2.85546875,5.27343750e-02,421.50000000,394.50000000,2.70000000e+01
1838,4.97265625,4.93750000,3.51562500e-02,168.00000000,105.43750000,6.25625000e+01
1839,3.35937500,3.29882812,6.05468750e-02,-164.00000000,-288.00000000,1.24000000e+02
1840,5.52734375,5.45312500,7.42187500e-02,789.00000000,735.50000000,5.35000000e+01
1841,2.74609375,2.83203125,8.59375000e-02,228.50000000,242.12500000,1.36250000e+01
1842,3.73437500,3.68750000,4.68750000e-02,-68.37500000,-99.62500000,3.12500000e+01
1843,2.56640625,2.70898438,1.42578125e-01,-193.37500000,-114.25000000,7.91250000e+01
1844,2.05468750,2.03906250,1.56250000e-02,-361.25000000,-379.00000000,1.77500000e+01
1845,5.21484375,5.41796875,2.03125000e-01,99.62500000,205.12500000,1.05500000e+02
1846,3.97460938,4.00781250,3.32031250e-02,-7.81250000,0.00000000,7.81250000e+00
1847,3.89453125,3.94531250,5.07812500e-02,289.00000000,353.50000000,6.45000000e+01
1848,3.31445312,3.32421875,9.76562500e-03,-368.25000000,-384.75000000,1.65000000e+01
1849,4.35156250,4.30468750,4.68750000e-02,324.25000000,285.25000000,3.90000000e+01
1850,2.32617188,2.33593750,9.76562500e-03,-210.00000000,-196.25000000,1.37500000e+01
1851,2.30468750,2.32421875,1.95312500e-02,-9.76562500,0.97656250,1.07421875e+01
1852,3.63671875,3.66796875,3.12500000e-02,19.53125000,-5.85937500,2.53906250e+01
1853,3.10742188,3.16406250,5.66406250e-02,270.50000000,285.25000000,1.47500000e+01
1854,3.17968750,3.26562500,8.59375000e-02,-3.90625000,23.43750000,2.73437500e+01
1855,2.98632812,3.05859375,7.22656250e-02,257.75000000,283.25000000,2.55000000e+01
1856,2.66796875,2.66015625,7.81250000e-03,-330.00000000,-355.50000000,2.55000000e+01
1857,4.46093750,4.35156250,1.09375000e-01,421.75000000,387.75000000,3.40000000e+01
1858,3.88281250,3.86328125,1.95312500e-02,-57.62500000,-84.00000000,2.63750000e+01
1859,4.07812500,4.07812500,0.00000000e+00,188.50000000,125.00000000,6.35000000e+01
1860,4.40625000,4.35546875,5.07812500e-02,224.62500000,215.87500000,8.75000000e+00
1861,2.66992188,2.69335938,2.34375000e-02,164.00000000,155.25000000,8.75000000e+00
1862,3.08593750,3.16015625,7.42187500e-02,79.12500000,107.43750000,2.83125000e+01
1863,3.52929688,3.58203125,5.27343750e-02,225.62500000,234.37500000,8.75000000e+00
1864,3.33984375,3.36132812,2.14843750e-02,-332.00000000,-294.00000000,3.80000000e+01
1865,4.89453125,4.92968750,3.51562500e-02,85.93750000,29.29687500,5.66406250e+01
1866,2.47656250,2.47656250,0.00000000e+00,136.75000000,121.06250000,1.56875000e+01
1867,2.31250000,2.34375000,3.12500000e-02,-79.12500000,-83.00000000,3.87500000e+00
1868,3.94921875,3.98437500,3.51562500e-02,388.75000000,392.50000000,3.75000000e+00
1869,4.28125000,4.25781250,2.34375000e-02,300.75000000,260.75000000,4.00000000e+01
1870,3.08593750,3.17968750,9.37500000e-02,185.50000000,208.00000000,2.25000000e+01
1871,2.10546875,2.14843750,4.29687500e-02,20.50000000,19.53125000,9.68750000e-01
1872,3.55664062,3.60937500,5.27343750e-02,55.65625000,74.18750000,1.85312500e+01
1873,3.52539062,3.59570312,7.03125000e-02,-167.00000000,-186.50000000,1.95000000e+01
1874,3.16796875,3.14843750,1.95312500e-02,-193.37500000,-167.00000000,2.63750000e+01
1875,3.29687500,3.32031250,2.34375000e-02,16.59375000,26.35937500,9.76562500e+00
1876,6.82812500,6.85937500,3.12500000e-02,-253.87500000,-257.75000000,3.87500000e+00
1877,4.90234375,5.04687500,1.44531250e-01,160.12500000,218.75000000,5.86250000e+01
1878,2.46093750,2.44921875,1.17187500e-02,77.12500000,65.43750000,1.16875000e+01
1879,2.08789062,2.13671875,4.88281250e-02,-88.87500000,-66.37500000,2.25000000e+01
1880,2.51953125,2.55078125,3.12500000e-02,-48.81250000,-23.43750000,2.53750000e+01
1881,3.73046875,3.74804688,1.75781250e-02,279.25000000,295.00000000,1.57500000e+01
1882,4.44531250,4.55859375,1.13281250e-01,-39.06250000,5.85937500,4.49218750e+01
1883,3.58203125,3.72265625,1.40625000e-01,-248.00000000,-220.75000000,2.72500000e+01
1884,3.86718750,3.82031250,4.68750000e-02,300.75000000,283.25000000,1.75000000e+01
1885,2.64257812,2.63867188,3.90625000e-03,-174.75000000,-190.37500000,1.56250000e+01
1886,3.59960938,3.66796875,6.83593750e-02,-274.50000000,-244.12500000,3.03750000e+01
1887,2.34179688,2.37500000,3.32031250e-02,-135.75000000,-152.37500000,1.66250000e+01
1888,3.75781250,3.87890625,1.21093750e-01,-777.50000000,-760.00000000,1.75000000e+01
1889,2.84765625,2.94921875,1.01562500e-01,-427.75000000,-404.25000000,2.35000000e+01
1890,4.28906250,4.35156250,6.25000000e-02,-109.37500000,-125.00000000,1.56250000e+01
1891,2.49218750,2.51171875,1.95312500e-02,8.78906250,-11.71875000,2.05078125e+01
1892,3.82421875,3.81250000,1.17187500e-02,177.75000000,168.00000000,9.75000000e+00
1893,2.58203125,2.63671875,5.46875000e-02,-158.25000000,-123.06250000,3.51875000e+01
1894,2.28125000,2.30664062,2.53906250e-02,23.43750000,10.74218750,1.26953125e+01
1895,4.48437500,4.54687500,6.25000000e-02,-29.29687500,-15.62500000,1.36718750e+01
1896,3.95898438,3.93359375,2.53906250e-02,52.71875000,66.37500000,1.36562500e+01
1897,4.24218750,4.39453125,1.52343750e-01,415.00000000,507.75000000,9.27500000e+01
1898,3.50976562,3.56250000,5.27343750e-02,-60.53125000,-60.53125000,0.00000000e+00
1899,3.57421875,3.58789062,1.36718750e-02,-353.50000000,-362.25000000,8.75000000e+00
1900,2.45312500,2.46875000,1.56250000e-02,-79.12500000,-65.43750000,1.36875000e+01
1901,2.38281250,2.42187500,3.90625000e-02,-50.78125000,-41.00000000,9.78125000e+00
1902,3.72460938,3.73828125,1.36718750e-02,182.62500000,154.25000000,2.83750000e+01
1903,2.81835938,2.84570312,2.73437500e-02,-89.81250000,-103.50000000,1.36875000e+01
1904,2.97851562,3.05859375,8.00781250e-02,-130.87500000,-138.62500000,7.75000000e+00
1905,2.66406250,2.72851562,6.44531250e-02,14.64843750,11.71875000,2.92968750e+00
1906,2.82812500,2.84765625,1.95312500e-02,-81.06250000,-58.59375000,2.24687500e+01
1907,4.19531250,4.33984375,1.44531250e-01,104.50000000,126.93750000,2.24375000e+01
1908,3.84375000,3.85937500,1.56250000e-02,-18.54687500,-14.64843750,3.89843750e+00
1909,3.67578125,3.71679688,4.10156250e-02,-30.26562500,-40.03125000,9.76562500e+00
1910,3.59960938,3.58789062,1.17187500e-02,-430.75000000,-419.00000000,1.17500000e+01
1911,2.51562500,2.52148438,5.85937500e-03,125.00000000,91.81250000,3.31875000e+01
1912,2.78906250,2.73437500,5.46875000e-02,-1.95312500,-13.67187500,1.17187500e+01
1913,3.05859375,3.12695312,6.83593750e-02,-221.62500000,-259.75000000,3.81250000e+01
1914,3.39843750,3.48828125,8.98437500e-02,156.25000000,191.37500000,3.51250000e+01
1915,4.50781250,4.52734375,1.95312500e-02,-171.87500000,-195.25000000,2.33750000e+01
1916,2.37890625,2.46093750,8.20312500e-02,-34.18750000,-17.57812500,1.66093750e+01
1917,1.93554688,1.96875000,3.32031250e-02,-284.25000000,-295.00000000,1.07500000e+01
1918,2.78906250,2.65820312,1.30859375e-01,-295.00000000,-356.50000000,6.15000000e+01
1919,3.46484375,3.48242188,1.75781250e-02,-336.00000000,-348.75000000,1.27500000e+01
1920,2.57421875,2.65039062,7.61718750e-02,-243.12500000,-235.37500000,7.75000000e+00
1921,2.10351562,2.15820312,5.46875000e-02,-27.34375000,-14.64843750,1.26953125e+01
1922,3.32031250,3.33984375,1.95312500e-02,-179.62500000,-177.75000000,1.87500000e+00
1923,3.88281250,3.91796875,3.51562500e-02,148.37500000,130.87500000,1.75000000e+01
1924,3.79296875,3.86523438,7.22656250e-02,282.25000000,292.00000000,9.75000000e+00
1925,3.33593750,3.32812500,7.81250000e-03,46.87500000,30.26562500,1.66093750e+01
1926,6.85156250,6.92187500,7.03125000e-02,-312.50000000,-253.87500000,5.86250000e+01
1927,5.14843750,5.28125000,1.32812500e-01,631.00000000,629.00000000,2.00000000e+00
1928,2.18359375,2.21093750,2.73437500e-02,-154.25000000,-164.00000000,9.75000000e+00
1929,2.22656250,2.26367188,3.71093750e-02,81.06250000,98.62500000,1.75625000e+01
1930,2.67968750,2.70703125,2.73437500e-02,211.87500000,212.87500000,1.00000000e+00
1931,3.64843750,3.60742188,4.10156250e-02,273.50000000,254.87500000,1.86250000e+01
1932,4.65625000,4.64453125,1.17187500e-02,216.75000000,62.50000000,1.54250000e+02
1933,3.78515625,3.91015625,1.25000000e-01,4.88281250,56.62500000,5.17421875e+01
1934,3.33007812,3.26757812,6.25000000e-02,-139.62500000,-223.62500000,8.40000000e+01
1935,2.81445312,2.82226562,7.81250000e-03,73.25000000,76.18750000,2.93750000e+00
1936,3.68359375,3.66015625,2.34375000e-02,-220.75000000,-259.75000000,3.90000000e+01
1937,2.46484375,2.47460938,9.76562500e-03,-15.62500000,-10.74218750,4.88281250e+00
1938,4.05468750,4.05468750,0.00000000e+00,-285.25000000,-355.50000000,7.02500000e+01
1939,3.12500000,3.20507812,8.00781250e-02,107.43750000,133.75000000,2.63125000e+01
1940,4.80859375,4.81640625,7.81250000e-03,478.50000000,463.00000000,1.55000000e+01
1941,2.27929688,2.32226562,4.29687500e-02,-328.00000000,-302.75000000,2.52500000e+01
1942,3.61718750,3.65039062,3.32031250e-02,18.54687500,46.87500000,2.83281250e+01
1943,2.60742188,2.64453125,3.71093750e-02,-122.06250000,-101.56250000,2.05000000e+01
1944,2.47656250,2.66015625,1.83593750e-01,62.50000000,153.37500000,9.08750000e+01
1945,3.97656250,4.03125000,5.46875000e-02,-252.00000000,-187.50000000,6.45000000e+01
1946,3.61132812,3.63085938,1.95312500e-02,-413.00000000,-428.75000000,1.57500000e+01
1947,3.69921875,3.76562500,6.64062500e-02,22.45312500,-87.87500000,1.10328125e+02
1948,3.60937500,3.65625000,4.68750000e-02,35.15625000,34.18750000,9.68750000e-01
1949,4.18750000,4.25000000,6.25000000e-02,118.18750000,123.06250000,4.87500000e+00
1950,2.57421875,2.50781250,6.64062500e-02,104.50000000,46.87500000,5.76250000e+01
1951,2.00585938,2.01953125,1.36718750e-02,-82.00000000,-82.00000000,0.00000000e+00
1952,3.39062500,3.42187500,3.12500000e-02,-69.31250000,-65.43750000,3.87500000e+00
1953,2.80664062,2.83984375,3.32031250e-02,16.59375000,5.85937500,1.07343750e+01
1954,2.81640625,2.82812500,1.17187500e-02,-241.25000000,-263.75000000,2.25000000e+01
1955,2.49609375,2.54101562,4.49218750e-02,-120.12500000,-118.18750000,1.93750000e+00
1956,3.08984375,3.06250000,2.73437500e-02,489.25000000,538.00000000,4.87500000e+01
1957,3.97851562,4.02343750,4.49218750e-02,-88.87500000,-62.50000000,2.63750000e+01
1958,3.88671875,3.89453125,7.81250000e-03,-80.06250000,-85.93750000,5.87500000e+00
1959,3.96093750,4.00000000,3.90625000e-02,152.37500000,156.25000000,3.87500000e+00
1960,4.04687500,4.07031250,2.34375000e-02,201.12500000,239.25000000,3.81250000e+01
1961,2.47265625,2.50000000,2.73437500e-02,23.43750000,-1.95312500,2.53906250e+01
1962,3.03125000,2.96093750,7.03125000e-02,193.37500000,119.12500000,7.42500000e+01
1963,3.42578125,3.41992188,5.85937500e-03,-269.50000000,-249.00000000,2.05000000e+01
1964,2.97265625,3.01171875,3.90625000e-02,-212.87500000,-262.75000000,4.98750000e+01
1965,4.82421875,4.84765625,2.34375000e-02,95.68750000,99.62500000,3.93750000e+00
1966,2.28710938,2.31250000,2.53906250e-02,26.35937500,31.25000000,4.89062500e+00
1967,2.23437500,2.25781250,2.34375000e-02,-33.18750000,-58.59375000,2.54062500e+01
1968,3.42187500,3.28125000,1.40625000e-01,410.25000000,334.00000000,7.62500000e+01
1969,3.70117188,3.78515625,8.39843750e-02,70.31250000,80.06250000,9.75000000e+00
1970,3.17187500,3.23046875,5.85937500e-02,230.50000000,261.75000000,3.12500000e+01
1971,2.13671875,2.16210938,2.53906250e-02,90.81250000,77.12500000,1.36875000e+01
1972,3.48437500,3.52343750,3.90625000e-02,-126.93750000,-115.25000000,1.16875000e+01
1973,3.67578125,3.73632812,6.05468750e-02,-164.00000000,-114.25000000,4.97500000e+01
1974,3.07421875,3.12109375,4.68750000e-02,-189.50000000,-259.75000000,7.02500000e+01
1975,3.23046875,3.21484375,1.56250000e-02,-37.09375000,-27.34375000,9.75000000e+00
1976,7.85156250,7.64453125,2.07031250e-01,687.50000000,566.50000000,1.21000000e+02
1977,5.00390625,5.10937500,1.05468750e-01,649.50000000,660.00000000,1.05000000e+01
1978,2.12695312,2.16015625,3.32031250e-02,57.62500000,79.12500000,2.15000000e+01
1979,2.01171875,1.95117188,6.05468750e-02,-122.06250000,-161.12500000,3.90625000e+01
1980,2.40625000,2.37500000,3.12500000e-02,-41.00000000,-58.59375000,1.75937500e+01
1981,3.34375000,3.33984375,3.90625000e-03,193.37500000,169.87500000,2.35000000e+01
1982,4.09375000,4.06250000,3.12500000e-02,-549.00000000,-595.50000000,4.65000000e+01
1983,3.53515625,3.61328125,7.81250000e-02,-215.87500000,-253.87500000,3.80000000e+01
1984,3.75390625,3.65820312,9.57031250e-02,288.00000000,263.75000000,2.42500000e+01
1985,2.82226562,2.87890625,5.66406250e-02,-0.97656250,25.39062500,2.63671875e+01
1986,2.96875000,3.11132812,1.42578125e-01,-638.50000000,-593.00000000,4.55000000e+01
1987,2.52343750,2.56640625,4.29687500e-02,54.68750000,41.00000000,1.36875000e+01
1988,4.10937500,4.14843750,3.90625000e-02,-291.00000000,-316.50000000,2.55000000e+01
1989,2.88476562,3.01562500,1.30859375e-01,-245.12500000,-199.25000000,4.58750000e+01
1990,4.39453125,4.45703125,6.25000000e-02,115.25000000,134.75000000,1.95000000e+01
1991,2.71484375,2.73046875,1.56250000e-02,210.87500000,180.62500000,3.02500000e+01
1992,3.91015625,3.84765625,6.25000000e-02,252.00000000,242.12500000,9.87500000e+00
1993,2.85156250,2.87500000,2.34375000e-02,113.25000000,126.93750000,1.36875000e+01
1994,2.70312500,2.73046875,2.73437500e-02,285.25000000,338.00000000,5.27500000e+01
1995,3.93750000,3.92187500,1.56250000e-02,-171.87500000,-125.00000000,4.68750000e+01
1996,3.82812500,3.86718750,3.90625000e-02,-15.62500000,-27.34375000,1.17187500e+01
1997,4.11718750,4.16015625,4.29687500e-02,597.50000000,582.00000000,1.55000000e+01
1998,3.58984375,3.68554688,9.57031250e-02,42.96875000,65.43750000,2.24687500e+01
1999,3.57812500,3.59375000,1.56250000e-02,-451.25000000,-414.00000000,3.72500000e+01
2000,2.90039062,2.90820312,7.81250000e-03,402.25000000,396.50000000,5.75000000e+00
2001,2.15625000,2.14257812,1.36718750e-02,-61.53125000,-73.25000000,1.17187500e+01
2002,3.47265625,3.51953125,4.68750000e-02,42.96875000,76.18750000,3.32187500e+01
2003,2.43359375,2.45507812,2.14843750e-02,-203.12500000,-201.12500000,2.00000000e+00
2004,2.75000000,2.80859375,5.85937500e-02,-259.75000000,-270.50000000,1.07500000e+01
2005,2.59375000,2.65429688,6.05468750e-02,13.67187500,73.25000000,5.95781250e+01
2006,2.83984375,2.89453125,5.46875000e-02,-67.37500000,-78.12500000,1.07500000e+01
2007,4.18359375,4.20312500,1.95312500e-02,572.50000000,646.50000000,7.40000000e+01
2008,3.63281250,3.61718750,1.56250000e-02,-203.12500000,-214.87500000,1.17500000e+01
2009,4.36718750,4.24218750,1.25000000e-01,336.00000000,265.50000000,7.05000000e+01
2010,3.39062500,3.41796875,2.73437500e-02,-254.87500000,-261.75000000,6.87500000e+00
2011,2.68359375,2.62500000,5.85937500e-02,193.37500000,135.75000000,5.76250000e+01
2012,2.42578125,2.45703125,3.12500000e-02,-237.25000000,-222.62500000,1.46250000e+01
2013,2.99218750,3.06445312,7.22656250e-02,27.34375000,73.25000000,4.59062500e+01
2014,3.14648438,3.18164062,3.51562500e-02,-141.62500000,-84.93750000,5.66875000e+01
2015,4.97656250,5.07031250,9.37500000e-02,449.25000000,500.00000000,5.07500000e+01
2016,2.21484375,2.24023438,2.53906250e-02,-21.48437500,-16.59375000,4.89062500e+00
2017,2.36718750,2.40039062,3.32031250e-02,173.87500000,182.62500000,8.75000000e+00
2018,2.97265625,2.92968750,4.29687500e-02,127.93750000,115.25000000,1.26875000e+01
2019,3.33984375,3.33593750,3.90625000e-03,-353.50000000,-351.50000000,2.00000000e+00
2020,2.38281250,2.41796875,3.51562500e-02,-339.75000000,-347.75000000,8.00000000e+00
2021,2.16406250,2.20117188,3.71093750e-02,108.37500000,138.12500000,2.97500000e+01
2022,3.24609375,3.27148438,2.53906250e-02,29.29687500,32.21875000,2.92187500e+00
2023,3.62695312,3.78515625,1.58203125e-01,167.00000000,218.75000000,5.17500000e+01
2024,2.89257812,2.98437500,9.17968750e-02,-108.37500000,-23.43750000,8.49375000e+01
2025,2.88085938,2.87109375,9.76562500e-03,-293.00000000,-293.00000000,0.00000000e+00
2026,6.66406250,6.67187500,7.81250000e-03,-185.50000000,-148.37500000,3.71250000e+01
2027,4.26953125,4.35156250,8.20312500e-02,-197.25000000,-158.25000000,3.90000000e+01
2028,2.12304688,2.14062500,1.75781250e-02,53.71875000,69.31250000,1.55937500e+01
2029,1.75781250,1.70898438,4.88281250e-02,-249.00000000,-272.50000000,2.35000000e+01
2030,2.73632812,2.69726562,3.90625000e-02,290.00000000,280.25000000,9.75000000e+00
2031,3.27343750,3.26757812,5.85937500e-03,162.12500000,171.87500000,9.75000000e+00
2032,4.26953125,4.35156250,8.20312500e-02,-423.75000000,-390.50000000,3.32500000e+01
2033,3.91210938,3.97070312,5.85937500e-02,89.81250000,63.46875000,2.63437500e+01
2034,3.46093750,3.48828125,2.73437500e-02,234.37500000,210.87500000,2.35000000e+01
2035,2.53515625,2.53906250,3.90625000e-03,-74.18750000,-77.12500000,2.93750000e+00
2036,4.31250000,4.33593750,2.34375000e-02,658.00000000,664.00000000,6.00000000e+00
2037,2.21093750,2.18750000,2.34375000e-02,-213.87500000,-232.37500000,1.85000000e+01
2038,4.26562500,4.24218750,2.34375000e-02,-121.06250000,-199.25000000,7.81875000e+01
2039,3.00390625,2.98437500,1.95312500e-02,-197.25000000,-248.00000000,5.07500000e+01
2040,4.41406250,4.50000000,8.59375000e-02,162.12500000,156.25000000,5.87500000e+00
2041,2.48046875,2.49218750,1.17187500e-02,-64.43750000,-80.06250000,1.56250000e+01
2042,3.47656250,3.43945312,3.71093750e-02,-3.90625000,-21.48437500,1.75781250e+01
2043,2.42187500,2.42578125,3.90625000e-03,-174.75000000,-168.00000000,6.75000000e+00
2044,2.43359375,2.37304688,6.05468750e-02,0.00000000,-40.03125000,4.00312500e+01
2045,4.42968750,4.85937500,4.29687500e-01,241.25000000,418.00000000,1.76750000e+02
2046,3.74609375,3.74023438,5.85937500e-03,-82.00000000,-129.87500000,4.78750000e+01
2047,3.90625000,3.64062500,2.65625000e-01,154.25000000,62.50000000,9.17500000e+01
2048,3.17968750,3.22656250,4.68750000e-02,-1.95312500,-29.29687500,2.73437500e+01
2049,3.97851562,3.95507812,2.34375000e-02,-251.00000000,-290.00000000,3.90000000e+01
2050,2.05859375,2.06640625,7.81250000e-03,-198.25000000,-181.62500000,1.66250000e+01
2051,2.04296875,2.04687500,3.90625000e-03,-8.78906250,3.90625000,1.26953125e+01
2052,3.16210938,3.16406250,1.95312500e-03,-192.37500000,-181.62500000,1.07500000e+01
2053,2.87109375,2.87695312,5.85937500e-03,126.93750000,119.12500000,7.81250000e+00
2054,2.99218750,3.02734375,3.51562500e-02,87.87500000,76.18750000,1.16875000e+01
2055,2.57421875,2.60156250,2.73437500e-02,81.06250000,84.93750000,3.87500000e+00
2056,3.04882812,3.04296875,5.85937500e-03,258.75000000,247.12500000,1.16250000e+01
2057,4.57031250,4.26171875,3.08593750e-01,686.50000000,498.00000000,1.88500000e+02
2058,3.83007812,3.84765625,1.75781250e-02,141.62500000,156.25000000,1.46250000e+01
2059,3.94921875,4.02734375,7.81250000e-02,273.50000000,335.00000000,6.15000000e+01
2060,4.03125000,3.99609375,3.51562500e-02,191.37500000,203.12500000,1.17500000e+01
2061,2.36523438,2.36914062,3.90625000e-03,-60.53125000,-63.46875000,2.93750000e+00
2062,2.69335938,2.66015625,3.32031250e-02,32.21875000,-13.67187500,4.58906250e+01
2063,3.44531250,3.40625000,3.90625000e-02,-148.37500000,-84.93750000,6.34375000e+01
2064,2.96875000,3.01171875,4.29687500e-02,121.06250000,148.37500000,2.73125000e+01
2065,4.18750000,4.19140625,3.90625000e-03,-253.87500000,-273.50000000,1.96250000e+01
2066,2.06250000,2.05078125,1.17187500e-02,-307.50000000,-350.50000000,4.30000000e+01
2067,2.33984375,2.36328125,2.34375000e-02,109.37500000,115.25000000,5.87500000e+00
2068,2.69531250,2.74609375,5.07812500e-02,-276.25000000,-265.50000000,1.07500000e+01
2069,3.62890625,3.68359375,5.46875000e-02,129.87500000,167.00000000,3.71250000e+01
2070,2.87304688,2.88281250,9.76562500e-03,225.62500000,199.25000000,2.63750000e+01
2071,1.91796875,1.94335938,2.53906250e-02,33.68750000,26.85937500,6.82812500e+00
2072,3.12695312,3.03515625,9.17968750e-02,-53.71875000,-90.81250000,3.70937500e+01
2073,3.93750000,4.03906250,1.01562500e-01,175.75000000,207.00000000,3.12500000e+01
2074,3.40820312,3.35546875,5.27343750e-02,255.87500000,218.75000000,3.71250000e+01
2075,3.33203125,3.36914062,3.71093750e-02,95.68750000,138.62500000,4.29375000e+01
2076,6.68750000,6.82031250,1.32812500e-01,220.75000000,312.50000000,9.17500000e+01
2077,4.34765625,4.47656250,1.28906250e-01,-152.37500000,-105.43750000,4.69375000e+01
2078,2.76367188,2.63671875,1.26953125e-01,317.50000000,286.25000000,3.12500000e+01
2079,2.28125000,2.28906250,7.81250000e-03,184.62500000,210.00000000,2.53750000e+01
2080,2.25585938,2.25000000,5.85937500e-03,-30.26562500,-39.06250000,8.79687500e+00
2081,3.09375000,3.09570312,1.95312500e-03,-36.12500000,-26.35937500,9.76562500e+00
2082,4.53906250,4.50000000,3.90625000e-02,164.00000000,103.50000000,6.05000000e+01
2083,3.81054688,3.92968750,1.19140625e-01,129.87500000,169.00000000,3.91250000e+01
2084,3.12695312,3.07031250,5.66406250e-02,66.37500000,32.21875000,3.41562500e+01
2085,2.67187500,2.70703125,3.51562500e-02,-142.62500000,-110.37500000,3.22500000e+01
2086,3.59570312,3.59765625,1.95312500e-03,-71.31250000,-29.29687500,4.20156250e+01
2087,2.44531250,2.49023438,4.49218750e-02,103.50000000,115.25000000,1.17500000e+01
2088,3.68164062,3.71093750,2.92968750e-02,-604.50000000,-797.00000000,1.92500000e+02
2089,2.92968750,2.98046875,5.07812500e-02,-55.65625000,-56.62500000,9.68750000e-01
2090,4.82031250,4.83593750,1.56250000e-02,552.50000000,491.25000000,6.12500000e+01
2091,2.43359375,2.42187500,1.17187500e-02,-62.50000000,-99.62500000,3.71250000e+01
2092,3.32031250,3.33984375,1.95312500e-02,-46.87500000,7.81250000,5.46875000e+01
2093,2.55664062,2.58007812,2.34375000e-02,-57.62500000,-47.84375000,9.78125000e+00
2094,1.92382812,1.91113281,1.26953125e-02,-456.00000000,-427.25000000,2.87500000e+01
2095,4.28125000,4.38281250,1.01562500e-01,-97.62500000,17.57812500,1.15203125e+02
2096,3.56835938,3.54296875,2.53906250e-02,-34.18750000,-31.25000000,2.93750000e+00
2097,3.08593750,3.14062500,5.46875000e-02,-246.12500000,-277.25000000,3.11250000e+01
2098,3.48437500,3.49609375,1.17187500e-02,69.31250000,43.93750000,2.53750000e+01
2099,3.71679688,3.78906250,7.22656250e-02,-249.00000000,-273.50000000,2.45000000e+01
2100,2.12304688,2.11328125,9.76562500e-03,-94.75000000,-96.68750000,1.93750000e+00
2101,2.24804688,2.22460938,2.34375000e-02,176.75000000,147.50000000,2.92500000e+01
2102,3.47656250,3.44140625,3.51562500e-02,123.06250000,103.50000000,1.95625000e+01
2103,2.60937500,2.59960938,9.76562500e-03,-50.78125000,-50.78125000,0.00000000e+00
2104,2.87695312,2.92578125,4.88281250e-02,-104.50000000,-121.06250000,1.65625000e+01
2105,2.43359375,2.47070312,3.71093750e-02,62.50000000,69.31250000,6.81250000e+00
2106,2.88671875,2.94531250,5.85937500e-02,139.62500000,164.00000000,2.43750000e+01
2107,3.47265625,3.53125000,5.85937500e-02,-291.00000000,-296.75000000,5.75000000e+00
2108,3.70703125,3.75390625,4.68750000e-02,158.25000000,182.62500000,2.43750000e+01
2109,3.94726562,3.97265625,2.53906250e-02,94.75000000,89.81250000,4.93750000e+00
2110,3.92578125,3.96679688,4.10156250e-02,21.48437500,51.75000000,3.02656250e+01
2111,2.20117188,2.20312500,1.95312500e-03,-201.12500000,-259.75000000,5.86250000e+01
2112,3.06640625,3.11718750,5.07812500e-02,463.00000000,468.75000000,5.75000000e+00
2113,2.98828125,2.93750000,5.07812500e-02,48.81250000,34.18750000,1.46250000e+01
2114,3.14062500,3.07617188,6.44531250e-02,36.12500000,-40.03125000,7.61562500e+01
2115,4.23046875,4.25000000,1.95312500e-02,-134.75000000,-146.50000000,1.17500000e+01
2116,2.07421875,2.10156250,2.73437500e-02,-99.62500000,-125.00000000,2.53750000e+01
2117,2.16796875,2.20703125,3.90625000e-02,-9.76562500,-4.88281250,4.88281250e+00
2118,2.91601562,2.98242188,6.64062500e-02,143.50000000,200.25000000,5.67500000e+01
2119,3.05664062,3.11328125,5.66406250e-02,-479.50000000,-482.50000000,3.00000000e+00
2120,3.10156250,3.09375000,7.81250000e-03,169.87500000,113.25000000,5.66250000e+01
2121,2.14843750,2.17968750,3.12500000e-02,110.37500000,130.87500000,2.05000000e+01
2122,3.20703125,3.28125000,7.42187500e-02,23.43750000,53.71875000,3.02812500e+01
2123,3.14648438,3.25390625,1.07421875e-01,-278.25000000,-255.87500000,2.23750000e+01
2124,3.36328125,3.33398438,2.92968750e-02,106.43750000,126.00000000,1.95625000e+01
2125,2.96875000,2.96484375,3.90625000e-03,-20.50000000,-17.57812500,2.92187500e+00
2126,6.78906250,6.64843750,1.40625000e-01,382.75000000,324.25000000,5.85000000e+01
2127,3.87500000,4.03906250,1.64062500e-01,-250.00000000,-238.25000000,1.17500000e+01
2128,2.19140625,2.20312500,1.17187500e-02,74.18750000,101.56250000,2.73750000e+01
2129,2.11914062,2.12500000,5.85937500e-03,118.62500000,95.68750000,2.29375000e+01
2130,2.12500000,2.13476562,9.76562500e-03,-187.50000000,-204.12500000,1.66250000e+01
2131,3.03906250,2.99609375,4.29687500e-02,7.81250000,-20.50000000,2.83125000e+01
2132,4.44140625,4.44531250,3.90625000e-03,-263.75000000,-253.87500000,9.87500000e+00
2133,3.27734375,3.43359375,1.56250000e-01,-404.25000000,-336.00000000,6.82500000e+01
2134,2.63867188,2.54687500,9.17968750e-02,-655.50000000,-686.50000000,3.10000000e+01
2135,2.80664062,2.82226562,1.56250000e-02,104.50000000,99.62500000,4.87500000e+00
2136,3.55859375,3.58593750,2.73437500e-02,-66.37500000,-105.43750000,3.90625000e+01
2137,2.16992188,2.20703125,3.71093750e-02,-35.15625000,7.81250000,4.29687500e+01
2138,4.41406250,4.49218750,7.81250000e-02,48.81250000,70.31250000,2.15000000e+01
2139,2.97656250,3.08984375,1.13281250e-01,-85.93750000,-115.25000000,2.93125000e+01
2140,3.93359375,4.08984375,1.56250000e-01,17.57812500,109.37500000,9.17968750e+01
2141,2.04687500,2.08203125,3.51562500e-02,-421.75000000,-421.75000000,0.00000000e+00
2142,2.78906250,2.76171875,2.73437500e-02,-375.00000000,-390.50000000,1.55000000e+01
2143,2.45898438,2.42773438,3.12500000e-02,-135.75000000,-147.50000000,1.17500000e+01
2144,1.93750000,1.96093750,2.34375000e-02,-268.50000000,-240.25000000,2.82500000e+01
2145,4.35937500,4.48828125,1.28906250e-01,-15.62500000,238.25000000,2.53875000e+02
2146,3.73046875,3.81835938,8.78906250e-02,11.71875000,43.93750000,3.22187500e+01
2147,3.74609375,3.83203125,8.59375000e-02,574.00000000,662.00000000,8.80000000e+01
2148,3.66406250,3.76953125,1.05468750e-01,372.00000000,427.75000000,5.57500000e+01
2149,3.96484375,4.07421875,1.09375000e-01,280.25000000,337.00000000,5.67500000e+01
2150,1.81347656,1.83398438,2.05078125e-02,-234.87500000,-222.62500000,1.22500000e+01
2151,1.82031250,1.82324219,2.92968750e-03,-213.87500000,-193.87500000,2.00000000e+01
2152,3.19140625,3.19531250,3.90625000e-03,-82.00000000,-62.50000000,1.95000000e+01
2153,2.67382812,2.67773438,3.90625000e-03,125.00000000,124.00000000,1.00000000e+00
2154,2.69921875,2.73828125,3.90625000e-02,-187.50000000,-205.12500000,1.76250000e+01
2155,2.33593750,2.37890625,4.29687500e-02,43.93750000,47.84375000,3.90625000e+00
2156,2.05273438,2.02343750,2.92968750e-02,-362.25000000,-368.25000000,6.00000000e+00
2157,3.02734375,2.83593750,1.91406250e-01,-483.50000000,-485.25000000,1.75000000e+00
2158,3.27148438,3.22265625,4.88281250e-02,-135.75000000,-147.50000000,1.17500000e+01
2159,3.56640625,3.52343750,4.29687500e-02,17.57812500,39.06250000,2.14843750e+01
2160,3.68554688,3.71289062,2.73437500e-02,65.43750000,115.25000000,4.98125000e+01
2161,1.92187500,1.90234375,1.95312500e-02,-301.75000000,-314.50000000,1.27500000e+01
2162,2.60546875,2.55859375,4.68750000e-02,84.93750000,48.81250000,3.61250000e+01
2163,3.41015625,3.19140625,2.18750000e-01,132.75000000,52.71875000,8.00312500e+01
2164,2.85937500,2.89062500,3.12500000e-02,99.62500000,107.43750000,7.81250000e+00
2165,3.93359375,3.92968750,3.90625000e-03,-349.50000000,-349.50000000,0.00000000e+00
2166,2.14648438,2.16406250,1.75781250e-02,148.37500000,153.75000000,5.37500000e+00
2167,1.92382812,1.91796875,5.85937500e-03,-86.93750000,-113.25000000,2.63125000e+01
2168,2.73046875,2.71093750,1.95312500e-02,-77.12500000,-29.29687500,4.78281250e+01
2169,3.18164062,3.17968750,1.95312500e-03,-269.50000000,-291.00000000,2.15000000e+01
2170,2.98828125,3.01171875,2.34375000e-02,364.25000000,347.75000000,1.65000000e+01
2171,2.08593750,2.11328125,2.73437500e-02,156.25000000,161.62500000,5.37500000e+00
2172,3.43750000,3.39257812,4.49218750e-02,333.00000000,337.00000000,4.00000000e+00
2173,3.76757812,3.78515625,1.75781250e-02,352.50000000,359.25000000,6.75000000e+00
2174,2.86132812,3.02539062,1.64062500e-01,-211.87500000,-137.75000000,7.41250000e+01
2175,2.82812500,2.79492188,3.32031250e-02,-177.75000000,-153.37500000,2.43750000e+01
2176,6.55078125,6.71093750,1.60156250e-01,15.62500000,60.53125000,4.49062500e+01
2177,4.42968750,4.56250000,1.32812500e-01,125.00000000,181.62500000,5.66250000e+01
2178,2.15234375,2.11328125,3.90625000e-02,553.00000000,550.00000000,3.00000000e+00
2179,2.08398438,2.09765625,1.36718750e-02,126.93750000,125.00000000,1.93750000e+00
2180,2.32031250,2.31835938,1.95312500e-03,41.00000000,53.71875000,1.27187500e+01
2181,2.76171875,2.72851562,3.32031250e-02,-197.25000000,-196.25000000,1.00000000e+00
2182,4.50000000,4.42968750,7.03125000e-02,-50.78125000,-142.62500000,9.18437500e+01
2183,3.26562500,3.35937500,9.37500000e-02,-304.75000000,-269.50000000,3.52500000e+01
2184,3.30273438,3.32226562,1.95312500e-02,139.62500000,161.12500000,2.15000000e+01
2185,2.58593750,2.54296875,4.29687500e-02,64.43750000,29.29687500,3.51406250e+01
2186,3.57812500,3.55078125,2.73437500e-02,183.62500000,148.37500000,3.52500000e+01
2187,2.44531250,2.44921875,3.90625000e-03,189.50000000,201.12500000,1.16250000e+01
2188,4.47656250,4.49609375,1.95312500e-02,148.37500000,160.12500000,1.17500000e+01
2189,2.90820312,2.93750000,2.92968750e-02,-149.37500000,-156.25000000,6.87500000e+00
2190,4.20312500,4.05468750,1.48437500e-01,-58.59375000,-66.37500000,7.78125000e+00
2191,2.52148438,2.56835938,4.68750000e-02,220.75000000,227.50000000,6.75000000e+00
2192,3.59179688,3.54687500,4.49218750e-02,338.00000000,353.50000000,1.55000000e+01
2193,2.38476562,2.41796875,3.32031250e-02,-124.00000000,-86.93750000,3.70625000e+01
2194,1.77929688,1.79101562,1.17187500e-02,-199.25000000,-173.87500000,2.53750000e+01
2195,4.17578125,3.96289062,2.12890625e-01,42.96875000,-145.50000000,1.88468750e+02
2196,4.01562500,3.97460938,4.10156250e-02,226.50000000,208.00000000,1.85000000e+01
2197,3.54296875,3.50000000,4.29687500e-02,175.75000000,25.39062500,1.50359375e+02
2198,3.08593750,3.11718750,3.12500000e-02,-189.50000000,-173.87500000,1.56250000e+01
2199,3.97851562,3.97070312,7.81250000e-03,55.65625000,33.18750000,2.24687500e+01
2200,1.77246094,1.77148438,9.76562500e-04,-275.00000000,-277.25000000,2.25000000e+00
2201,1.95996094,1.89941406,6.05468750e-02,-18.54687500,-18.54687500,0.00000000e+00
2202,3.10546875,3.15234375,4.68750000e-02,18.54687500,52.71875000,3.41718750e+01
2203,2.35351562,2.35351562,0.00000000e+00,-305.75000000,-286.25000000,1.95000000e+01
2204,2.85546875,2.92187500,6.64062500e-02,-15.62500000,2.92968750,1.85546875e+01
2205,2.48046875,2.48828125,7.81250000e-03,236.37500000,232.37500000,4.00000000e+00
2206,2.44531250,2.29101562,1.54296875e-01,44.90625000,-54.68750000,9.95937500e+01
2207,3.98437500,3.91992188,6.44531250e-02,695.50000000,689.50000000,6.00000000e+00
2208,3.13671875,3.12500000,1.17187500e-02,-343.75000000,-339.75000000,4.00000000e+00
2209,3.35546875,3.32031250,3.51562500e-02,-105.43750000,-97.62500000,7.81250000e+00
2210,3.74414062,3.67187500,7.22656250e-02,365.25000000,350.50000000,1.47500000e+01
2211,2.56640625,2.57031250,3.90625000e-03,293.00000000,300.75000000,7.75000000e+00
2212,2.63281250,2.50976562,1.23046875e-01,132.75000000,69.31250000,6.34375000e+01
2213,2.69921875,2.62890625,7.03125000e-02,-291.00000000,-345.75000000,5.47500000e+01
2214,2.44140625,2.40625000,3.51562500e-02,-384.75000000,-419.00000000,3.42500000e+01
2215,4.14453125,4.23437500,8.98437500e-02,135.75000000,168.00000000,3.22500000e+01
2216,1.75976562,1.74023438,1.95312500e-02,-219.75000000,-239.25000000,1.95000000e+01
2217,2.00000000,2.02734375,2.73437500e-02,1.95312500,2.92968750,9.76562500e-01
2218,2.67187500,2.59960938,7.22656250e-02,45.90625000,-19.53125000,6.54375000e+01
2219,3.71484375,3.74609375,3.12500000e-02,320.25000000,329.00000000,8.75000000e+00
2220,2.42187500,2.38671875,3.51562500e-02,-188.50000000,-224.62500000,3.61250000e+01
2221,1.75683594,1.80273438,4.58984375e-02,-133.25000000,-89.37500000,4.38750000e+01
2222,3.63476562,3.66015625,2.53906250e-02,350.50000000,342.75000000,7.75000000e+00
2223,3.85937500,3.77343750,8.59375000e-02,521.50000000,421.00000000,1.00500000e+02
2224,3.22265625,3.35351562,1.30859375e-01,140.62500000,113.25000000,2.73750000e+01
2225,2.63085938,2.60937500,2.14843750e-02,-430.75000000,-425.75000000,5.00000000e+00
2226,5.40625000,5.31250000,9.37500000e-02,-633.00000000,-644.50000000,1.15000000e+01
2227,4.17187500,4.20312500,3.12500000e-02,139.62500000,135.75000000,3.87500000e+00
2228,1.81445312,1.78125000,3.32031250e-02,35.15625000,20.01562500,1.51406250e+01
2229,1.77539062,1.78906250,1.36718750e-02,-157.25000000,-136.75000000,2.05000000e+01
2230,2.32421875,2.29687500,2.73437500e-02,158.25000000,142.62500000,1.56250000e+01
2231,3.00390625,2.98046875,2.34375000e-02,56.62500000,40.03125000,1.65937500e+01
2232,3.87304688,3.80273438,7.03125000e-02,-399.50000000,-463.75000000,6.42500000e+01
2233,3.23242188,3.33203125,9.96093750e-02,-233.37500000,-223.62500000,9.75000000e+00
2234,3.40234375,3.36523438,3.71093750e-02,402.25000000,362.25000000,4.00000000e+01
2235,2.58593750,2.55664062,2.92968750e-02,160.12500000,147.50000000,1.26250000e+01
2236,3.79687500,3.85546875,5.85937500e-02,148.37500000,199.25000000,5.08750000e+01
2237,2.27343750,2.30273438,2.92968750e-02,68.37500000,52.71875000,1.56562500e+01
2238,4.17187500,4.24218750,7.03125000e-02,-50.78125000,-39.06250000,1.17187500e+01
2239,2.96093750,3.06054688,9.96093750e-02,148.37500000,159.12500000,1.07500000e+01
2240,4.77734375,4.68750000,8.98437500e-02,-33.18750000,23.43750000,5.66250000e+01
2241,2.09570312,2.12695312,3.12500000e-02,-42.96875000,-42.00000000,9.68750000e-01
2242,3.26171875,3.21484375,4.68750000e-02,95.68750000,33.18750000,6.25000000e+01
2243,2.37500000,2.38281250,7.81250000e-03,-78.12500000,-52.71875000,2.54062500e+01
2244,1.89062500,1.83789062,5.27343750e-02,-185.50000000,-126.00000000,5.95000000e+01
2245,4.09765625,3.83203125,2.65625000e-01,223.62500000,77.12500000,1.46500000e+02
2246,3.56250000,3.52343750,3.90625000e-02,210.87500000,188.50000000,2.23750000e+01
2247,2.71289062,2.87695312,1.64062500e-01,-282.25000000,-174.75000000,1.07500000e+02
2248,2.87109375,2.85742188,1.36718750e-02,-233.37500000,-300.75000000,6.73750000e+01
2249,3.90039062,4.02734375,1.26953125e-01,165.00000000,207.00000000,4.20000000e+01
2250,1.98828125,1.97656250,1.17187500e-02,-81.06250000,-82.00000000,9.37500000e-01
2251,1.67773438,1.72558594,4.78515625e-02,-227.50000000,-213.37500000,1.41250000e+01
2252,2.71679688,2.71289062,3.90625000e-03,-325.25000000,-297.75000000,2.75000000e+01
2253,2.31250000,2.34960938,3.71093750e-02,-69.31250000,-54.68750000,1.46250000e+01
2254,2.78906250,2.82226562,3.32031250e-02,-74.18750000,-72.25000000,1.93750000e+00
2255,2.25585938,2.30078125,4.49218750e-02,-14.64843750,11.71875000,2.63671875e+01
2256,2.12695312,2.12695312,0.00000000e+00,-192.37500000,-195.25000000,2.87500000e+00
2257,3.31445312,3.46484375,1.50390625e-01,110.37500000,269.50000000,1.59125000e+02
2258,3.25000000,3.26562500,1.56250000e-02,-46.87500000,1.95312500,4.88281250e+01
2259,3.94921875,4.02343750,7.42187500e-02,332.00000000,349.50000000,1.75000000e+01
2260,3.55078125,3.55468750,3.90625000e-03,264.75000000,269.50000000,4.75000000e+00
2261,2.03906250,2.01562500,2.34375000e-02,-197.25000000,-161.12500000,3.61250000e+01
2262,2.62109375,2.56640625,5.46875000e-02,135.75000000,137.75000000,2.00000000e+00
2263,3.29296875,2.99218750,3.00781250e-01,203.12500000,7.81250000,1.95312500e+02
2264,2.45312500,2.43750000,1.56250000e-02,-62.50000000,-87.87500000,2.53750000e+01
2265,4.18750000,4.20703125,1.95312500e-02,42.96875000,33.18750000,9.78125000e+00
2266,1.85937500,1.87792969,1.85546875e-02,-29.29687500,-49.31250000,2.00156250e+01
2267,1.80371094,1.85742188,5.37109375e-02,-104.00000000,-88.87500000,1.51250000e+01
2268,2.28906250,2.30273438,1.36718750e-02,-468.75000000,-265.50000000,2.03250000e+02
2269,3.29492188,3.25781250,3.71093750e-02,126.00000000,80.06250000,4.59375000e+01
2270,2.28515625,2.28906250,3.90625000e-03,-156.25000000,-173.87500000,1.76250000e+01
2271,1.82812500,1.84960938,2.14843750e-02,73.75000000,71.75000000,2.00000000e+00
2272,3.09765625,3.12500000,2.73437500e-02,-86.93750000,-45.90625000,4.10312500e+01
2273,3.39062500,3.44531250,5.46875000e-02,-35.15625000,78.12500000,1.13281250e+02
2274,2.76562500,2.78320312,1.75781250e-02,-421.75000000,-389.75000000,3.20000000e+01
2275,2.80078125,2.84375000,4.29687500e-02,-91.81250000,-82.00000000,9.81250000e+00
2276,6.00390625,6.12500000,1.21093750e-01,187.50000000,238.25000000,5.07500000e+01
2277,3.83984375,3.99023438,1.50390625e-01,-173.87500000,-114.25000000,5.96250000e+01
2278,1.78613281,1.77734375,8.78906250e-03,-112.81250000,-127.93750000,1.51250000e+01
2279,2.02343750,2.07031250,4.68750000e-02,96.68750000,132.75000000,3.60625000e+01
2280,2.22265625,2.25390625,3.12500000e-02,0.00000000,1.95312500,1.95312500e+00
2281,2.89453125,2.92578125,3.12500000e-02,65.43750000,68.37500000,2.93750000e+00
2282,3.84765625,3.90039062,5.27343750e-02,-205.12500000,-112.31250000,9.28125000e+01
2283,3.15234375,3.20117188,4.88281250e-02,-254.87500000,-275.50000000,2.06250000e+01
2284,3.23632812,3.29101562,5.46875000e-02,147.50000000,143.50000000,4.00000000e+00
2285,2.25000000,2.24218750,7.81250000e-03,-246.12500000,-269.50000000,2.33750000e+01
2286,3.58203125,3.46093750,1.21093750e-01,-339.75000000,-365.25000000,2.55000000e+01
2287,1.93652344,1.97265625,3.61328125e-02,-261.25000000,-244.12500000,1.71250000e+01
2288,4.07812500,4.16406250,8.59375000e-02,78.12500000,62.50000000,1.56250000e+01
2289,2.92968750,3.01171875,8.20312500e-02,-46.87500000,-3.90625000,4.29687500e+01
2290,3.67578125,3.74609375,7.03125000e-02,-111.31250000,-48.81250000,6.25000000e+01
2291,2.21484375,2.30859375,9.37500000e-02,60.53125000,136.75000000,7.62187500e+01
2292,3.28515625,3.65429688,3.69140625e-01,101.56250000,311.50000000,2.09937500e+02
2293,2.21484375,2.23242188,1.75781250e-02,-248.00000000,-241.25000000,6.75000000e+00
2294,1.75976562,1.69921875,6.05468750e-02,-266.50000000,-421.00000000,1.54500000e+02
2295,4.18359375,4.32031250,1.36718750e-01,-140.62500000,-74.18750000,6.64375000e+01
2296,3.48828125,3.47265625,1.56250000e-02,-28.31250000,-27.34375000,9.68750000e-01
2297,3.32421875,3.20312500,1.21093750e-01,95.68750000,17.57812500,7.81093750e+01
2298,3.06054688,3.08984375,2.92968750e-02,-67.37500000,-91.81250000,2.44375000e+01
2299,3.90820312,4.01953125,1.11328125e-01,216.75000000,256.75000000,4.00000000e+01
2300,1.96972656,1.98242188,1.26953125e-02,-35.65625000,-27.34375000,8.31250000e+00
2301,1.85742188,1.87207031,1.46484375e-02,-63.96875000,-57.12500000,6.84375000e+00
2302,2.91992188,2.92187500,1.95312500e-03,-77.12500000,-91.81250000,1.46875000e+01
2303,2.35742188,2.39453125,3.71093750e-02,35.15625000,66.37500000,3.12187500e+01
2304,2.71875000,2.76757812,4.88281250e-02,-25.39062500,-53.71875000,2.83281250e+01
2305,2.24218750,2.26367188,2.14843750e-02,79.12500000,70.31250000,8.81250000e+00
2306,2.90234375,2.90234375,0.00000000e+00,251.00000000,241.25000000,9.75000000e+00
2307,3.17187500,3.25195312,8.00781250e-02,77.12500000,122.06250000,4.49375000e+01
2308,3.47851562,3.42968750,4.88281250e-02,175.75000000,126.93750000,4.88125000e+01
2309,3.46484375,3.49218750,2.73437500e-02,13.67187500,-32.21875000,4.58906250e+01
2310,4.12890625,4.04687500,8.20312500e-02,680.50000000,536.00000000,1.44500000e+02
2311,2.05664062,2.12109375,6.44531250e-02,-16.59375000,12.69531250,2.92890625e+01
2312,2.40820312,2.41796875,9.76562500e-03,90.81250000,21.48437500,6.93281250e+01
2313,3.12109375,3.17968750,5.85937500e-02,156.25000000,148.37500000,7.87500000e+00
2314,2.58398438,2.57031250,1.36718750e-02,-135.75000000,-185.50000000,4.97500000e+01
2315,4.20703125,4.24609375,3.90625000e-02,242.12500000,261.75000000,1.96250000e+01
2316,2.07031250,2.10156250,3.12500000e-02,200.25000000,221.62500000,2.13750000e+01
2317,1.87890625,1.91210938,3.32031250e-02,-42.96875000,-35.15625000,7.81250000e+00
2318,2.94140625,2.86328125,7.81250000e-02,239.25000000,171.87500000,6.73750000e+01
2319,3.32421875,3.32226562,1.95312500e-03,84.00000000,11.71875000,7.22812500e+01
2320,2.53906250,2.60546875,6.64062500e-02,25.39062500,104.50000000,7.91093750e+01
2321,1.80761719,1.82617188,1.85546875e-02,25.87500000,51.75000000,2.58750000e+01
2322,2.83593750,2.93750000,1.01562500e-01,-218.75000000,-146.50000000,7.22500000e+01
2323,3.28320312,3.35937500,7.61718750e-02,303.75000000,311.50000000,7.75000000e+00
2324,3.18750000,3.02539062,1.62109375e-01,52.71875000,-51.75000000,1.04468750e+02
2325,3.02343750,3.01757812,5.85937500e-03,76.18750000,77.12500000,9.37500000e-01
2326,5.75000000,5.85937500,1.09375000e-01,-437.50000000,-293.00000000,1.44500000e+02
2327,3.96484375,4.05859375,9.37500000e-02,80.06250000,66.37500000,1.36875000e+01
2328,1.92187500,1.93554688,1.36718750e-02,76.18750000,65.43750000,1.07500000e+01
2329,1.84375000,1.84179688,1.95312500e-03,-29.29687500,-22.45312500,6.84375000e+00
2330,2.19531250,2.19335938,1.95312500e-03,76.18750000,73.25000000,2.93750000e+00
2331,3.06054688,3.01562500,4.49218750e-02,159.12500000,124.00000000,3.51250000e+01
2332,3.90625000,4.01953125,1.13281250e-01,-199.25000000,-234.37500000,3.51250000e+01
2333,3.46484375,3.53125000,6.64062500e-02,125.00000000,127.93750000,2.93750000e+00
2334,3.02148438,3.12109375,9.96093750e-02,84.93750000,176.75000000,9.18125000e+01
2335,2.58203125,2.57812500,3.90625000e-03,79.12500000,93.75000000,1.46250000e+01
2336,3.88671875,3.80273438,8.39843750e-02,355.50000000,338.75000000,1.67500000e+01
2337,2.24218750,2.13476562,1.07421875e-01,26.35937500,-35.15625000,6.15156250e+01
2338,4.85156250,5.09375000,2.42187500e-01,545.00000000,590.00000000,4.50000000e+01
2339,3.23828125,3.33007812,9.17968750e-02,41.00000000,48.81250000,7.81250000e+00
2340,3.94140625,3.89257812,4.88281250e-02,-58.59375000,-96.68750000,3.80937500e+01
2341,2.27343750,2.32812500,5.46875000e-02,122.06250000,132.75000000,1.06875000e+01
2342,2.72656250,2.76757812,4.10156250e-02,-45.90625000,-23.43750000,2.24687500e+01
2343,2.11328125,2.10351562,9.76562500e-03,-293.00000000,-294.00000000,1.00000000e+00
2344,2.42187500,2.42578125,3.90625000e-03,320.75000000,332.00000000,1.12500000e+01
2345,4.57421875,4.51171875,6.25000000e-02,654.50000000,513.50000000,1.41000000e+02
2346,3.19335938,3.07421875,1.19140625e-01,-245.12500000,-379.00000000,1.33875000e+02
2347,3.88867188,3.82421875,6.44531250e-02,645.50000000,613.50000000,3.20000000e+01
2348,3.08984375,3.17187500,8.20312500e-02,220.75000000,244.12500000,2.33750000e+01
2349,4.03906250,3.98437500,5.46875000e-02,457.00000000,367.25000000,8.97500000e+01
2350,1.84375000,1.84765625,3.90625000e-03,-210.87500000,-234.37500000,2.35000000e+01
2351,1.88183594,1.92968750,4.78515625e-02,36.62500000,79.12500000,4.25000000e+01
2352,3.16796875,3.17773438,9.76562500e-03,126.93750000,139.62500000,1.26875000e+01
2353,2.38867188,2.35156250,3.71093750e-02,32.21875000,-7.81250000,4.00312500e+01
2354,2.75390625,2.80859375,5.46875000e-02,-56.62500000,-51.75000000,4.87500000e+00
2355,2.26367188,2.33203125,6.83593750e-02,-98.62500000,-72.25000000,2.63750000e+01
2356,2.52734375,2.46484375,6.25000000e-02,94.75000000,74.18750000,2.05625000e+01
2357,3.51367188,3.30078125,2.12890625e-01,381.75000000,253.87500000,1.27875000e+02
2358,3.31054688,3.35546875,4.49218750e-02,-44.90625000,-18.54687500,2.63593750e+01
2359,3.34765625,3.33007812,1.75781250e-02,147.50000000,152.37500000,4.87500000e+00
2360,3.34960938,3.45312500,1.03515625e-01,-79.12500000,-39.06250000,4.00625000e+01
2361,2.18750000,2.19531250,7.81250000e-03,102.56250000,101.06250000,1.50000000e+00
2362,2.33984375,2.33007812,9.76562500e-03,-42.96875000,-77.12500000,3.41562500e+01
2363,4.05859375,3.98046875,7.81250000e-02,511.75000000,482.50000000,2.92500000e+01
2364,3.04296875,3.08984375,4.68750000e-02,335.00000000,351.50000000,1.65000000e+01
2365,3.74218750,3.69921875,4.29687500e-02,-207.00000000,-271.50000000,6.45000000e+01
2366,2.01367188,2.06054688,4.68750000e-02,95.68750000,100.56250000,4.87500000e+00
2367,2.08593750,2.10351562,1.75781250e-02,143.50000000,129.87500000,1.36250000e+01
2368,2.60937500,2.83984375,2.30468750e-01,103.50000000,219.75000000,1.16250000e+02
2369,3.42968750,3.40429688,2.53906250e-02,166.00000000,98.62500000,6.73750000e+01
2370,2.61718750,2.52539062,9.17968750e-02,-88.87500000,-154.25000000,6.53750000e+01
2371,1.75000000,1.74902344,9.76562500e-04,5.85937500,20.01562500,1.41562500e+01
2372,3.13671875,3.04296875,9.37500000e-02,238.25000000,199.25000000,3.90000000e+01
2373,3.53906250,3.60156250,6.25000000e-02,531.00000000,502.00000000,2.90000000e+01
2374,2.78906250,2.62890625,1.60156250e-01,60.53125000,-10.74218750,7.12734375e+01
2375,2.83593750,2.86328125,2.73437500e-02,-76.18750000,-81.06250000,4.87500000e+00
2376,5.88671875,5.77343750,1.13281250e-01,498.00000000,470.75000000,2.72500000e+01
2377,3.84960938,4.01171875,1.62109375e-01,34.18750000,98.62500000,6.44375000e+01
2378,1.90234375,1.92968750,2.73437500e-02,229.50000000,234.37500000,4.87500000e+00
2379,1.72070312,1.77246094,5.17578125e-02,-4.39453125,16.10937500,2.05039062e+01
2380,2.18554688,2.19140625,5.85937500e-03,117.68750000,98.62500000,1.90625000e+01
2381,2.80859375,2.81250000,3.90625000e-03,-49.81250000,-68.37500000,1.85625000e+01
2382,3.88476562,3.97265625,8.78906250e-02,74.18750000,287.00000000,2.12812500e+02
2383,3.12109375,3.24218750,1.21093750e-01,-122.06250000,-97.62500000,2.44375000e+01
2384,3.08984375,2.99609375,9.37500000e-02,190.37500000,137.75000000,5.26250000e+01
2385,2.50976562,2.48632812,2.34375000e-02,16.59375000,-2.92968750,1.95234375e+01
2386,3.62890625,3.60937500,1.95312500e-02,318.25000000,281.25000000,3.70000000e+01
2387,1.94921875,1.98730469,3.80859375e-02,-42.00000000,-20.01562500,2.19843750e+01
2388,4.30078125,4.49218750,1.91406250e-01,468.75000000,540.00000000,7.12500000e+01
2389,2.90820312,3.07421875,1.66015625e-01,170.87500000,218.75000000,4.78750000e+01
2390,3.76171875,3.94921875,1.87500000e-01,-423.75000000,-380.75000000,4.30000000e+01
2391,2.11328125,2.15234375,3.90625000e-02,15.62500000,25.39062500,9.76562500e+00
2392,3.16601562,3.18750000,2.14843750e-02,-12.69531250,-201.12500000,1.88429688e+02
2393,2.33203125,2.39062500,5.85937500e-02,-105.43750000,-63.46875000,4.19687500e+01
2394,2.26562500,2.25000000,1.56250000e-02,159.12500000,156.25000000,2.87500000e+00
2395,4.16015625,4.09375000,6.64062500e-02,-52.71875000,-21.48437500,3.12343750e+01
2396,3.18750000,3.20117188,1.36718750e-02,68.37500000,57.62500000,1.07500000e+01
2397,3.57812500,3.90625000,3.28125000e-01,267.50000000,392.50000000,1.25000000e+02
2398,2.96875000,3.07812500,1.09375000e-01,138.62500000,202.12500000,6.35000000e+01
2399,3.79882812,3.84375000,4.49218750e-02,-112.31250000,-150.37500000,3.80625000e+01
2400,1.94531250,1.98339844,3.80859375e-02,32.21875000,36.62500000,4.40625000e+00
2401,2.12500000,2.10937500,1.56250000e-02,195.25000000,176.75000000,1.85000000e+01
2402,3.20312500,3.23437500,3.12500000e-02,111.31250000,89.81250000,2.15000000e+01
2403,2.41601562,2.45507812,3.90625000e-02,-12.69531250,-8.78906250,3.90625000e+00
2404,2.93750000,3.01757812,8.00781250e-02,166.00000000,178.75000000,1.27500000e+01
2405,2.10156250,2.12890625,2.73437500e-02,-91.81250000,-84.00000000,7.81250000e+00
2406,2.67968750,2.63671875,4.29687500e-02,173.87500000,179.62500000,5.75000000e+00
2407,3.29687500,3.16992188,1.26953125e-01,-156.25000000,-147.50000000,8.75000000e+00
2408,2.93359375,2.98828125,5.46875000e-02,-342.75000000,-338.00000000,4.75000000e+00
2409,2.91992188,2.96875000,4.88281250e-02,-387.75000000,-322.25000000,6.55000000e+01
2410,3.71289062,3.73828125,2.53906250e-02,397.50000000,403.25000000,5.75000000e+00
2411,1.75195312,1.75000000,1.95312500e-03,-194.37500000,-217.75000000,2.33750000e+01
2412,2.69921875,2.74609375,4.68750000e-02,275.50000000,314.50000000,3.90000000e+01
2413,3.31445312,3.33203125,1.75781250e-02,543.00000000,552.50000000,9.50000000e+00
2414,2.80078125,2.81054688,9.76562500e-03,214.87500000,243.12500000,2.82500000e+01
2415,3.99609375,3.89843750,9.76562500e-02,152.37500000,76.18750000,7.61875000e+01
2416,1.72460938,1.77050781,4.58984375e-02,-64.43750000,-56.15625000,8.28125000e+00
2417,1.88769531,1.94921875,6.15234375e-02,32.71875000,53.71875000,2.10000000e+01
2418,3.13671875,3.17578125,3.90625000e-02,433.50000000,358.50000000,7.50000000e+01
2419,2.87109375,2.96093750,8.98437500e-02,-261.75000000,-206.00000000,5.57500000e+01
2420,2.43945312,2.42578125,1.36718750e-02,73.25000000,47.84375000,2.54062500e+01
2421,1.89257812,1.84960938,4.29687500e-02,170.87500000,121.06250000,4.98125000e+01
2422,2.78906250,2.81054688,2.14843750e-02,-142.62500000,-84.93750000,5.76875000e+01
2423,2.78125000,2.87109375,8.98437500e-02,-259.75000000,-250.00000000,9.75000000e+00
2424,2.50976562,2.40039062,1.09375000e-01,-300.75000000,-372.00000000,7.12500000e+01
2425,2.69531250,2.72656250,3.12500000e-02,62.50000000,60.53125000,1.96875000e+00
2426,5.45312500,5.48437500,3.12500000e-02,-406.25000000,-470.75000000,6.45000000e+01
2427,3.97656250,4.11718750,1.40625000e-01,-84.00000000,-76.18750000,7.81250000e+00
2428,1.81250000,1.89941406,8.69140625e-02,-19.53125000,15.13281250,3.46640625e+01
2429,1.79492188,1.82031250,2.53906250e-02,-75.68750000,-74.18750000,1.50000000e+00
2430,1.95996094,1.97851562,1.85546875e-02,29.29687500,28.31250000,9.84375000e-01
2431,2.72656250,2.68164062,4.49218750e-02,-1.95312500,-47.84375000,4.58906250e+01
2432,3.26953125,3.29687500,2.73437500e-02,-373.00000000,-437.50000000,6.45000000e+01
2433,3.18750000,3.34375000,1.56250000e-01,-24.40625000,-27.34375000,2.93750000e+00
2434,3.30078125,3.24804688,5.27343750e-02,264.75000000,225.62500000,3.91250000e+01
2435,2.28320312,2.29687500,1.36718750e-02,-49.81250000,-52.71875000,2.90625000e+00
2436,3.49609375,3.48828125,7.81250000e-03,70.31250000,45.90625000,2.44062500e+01
2437,1.74609375,1.72070312,2.53906250e-02,-279.25000000,-301.75000000,2.25000000e+01
2438,4.24609375,4.36718750,1.21093750e-01,308.50000000,342.75000000,3.42500000e+01
2439,2.08593750,2.07421875,1.17187500e-02,-581.00000000,-604.50000000,2.35000000e+01
2440,4.09765625,4.25781250,1.60156250e-01,255.87500000,341.75000000,8.58750000e+01
2441,2.04687500,2.07812500,3.12500000e-02,13.67187500,4.88281250,8.78906250e+00
2442,2.69531250,2.69140625,3.90625000e-03,13.67187500,-43.93750000,5.76093750e+01
2443,2.52539062,2.57812500,5.27343750e-02,83.00000000,100.56250000,1.75625000e+01
2444,2.14453125,2.08984375,5.46875000e-02,207.00000000,165.00000000,4.20000000e+01
2445,3.41992188,3.52343750,1.03515625e-01,-164.00000000,-158.25000000,5.75000000e+00
2446,3.26953125,3.27343750,3.90625000e-03,164.00000000,128.87500000,3.51250000e+01
2447,2.39453125,2.44140625,4.68750000e-02,-181.62500000,-162.12500000,1.95000000e+01
2448,3.04882812,3.12890625,8.00781250e-02,169.00000000,184.62500000,1.56250000e+01
2449,4.07421875,4.08203125,7.81250000e-03,417.00000000,385.75000000,3.12500000e+01
2450,1.80078125,1.81640625,1.56250000e-02,-121.06250000,-127.93750000,6.87500000e+00
2451,1.77832031,1.79101562,1.26953125e-02,-35.65625000,-19.53125000,1.61250000e+01
2452,3.27734375,3.21484375,6.25000000e-02,142.62500000,80.06250000,6.25625000e+01
2453,2.37500000,2.43359375,5.85937500e-02,144.50000000,108.37500000,3.61250000e+01
2454,2.93554688,2.93750000,1.95312500e-03,319.25000000,295.00000000,2.42500000e+01
2455,2.00781250,2.04101562,3.32031250e-02,-83.00000000,-96.68750000,1.36875000e+01
2456,2.36718750,2.32617188,4.10156250e-02,130.87500000,104.50000000,2.63750000e+01
2457,2.62109375,2.64648438,2.53906250e-02,-265.50000000,-217.75000000,4.77500000e+01
2458,3.23828125,3.21679688,2.14843750e-02,191.37500000,149.37500000,4.20000000e+01
2459,3.26562500,3.35546875,8.98437500e-02,-9.76562500,46.87500000,5.66406250e+01
2460,3.33203125,3.42187500,8.98437500e-02,220.75000000,292.00000000,7.12500000e+01
2461,2.03906250,2.09765625,5.85937500e-02,125.00000000,154.25000000,2.92500000e+01
2462,1.97656250,2.01562500,3.90625000e-02,-206.00000000,-161.12500000,4.48750000e+01
2463,3.37890625,3.21875000,1.60156250e-01,128.87500000,76.18750000,5.26875000e+01
2464,2.63281250,2.59960938,3.32031250e-02,116.18750000,53.71875000,6.24687500e+01
2465,4.08593750,4.11718750,3.12500000e-02,144.50000000,166.00000000,2.15000000e+01
2466,1.58398438,1.61035156,2.63671875e-02,-176.25000000,-174.37500000,1.87500000e+00
2467,1.90527344,1.98242188,7.71484375e-02,109.87500000,137.75000000,2.78750000e+01
2468,2.10937500,2.08203125,2.73437500e-02,-752.00000000,-687.50000000,6.45000000e+01
2469,3.01171875,2.99218750,1.95312500e-02,-133.75000000,-189.50000000,5.57500000e+01
2470,2.49804688,2.56640625,6.83593750e-02,119.12500000,128.87500000,9.75000000e+00
2471,1.55468750,1.55273438,1.95312500e-03,-47.84375000,-61.53125000,1.36875000e+01
2472,3.25000000,3.25195312,1.95312500e-03,143.50000000,159.12500000,1.56250000e+01
2473,2.95117188,3.07421875,1.23046875e-01,-203.12500000,-216.75000000,1.36250000e+01
2474,2.81640625,2.90039062,8.39843750e-02,-183.62500000,-202.12500000,1.85000000e+01
2475,2.95898438,3.00000000,4.10156250e-02,315.50000000,350.50000000,3.50000000e+01
2476,5.36328125,5.62890625,2.65625000e-01,-29.29687500,3.90625000,3.32031250e+01
2477,3.93359375,4.02734375,9.37500000e-02,-80.06250000,-87.87500000,7.81250000e+00
2478,1.53320312,1.54882812,1.56250000e-02,-236.37500000,-248.00000000,1.16250000e+01
2479,1.70703125,1.71777344,1.07421875e-02,-45.90625000,-42.46875000,3.43750000e+00
2480,2.07421875,2.07031250,3.90625000e-03,75.18750000,45.90625000,2.92812500e+01
2481,2.90625000,2.90820312,1.95312500e-03,130.87500000,102.56250000,2.83125000e+01
2482,3.34570312,3.44335938,9.76562500e-02,-368.25000000,-337.00000000,3.12500000e+01
2483,3.05664062,3.06054688,3.90625000e-03,-71.31250000,-161.12500000,8.98125000e+01
2484,2.95898438,3.00585938,4.68750000e-02,212.87500000,157.25000000,5.56250000e+01
2485,2.53515625,2.56250000,2.73437500e-02,171.87500000,197.25000000,2.53750000e+01
2486,3.30468750,3.20312500,1.01562500e-01,54.68750000,25.39062500,2.92968750e+01
2487,1.88574219,1.91210938,2.63671875e-02,-76.68750000,-52.71875000,2.39687500e+01
2488,4.81250000,5.01953125,2.07031250e-01,699.00000000,754.00000000,5.50000000e+01
2489,2.56250000,2.64648438,8.39843750e-02,-37.09375000,34.18750000,7.12812500e+01
2490,3.09570312,3.21093750,1.15234375e-01,-194.37500000,-130.87500000,6.35000000e+01
2491,2.16796875,2.20703125,3.90625000e-02,91.81250000,119.12500000,2.73125000e+01
2492,3.17382812,3.03906250,1.34765625e-01,183.62500000,14.64843750,1.68976562e+02
2493,2.31054688,2.24023438,7.03125000e-02,-23.43750000,-75.18750000,5.17500000e+01
2494,1.96289062,2.02734375,6.44531250e-02,-64.43750000,-42.00000000,2.24375000e+01
2495,3.27343750,3.33984375,6.64062500e-02,-87.87500000,-72.25000000,1.56250000e+01
2496,3.20703125,3.14648438,6.05468750e-02,78.12500000,67.37500000,1.07500000e+01
2497,2.32421875,2.37109375,4.68750000e-02,-58.59375000,-115.25000000,5.66562500e+01
2498,2.82421875,2.84570312,2.14843750e-02,-114.25000000,-104.50000000,9.75000000e+00
2499,3.06250000,3.11132812,4.88281250e-02,-324.25000000,-411.25000000,8.70000000e+01
2500,2.21679688,2.06250000,1.54296875e-01,213.87500000,122.06250000,9.18125000e+01
2501,1.76464844,1.78710938,2.24609375e-02,-21.96875000,-17.09375000,4.87500000e+00
2502,3.21875000,3.30859375,8.98437500e-02,135.75000000,153.37500000,1.76250000e+01
2503,2.22070312,2.27343750,5.27343750e-02,34.18750000,30.26562500,3.92187500e+00
2504,2.71093750,2.78515625,7.42187500e-02,110.37500000,134.75000000,2.43750000e+01
2505,2.13085938,2.14843750,1.75781250e-02,95.68750000,72.25000000,2.34375000e+01
2506,2.13281250,2.07226562,6.05468750e-02,-121.06250000,-151.37500000,3.03125000e+01
2507,3.92773438,3.78906250,1.38671875e-01,544.00000000,477.50000000,6.65000000e+01
2508,2.85546875,2.89453125,3.90625000e-02,-164.00000000,-135.75000000,2.82500000e+01
2509,3.27734375,3.26171875,1.56250000e-02,119.12500000,145.50000000,2.63750000e+01
2510,3.46875000,3.47460938,5.85937500e-03,164.00000000,134.75000000,2.92500000e+01
2511,2.18359375,2.11718750,6.64062500e-02,337.50000000,308.50000000,2.90000000e+01
2512,1.97851562,2.06640625,8.78906250e-02,-204.12500000,-126.93750000,7.71875000e+01
2513,2.67578125,2.64843750,2.73437500e-02,-312.50000000,-296.75000000,1.57500000e+01
2514,2.76171875,2.86718750,1.05468750e-01,412.50000000,593.50000000,1.81000000e+02
2515,3.91015625,3.95703125,4.68750000e-02,145.50000000,156.25000000,1.07500000e+01
2516,1.70312500,1.74609375,4.29687500e-02,-96.68750000,-83.00000000,1.36875000e+01
2517,1.98144531,2.04687500,6.54296875e-02,137.75000000,174.75000000,3.70000000e+01
2518,2.35156250,2.78125000,4.29687500e-01,-167.00000000,53.71875000,2.20718750e+02
2519,3.51757812,3.53906250,2.14843750e-02,193.37500000,184.62500000,8.75000000e+00
2520,1.99609375,2.00585938,9.76562500e-03,-362.25000000,-368.25000000,6.00000000e+00
2521,1.66015625,1.68164062,2.14843750e-02,36.62500000,52.25000000,1.56250000e+01
2522,2.80078125,2.78125000,1.95312500e-02,-44.90625000,-25.39062500,1.95156250e+01
2523,2.64453125,2.49609375,1.48437500e-01,-204.12500000,-308.50000000,1.04375000e+02
2524,2.94921875,2.81250000,1.36718750e-01,216.75000000,172.87500000,4.38750000e+01
2525,2.31054688,2.30468750,5.85937500e-03,-310.50000000,-328.00000000,1.75000000e+01
2526,5.28906250,5.14843750,1.40625000e-01,56.62500000,17.57812500,3.90468750e+01
2527,3.45507812,3.51757812,6.25000000e-02,-104.50000000,-124.00000000,1.95000000e+01
2528,1.52246094,1.51757812,4.88281250e-03,-198.75000000,-220.75000000,2.20000000e+01
2529,1.98730469,2.01171875,2.44140625e-02,221.25000000,236.87500000,1.56250000e+01
2530,2.07421875,2.00000000,7.42187500e-02,91.81250000,53.21875000,3.85937500e+01
2531,2.71679688,2.72070312,3.90625000e-03,24.40625000,8.78906250,1.56171875e+01
2532,3.54296875,3.72070312,1.77734375e-01,31.25000000,148.37500000,1.17125000e+02
2533,3.28710938,3.29882812,1.17187500e-02,41.00000000,-25.39062500,6.63906250e+01
2534,2.79296875,2.77343750,1.95312500e-02,43.93750000,-10.74218750,5.46796875e+01
2535,2.54296875,2.54296875,0.00000000e+00,151.37500000,126.93750000,2.44375000e+01
2536,3.66406250,3.62500000,3.90625000e-02,345.75000000,357.50000000,1.17500000e+01
2537,2.04296875,2.08789062,4.49218750e-02,169.00000000,155.25000000,1.37500000e+01
2538,4.71093750,4.38281250,3.28125000e-01,621.00000000,376.00000000,2.45000000e+02
2539,2.91406250,2.86328125,5.07812500e-02,177.75000000,132.75000000,4.50000000e+01
2540,4.50000000,4.60546875,1.05468750e-01,283.25000000,331.00000000,4.77500000e+01
2541,1.64843750,1.68457031,3.61328125e-02,-219.75000000,-242.62500000,2.28750000e+01
2542,2.55078125,2.52929688,2.14843750e-02,-220.75000000,-266.50000000,4.57500000e+01
2543,2.39062500,2.30664062,8.39843750e-02,85.93750000,20.50000000,6.54375000e+01
2544,1.94921875,1.92773438,2.14843750e-02,88.37500000,84.93750000,3.43750000e+00
2545,3.67773438,3.76953125,9.17968750e-02,-49.81250000,-14.64843750,3.51640625e+01
2546,3.17773438,3.20703125,2.92968750e-02,153.37500000,128.87500000,2.45000000e+01
2547,2.92578125,2.75585938,1.69921875e-01,282.25000000,171.87500000,1.10375000e+02
2548,2.74609375,2.72265625,2.34375000e-02,-58.59375000,-85.93750000,2.73437500e+01
2549,3.95312500,3.98242188,2.92968750e-02,243.12500000,268.50000000,2.53750000e+01
2550,1.71679688,1.76269531,4.58984375e-02,-113.25000000,-92.31250000,2.09375000e+01
2551,1.78125000,1.77343750,7.81250000e-03,-70.81250000,-88.87500000,1.80625000e+01
2552,2.62890625,2.58203125,4.68750000e-02,-195.25000000,-261.75000000,6.65000000e+01
2553,2.63671875,2.64062500,3.90625000e-03,410.25000000,386.75000000,2.35000000e+01
2554,2.36718750,2.44921875,8.20312500e-02,-203.12500000,-190.37500000,1.27500000e+01
2555,2.33593750,2.38281250,4.68750000e-02,248.00000000,264.25000000,1.62500000e+01
2556,2.33789062,2.26171875,7.61718750e-02,79.12500000,48.81250000,3.03125000e+01
2557,3.05859375,3.16406250,1.05468750e-01,3.90625000,48.81250000,4.49062500e+01
2558,2.78320312,2.82226562,3.90625000e-02,-206.00000000,-178.75000000,2.72500000e+01
2559,3.11718750,2.95703125,1.60156250e-01,-134.75000000,-209.00000000,7.42500000e+01
2560,3.23437500,3.24609375,1.17187500e-02,169.87500000,98.62500000,7.12500000e+01
2561,1.55371094,1.55957031,5.85937500e-03,-313.00000000,-311.00000000,2.00000000e+00
2562,2.26953125,2.29882812,2.92968750e-02,142.62500000,108.37500000,3.42500000e+01
2563,3.10937500,3.08593750,2.34375000e-02,193.37500000,153.37500000,4.00000000e+01
2564,2.36914062,2.33203125,3.71093750e-02,-31.25000000,13.67187500,4.49218750e+01
2565,3.37304688,3.43359375,6.05468750e-02,-313.50000000,-273.50000000,4.00000000e+01
2566,1.68554688,1.71679688,3.12500000e-02,-73.25000000,-42.96875000,3.02812500e+01
2567,1.92187500,1.94335938,2.14843750e-02,84.00000000,91.81250000,7.81250000e+00
2568,2.98828125,2.93750000,5.07812500e-02,222.62500000,171.87500000,5.07500000e+01
2569,3.06835938,3.13281250,6.44531250e-02,22.45312500,73.25000000,5.07968750e+01
2570,2.42382812,2.48828125,6.44531250e-02,104.50000000,134.75000000,3.02500000e+01
2571,1.83789062,1.79492188,4.29687500e-02,233.87500000,210.00000000,2.38750000e+01
2572,3.01953125,3.07031250,5.07812500e-02,252.00000000,310.50000000,5.85000000e+01
2573,2.76757812,2.73242188,3.51562500e-02,-210.87500000,-193.37500000,1.75000000e+01
2574,2.35546875,2.36718750,1.17187500e-02,-345.75000000,-259.75000000,8.60000000e+01
2575,3.15039062,3.09570312,5.46875000e-02,455.00000000,403.25000000,5.17500000e+01
2576,6.51562500,6.58984375,7.42187500e-02,920.00000000,1008.00000000,8.80000000e+01
2577,3.91015625,4.02343750,1.13281250e-01,44.90625000,40.03125000,4.87500000e+00
2578,1.53027344,1.51367188,1.66015625e-02,-42.00000000,-85.93750000,4.39375000e+01
2579,1.60937500,1.61914062,9.76562500e-03,-88.87500000,-71.31250000,1.75625000e+01
2580,1.98242188,1.92675781,5.56640625e-02,62.50000000,15.13281250,4.73671875e+01
2581,2.71093750,2.71289062,1.95312500e-03,15.62500000,14.64843750,9.76562500e-01
2582,4.75781250,4.53906250,2.18750000e-01,554.50000000,386.75000000,1.67750000e+02
2583,2.82617188,2.89062500,6.44531250e-02,-266.50000000,-272.50000000,6.00000000e+00
2584,2.64062500,2.74414062,1.03515625e-01,-201.12500000,-116.18750000,8.49375000e+01
2585,2.44726562,2.47265625,2.53906250e-02,31.25000000,6.83593750,2.44140625e+01
2586,3.12109375,3.08984375,3.12500000e-02,-59.56250000,-105.43750000,4.58750000e+01
2587,2.04687500,2.11132812,6.44531250e-02,120.12500000,188.50000000,6.83750000e+01
2588,4.08984375,4.49218750,4.02343750e-01,176.75000000,390.50000000,2.13750000e+02
2589,2.70703125,2.73046875,2.34375000e-02,15.62500000,18.54687500,2.92187500e+00
2590,3.44140625,3.60546875,1.64062500e-01,-560.50000000,-406.25000000,1.54250000e+02
2591,1.70703125,1.71191406,4.88281250e-03,-157.25000000,-155.75000000,1.50000000e+00
2592,2.81250000,2.86328125,5.07812500e-02,-101.56250000,-11.71875000,8.98437500e+01
2593,2.27343750,2.25390625,1.95312500e-02,-170.87500000,-179.62500000,8.75000000e+00
2594,1.76367188,1.74804688,1.56250000e-02,-87.87500000,-49.31250000,3.85625000e+01
2595,3.59375000,3.32031250,2.73437500e-01,-7.81250000,-223.62500000,2.15812500e+02
2596,3.16015625,3.29101562,1.30859375e-01,181.62500000,233.37500000,5.17500000e+01
2597,3.44531250,3.17187500,2.73437500e-01,516.50000000,363.25000000,1.53250000e+02
2598,2.48828125,2.51562500,2.73437500e-02,-194.37500000,-183.62500000,1.07500000e+01
2599,3.39453125,3.43750000,4.29687500e-02,-238.25000000,-202.12500000,3.61250000e+01
2600,1.92968750,1.95605469,2.63671875e-02,148.37500000,158.75000000,1.03750000e+01
2601,2.04492188,2.01562500,2.92968750e-02,248.00000000,256.75000000,8.75000000e+00
2602,3.05078125,3.02343750,2.73437500e-02,207.00000000,178.75000000,2.82500000e+01
2603,1.89648438,1.89746094,9.76562500e-04,-207.00000000,-202.62500000,4.37500000e+00
2604,2.32617188,2.35156250,2.53906250e-02,-319.25000000,-289.00000000,3.02500000e+01
2605,1.70312500,1.68359375,1.95312500e-02,-338.00000000,-367.25000000,2.92500000e+01
2606,2.07031250,2.17187500,1.01562500e-01,-232.37500000,-150.37500000,8.20000000e+01
2607,2.43359375,2.34179688,9.17968750e-02,-336.00000000,-377.00000000,4.10000000e+01
2608,2.79882812,2.81250000,1.36718750e-02,-161.12500000,-163.12500000,2.00000000e+00
2609,3.52343750,3.48046875,4.29687500e-02,391.50000000,373.00000000,1.85000000e+01
2610,3.27539062,3.33789062,6.25000000e-02,312.50000000,293.00000000,1.95000000e+01
2611,2.33203125,2.22851562,1.03515625e-01,350.50000000,288.00000000,6.25000000e+01
2612,1.88085938,1.83398438,4.68750000e-02,-140.62500000,-161.12500000,2.05000000e+01
2613,2.99414062,3.02734375,3.32031250e-02,40.03125000,15.62500000,2.44062500e+01
2614,2.33398438,2.16992188,1.64062500e-01,-95.68750000,-203.12500000,1.07437500e+02
2615,3.36523438,3.36328125,1.95312500e-03,-217.75000000,-236.37500000,1.86250000e+01
2616,1.63378906,1.63574219,1.95312500e-03,-31.73437500,-18.06250000,1.36718750e+01
2617,1.82031250,1.81835938,1.95312500e-03,82.00000000,72.25000000,9.75000000e+00
2618,3.00195312,2.82226562,1.79687500e-01,460.00000000,401.25000000,5.87500000e+01
2619,2.63671875,2.78320312,1.46484375e-01,-121.06250000,-86.93750000,3.41250000e+01
2620,1.98828125,1.95312500,3.51562500e-02,-436.50000000,-447.25000000,1.07500000e+01
2621,1.67968750,1.71875000,3.90625000e-02,71.31250000,91.81250000,2.05000000e+01
2622,2.76953125,2.65234375,1.17187500e-01,-43.93750000,-99.62500000,5.56875000e+01
2623,2.77343750,2.81445312,4.10156250e-02,-192.37500000,-143.50000000,4.88750000e+01
2624,2.65820312,2.69335938,3.51562500e-02,-10.74218750,-20.50000000,9.75781250e+00
2625,2.60156250,2.54882812,5.27343750e-02,72.25000000,49.81250000,2.24375000e+01
2626,5.63671875,5.76562500,1.28906250e-01,210.87500000,121.06250000,8.98125000e+01
2627,3.89062500,3.99218750,1.01562500e-01,214.87500000,293.00000000,7.81250000e+01
2628,1.88281250,1.80273438,8.00781250e-02,63.96875000,32.71875000,3.12500000e+01
2629,1.81542969,1.80371094,1.17187500e-02,146.00000000,134.25000000,1.17500000e+01
2630,1.82031250,1.86132812,4.10156250e-02,19.53125000,32.21875000,1.26875000e+01
2631,2.87890625,2.86328125,1.56250000e-02,180.62500000,158.25000000,2.23750000e+01
2632,3.29687500,3.25976562,3.71093750e-02,-627.00000000,-614.50000000,1.25000000e+01
2633,3.30859375,3.48828125,1.79687500e-01,27.34375000,76.18750000,4.88437500e+01
2634,2.50781250,2.56054688,5.27343750e-02,-286.25000000,-294.00000000,7.75000000e+00
2635,2.42968750,2.48046875,5.07812500e-02,99.62500000,126.93750000,2.73125000e+01
2636,3.38867188,3.31250000,7.61718750e-02,-51.75000000,-44.90625000,6.84375000e+00
2637,2.07421875,2.02343750,5.07812500e-02,75.68750000,31.25000000,4.44375000e+01
2638,4.02343750,4.25781250,2.34375000e-01,436.50000000,492.25000000,5.57500000e+01
2639,2.33984375,2.26171875,7.81250000e-02,-367.25000000,-388.75000000,2.15000000e+01
2640,3.51562500,3.52343750,7.81250000e-03,-35.15625000,-220.75000000,1.85593750e+02
2641,1.84179688,1.78515625,5.66406250e-02,-49.31250000,-112.31250000,6.30000000e+01
2642,2.95703125,2.80859375,1.48437500e-01,204.12500000,191.37500000,1.27500000e+01
2643,2.33203125,2.29296875,3.90625000e-02,101.56250000,94.75000000,6.81250000e+00
2644,2.19921875,2.10546875,9.37500000e-02,302.25000000,266.50000000,3.57500000e+01
2645,3.76562500,3.51953125,2.46093750e-01,-185.50000000,-291.00000000,1.05500000e+02
2646,2.85937500,2.94140625,8.20312500e-02,117.18750000,105.43750000,1.17500000e+01
2647,2.99609375,3.15429688,1.58203125e-01,58.59375000,188.50000000,1.29906250e+02
2648,2.66406250,2.71093750,4.68750000e-02,-21.48437500,-31.25000000,9.76562500e+00
2649,3.62500000,3.65234375,2.73437500e-02,76.18750000,17.57812500,5.86093750e+01
2650,1.67187500,1.68554688,1.36718750e-02,-42.96875000,-55.65625000,1.26875000e+01
2651,1.77832031,1.79296875,1.46484375e-02,-163.62500000,-136.75000000,2.68750000e+01
2652,2.62695312,2.58593750,4.10156250e-02,-122.06250000,-47.84375000,7.42187500e+01
2653,1.69531250,1.75976562,6.44531250e-02,-311.50000000,-278.25000000,3.32500000e+01
2654,2.50781250,2.51171875,3.90625000e-03,-21.48437500,-58.59375000,3.71093750e+01
2655,1.80664062,1.86132812,5.46875000e-02,-51.75000000,-73.25000000,2.15000000e+01
2656,2.23437500,2.14062500,9.37500000e-02,200.25000000,162.12500000,3.81250000e+01
2657,2.52343750,2.47265625,5.07812500e-02,-523.50000000,-588.00000000,6.45000000e+01
2658,2.89062500,2.91015625,1.95312500e-02,-47.84375000,-64.43750000,1.65937500e+01
2659,3.12500000,3.12109375,3.90625000e-03,100.56250000,164.00000000,6.34375000e+01
2660,3.00781250,2.95703125,5.07812500e-02,-79.12500000,-187.50000000,1.08375000e+02
2661,1.84667969,1.84960938,2.92968750e-03,-49.81250000,-51.75000000,1.93750000e+00
2662,2.12109375,2.20507812,8.39843750e-02,121.06250000,166.00000000,4.49375000e+01
2663,2.89062500,2.85156250,3.90625000e-02,157.25000000,84.00000000,7.32500000e+01
2664,2.01171875,1.95312500,5.85937500e-02,-214.87500000,-217.75000000,2.87500000e+00
2665,3.64257812,3.65234375,9.76562500e-03,-86.93750000,-136.75000000,4.98125000e+01
2666,1.88085938,1.87500000,5.85937500e-03,221.25000000,224.12500000,2.87500000e+00
2667,1.60839844,1.64941406,4.10156250e-02,-28.31250000,-2.44140625,2.58710938e+01
2668,2.66406250,2.75390625,8.98437500e-02,-193.37500000,-147.50000000,4.58750000e+01
2669,2.41406250,2.40625000,7.81250000e-03,-287.00000000,-236.37500000,5.06250000e+01
2670,2.13476562,2.11328125,2.14843750e-02,-100.56250000,-89.81250000,1.07500000e+01
2671,1.42773438,1.43261719,4.88281250e-03,-57.62500000,-50.28125000,7.34375000e+00
2672,3.06445312,3.03515625,2.92968750e-02,239.25000000,200.25000000,3.90000000e+01
2673,2.70117188,2.70117188,0.00000000e+00,53.71875000,12.69531250,4.10234375e+01
2674,2.86132812,2.70507812,1.56250000e-01,247.12500000,163.12500000,8.40000000e+01
2675,2.54492188,2.53515625,9.76562500e-03,73.25000000,115.25000000,4.20000000e+01
2676,5.19531250,5.59375000,3.98437500e-01,-168.00000000,-27.34375000,1.40656250e+02
2677,3.25390625,3.44140625,1.87500000e-01,-287.00000000,-237.25000000,4.97500000e+01
2678,1.25488281,1.23046875,2.44140625e-02,-334.50000000,-369.25000000,3.47500000e+01
2679,1.58007812,1.59960938,1.95312500e-02,-112.31250000,-114.25000000,1.93750000e+00
2680,1.79296875,1.79882812,5.85937500e-03,17.57812500,-2.92968750,2.05078125e+01
2681,2.74218750,2.75000000,7.81250000e-03,85.93750000,74.18750000,1.17500000e+01
2682,4.04296875,4.04687500,3.90625000e-03,259.75000000,158.25000000,1.01500000e+02
2683,3.00390625,3.09960938,9.57031250e-02,-99.62500000,-104.50000000,4.87500000e+00
2684,3.19921875,3.11718750,8.20312500e-02,228.50000000,177.75000000,5.07500000e+01
2685,2.82421875,2.91796875,9.37500000e-02,277.25000000,343.75000000,6.65000000e+01
2686,3.04687500,2.99218750,5.46875000e-02,-35.15625000,-34.18750000,9.68750000e-01
2687,1.85156250,1.90625000,5.46875000e-02,-90.81250000,-79.12500000,1.16875000e+01
2688,3.75000000,3.84179688,9.17968750e-02,142.62500000,126.93750000,1.56875000e+01
2689,2.76953125,2.82031250,5.07812500e-02,207.00000000,308.50000000,1.01500000e+02
2690,3.41796875,3.41992188,1.95312500e-03,-1242.00000000,-1091.00000000,1.51000000e+02
2691,2.08398438,2.02929688,5.46875000e-02,148.00000000,136.25000000,1.17500000e+01
2692,2.35351562,2.25781250,9.57031250e-02,-350.50000000,-405.25000000,5.47500000e+01
2693,1.88183594,1.85546875,2.63671875e-02,-334.50000000,-352.50000000,1.80000000e+01
2694,1.67382812,1.70507812,3.12500000e-02,-43.46875000,-63.46875000,2.00000000e+01
2695,3.73828125,3.53515625,2.03125000e-01,89.81250000,-97.62500000,1.87437500e+02
2696,3.01367188,3.16406250,1.50390625e-01,231.50000000,338.00000000,1.06500000e+02
2697,3.49609375,3.41406250,8.20312500e-02,654.50000000,529.50000000,1.25000000e+02
2698,2.75195312,2.75781250,5.85937500e-03,170.87500000,154.25000000,1.66250000e+01
2699,4.33593750,4.21875000,1.17187500e-01,687.50000000,646.50000000,4.10000000e+01
2700,1.92382812,1.98144531,5.76171875e-02,175.75000000,178.25000000,2.50000000e+00
2701,1.71875000,1.68945312,2.92968750e-02,-43.93750000,-71.31250000,2.73750000e+01
2702,2.61718750,2.61523438,1.95312500e-03,-72.25000000,-99.62500000,2.73750000e+01
2703,1.76562500,1.76660156,9.76562500e-04,-377.00000000,-401.75000000,2.47500000e+01
2704,2.41406250,2.46875000,5.46875000e-02,65.43750000,82.00000000,1.65625000e+01
2705,2.36718750,2.39843750,3.12500000e-02,410.25000000,424.25000000,1.40000000e+01
2706,2.26757812,2.23046875,3.71093750e-02,0.97656250,-89.81250000,9.07890625e+01
2707,3.48437500,3.54492188,6.05468750e-02,210.00000000,323.25000000,1.13250000e+02
2708,3.08203125,3.15429688,7.22656250e-02,177.75000000,231.50000000,5.37500000e+01
2709,2.55078125,2.53906250,1.17187500e-02,-477.50000000,-495.00000000,1.75000000e+01
2710,2.49804688,2.59570312,9.76562500e-02,-292.00000000,-215.87500000,7.61250000e+01
2711,2.06250000,2.08593750,2.34375000e-02,338.00000000,405.25000000,6.72500000e+01
2712,1.83300781,1.75390625,7.91015625e-02,141.12500000,56.62500000,8.45000000e+01
2713,2.35937500,2.34375000,1.56250000e-02,-14.64843750,-72.25000000,5.76015625e+01
2714,2.17578125,2.13085938,4.49218750e-02,-92.75000000,-45.90625000,4.68437500e+01
2715,3.04687500,3.06640625,1.95312500e-02,-380.75000000,-369.25000000,1.15000000e+01
2716,1.82421875,1.82226562,1.95312500e-03,226.12500000,226.50000000,3.75000000e-01
2717,1.87109375,1.89843750,2.73437500e-02,180.62500000,194.37500000,1.37500000e+01
2718,2.35546875,2.38671875,3.12500000e-02,-30.26562500,37.09375000,6.73593750e+01
2719,2.99218750,2.98828125,3.90625000e-03,296.75000000,225.62500000,7.11250000e+01
2720,2.37109375,2.35937500,1.17187500e-02,221.62500000,221.25000000,3.75000000e-01
2721,1.28027344,1.30664062,2.63671875e-02,-200.25000000,-173.87500000,2.63750000e+01
2722,2.82812500,2.73437500,9.37500000e-02,120.12500000,69.31250000,5.08125000e+01
2723,3.08593750,3.15625000,7.03125000e-02,347.75000000,393.50000000,4.57500000e+01
2724,2.36132812,2.29296875,6.83593750e-02,3.90625000,-43.93750000,4.78437500e+01
2725,2.34375000,2.30468750,3.90625000e-02,-109.37500000,-110.37500000,1.00000000e+00
2726,5.67578125,5.73046875,5.46875000e-02,810.50000000,654.50000000,1.56000000e+02
2727,3.46093750,3.52148438,6.05468750e-02,-226.50000000,-256.75000000,3.02500000e+01
2728,1.32031250,1.31835938,1.95312500e-03,-425.75000000,-348.75000000,7.70000000e+01
2729,1.54687500,1.56835938,2.14843750e-02,-91.31250000,-63.96875000,2.73437500e+01
2730,1.64550781,1.64062500,4.88281250e-03,-115.75000000,-111.31250000,4.43750000e+00
2731,2.23828125,2.20898438,2.92968750e-02,-410.25000000,-407.25000000,3.00000000e+00
2732,3.54296875,3.61132812,6.83593750e-02,119.12500000,96.68750000,2.24375000e+01
2733,2.74414062,2.78515625,4.10156250e-02,-98.62500000,-117.18750000,1.85625000e+01
2734,3.15820312,2.98242188,1.75781250e-01,419.00000000,307.50000000,1.11500000e+02
2735,2.22070312,2.28320312,6.25000000e-02,-32.21875000,40.03125000,7.22500000e+01
2736,3.76562500,3.77734375,1.17187500e-02,468.75000000,464.75000000,4.00000000e+00
2737,1.89257812,1.96093750,6.83593750e-02,78.12500000,109.37500000,3.12500000e+01
2738,3.45703125,3.60156250,1.44531250e-01,-122.06250000,-214.87500000,9.28125000e+01
2739,2.73046875,2.71484375,1.56250000e-02,166.00000000,140.62500000,2.53750000e+01
2740,3.96679688,3.75585938,2.10937500e-01,-24.40625000,-45.90625000,2.15000000e+01
2741,2.11718750,2.05664062,6.05468750e-02,207.00000000,177.25000000,2.97500000e+01
2742,2.60546875,2.64257812,3.71093750e-02,-65.43750000,-57.62500000,7.81250000e+00
2743,2.17578125,2.21484375,3.90625000e-02,82.00000000,122.56250000,4.05625000e+01
2744,1.77734375,1.80859375,3.12500000e-02,-30.76562500,-38.09375000,7.32812500e+00
2745,3.98828125,4.17187500,1.83593750e-01,355.50000000,496.00000000,1.40500000e+02
2746,2.72265625,2.49804688,2.24609375e-01,-3.90625000,-150.37500000,1.46468750e+02
2747,2.66796875,2.65234375,1.56250000e-02,177.75000000,91.81250000,8.59375000e+01
2748,2.72460938,2.76757812,4.29687500e-02,160.12500000,176.75000000,1.66250000e+01
2749,3.91406250,4.07421875,1.60156250e-01,504.00000000,605.50000000,1.01500000e+02
2750,1.96289062,1.96484375,1.95312500e-03,302.75000000,297.75000000,5.00000000e+00
2751,1.53808594,1.55468750,1.66015625e-02,-113.75000000,-90.81250000,2.29375000e+01
2752,2.45312500,2.47656250,2.34375000e-02,-137.75000000,-125.00000000,1.27500000e+01
2753,1.74804688,1.82617188,7.81250000e-02,-232.37500000,-171.87500000,6.05000000e+01
2754,2.41992188,2.43359375,1.36718750e-02,-38.09375000,-31.25000000,6.84375000e+00
2755,1.83984375,1.88085938,4.10156250e-02,-77.12500000,-62.50000000,1.46250000e+01
2756,2.32226562,2.31640625,5.85937500e-03,78.12500000,102.56250000,2.44375000e+01
2757,2.78906250,2.74609375,4.29687500e-02,-255.87500000,-287.00000000,3.11250000e+01
2758,2.88476562,2.86523438,1.95312500e-02,38.09375000,0.97656250,3.71171875e+01
2759,2.68945312,2.70312500,1.36718750e-02,-587.00000000,-533.00000000,5.40000000e+01
2760,2.33203125,2.29101562,4.10156250e-02,-403.25000000,-444.25000000,4.10000000e+01
2761,1.80078125,1.80468750,3.90625000e-03,89.81250000,97.18750000,7.37500000e+00
2762,2.08984375,2.06445312,2.53906250e-02,26.35937500,18.54687500,7.81250000e+00
2763,2.66406250,2.54101562,1.23046875e-01,114.25000000,88.87500000,2.53750000e+01
2764,2.23046875,2.09765625,1.32812500e-01,150.37500000,131.87500000,1.85000000e+01
2765,3.47851562,3.42187500,5.66406250e-02,121.06250000,99.62500000,2.14375000e+01
2766,1.41601562,1.44238281,2.63671875e-02,-158.25000000,-167.50000000,9.25000000e+00
2767,1.92285156,1.95117188,2.83203125e-02,313.00000000,310.50000000,2.50000000e+00
2768,2.26562500,2.17382812,9.17968750e-02,-21.48437500,-101.56250000,8.00781250e+01
2769,2.98046875,3.04296875,6.25000000e-02,143.50000000,150.37500000,6.87500000e+00
2770,1.87695312,2.00000000,1.23046875e-01,-125.00000000,-62.50000000,6.25000000e+01
2771,1.33300781,1.27832031,5.46875000e-02,-170.87500000,-206.00000000,3.51250000e+01
2772,2.69531250,2.64843750,4.68750000e-02,-239.25000000,-282.25000000,4.30000000e+01
2773,2.45898438,2.47265625,1.36718750e-02,112.31250000,64.43750000,4.78750000e+01
2774,2.42187500,2.48437500,6.25000000e-02,-492.25000000,-347.75000000,1.44500000e+02
2775,2.41796875,2.39453125,2.34375000e-02,-99.62500000,-117.18750000,1.75625000e+01
2776,5.34765625,5.61328125,2.65625000e-01,121.06250000,267.50000000,1.46437500e+02
2777,3.98828125,4.13281250,1.44531250e-01,304.75000000,300.75000000,4.00000000e+00
2778,1.75585938,1.71093750,4.49218750e-02,183.62500000,148.37500000,3.52500000e+01
2779,1.67187500,1.69531250,2.34375000e-02,83.00000000,101.56250000,1.85625000e+01
2780,1.96093750,1.99218750,3.12500000e-02,275.50000000,298.75000000,2.32500000e+01
2781,2.59570312,2.60156250,5.85937500e-03,-75.18750000,-60.53125000,1.46562500e+01
2782,4.22265625,4.22656250,3.90625000e-03,560.50000000,494.25000000,6.62500000e+01
2783,3.15234375,3.26953125,1.17187500e-01,58.59375000,126.93750000,6.83437500e+01
2784,3.03125000,2.90234375,1.28906250e-01,476.50000000,410.25000000,6.62500000e+01
2785,2.41796875,2.40234375,1.56250000e-02,-58.59375000,-62.50000000,3.90625000e+00
2786,3.26171875,3.18359375,7.81250000e-02,183.62500000,162.12500000,2.15000000e+01
2787,1.58007812,1.63183594,5.17578125e-02,-210.87500000,-168.00000000,4.28750000e+01
2788,4.59765625,4.91015625,3.12500000e-01,573.00000000,691.50000000,1.18500000e+02
2789,2.33789062,2.28906250,4.88281250e-02,-274.50000000,-273.50000000,1.00000000e+00
2790,5.12109375,5.23437500,1.13281250e-01,931.50000000,1036.00000000,1.04500000e+02
2791,2.16015625,2.12890625,3.12500000e-02,252.00000000,233.37500000,1.86250000e+01
2792,2.38867188,2.29492188,9.37500000e-02,-58.59375000,-27.34375000,3.12500000e+01
2793,2.25585938,2.19921875,5.66406250e-02,-17.57812500,-55.65625000,3.80781250e+01
2794,1.87500000,1.80078125,7.42187500e-02,-8.29687500,36.62500000,4.49218750e+01
2795,3.66406250,3.54687500,1.17187500e-01,421.00000000,166.00000000,2.55000000e+02
2796,2.64843750,2.60156250,4.68750000e-02,-175.75000000,-185.50000000,9.75000000e+00
2797,2.66406250,2.79687500,1.32812500e-01,166.00000000,160.12500000,5.87500000e+00
2798,2.40820312,2.44921875,4.10156250e-02,-73.25000000,-82.00000000,8.75000000e+00
2799,3.18945312,3.24804688,5.85937500e-02,-114.25000000,-116.18750000,1.93750000e+00
2800,1.54199219,1.54882812,6.83593750e-03,-141.62500000,-130.87500000,1.07500000e+01
2801,1.88964844,1.90039062,1.07421875e-02,215.37500000,216.75000000,1.37500000e+00
2802,2.54492188,2.50390625,4.10156250e-02,-59.56250000,-80.06250000,2.05000000e+01
2803,1.83984375,1.89453125,5.46875000e-02,-24.90625000,-21.48437500,3.42187500e+00
2804,2.57421875,2.55273438,2.14843750e-02,158.25000000,147.50000000,1.07500000e+01
2805,1.87109375,1.88281250,1.17187500e-02,-52.71875000,-64.43750000,1.17187500e+01
2806,2.32421875,2.22460938,9.96093750e-02,33.18750000,-4.88281250,3.80703125e+01
2807,2.25390625,2.23632812,1.75781250e-02,-982.50000000,-876.00000000,1.06500000e+02
2808,2.61328125,2.68554688,7.22656250e-02,-29.29687500,-8.78906250,2.05078125e+01
2809,2.77929688,2.81640625,3.71093750e-02,-45.90625000,3.90625000,4.98125000e+01
2810,2.72656250,2.75000000,2.34375000e-02,-20.50000000,-19.53125000,9.68750000e-01
2811,1.89941406,2.01171875,1.12304688e-01,53.21875000,83.00000000,2.97812500e+01
2812,1.79882812,1.65625000,1.42578125e-01,-332.00000000,-404.25000000,7.22500000e+01
2813,2.81640625,2.74609375,7.03125000e-02,21.48437500,-42.96875000,6.44531250e+01
2814,1.95507812,1.93359375,2.14843750e-02,-214.87500000,-171.87500000,4.30000000e+01
2815,3.70703125,3.66015625,4.68750000e-02,150.37500000,132.75000000,1.76250000e+01
2816,1.67968750,1.75390625,7.42187500e-02,34.18750000,48.81250000,1.46250000e+01
2817,1.59472656,1.62597656,3.12500000e-02,19.04687500,18.06250000,9.84375000e-01
2818,2.43750000,2.49218750,5.46875000e-02,128.87500000,205.12500000,7.62500000e+01
2819,2.68164062,2.67187500,9.76562500e-03,-131.87500000,-297.75000000,1.65875000e+02
2820,2.39843750,2.37695312,2.14843750e-02,200.25000000,195.25000000,5.00000000e+00
2821,1.58593750,1.58105469,4.88281250e-03,69.31250000,71.75000000,2.43750000e+00
2822,2.82031250,2.77343750,4.68750000e-02,134.75000000,140.62500000,5.87500000e+00
2823,2.47851562,2.41796875,6.05468750e-02,51.75000000,5.85937500,4.58906250e+01
2824,2.45898438,2.37890625,8.00781250e-02,66.37500000,33.18750000,3.31875000e+01
2825,2.28710938,2.36132812,7.42187500e-02,-0.97656250,65.43750000,6.64140625e+01
2826,4.93750000,4.77343750,1.64062500e-01,328.00000000,136.75000000,1.91250000e+02
2827,3.37109375,3.45312500,8.20312500e-02,-199.25000000,-232.37500000,3.31250000e+01
2828,1.49023438,1.55468750,6.44531250e-02,-121.06250000,-80.56250000,4.05000000e+01
2829,1.51074219,1.51562500,4.88281250e-03,-105.43750000,-128.87500000,2.34375000e+01
2830,1.66015625,1.64453125,1.56250000e-02,-42.96875000,-69.31250000,2.63437500e+01
2831,2.71289062,2.80859375,9.57031250e-02,22.45312500,75.18750000,5.27343750e+01
2832,3.05078125,3.07421875,2.34375000e-02,-164.00000000,-194.37500000,3.03750000e+01
2833,3.09375000,3.01367188,8.00781250e-02,166.00000000,166.00000000,0.00000000e+00
2834,3.08593750,3.09375000,7.81250000e-03,259.75000000,239.25000000,2.05000000e+01
2835,2.49218750,2.56640625,7.42187500e-02,224.62500000,253.87500000,2.92500000e+01
2836,2.96484375,2.96875000,3.90625000e-03,62.50000000,71.31250000,8.81250000e+00
2837,1.69531250,1.69238281,2.92968750e-03,-173.87500000,-202.62500000,2.87500000e+01
2838,3.16992188,3.33593750,1.66015625e-01,-120.12500000,-107.43750000,1.26875000e+01
2839,2.53320312,2.58203125,4.88281250e-02,-83.00000000,-56.62500000,2.63750000e+01
2840,3.21875000,3.36718750,1.48437500e-01,-590.00000000,-636.50000000,4.65000000e+01
2841,1.75390625,1.78808594,3.41796875e-02,-251.00000000,-219.25000000,3.17500000e+01
2842,2.19335938,2.10351562,8.98437500e-02,-251.00000000,-286.25000000,3.52500000e+01
2843,2.08007812,2.02539062,5.46875000e-02,70.31250000,30.26562500,4.00468750e+01
2844,1.53515625,1.45898438,7.61718750e-02,-134.75000000,-268.50000000,1.33750000e+02
2845,3.75000000,3.93164062,1.81640625e-01,293.00000000,376.00000000,8.30000000e+01
2846,2.55078125,2.59570312,4.49218750e-02,-111.31250000,-110.37500000,9.37500000e-01
2847,2.67773438,2.81835938,1.40625000e-01,112.31250000,146.50000000,3.41875000e+01
2848,2.59570312,2.69531250,9.96093750e-02,128.87500000,165.00000000,3.61250000e+01
2849,2.88671875,2.89062500,3.90625000e-03,-335.00000000,-353.50000000,1.85000000e+01
2850,1.86914062,1.88183594,1.26953125e-02,126.43750000,111.81250000,1.46250000e+01
2851,1.65234375,1.62890625,2.34375000e-02,56.62500000,25.39062500,3.12343750e+01
2852,2.25585938,2.24609375,9.76562500e-03,-256.75000000,-268.50000000,1.17500000e+01
2853,1.84375000,1.82421875,1.95312500e-02,-105.43750000,-139.62500000,3.41875000e+01
2854,2.35546875,2.29882812,5.66406250e-02,13.67187500,-28.31250000,4.19843750e+01
2855,1.96679688,1.96289062,3.90625000e-03,231.00000000,196.75000000,3.42500000e+01
2856,2.11328125,1.98437500,1.28906250e-01,-11.71875000,2.44140625,1.41601562e+01
2857,2.98046875,2.89453125,8.59375000e-02,-22.45312500,6.83593750,2.92890625e+01
2858,2.68750000,2.71875000,3.12500000e-02,-102.56250000,-103.50000000,9.37500000e-01
2859,3.22460938,3.18750000,3.71093750e-02,345.75000000,300.75000000,4.50000000e+01
2860,2.79687500,2.80273438,5.85937500e-03,60.53125000,-12.69531250,7.32265625e+01
2861,1.90820312,1.95312500,4.49218750e-02,78.62500000,92.31250000,1.36875000e+01
2862,1.75390625,1.73242188,2.14843750e-02,-308.50000000,-380.00000000,7.15000000e+01
2863,2.36718750,2.36718750,0.00000000e+00,-158.25000000,-197.25000000,3.90000000e+01
2864,2.12695312,2.03515625,9.17968750e-02,-20.50000000,-28.31250000,7.81250000e+00
2865,3.57226562,3.65234375,8.00781250e-02,57.62500000,118.18750000,6.05625000e+01
2866,1.64843750,1.70996094,6.15234375e-02,71.31250000,64.93750000,6.37500000e+00
2867,1.43554688,1.50585938,7.03125000e-02,-144.00000000,-138.12500000,5.87500000e+00
2868,2.11718750,2.04101562,7.61718750e-02,-3.90625000,-71.31250000,6.74062500e+01
2869,2.45703125,2.60546875,1.48437500e-01,85.93750000,126.00000000,4.00625000e+01
2870,2.31640625,2.32031250,3.90625000e-03,43.93750000,35.15625000,8.78125000e+00
2871,1.39843750,1.37695312,2.14843750e-02,-62.00000000,-98.12500000,3.61250000e+01
2872,2.92578125,2.93359375,7.81250000e-03,103.50000000,189.50000000,8.60000000e+01
2873,2.32812500,2.29882812,2.92968750e-02,-42.00000000,-33.18750000,8.81250000e+00
2874,2.31640625,2.24609375,7.03125000e-02,-51.75000000,-27.34375000,2.44062500e+01
2875,2.24218750,2.17773438,6.44531250e-02,-42.96875000,-70.31250000,2.73437500e+01
2876,5.87109375,6.23437500,3.63281250e-01,830.00000000,906.00000000,7.60000000e+01
2877,3.50390625,3.88281250,3.78906250e-01,41.00000000,80.06250000,3.90625000e+01
2878,1.59179688,1.58203125,9.76562500e-03,14.64843750,32.71875000,1.80703125e+01
2879,1.47851562,1.50390625,2.53906250e-02,-119.12500000,-144.50000000,2.53750000e+01
2880,1.64453125,1.71386719,6.93359375e-02,-107.93750000,-81.56250000,2.63750000e+01
2881,2.48828125,2.46679688,2.14843750e-02,-8.78906250,-63.46875000,5.46796875e+01
2882,3.87109375,3.74609375,1.25000000e-01,283.25000000,263.75000000,1.95000000e+01
2883,2.87890625,2.88085938,1.95312500e-03,32.21875000,18.54687500,1.36718750e+01
2884,2.32421875,2.33789062,1.36718750e-02,-114.25000000,-146.50000000,3.22500000e+01
2885,2.53125000,2.40234375,1.28906250e-01,253.87500000,186.50000000,6.73750000e+01
2886,2.84375000,2.77734375,6.64062500e-02,8.78906250,-47.84375000,5.66328125e+01
2887,1.51464844,1.56445312,4.98046875e-02,-165.50000000,-163.12500000,2.37500000e+00
2888,3.52148438,3.71875000,1.97265625e-01,331.00000000,421.75000000,9.07500000e+01
2889,2.73046875,2.61132812,1.19140625e-01,140.62500000,127.93750000,1.26875000e+01
2890,4.06640625,3.86523438,2.01171875e-01,470.75000000,337.00000000,1.33750000e+02
2891,1.91015625,1.93945312,2.92968750e-02,92.75000000,91.31250000,1.43750000e+00
2892,2.31250000,2.26757812,4.49218750e-02,90.81250000,147.50000000,5.66875000e+01
2893,2.33789062,2.37890625,4.10156250e-02,300.75000000,340.75000000,4.00000000e+01
2894,1.68750000,1.70312500,1.56250000e-02,86.93750000,84.50000000,2.43750000e+00
2895,3.89257812,4.05859375,1.66015625e-01,329.00000000,517.50000000,1.88500000e+02
2896,2.41015625,2.40820312,1.95312500e-03,-164.00000000,-180.62500000,1.66250000e+01
2897,2.12500000,2.30664062,1.81640625e-01,-162.12500000,-104.50000000,5.76250000e+01
2898,2.50585938,2.50781250,1.95312500e-03,54.68750000,34.18750000,2.05000000e+01
2899,3.03710938,3.21875000,1.81640625e-01,-384.75000000,-332.00000000,5.27500000e+01
2900,1.76171875,1.76757812,5.85937500e-03,165.50000000,146.50000000,1.90000000e+01
2901,1.63378906,1.66015625,2.63671875e-02,-27.82812500,-32.21875000,4.39062500e+00
2902,2.88281250,2.89843750,1.56250000e-02,249.00000000,250.00000000,1.00000000e+00
2903,2.41601562,2.48828125,7.22656250e-02,313.50000000,315.50000000,2.00000000e+00
2904,2.46289062,2.50390625,4.10156250e-02,-6.83593750,-18.54687500,1.17109375e+01
2905,1.88085938,1.96484375,8.39843750e-02,133.25000000,127.43750000,5.81250000e+00
2906,2.29492188,2.26757812,2.73437500e-02,-32.21875000,-12.69531250,1.95234375e+01
2907,2.43945312,2.37890625,6.05468750e-02,-236.37500000,-270.50000000,3.41250000e+01
2908,2.79296875,2.82617188,3.32031250e-02,140.62500000,137.75000000,2.87500000e+00
2909,2.63476562,2.58007812,5.46875000e-02,-1.95312500,-34.18750000,3.22343750e+01
2910,2.96679688,3.09570312,1.28906250e-01,197.25000000,196.25000000,1.00000000e+00
2911,2.15429688,2.10937500,4.49218750e-02,284.25000000,222.62500000,6.16250000e+01
2912,2.08203125,2.14453125,6.25000000e-02,105.43750000,214.87500000,1.09437500e+02
2913,3.07226562,3.02343750,4.88281250e-02,344.75000000,265.50000000,7.92500000e+01
2914,2.69726562,2.40234375,2.94921875e-01,596.50000000,495.50000000,1.01000000e+02
2915,3.77539062,3.87304688,9.76562500e-02,399.50000000,456.00000000,5.65000000e+01
2916,1.57324219,1.60449219,3.12500000e-02,33.68750000,14.15625000,1.95312500e+01
2917,1.62500000,1.69921875,7.42187500e-02,-1.95312500,21.48437500,2.34375000e+01
2918,2.04101562,2.16406250,1.23046875e-01,-322.25000000,-201.12500000,1.21125000e+02
2919,2.87500000,2.92578125,5.07812500e-02,59.56250000,111.31250000,5.17500000e+01
2920,2.75781250,2.73437500,2.34375000e-02,380.00000000,346.75000000,3.32500000e+01
2921,1.67773438,1.67578125,1.95312500e-03,165.50000000,171.87500000,6.37500000e+00
2922,2.48437500,2.53906250,5.46875000e-02,-369.25000000,-309.50000000,5.97500000e+01
2923,2.42968750,2.52539062,9.57031250e-02,100.56250000,180.62500000,8.00625000e+01
2924,2.33398438,2.47460938,1.40625000e-01,96.68750000,169.87500000,7.31875000e+01
2925,2.42968750,2.45703125,2.73437500e-02,74.18750000,91.81250000,1.76250000e+01
2926,5.82812500,5.95312500,1.25000000e-01,654.50000000,656.00000000,1.50000000e+00
2927,3.58007812,3.71093750,1.30859375e-01,90.81250000,93.75000000,2.93750000e+00
2928,1.80371094,1.85742188,5.37109375e-02,284.75000000,284.25000000,5.00000000e-01
2929,1.42285156,1.44238281,1.95312500e-02,-214.37500000,-232.87500000,1.85000000e+01
2930,2.04882812,2.10351562,5.46875000e-02,249.00000000,297.25000000,4.82500000e+01
2931,2.74414062,2.72070312,2.34375000e-02,220.75000000,219.75000000,1.00000000e+00
2932,3.35937500,3.32812500,3.12500000e-02,119.12500000,107.43750000,1.16875000e+01
2933,2.71875000,2.78320312,6.44531250e-02,-55.65625000,-40.03125000,1.56250000e+01
2934,2.65625000,2.72656250,7.03125000e-02,89.81250000,170.87500000,8.10625000e+01
2935,2.06054688,2.06445312,3.90625000e-03,-42.96875000,-53.71875000,1.07500000e+01
2936,3.13281250,3.19140625,5.85937500e-02,235.37500000,248.00000000,1.26250000e+01
2937,1.80859375,1.82617188,1.75781250e-02,9.76562500,-14.64843750,2.44140625e+01
2938,3.26562500,3.47265625,2.07031250e-01,5.85937500,-15.62500000,2.14843750e+01
2939,2.55859375,2.48046875,7.81250000e-02,-102.56250000,-146.50000000,4.39375000e+01
2940,3.82421875,3.80859375,1.56250000e-02,-80.06250000,-42.96875000,3.70937500e+01
2941,1.61523438,1.67773438,6.25000000e-02,-226.50000000,-137.75000000,8.87500000e+01
2942,2.61914062,2.61132812,7.81250000e-03,264.75000000,346.25000000,8.15000000e+01
2943,1.74316406,1.77539062,3.22265625e-02,-189.00000000,-160.12500000,2.88750000e+01
2944,1.83984375,1.73730469,1.02539062e-01,99.62500000,30.76562500,6.88593750e+01
2945,3.96875000,3.75585938,2.12890625e-01,297.75000000,186.50000000,1.11250000e+02
2946,2.64062500,2.58007812,6.05468750e-02,125.00000000,95.68750000,2.93125000e+01
2947,2.72851562,2.84375000,1.15234375e-01,328.00000000,315.50000000,1.25000000e+01
2948,2.33593750,2.29101562,4.49218750e-02,-78.12500000,-126.00000000,4.78750000e+01
2949,2.89062500,2.99023438,9.96093750e-02,-407.25000000,-413.00000000,5.75000000e+00
2950,1.73046875,1.72070312,9.76562500e-03,162.62500000,160.12500000,2.50000000e+00
2951,1.45019531,1.48144531,3.12500000e-02,-229.00000000,-232.87500000,3.87500000e+00
2952,2.49414062,2.46875000,2.53906250e-02,83.00000000,46.87500000,3.61250000e+01
2953,1.91992188,1.87890625,4.10156250e-02,-78.12500000,-128.87500000,5.07500000e+01
2954,2.69335938,2.76562500,7.22656250e-02,485.25000000,519.50000000,3.42500000e+01
2955,1.90234375,1.93945312,3.71093750e-02,45.90625000,43.93750000,1.96875000e+00
2956,2.30078125,2.31054688,9.76562500e-03,-2.92968750,28.31250000,3.12421875e+01
2957,3.14453125,3.08984375,5.46875000e-02,162.12500000,130.87500000,3.12500000e+01
2958,2.64843750,2.70703125,5.85937500e-02,29.29687500,60.53125000,3.12343750e+01
2959,2.91210938,2.81640625,9.57031250e-02,278.25000000,159.12500000,1.19125000e+02
2960,2.65625000,2.66406250,7.81250000e-03,-158.25000000,-187.50000000,2.92500000e+01
2961,1.60156250,1.65625000,5.46875000e-02,-106.43750000,-72.25000000,3.41875000e+01
2962,1.94531250,2.00390625,5.85937500e-02,100.56250000,165.00000000,6.44375000e+01
2963,2.25000000,2.22656250,2.34375000e-02,-291.00000000,-395.50000000,1.04500000e+02
2964,1.62695312,1.63671875,9.76562500e-03,-397.50000000,-425.75000000,2.82500000e+01
2965,3.04687500,3.04296875,3.90625000e-03,-142.62500000,-180.62500000,3.80000000e+01
2966,1.27734375,1.29101562,1.36718750e-02,-241.75000000,-273.50000000,3.17500000e+01
2967,1.55371094,1.55273438,9.76562500e-04,-41.00000000,-69.81250000,2.88125000e+01
2968,2.51367188,2.61132812,9.76562500e-02,40.03125000,-65.43750000,1.05468750e+02
2969,2.56835938,2.58007812,1.17187500e-02,7.81250000,-15.62500000,2.34375000e+01
2970,2.29687500,2.31250000,1.56250000e-02,117.18750000,170.37500000,5.31875000e+01
2971,1.38085938,1.39550781,1.46484375e-02,-25.39062500,-18.06250000,7.32812500e+00
2972,2.33593750,2.33203125,3.90625000e-03,-191.37500000,-318.25000000,1.26875000e+02
2973,2.36328125,2.37500000,1.17187500e-02,39.06250000,33.18750000,5.87500000e+00
2974,1.82226562,1.86328125,4.10156250e-02,-247.12500000,-180.62500000,6.65000000e+01
2975,2.12109375,2.17968750,5.85937500e-02,-201.12500000,-134.75000000,6.63750000e+01
2976,4.70312500,4.76562500,6.25000000e-02,-285.25000000,-484.25000000,1.99000000e+02
2977,3.40625000,3.64843750,2.42187500e-01,53.71875000,174.75000000,1.21031250e+02
2978,1.44335938,1.47265625,2.92968750e-02,183.62500000,281.75000000,9.81250000e+01
2979,1.43554688,1.46484375,2.92968750e-02,-17.57812500,-23.43750000,5.85937500e+00
2980,1.57519531,1.64843750,7.32421875e-02,-162.62500000,-128.87500000,3.37500000e+01
2981,2.82421875,2.81640625,7.81250000e-03,409.25000000,446.25000000,3.70000000e+01
2982,3.84375000,3.79296875,5.07812500e-02,47.84375000,-19.53125000,6.73750000e+01
2983,3.21093750,3.28125000,7.03125000e-02,327.25000000,369.25000000,4.20000000e+01
2984,2.44140625,2.47656250,3.51562500e-02,-98.62500000,-73.25000000,2.53750000e+01
2985,2.51757812,2.53515625,1.75781250e-02,58.59375000,25.39062500,3.32031250e+01
2986,3.43359375,3.43945312,5.85937500e-03,527.50000000,508.75000000,1.87500000e+01
2987,1.89453125,1.96582031,7.12890625e-02,53.71875000,34.65625000,1.90625000e+01
2988,2.71875000,2.85351562,1.34765625e-01,-231.50000000,-147.50000000,8.40000000e+01
2989,2.27343750,2.30078125,2.73437500e-02,-250.00000000,-296.00000000,4.60000000e+01
2990,3.78515625,3.64843750,1.36718750e-01,-468.75000000,-623.00000000,1.54250000e+02
2991,1.85546875,1.90039062,4.49218750e-02,3.90625000,43.46875000,3.95625000e+01
2992,2.54687500,2.40820312,1.38671875e-01,224.62500000,228.50000000,3.87500000e+00
2993,2.08984375,2.05859375,3.12500000e-02,100.56250000,101.56250000,1.00000000e+00
2994,1.65429688,1.62890625,2.53906250e-02,-90.81250000,-21.96875000,6.88437500e+01
2995,2.68359375,2.81054688,1.26953125e-01,-421.75000000,-362.25000000,5.95000000e+01
2996,2.51562500,2.48828125,2.73437500e-02,-187.50000000,-244.12500000,5.66250000e+01
2997,3.10156250,2.92578125,1.75781250e-01,398.50000000,320.25000000,7.82500000e+01
2998,2.27343750,2.30078125,2.73437500e-02,-111.31250000,-134.75000000,2.34375000e+01
2999,2.77539062,2.78710938,1.17187500e-02,-119.12500000,-152.37500000,3.32500000e+01
3000,1.15527344,1.17578125,2.05078125e-02,-463.50000000,-486.25000000,2.27500000e+01
3001,1.47851562,1.49414062,1.56250000e-02,-220.75000000,-175.75000000,4.50000000e+01
3002,2.30468750,2.27343750,3.12500000e-02,-54.68750000,-62.50000000,7.81250000e+00
3003,1.63085938,1.67773438,4.68750000e-02,-205.12500000,-190.37500000,1.47500000e+01
3004,1.76562500,1.80859375,4.29687500e-02,-300.75000000,-224.62500000,7.61250000e+01
3005,1.69726562,1.73242188,3.51562500e-02,-75.18750000,-106.43750000,3.12500000e+01
3006,2.82226562,2.78906250,3.32031250e-02,566.00000000,555.50000000,1.05000000e+01
3007,2.90234375,2.85546875,4.68750000e-02,220.75000000,218.75000000,2.00000000e+00
3008,2.54882812,2.52343750,2.53906250e-02,43.93750000,-1.95312500,4.58906250e+01
3009,2.53515625,2.53125000,3.90625000e-03,36.12500000,10.74218750,2.53828125e+01
3010,2.34765625,2.37890625,3.12500000e-02,-166.00000000,-178.75000000,1.27500000e+01
3011,1.29003906,1.30859375,1.85546875e-02,-396.00000000,-355.50000000,4.05000000e+01
3012,2.07617188,1.98632812,8.98437500e-02,257.75000000,229.50000000,2.82500000e+01
3013,2.66015625,3.32031250,6.60156250e-01,233.37500000,577.00000000,3.43625000e+02
3014,2.12109375,2.03710938,8.39843750e-02,260.75000000,177.75000000,8.30000000e+01
3015,2.74218750,2.75781250,1.56250000e-02,-326.25000000,-329.00000000,2.75000000e+00
3016,1.59960938,1.64453125,4.49218750e-02,96.68750000,110.37500000,1.36875000e+01
3017,1.28613281,1.35253906,6.64062500e-02,-185.50000000,-188.00000000,2.50000000e+00
3018,2.74609375,2.73828125,7.81250000e-03,290.00000000,270.50000000,1.95000000e+01
3019,2.69726562,2.71679688,1.95312500e-02,104.50000000,125.00000000,2.05000000e+01
3020,2.12695312,2.19531250,6.83593750e-02,57.62500000,50.78125000,6.84375000e+00
3021,1.52343750,1.51074219,1.26953125e-02,198.75000000,195.75000000,3.00000000e+00
3022,2.30664062,2.35546875,4.88281250e-02,-274.50000000,-260.75000000,1.37500000e+01
3023,2.23437500,2.31054688,7.61718750e-02,11.71875000,38.09375000,2.63750000e+01
3024,2.18750000,2.07421875,1.13281250e-01,-201.12500000,-275.50000000,7.43750000e+01
3025,2.18164062,2.32031250,1.38671875e-01,-2.92968750,68.37500000,7.13046875e+01
3026,4.16796875,4.18359375,1.56250000e-02,-701.00000000,-746.00000000,4.50000000e+01
3027,3.08203125,3.05078125,3.12500000e-02,-125.00000000,-258.75000000,1.33750000e+02
3028,1.57031250,1.54296875,2.73437500e-02,60.06250000,24.40625000,3.56562500e+01
3029,1.61328125,1.66406250,5.07812500e-02,151.37500000,152.37500000,1.00000000e+00
3030,1.84082031,1.83886719,1.95312500e-03,240.75000000,219.25000000,2.15000000e+01
3031,2.08789062,2.17968750,9.17968750e-02,-207.00000000,-179.62500000,2.73750000e+01
3032,2.84570312,2.89062500,4.49218750e-02,-946.50000000,-834.00000000,1.12500000e+02
3033,2.95312500,3.02343750,7.03125000e-02,341.75000000,338.75000000,3.00000000e+00
3034,2.70898438,2.78515625,7.61718750e-02,213.87500000,320.25000000,1.06375000e+02
3035,2.08984375,2.20507812,1.15234375e-01,-92.75000000,-63.46875000,2.92812500e+01
3036,2.80664062,2.79296875,1.36718750e-02,-40.03125000,-71.31250000,3.12812500e+01
3037,1.35351562,1.41796875,6.44531250e-02,-380.00000000,-268.00000000,1.12000000e+02
3038,3.24023438,3.29296875,5.27343750e-02,190.37500000,113.25000000,7.71250000e+01
3039,2.84765625,2.76953125,7.81250000e-02,253.87500000,209.00000000,4.48750000e+01
3040,3.90625000,4.29687500,3.90625000e-01,32.21875000,244.12500000,2.11906250e+02
3041,2.05078125,2.14453125,9.37500000e-02,312.50000000,365.75000000,5.32500000e+01
3042,2.22265625,2.32421875,1.01562500e-01,-146.50000000,-30.26562500,1.16234375e+02
3043,1.93164062,1.90136719,3.02734375e-02,20.01562500,-6.34765625,2.63632812e+01
3044,1.56835938,1.51953125,4.88281250e-02,-51.28125000,-70.31250000,1.90312500e+01
3045,3.52343750,3.74023438,2.16796875e-01,521.50000000,534.00000000,1.25000000e+01
3046,2.34375000,2.40234375,5.85937500e-02,-82.00000000,-55.65625000,2.63437500e+01
3047,2.10937500,2.15234375,4.29687500e-02,-229.50000000,-171.87500000,5.76250000e+01
3048,2.17773438,2.20117188,2.34375000e-02,-274.50000000,-293.00000000,1.85000000e+01
3049,3.13085938,3.10742188,2.34375000e-02,229.50000000,217.75000000,1.17500000e+01
3050,1.42773438,1.40625000,2.14843750e-02,-244.12500000,-320.25000000,7.61250000e+01
3051,1.45312500,1.43164062,2.14843750e-02,-95.18750000,-89.81250000,5.37500000e+00
3052,2.43750000,2.38476562,5.27343750e-02,154.25000000,113.25000000,4.10000000e+01
3053,1.89648438,1.95703125,6.05468750e-02,37.09375000,48.34375000,1.12500000e+01
3054,2.16601562,2.17773438,1.17187500e-02,223.62500000,251.00000000,2.73750000e+01
3055,1.76367188,1.78710938,2.34375000e-02,-36.12500000,-79.12500000,4.30000000e+01
3056,1.75976562,1.79687500,3.71093750e-02,-78.62500000,-79.12500000,5.00000000e-01
3057,2.51562500,2.42773438,8.78906250e-02,-173.87500000,-270.50000000,9.66250000e+01
3058,2.33789062,2.33593750,1.95312500e-03,-94.75000000,-134.75000000,4.00000000e+01
3059,2.34570312,2.26757812,7.81250000e-02,-142.62500000,-156.25000000,1.36250000e+01
3060,2.65820312,2.62890625,2.92968750e-02,16.59375000,-24.40625000,4.10000000e+01
3061,1.72070312,1.70898438,1.17187500e-02,70.31250000,39.06250000,3.12500000e+01
3062,1.90234375,1.96875000,6.64062500e-02,-23.43750000,23.43750000,4.68750000e+01
3063,2.83398438,2.74023438,9.37500000e-02,274.50000000,290.00000000,1.55000000e+01
3064,1.62109375,1.68750000,6.64062500e-02,-207.00000000,-168.00000000,3.90000000e+01
3065,3.66210938,3.73632812,7.42187500e-02,631.00000000,661.00000000,3.00000000e+01
3066,1.31250000,1.36523438,5.27343750e-02,-205.62500000,-187.00000000,1.86250000e+01
3067,1.55761719,1.63085938,7.32421875e-02,60.53125000,55.65625000,4.87500000e+00
3068,2.50390625,2.34375000,1.60156250e-01,104.50000000,33.18750000,7.13125000e+01
3069,2.66601562,2.75976562,9.37500000e-02,2.92968750,29.29687500,2.63671875e+01
3070,2.12304688,2.16601562,4.29687500e-02,96.18750000,85.93750000,1.02500000e+01
3071,1.36132812,1.35937500,1.95312500e-03,2.92968750,-19.53125000,2.24609375e+01
3072,2.46484375,2.49804688,3.32031250e-02,20.50000000,41.00000000,2.05000000e+01
3073,2.11718750,2.15625000,3.90625000e-02,-102.56250000,-97.62500000,4.93750000e+00
3074,2.11914062,2.17773438,5.85937500e-02,-166.00000000,-190.37500000,2.43750000e+01
3075,2.28710938,2.24023438,4.68750000e-02,239.25000000,230.50000000,8.75000000e+00
3076,3.65820312,3.52343750,1.34765625e-01,-352.50000000,-416.00000000,6.35000000e+01
3077,2.56640625,2.54296875,2.34375000e-02,-475.50000000,-507.75000000,3.22500000e+01
3078,1.32031250,1.13867188,1.81640625e-01,-25.39062500,-143.50000000,1.18109375e+02
3079,1.35156250,1.39746094,4.58984375e-02,-81.06250000,-80.56250000,5.00000000e-01
3080,1.58007812,1.63476562,5.46875000e-02,-33.18750000,-28.31250000,4.87500000e+00
3081,2.25195312,2.14843750,1.03515625e-01,-72.25000000,-154.25000000,8.20000000e+01
3082,4.53515625,4.17578125,3.59375000e-01,748.00000000,566.50000000,1.81500000e+02
3083,2.99609375,2.98437500,1.17187500e-02,17.57812500,44.90625000,2.73281250e+01
3084,2.56835938,2.47265625,9.57031250e-02,112.31250000,6.83593750,1.05476562e+02
3085,1.80957031,1.87890625,6.93359375e-02,-499.50000000,-494.25000000,5.25000000e+00
3086,2.84765625,2.80859375,3.90625000e-02,-80.06250000,-102.56250000,2.25000000e+01
3087,1.51171875,1.64648438,1.34765625e-01,-242.12500000,-176.75000000,6.53750000e+01
3088,3.42773438,3.50585938,7.81250000e-02,-47.84375000,-62.50000000,1.46562500e+01
3089,2.17382812,2.11718750,5.66406250e-02,-240.25000000,-277.25000000,3.70000000e+01
3090,3.30468750,3.21484375,8.98437500e-02,-130.87500000,-187.50000000,5.66250000e+01
3091,1.70117188,1.74804688,4.68750000e-02,23.92187500,30.26562500,6.34375000e+00
3092,2.46093750,2.26562500,1.95312500e-01,155.25000000,151.87500000,3.37500000e+00
3093,2.20117188,2.15625000,4.49218750e-02,115.25000000,89.37500000,2.58750000e+01
3094,1.50000000,1.53515625,3.51562500e-02,-85.43750000,-72.25000000,1.31875000e+01
3095,3.64453125,3.33984375,3.04687500e-01,500.00000000,420.00000000,8.00000000e+01
3096,2.33203125,2.40625000,7.42187500e-02,105.43750000,105.43750000,0.00000000e+00
3097,2.79882812,2.99609375,1.97265625e-01,66.37500000,219.75000000,1.53375000e+02
3098,2.33593750,2.35156250,1.56250000e-02,29.29687500,42.96875000,1.36718750e+01
3099,3.30859375,3.54882812,2.40234375e-01,212.87500000,361.25000000,1.48375000e+02
3100,1.33398438,1.48242188,1.48437500e-01,-164.00000000,-116.18750000,4.78125000e+01
3101,1.39257812,1.47460938,8.20312500e-02,-234.37500000,-165.50000000,6.88750000e+01
3102,2.11523438,2.11132812,3.90625000e-03,-71.31250000,-39.06250000,3.22500000e+01
3103,1.82812500,1.87109375,4.29687500e-02,70.31250000,60.53125000,9.78125000e+00
3104,1.91796875,1.87792969,4.00390625e-02,-120.12500000,-113.75000000,6.37500000e+00
3105,1.24609375,1.30468750,5.85937500e-02,-497.00000000,-490.25000000,6.75000000e+00
3106,1.98339844,1.99218750,8.78906250e-03,91.31250000,113.25000000,2.19375000e+01
3107,2.74023438,2.66406250,7.61718750e-02,270.50000000,225.62500000,4.48750000e+01
3108,2.41015625,2.49609375,8.59375000e-02,-7.81250000,34.18750000,4.20000000e+01
3109,2.41015625,2.31250000,9.76562500e-02,-70.31250000,-148.37500000,7.80625000e+01
3110,2.62304688,2.65625000,3.32031250e-02,-102.56250000,-107.43750000,4.87500000e+00
3111,1.56445312,1.64453125,8.00781250e-02,-28.31250000,36.12500000,6.44375000e+01
3112,2.10156250,2.26171875,1.60156250e-01,132.37500000,222.62500000,9.02500000e+01
3113,2.34179688,2.20312500,1.38671875e-01,133.75000000,48.81250000,8.49375000e+01
3114,1.85546875,1.89062500,3.51562500e-02,131.87500000,157.75000000,2.58750000e+01
3115,2.92187500,2.80468750,1.17187500e-01,125.00000000,29.29687500,9.57031250e+01
3116,1.48632812,1.52539062,3.90625000e-02,-29.29687500,-15.62500000,1.36718750e+01
3117,1.38476562,1.49023438,1.05468750e-01,-48.34375000,-14.64843750,3.36953125e+01
3118,1.84277344,1.88671875,4.39453125e-02,-324.75000000,-202.12500000,1.22625000e+02
3119,2.47656250,2.42382812,5.27343750e-02,-30.26562500,-59.56250000,2.92968750e+01
3120,2.03515625,2.13281250,9.76562500e-02,-89.81250000,-77.12500000,1.26875000e+01
3121,1.09277344,1.11425781,2.14843750e-02,-211.37500000,-221.62500000,1.02500000e+01
3122,2.27539062,2.23437500,4.10156250e-02,-165.00000000,-222.62500000,5.76250000e+01
3123,2.30859375,2.34765625,3.90625000e-02,76.18750000,97.62500000,2.14375000e+01
3124,2.28906250,2.39257812,1.03515625e-01,-102.56250000,45.90625000,1.48468750e+02
3125,2.37890625,2.46484375,8.59375000e-02,210.87500000,284.25000000,7.33750000e+01
3126,3.71289062,3.50781250,2.05078125e-01,-573.00000000,-873.00000000,3.00000000e+02
3127,3.20703125,3.23437500,2.73437500e-02,-160.12500000,-177.75000000,1.76250000e+01
3128,1.31250000,1.29687500,1.56250000e-02,-177.75000000,-170.37500000,7.37500000e+00
3129,1.45312500,1.47167969,1.85546875e-02,-7.32421875,-15.13281250,7.80859375e+00
3130,1.58886719,1.65136719,6.25000000e-02,-40.53125000,-33.68750000,6.84375000e+00
3131,2.46679688,2.41015625,5.66406250e-02,178.75000000,143.50000000,3.52500000e+01
3132,3.93750000,4.12109375,1.83593750e-01,556.50000000,646.50000000,9.00000000e+01
3133,2.45898438,2.42187500,3.71093750e-02,-190.37500000,-233.37500000,4.30000000e+01
3134,2.63671875,2.48632812,1.50390625e-01,-29.29687500,-91.81250000,6.25156250e+01
3135,2.01562500,2.06835938,5.27343750e-02,-277.25000000,-188.50000000,8.87500000e+01
3136,2.79687500,2.71289062,8.39843750e-02,-26.35937500,-26.35937500,0.00000000e+00
3137,1.89062500,1.78515625,1.05468750e-01,95.68750000,48.81250000,4.68750000e+01
3138,2.29882812,2.44335938,1.44531250e-01,-585.00000000,-620.00000000,3.50000000e+01
3139,2.48046875,2.37109375,1.09375000e-01,119.12500000,37.09375000,8.20312500e+01
3140,3.53125000,3.50390625,2.73437500e-02,187.50000000,126.93750000,6.05625000e+01
3141,1.62988281,1.67382812,4.39453125e-02,-182.12500000,-152.37500000,2.97500000e+01
3142,2.10546875,2.04492188,6.05468750e-02,46.87500000,146.50000000,9.96250000e+01
3143,1.97070312,1.96289062,7.81250000e-03,106.43750000,111.31250000,4.87500000e+00
3144,1.76757812,1.71679688,5.07812500e-02,112.31250000,97.18750000,1.51250000e+01
3145,2.54687500,2.91992188,3.73046875e-01,-387.75000000,-115.25000000,2.72500000e+02
3146,2.53906250,2.74218750,2.03125000e-01,219.75000000,289.00000000,6.92500000e+01
3147,2.13671875,2.24218750,1.05468750e-01,-252.87500000,-121.06250000,1.31812500e+02
3148,1.87695312,1.92578125,4.88281250e-02,-301.75000000,-326.25000000,2.45000000e+01
3149,3.00000000,2.79101562,2.08984375e-01,-117.18750000,-210.87500000,9.36875000e+01
3150,1.28320312,1.29101562,7.81250000e-03,-178.75000000,-175.75000000,3.00000000e+00
3151,1.56835938,1.57031250,1.95312500e-03,16.59375000,49.81250000,3.32187500e+01
3152,2.14648438,2.08789062,5.85937500e-02,3.90625000,-41.00000000,4.49062500e+01
3153,1.77148438,1.83398438,6.25000000e-02,-22.45312500,31.25000000,5.37031250e+01
3154,2.13671875,2.20312500,6.64062500e-02,-13.67187500,-7.81250000,5.85937500e+00
3155,1.65527344,1.73242188,7.71484375e-02,-140.12500000,2.92968750,1.43054688e+02
3156,2.35156250,2.37109375,1.95312500e-02,196.25000000,227.50000000,3.12500000e+01
3157,2.50195312,2.54687500,4.49218750e-02,-28.31250000,68.37500000,9.66875000e+01
3158,2.35546875,2.39453125,3.90625000e-02,11.71875000,2.92968750,8.78906250e+00
3159,2.34960938,2.31445312,3.51562500e-02,62.50000000,156.25000000,9.37500000e+01
3160,2.74218750,2.82031250,7.81250000e-02,82.00000000,113.25000000,3.12500000e+01
3161,1.55078125,1.56542969,1.46484375e-02,-91.81250000,-105.93750000,1.41250000e+01
3162,2.05078125,2.00000000,5.07812500e-02,208.00000000,170.37500000,3.76250000e+01
3163,2.18164062,2.24804688,6.64062500e-02,-268.50000000,-113.25000000,1.55250000e+02
3164,1.55859375,1.44531250,1.13281250e-01,-540.00000000,-619.00000000,7.90000000e+01
3165,2.70312500,2.74804688,4.49218750e-02,-110.37500000,-34.18750000,7.61875000e+01
3166,1.40234375,1.45898438,5.66406250e-02,-157.25000000,-126.00000000,3.12500000e+01
3167,1.40429688,1.43359375,2.92968750e-02,7.81250000,-5.37109375,1.31835938e+01
3168,2.45312500,2.40820312,4.49218750e-02,467.75000000,346.75000000,1.21000000e+02
3169,2.22460938,2.33984375,1.15234375e-01,-87.87500000,-39.06250000,4.88125000e+01
3170,2.19140625,2.25976562,6.83593750e-02,145.50000000,155.25000000,9.75000000e+00
3171,1.34960938,1.37109375,2.14843750e-02,53.21875000,52.71875000,5.00000000e-01
3172,2.36718750,2.45703125,8.98437500e-02,12.69531250,18.54687500,5.85156250e+00
3173,1.80859375,1.95605469,1.47460938e-01,-177.75000000,-109.87500000,6.78750000e+01
3174,2.07617188,2.01562500,6.05468750e-02,-187.50000000,-222.62500000,3.51250000e+01
3175,1.86328125,1.81640625,4.68750000e-02,-300.75000000,-334.00000000,3.32500000e+01
3176,3.08007812,2.98828125,9.17968750e-02,-628.00000000,-676.00000000,4.80000000e+01
3177,3.05859375,3.17382812,1.15234375e-01,137.75000000,316.50000000,1.78750000e+02
3178,1.19531250,1.20117188,5.85937500e-03,-131.87500000,-136.75000000,4.87500000e+00
3179,1.51367188,1.52343750,9.76562500e-03,69.31250000,59.09375000,1.02187500e+01
3180,1.33203125,1.44433594,1.12304688e-01,-171.87500000,-148.87500000,2.30000000e+01
3181,2.37500000,2.32812500,4.68750000e-02,266.50000000,234.37500000,3.21250000e+01
3182,3.68554688,3.70507812,1.95312500e-02,-270.50000000,-109.37500000,1.61125000e+02
3183,2.94726562,3.07226562,1.25000000e-01,271.50000000,288.00000000,1.65000000e+01
3184,2.92968750,3.01171875,8.20312500e-02,347.75000000,395.50000000,4.77500000e+01
3185,2.24023438,2.31250000,7.22656250e-02,42.00000000,45.90625000,3.90625000e+00
3186,3.00781250,2.90429688,1.03515625e-01,210.87500000,144.50000000,6.63750000e+01
3187,1.62011719,1.66210938,4.19921875e-02,-207.50000000,-105.93750000,1.01562500e+02
3188,2.16796875,2.20898438,4.10156250e-02,-463.00000000,-470.75000000,7.75000000e+00
3189,2.38476562,2.30859375,7.61718750e-02,40.03125000,7.81250000,3.22187500e+01
3190,2.80859375,2.80468750,3.90625000e-03,-459.00000000,-490.25000000,3.12500000e+01
3191,1.66406250,1.63671875,2.73437500e-02,56.62500000,4.88281250,5.17421875e+01
3192,2.09375000,1.97460938,1.19140625e-01,-5.85937500,1.95312500,7.81250000e+00
3193,1.91406250,1.92578125,1.17187500e-02,174.75000000,216.25000000,4.15000000e+01
3194,1.64746094,1.68261719,3.51562500e-02,-13.67187500,37.09375000,5.07656250e+01
3195,3.34765625,3.22265625,1.25000000e-01,183.62500000,95.68750000,8.79375000e+01
3196,2.28320312,2.21484375,6.83593750e-02,-104.50000000,-175.75000000,7.12500000e+01
3197,1.83398438,1.99609375,1.62109375e-01,-474.50000000,-469.75000000,4.75000000e+00
3198,2.14453125,2.19531250,5.07812500e-02,39.06250000,65.43750000,2.63750000e+01
3199,3.06250000,3.19140625,1.28906250e-01,1.95312500,80.06250000,7.81093750e+01
3200,1.31835938,1.38281250,6.44531250e-02,-193.37500000,-135.75000000,5.76250000e+01
3201,1.71972656,1.67187500,4.78515625e-02,184.12500000,133.75000000,5.03750000e+01
3202,2.19140625,2.16796875,2.34375000e-02,-39.06250000,-40.03125000,9.68750000e-01
3203,1.69140625,1.76757812,7.61718750e-02,-39.06250000,-33.18750000,5.87500000e+00
3204,2.22265625,2.32617188,1.03515625e-01,307.50000000,363.25000000,5.57500000e+01
3205,1.88671875,1.96093750,7.42187500e-02,106.93750000,127.93750000,2.10000000e+01
3206,1.93066406,1.87304688,5.76171875e-02,-161.62500000,-249.00000000,8.73750000e+01
3207,2.50781250,2.57031250,6.25000000e-02,-196.25000000,-150.37500000,4.58750000e+01
3208,2.46289062,2.49804688,3.51562500e-02,176.75000000,197.25000000,2.05000000e+01
3209,2.57421875,2.35937500,2.14843750e-01,-19.53125000,-85.93750000,6.64062500e+01
3210,2.18164062,2.26953125,8.78906250e-02,-297.75000000,-302.75000000,5.00000000e+00
3211,1.26953125,1.25585938,1.36718750e-02,-351.50000000,-310.50000000,4.10000000e+01
3212,1.69140625,1.74804688,5.66406250e-02,-45.90625000,-15.62500000,3.02812500e+01
3213,2.53906250,2.39453125,1.44531250e-01,130.87500000,67.37500000,6.35000000e+01
3214,1.81347656,1.71484375,9.86328125e-02,64.43750000,57.12500000,7.31250000e+00
3215,2.77343750,2.75390625,1.95312500e-02,-154.25000000,-89.81250000,6.44375000e+01
3216,1.47656250,1.50000000,2.34375000e-02,-13.17968750,-47.84375000,3.46640625e+01
3217,1.36230469,1.41015625,4.78515625e-02,-101.06250000,-102.56250000,1.50000000e+00
3218,2.19531250,2.10351562,9.17968750e-02,172.87500000,65.93750000,1.06937500e+02
3219,2.17187500,2.24023438,6.83593750e-02,118.62500000,118.18750000,4.37500000e-01
3220,2.03320312,2.08593750,5.27343750e-02,167.00000000,165.00000000,2.00000000e+00
3221,1.12207031,1.08398438,3.80859375e-02,-97.18750000,-130.87500000,3.36875000e+01
3222,2.54296875,2.61914062,7.61718750e-02,137.75000000,274.50000000,1.36750000e+02
3223,2.19531250,2.26757812,7.22656250e-02,50.78125000,45.90625000,4.87500000e+00
3224,2.55273438,2.59765625,4.49218750e-02,285.25000000,295.00000000,9.75000000e+00
3225,2.07812500,2.06640625,1.17187500e-02,-54.68750000,-145.50000000,9.08125000e+01
3226,3.44140625,3.36328125,7.81250000e-02,-416.00000000,-445.25000000,2.92500000e+01
3227,2.56640625,2.61523438,4.88281250e-02,-396.50000000,-365.25000000,3.12500000e+01
3228,1.30664062,1.35156250,4.49218750e-02,-11.22656250,42.96875000,5.41953125e+01
3229,1.42578125,1.47070312,4.49218750e-02,-35.15625000,-34.65625000,5.00000000e-01
3230,1.49414062,1.42382812,7.03125000e-02,-129.37500000,-199.25000000,6.98750000e+01
3231,2.25781250,2.24218750,1.56250000e-02,153.37500000,148.37500000,5.00000000e+00
3232,3.97656250,3.92187500,5.46875000e-02,263.75000000,146.50000000,1.17250000e+02
3233,2.42187500,2.30468750,1.17187500e-01,-123.06250000,-247.12500000,1.24062500e+02
3234,2.16015625,2.09375000,6.64062500e-02,-121.06250000,-197.25000000,7.61875000e+01
3235,2.17578125,2.25000000,7.42187500e-02,-93.75000000,-39.06250000,5.46875000e+01
3236,2.23828125,2.30664062,6.83593750e-02,-90.81250000,-91.81250000,1.00000000e+00
3237,1.92773438,1.84960938,7.81250000e-02,201.12500000,133.25000000,6.78750000e+01
3238,2.53125000,2.63281250,1.01562500e-01,-644.50000000,-675.00000000,3.05000000e+01
3239,2.05859375,2.11718750,5.85937500e-02,-408.25000000,-470.75000000,6.25000000e+01
3240,3.34375000,3.49804688,1.54296875e-01,-47.84375000,39.06250000,8.69062500e+01
3241,1.74414062,1.78906250,4.49218750e-02,103.50000000,132.37500000,2.88750000e+01
3242,1.23242188,0.91503906,3.17382812e-01,-307.50000000,-411.50000000,1.04000000e+02
3243,2.06835938,2.06640625,1.95312500e-03,281.75000000,276.75000000,5.00000000e+00
3244,1.97265625,1.89453125,7.81250000e-02,91.81250000,18.54687500,7.32656250e+01
3245,2.58007812,2.47070312,1.09375000e-01,-415.00000000,-473.75000000,5.87500000e+01
3246,2.34375000,2.37109375,2.73437500e-02,184.62500000,229.00000000,4.43750000e+01
3247,2.21875000,2.31250000,9.37500000e-02,158.25000000,120.12500000,3.81250000e+01
3248,2.07812500,2.10156250,2.34375000e-02,-192.37500000,-220.75000000,2.83750000e+01
3249,3.09765625,3.21679688,1.19140625e-01,130.87500000,211.87500000,8.10000000e+01
3250,1.36425781,1.37890625,1.46484375e-02,-90.31250000,-116.68750000,2.63750000e+01
3251,1.52148438,1.50000000,2.14843750e-02,-52.25000000,-68.87500000,1.66250000e+01
3252,2.03515625,2.03125000,3.90625000e-03,-15.62500000,15.62500000,3.12500000e+01
3253,1.70507812,1.75390625,4.88281250e-02,-29.29687500,-7.81250000,2.14843750e+01
3254,2.10546875,2.07812500,2.73437500e-02,-64.43750000,-94.75000000,3.03125000e+01
3255,1.35742188,1.50976562,1.52343750e-01,-293.00000000,-235.87500000,5.71250000e+01
3256,2.50585938,2.43945312,6.64062500e-02,258.75000000,250.00000000,8.75000000e+00
3257,2.66406250,2.56054688,1.03515625e-01,281.25000000,267.50000000,1.37500000e+01
3258,2.62890625,2.64843750,1.95312500e-02,355.00000000,344.75000000,1.02500000e+01
3259,2.42578125,2.41796875,7.81250000e-03,243.12500000,239.25000000,3.87500000e+00
3260,2.49804688,2.59765625,9.96093750e-02,0.00000000,28.31250000,2.83125000e+01
3261,1.47460938,1.58007812,1.05468750e-01,-26.35937500,37.09375000,6.34531250e+01
3262,1.86523438,1.82714844,3.80859375e-02,10.25000000,-35.65625000,4.59062500e+01
3263,2.26953125,2.44140625,1.71875000e-01,78.12500000,216.75000000,1.38625000e+02
3264,1.67089844,1.84472656,1.73828125e-01,-133.25000000,-37.59375000,9.56562500e+01
3265,2.50390625,2.47265625,3.12500000e-02,-562.50000000,-558.50000000,4.00000000e+00
3266,1.25292969,1.34960938,9.66796875e-02,-183.12500000,-165.00000000,1.81250000e+01
3267,1.43652344,1.50781250,7.12890625e-02,-38.56250000,-67.87500000,2.93125000e+01
3268,2.07031250,1.84375000,2.26562500e-01,186.50000000,59.56250000,1.26937500e+02
3269,2.08984375,2.18750000,9.76562500e-02,-208.00000000,-192.37500000,1.56250000e+01
3270,2.16406250,2.27734375,1.13281250e-01,-0.97656250,7.81250000,8.78906250e+00
3271,1.40234375,1.49218750,8.98437500e-02,124.00000000,141.62500000,1.76250000e+01
3272,2.26953125,2.30664062,3.71093750e-02,-93.75000000,-83.00000000,1.07500000e+01
3273,1.73632812,1.77050781,3.41796875e-02,-197.25000000,-178.25000000,1.90000000e+01
3274,2.24609375,2.18359375,6.25000000e-02,103.50000000,121.06250000,1.75625000e+01
3275,2.11132812,2.11914062,7.81250000e-03,-179.62500000,-210.87500000,3.12500000e+01
3276,3.89062500,3.72265625,1.67968750e-01,-197.25000000,-216.75000000,1.95000000e+01
3277,2.94921875,2.89453125,5.46875000e-02,55.65625000,-6.83593750,6.24921875e+01
3278,1.41796875,1.42968750,1.17187500e-02,83.00000000,78.12500000,4.87500000e+00
3279,1.50195312,1.53515625,3.32031250e-02,109.37500000,90.81250000,1.85625000e+01
3280,1.49023438,1.51562500,2.53906250e-02,-82.00000000,-85.43750000,3.43750000e+00
3281,2.17968750,2.13671875,4.29687500e-02,220.75000000,270.50000000,4.97500000e+01
3282,3.50781250,3.41406250,9.37500000e-02,457.00000000,386.75000000,7.02500000e+01
3283,2.72265625,2.50781250,2.14843750e-01,-80.06250000,-210.87500000,1.30812500e+02
3284,2.28125000,2.33007812,4.88281250e-02,-97.62500000,-92.75000000,4.87500000e+00
3285,2.09765625,2.15625000,5.85937500e-02,-8.78906250,-12.69531250,3.90625000e+00
3286,2.07617188,2.08203125,5.85937500e-03,-322.25000000,-283.25000000,3.90000000e+01
3287,1.95605469,2.04687500,9.08203125e-02,148.87500000,109.37500000,3.95000000e+01
3288,2.33984375,2.28906250,5.07812500e-02,65.43750000,-79.12500000,1.44562500e+02
3289,2.42578125,2.51171875,8.59375000e-02,93.75000000,144.50000000,5.07500000e+01
3290,4.81250000,4.62890625,1.83593750e-01,1294.00000000,1143.00000000,1.51000000e+02
3291,1.66796875,1.69531250,2.73437500e-02,-53.71875000,-34.18750000,1.95312500e+01
3292,1.97460938,1.95703125,1.75781250e-02,-79.12500000,-9.76562500,6.93593750e+01
3293,1.67285156,1.71875000,4.58984375e-02,-43.46875000,-21.00000000,2.24687500e+01
3294,1.62792969,1.61132812,1.66015625e-02,95.18750000,89.81250000,5.37500000e+00
3295,3.05078125,2.83203125,2.18750000e-01,134.75000000,1.95312500,1.32796875e+02
3296,2.28125000,2.28906250,7.81250000e-03,66.37500000,95.68750000,2.93125000e+01
3297,1.93945312,2.06250000,1.23046875e-01,-677.50000000,-648.50000000,2.90000000e+01
3298,2.00976562,1.94335938,6.64062500e-02,-149.37500000,-186.50000000,3.71250000e+01
3299,2.36523438,2.48828125,1.23046875e-01,-410.25000000,-345.75000000,6.45000000e+01
3300,1.80859375,1.84960938,4.10156250e-02,430.75000000,448.75000000,1.80000000e+01
3301,1.48925781,1.54296875,5.37109375e-02,57.12500000,76.68750000,1.95625000e+01
3302,1.79687500,1.73242188,6.44531250e-02,-264.75000000,-293.00000000,2.82500000e+01
3303,1.47753906,1.50390625,2.63671875e-02,-206.00000000,-194.37500000,1.16250000e+01
3304,2.03710938,2.03906250,1.95312500e-03,12.69531250,12.69531250,0.00000000e+00
3305,1.66894531,1.78710938,1.18164062e-01,-15.13281250,9.76562500,2.48984375e+01
3306,1.76562500,1.88867188,1.23046875e-01,-590.00000000,-428.75000000,1.61250000e+02
3307,1.97460938,1.99218750,1.75781250e-02,-44.90625000,-42.00000000,2.90625000e+00
3308,2.04492188,2.06250000,1.75781250e-02,-299.75000000,-281.25000000,1.85000000e+01
3309,1.95312500,1.93164062,2.14843750e-02,-275.50000000,-239.25000000,3.62500000e+01
3310,2.69140625,2.75585938,6.44531250e-02,276.25000000,331.00000000,5.47500000e+01
3311,1.53906250,1.56640625,2.73437500e-02,4.88281250,43.93750000,3.90546875e+01
3312,1.56542969,1.62890625,6.34765625e-02,-314.00000000,-314.50000000,5.00000000e-01
3313,1.95117188,1.91699219,3.41796875e-02,-214.87500000,-183.12500000,3.17500000e+01
3314,2.44726562,2.29882812,1.48437500e-01,427.75000000,349.50000000,7.82500000e+01
3315,3.00781250,3.01757812,9.76562500e-03,289.00000000,268.50000000,2.05000000e+01
3316,1.51562500,1.54394531,2.83203125e-02,77.62500000,79.56250000,1.93750000e+00
3317,1.54589844,1.60742188,6.15234375e-02,10.25000000,-41.50000000,5.17500000e+01
3318,1.52832031,1.42871094,9.96093750e-02,-317.00000000,-361.75000000,4.47500000e+01
3319,2.52929688,2.53906250,9.76562500e-03,231.50000000,278.75000000,4.72500000e+01
3320,2.13671875,2.28320312,1.46484375e-01,181.62500000,240.25000000,5.86250000e+01
3321,0.93457031,0.99218750,5.76171875e-02,-264.75000000,-275.50000000,1.07500000e+01
3322,2.25195312,2.27343750,2.14843750e-02,-19.53125000,-3.90625000,1.56250000e+01
3323,1.75976562,1.83496094,7.51953125e-02,30.26562500,101.06250000,7.07968750e+01
3324,2.72070312,2.76171875,4.10156250e-02,224.62500000,292.00000000,6.73750000e+01
3325,2.08203125,2.00000000,8.20312500e-02,-48.81250000,-25.39062500,2.34218750e+01
3326,3.64453125,3.53125000,1.13281250e-01,218.75000000,266.50000000,4.77500000e+01
3327,2.78710938,2.81250000,2.53906250e-02,-163.12500000,-205.12500000,4.20000000e+01
3328,1.15039062,1.27539062,1.25000000e-01,102.56250000,180.62500000,7.80625000e+01
3329,1.48144531,1.48828125,6.83593750e-03,80.56250000,82.00000000,1.43750000e+00
3330,1.54003906,1.57324219,3.32031250e-02,-46.37500000,-28.81250000,1.75625000e+01
3331,2.03125000,2.00195312,2.92968750e-02,118.18750000,125.00000000,6.81250000e+00
3332,2.72460938,2.63671875,8.78906250e-02,42.00000000,-78.12500000,1.20125000e+02
3333,2.36328125,2.42578125,6.25000000e-02,-325.25000000,-295.00000000,3.02500000e+01
3334,2.24218750,2.20312500,3.90625000e-02,107.43750000,130.37500000,2.29375000e+01
3335,1.93847656,1.96289062,2.44140625e-02,-76.68750000,-90.81250000,1.41250000e+01
3336,2.26953125,2.26953125,0.00000000e+00,-203.12500000,-210.00000000,6.87500000e+00
3337,1.62890625,1.58984375,3.90625000e-02,-407.25000000,-466.75000000,5.95000000e+01
3338,2.69531250,2.74609375,5.07812500e-02,80.06250000,72.25000000,7.81250000e+00
3339,1.66210938,1.69726562,3.51562500e-02,-290.00000000,-255.87500000,3.41250000e+01
3340,4.01171875,3.58593750,4.25781250e-01,439.50000000,162.12500000,2.77375000e+02
3341,2.21093750,2.04882812,1.62109375e-01,351.00000000,241.25000000,1.09750000e+02
3342,2.32421875,2.25390625,7.03125000e-02,205.12500000,238.75000000,3.36250000e+01
3343,1.78515625,1.80859375,2.34375000e-02,-85.93750000,-48.34375000,3.75937500e+01
3344,1.44726562,1.40429688,4.29687500e-02,-118.62500000,-71.31250000,4.73125000e+01
3345,3.00000000,2.98437500,1.56250000e-02,304.75000000,478.50000000,1.73750000e+02
3346,2.25000000,2.30273438,5.27343750e-02,155.25000000,212.87500000,5.76250000e+01
3347,2.31445312,2.36914062,5.46875000e-02,264.25000000,274.50000000,1.02500000e+01
3348,2.15625000,2.17578125,1.95312500e-02,21.48437500,-6.83593750,2.83203125e+01
3349,2.51562500,2.54296875,2.73437500e-02,-242.12500000,-218.75000000,2.33750000e+01
3350,1.80664062,1.76367188,4.29687500e-02,305.75000000,267.00000000,3.87500000e+01
3351,1.24804688,1.21777344,3.02734375e-02,-319.25000000,-213.37500000,1.05875000e+02
3352,1.84765625,1.80468750,4.29687500e-02,-127.93750000,-153.37500000,2.54375000e+01
3353,1.83007812,1.80078125,2.92968750e-02,142.62500000,157.25000000,1.46250000e+01
3354,1.69433594,1.62500000,6.93359375e-02,-132.37500000,-214.87500000,8.25000000e+01
3355,1.62500000,1.66308594,3.80859375e-02,32.21875000,97.18750000,6.49687500e+01
3356,2.63085938,2.33007812,3.00781250e-01,313.50000000,135.75000000,1.77750000e+02
3357,2.42578125,2.29687500,1.28906250e-01,-3.90625000,-160.12500000,1.56218750e+02
3358,2.17187500,2.16796875,3.90625000e-03,-39.06250000,-75.18750000,3.61250000e+01
3359,2.65234375,2.47656250,1.75781250e-01,313.50000000,215.87500000,9.76250000e+01
3360,1.90820312,1.99023438,8.20312500e-02,-231.50000000,-227.50000000,4.00000000e+00
3361,1.37304688,1.38671875,1.36718750e-02,-72.25000000,-50.78125000,2.14687500e+01
3362,1.53222656,1.49804688,3.41796875e-02,-156.75000000,-196.25000000,3.95000000e+01
3363,2.25781250,2.33203125,7.42187500e-02,154.25000000,93.75000000,6.05000000e+01
3364,1.49609375,1.44042969,5.56640625e-02,-333.00000000,-342.25000000,9.25000000e+00
3365,2.41015625,2.36328125,4.68750000e-02,-231.50000000,-226.50000000,5.00000000e+00
3366,1.53320312,1.58398438,5.07812500e-02,13.67187500,6.83593750,6.83593750e+00
3367,1.34179688,1.40820312,6.64062500e-02,-119.62500000,-115.25000000,4.37500000e+00
3368,1.92187500,2.05664062,1.34765625e-01,251.00000000,306.75000000,5.57500000e+01
3369,2.00585938,1.90722656,9.86328125e-02,-58.59375000,-170.37500000,1.11781250e+02
3370,1.88476562,1.93945312,5.46875000e-02,146.00000000,155.25000000,9.25000000e+00
3371,1.03808594,1.05468750,1.66015625e-02,-189.00000000,-178.25000000,1.07500000e+01
3372,2.31640625,2.35546875,3.90625000e-02,123.06250000,136.75000000,1.36875000e+01
3373,1.82226562,1.81250000,9.76562500e-03,-27.82812500,-10.74218750,1.70859375e+01
3374,2.53515625,1.97070312,5.64453125e-01,419.00000000,43.93750000,3.75062500e+02
3375,2.60546875,2.59765625,7.81250000e-03,475.50000000,453.00000000,2.25000000e+01
3376,3.44531250,3.46875000,2.34375000e-02,53.71875000,90.81250000,3.70937500e+01
3377,3.38671875,3.30468750,8.20312500e-02,332.00000000,320.25000000,1.17500000e+01
3378,1.23828125,1.27539062,3.71093750e-02,5.85937500,45.40625000,3.95468750e+01
3379,1.37500000,1.41992188,4.49218750e-02,22.45312500,15.62500000,6.82812500e+00
3380,1.44335938,1.47851562,3.51562500e-02,-37.59375000,-33.18750000,4.40625000e+00
3381,1.97167969,1.95898438,1.26953125e-02,-4.39453125,7.81250000,1.22070312e+01
3382,4.21093750,4.00390625,2.07031250e-01,761.50000000,636.50000000,1.25000000e+02
3383,2.77343750,2.72656250,4.68750000e-02,204.12500000,214.87500000,1.07500000e+01
3384,2.42382812,2.49218750,6.83593750e-02,40.03125000,64.43750000,2.44062500e+01
3385,1.72265625,1.76367188,4.10156250e-02,-196.25000000,-172.87500000,2.33750000e+01
3386,2.62109375,2.53320312,8.78906250e-02,227.50000000,150.37500000,7.71250000e+01
3387,1.61523438,1.66015625,4.49218750e-02,-90.81250000,-120.12500000,2.93125000e+01
3388,1.96484375,2.01562500,5.07812500e-02,-930.50000000,-1109.00000000,1.78500000e+02
3389,2.10351562,2.00781250,9.57031250e-02,-145.50000000,-68.37500000,7.71250000e+01
3390,2.58203125,2.72656250,1.44531250e-01,-992.00000000,-918.00000000,7.40000000e+01
3391,2.22460938,2.20312500,2.14843750e-02,211.87500000,183.62500000,2.82500000e+01
3392,2.22460938,2.20898438,1.56250000e-02,178.75000000,196.25000000,1.75000000e+01
3393,1.38574219,1.53906250,1.53320312e-01,-292.50000000,-181.62500000,1.10875000e+02
3394,2.06640625,2.01757812,4.88281250e-02,194.37500000,204.62500000,1.02500000e+01
3395,2.65820312,2.58593750,7.22656250e-02,85.93750000,2.92968750,8.30078125e+01
3396,1.57714844,1.56640625,1.07421875e-02,-490.75000000,-514.50000000,2.37500000e+01
3397,1.55078125,1.58593750,3.51562500e-02,-394.50000000,-411.25000000,1.67500000e+01
3398,1.83593750,1.88476562,4.88281250e-02,-182.62500000,-158.25000000,2.43750000e+01
3399,2.68945312,2.80468750,1.15234375e-01,16.59375000,11.71875000,4.87500000e+00
3400,1.62500000,1.66406250,3.90625000e-02,100.56250000,44.90625000,5.56562500e+01
3401,1.48632812,1.51269531,2.63671875e-02,13.67187500,2.44140625,1.12304688e+01
3402,1.97265625,1.96093750,1.17187500e-02,57.62500000,71.75000000,1.41250000e+01
3403,1.56250000,1.64355469,8.10546875e-02,-170.87500000,-115.75000000,5.51250000e+01
3404,2.12890625,2.15625000,2.73437500e-02,181.12500000,186.50000000,5.37500000e+00
3405,1.60449219,1.68847656,8.39843750e-02,98.62500000,89.81250000,8.81250000e+00
3406,1.68554688,1.61328125,7.22656250e-02,-393.50000000,-400.50000000,7.00000000e+00
3407,2.75390625,2.90625000,1.52343750e-01,242.12500000,343.75000000,1.01625000e+02
3408,2.33593750,2.37695312,4.10156250e-02,107.43750000,131.87500000,2.44375000e+01
3409,2.24609375,2.27343750,2.73437500e-02,216.75000000,248.00000000,3.12500000e+01
3410,2.24218750,2.18750000,5.46875000e-02,-150.37500000,-199.25000000,4.88750000e+01
3411,1.72656250,1.70800781,1.85546875e-02,183.62500000,162.62500000,2.10000000e+01
3412,1.84375000,1.84960938,5.85937500e-03,173.87500000,152.37500000,2.15000000e+01
3413,2.07812500,2.11914062,4.10156250e-02,114.25000000,207.50000000,9.32500000e+01
3414,1.31152344,1.43164062,1.20117188e-01,-254.37500000,-196.25000000,5.81250000e+01
3415,2.37109375,2.31835938,5.27343750e-02,-172.87500000,-215.87500000,4.30000000e+01
3416,1.28320312,1.30078125,1.75781250e-02,-192.37500000,-212.87500000,2.05000000e+01
3417,1.52929688,1.57421875,4.49218750e-02,88.87500000,77.62500000,1.12500000e+01
3418,1.77929688,1.51171875,2.67578125e-01,39.06250000,-92.75000000,1.31812500e+02
3419,2.14062500,2.26953125,1.28906250e-01,51.75000000,58.59375000,6.84375000e+00
3420,1.70117188,1.78320312,8.20312500e-02,-84.93750000,-73.25000000,1.16875000e+01
3421,1.15429688,1.17187500,1.75781250e-02,-112.31250000,-101.06250000,1.12500000e+01
3422,2.02343750,1.96777344,5.56640625e-02,-77.12500000,-125.50000000,4.83750000e+01
3423,1.89843750,1.99121094,9.27734375e-02,-35.15625000,17.09375000,5.22500000e+01
3424,2.32812500,2.29882812,2.92968750e-02,304.25000000,494.25000000,1.90000000e+02
3425,1.88867188,1.86914062,1.95312500e-02,-290.00000000,-297.75000000,7.75000000e+00
3426,3.43750000,3.55468750,1.17187500e-01,529.50000000,729.50000000,2.00000000e+02
3427,2.92968750,3.01562500,8.59375000e-02,123.06250000,146.50000000,2.34375000e+01
3428,1.01660156,1.20117188,1.84570312e-01,-61.53125000,-24.40625000,3.71250000e+01
3429,1.08691406,1.09765625,1.07421875e-02,-213.37500000,-215.37500000,2.00000000e+00
3430,1.50976562,1.56152344,5.17578125e-02,130.87500000,181.12500000,5.02500000e+01
3431,2.08789062,2.03710938,5.07812500e-02,148.37500000,123.06250000,2.53125000e+01
3432,2.91406250,2.79687500,1.17187500e-01,389.75000000,248.00000000,1.41750000e+02
3433,2.27539062,2.35742188,8.20312500e-02,-280.25000000,-84.00000000,1.96250000e+02
3434,2.16015625,2.07617188,8.39843750e-02,-189.50000000,-216.75000000,2.72500000e+01
3435,2.09570312,2.14453125,4.88281250e-02,122.06250000,170.37500000,4.83125000e+01
3436,2.14257812,2.11914062,2.34375000e-02,-4.88281250,-10.74218750,5.85937500e+00
3437,1.48437500,1.62500000,1.40625000e-01,-231.87500000,-66.87500000,1.65000000e+02
3438,1.85546875,1.92578125,7.03125000e-02,-277.25000000,-216.75000000,6.05000000e+01
3439,2.09375000,2.06054688,3.32031250e-02,147.50000000,172.87500000,2.53750000e+01
3440,2.88281250,3.07812500,1.95312500e-01,423.75000000,371.00000000,5.27500000e+01
3441,1.82324219,1.77539062,4.78515625e-02,195.75000000,129.87500000,6.58750000e+01
3442,2.18750000,2.33398438,1.46484375e-01,-42.00000000,24.40625000,6.64062500e+01
3443,1.74804688,1.68652344,6.15234375e-02,81.06250000,43.46875000,3.75937500e+01
3444,1.84765625,1.94726562,9.96093750e-02,345.75000000,344.75000000,1.00000000e+00
3445,1.89257812,2.05468750,1.62109375e-01,-696.50000000,-701.00000000,4.50000000e+00
3446,1.95898438,1.88476562,7.42187500e-02,-42.00000000,-93.75000000,5.17500000e+01
3447,1.61035156,1.64453125,3.41796875e-02,28.81250000,22.45312500,6.35937500e+00
3448,2.37109375,2.45898438,8.78906250e-02,187.50000000,207.00000000,1.95000000e+01
3449,2.79492188,2.85937500,6.44531250e-02,141.62500000,253.87500000,1.12250000e+02
3450,1.25097656,1.39843750,1.47460938e-01,-205.62500000,-202.62500000,3.00000000e+00
3451,1.33203125,1.15625000,1.75781250e-01,-60.53125000,-136.75000000,7.62187500e+01
3452,2.10156250,1.97851562,1.23046875e-01,95.18750000,25.39062500,6.97968750e+01
3453,1.44921875,1.41406250,3.51562500e-02,-190.37500000,-239.25000000,4.88750000e+01
3454,1.84179688,1.77832031,6.34765625e-02,49.31250000,45.90625000,3.40625000e+00
3455,1.43066406,1.48437500,5.37109375e-02,-113.75000000,-60.53125000,5.32187500e+01
3456,2.92578125,2.72656250,1.99218750e-01,165.00000000,162.12500000,2.87500000e+00
3457,1.59570312,1.61132812,1.56250000e-02,-393.50000000,-358.50000000,3.50000000e+01
3458,2.19335938,2.21289062,1.95312500e-02,169.87500000,181.62500000,1.17500000e+01
3459,2.55664062,2.44921875,1.07421875e-01,492.75000000,631.00000000,1.38250000e+02
3460,2.34570312,2.33007812,1.56250000e-02,17.57812500,30.26562500,1.26875000e+01
3461,1.16894531,1.17578125,6.83593750e-03,-330.00000000,-280.75000000,4.92500000e+01
3462,1.40625000,1.62304688,2.16796875e-01,-377.00000000,-321.25000000,5.57500000e+01
3463,2.05078125,1.98730469,6.34765625e-02,-133.75000000,-143.12500000,9.37500000e+00
3464,1.49511719,1.30078125,1.94335938e-01,-48.34375000,-141.12500000,9.27812500e+01
3465,1.99414062,1.86425781,1.29882812e-01,-380.75000000,-358.00000000,2.27500000e+01
3466,1.40820312,1.46484375,5.66406250e-02,62.50000000,81.06250000,1.85625000e+01
3467,1.21972656,1.23632812,1.66015625e-02,-217.25000000,-219.75000000,2.50000000e+00
3468,1.95507812,1.92480469,3.02734375e-02,85.93750000,165.50000000,7.95625000e+01
3469,2.16406250,2.20703125,4.29687500e-02,46.87500000,88.87500000,4.20000000e+01
3470,1.76953125,1.88183594,1.12304688e-01,-81.06250000,5.85937500,8.69218750e+01
3471,1.09375000,1.10644531,1.26953125e-02,-5.37109375,8.78906250,1.41601562e+01
3472,1.92968750,1.97949219,4.98046875e-02,-75.18750000,-8.29687500,6.68906250e+01
3473,1.35742188,1.29199219,6.54296875e-02,-287.00000000,-317.00000000,3.00000000e+01
3474,1.46289062,1.34765625,1.15234375e-01,-262.75000000,-342.75000000,8.00000000e+01
3475,1.75097656,1.59960938,1.51367188e-01,-217.25000000,-338.75000000,1.21500000e+02
3476,3.19140625,2.97265625,2.18750000e-01,338.00000000,310.50000000,2.75000000e+01
3477,2.55468750,2.65429688,9.96093750e-02,-160.12500000,-75.18750000,8.49375000e+01
3478,1.05078125,1.14453125,9.37500000e-02,-115.75000000,-61.53125000,5.42187500e+01
3479,1.57421875,1.57226562,1.95312500e-03,277.75000000,241.75000000,3.60000000e+01
3480,1.37500000,1.42578125,5.07812500e-02,-18.54687500,27.34375000,4.58906250e+01
3481,2.00976562,1.95898438,5.07812500e-02,141.62500000,104.50000000,3.71250000e+01
3482,2.39843750,2.32421875,7.42187500e-02,37.09375000,-224.62500000,2.61718750e+02
3483,2.72656250,2.57617188,1.50390625e-01,163.12500000,0.00000000,1.63125000e+02
3484,2.17382812,2.01757812,1.56250000e-01,-76.18750000,-101.56250000,2.53750000e+01
3485,1.79882812,1.84570312,4.68750000e-02,-118.18750000,-105.43750000,1.27500000e+01
3486,2.07421875,1.92578125,1.48437500e-01,-222.62500000,-210.00000000,1.26250000e+01
3487,1.77050781,1.79882812,2.83203125e-02,-219.25000000,-227.50000000,8.25000000e+00
3488,3.05859375,3.33984375,2.81250000e-01,480.50000000,667.00000000,1.86500000e+02
3489,1.78125000,1.56445312,2.16796875e-01,-151.37500000,-221.62500000,7.02500000e+01
3490,3.05468750,2.72656250,3.28125000e-01,486.25000000,365.25000000,1.21000000e+02
3491,1.61523438,1.70214844,8.69140625e-02,49.81250000,41.50000000,8.31250000e+00
3492,1.71484375,1.25976562,4.55078125e-01,-240.25000000,-450.25000000,2.10000000e+02
3493,1.44140625,1.45214844,1.07421875e-02,-226.50000000,-197.75000000,2.87500000e+01
3494,1.44140625,1.43945312,1.95312500e-03,67.87500000,90.81250000,2.29375000e+01
3495,2.68945312,3.12304688,4.33593750e-01,406.75000000,550.00000000,1.43250000e+02
3496,1.60937500,1.45507812,1.54296875e-01,-258.75000000,-285.25000000,2.65000000e+01
3497,2.21875000,2.18554688,3.32031250e-02,308.50000000,343.25000000,3.47500000e+01
3498,2.20703125,2.11328125,9.37500000e-02,155.25000000,130.37500000,2.48750000e+01
3499,2.96093750,3.05664062,9.57031250e-02,247.12500000,270.50000000,2.33750000e+01
3500,1.26367188,1.39941406,1.35742188e-01,-24.40625000,-70.81250000,4.64062500e+01
3501,1.50000000,1.52343750,2.34375000e-02,65.43750000,95.68750000,3.02500000e+01
3502,1.92968750,1.91601562,1.36718750e-02,98.62500000,217.25000000,1.18625000e+02
3503,1.71484375,1.78417969,6.93359375e-02,143.50000000,74.68750000,6.88125000e+01
3504,2.04101562,2.00390625,3.71093750e-02,291.50000000,249.50000000,4.20000000e+01
3505,1.29101562,1.38867188,9.76562500e-02,-182.62500000,-64.93750000,1.17687500e+02
3506,1.79296875,1.82226562,2.92968750e-02,-114.25000000,-91.81250000,2.24375000e+01
3507,2.08593750,1.96875000,1.17187500e-01,-124.00000000,-183.62500000,5.96250000e+01
3508,2.15429688,2.13476562,1.95312500e-02,62.50000000,47.84375000,1.46562500e+01
3509,2.27734375,2.10156250,1.75781250e-01,323.25000000,151.37500000,1.71875000e+02
3510,2.17578125,2.35156250,1.75781250e-01,0.00000000,58.59375000,5.85937500e+01
3511,1.31933594,1.36718750,4.78515625e-02,43.46875000,17.09375000,2.63750000e+01
3512,1.70019531,2.15625000,4.56054688e-01,154.75000000,377.00000000,2.22250000e+02
3513,1.85351562,1.92382812,7.03125000e-02,152.37500000,169.37500000,1.70000000e+01
3514,1.49218750,1.64062500,1.48437500e-01,-263.75000000,-151.37500000,1.12375000e+02
3515,2.13281250,2.13281250,0.00000000e+00,-105.43750000,-44.90625000,6.05312500e+01
3516,1.26562500,1.40429688,1.38671875e-01,-129.37500000,-79.12500000,5.02500000e+01
3517,1.37890625,1.46484375,8.59375000e-02,-19.04687500,6.83593750,2.58828125e+01
3518,1.51855469,1.55957031,4.10156250e-02,-345.25000000,-347.25000000,2.00000000e+00
3519,2.02734375,2.04101562,1.36718750e-02,-121.06250000,-120.12500000,9.37500000e-01
3520,1.76757812,1.65429688,1.13281250e-01,-169.87500000,-264.75000000,9.48750000e+01
3521,1.03027344,1.05078125,2.05078125e-02,-80.56250000,-87.37500000,6.81250000e+00
3522,2.27148438,2.28906250,1.75781250e-02,200.62500000,285.25000000,8.46250000e+01
3523,1.83300781,1.68945312,1.43554688e-01,-8.29687500,-114.75000000,1.06453125e+02
3524,2.54687500,2.53125000,1.56250000e-02,458.50000000,473.25000000,1.47500000e+01
3525,2.19140625,2.12304688,6.83593750e-02,181.12500000,-42.00000000,2.23125000e+02
3526,3.30078125,3.22265625,7.81250000e-02,447.25000000,440.50000000,6.75000000e+00
3527,2.45507812,2.53906250,8.39843750e-02,-130.87500000,-204.12500000,7.32500000e+01
3528,1.11914062,1.11914062,0.00000000e+00,-253.37500000,-227.50000000,2.58750000e+01
3529,1.41210938,1.41406250,1.95312500e-03,71.31250000,59.09375000,1.22187500e+01
3530,1.57714844,1.54589844,3.12500000e-02,83.50000000,45.90625000,3.75937500e+01
3531,1.81054688,1.79003906,2.05078125e-02,29.78125000,43.46875000,1.36875000e+01
3532,2.31640625,2.26171875,5.46875000e-02,-562.50000000,-402.25000000,1.60250000e+02
3533,2.10156250,2.11718750,1.56250000e-02,-89.81250000,-42.96875000,4.68437500e+01
3534,1.58984375,1.62207031,3.22265625e-02,-677.50000000,-800.50000000,1.23000000e+02
3535,1.88867188,1.93847656,4.98046875e-02,54.68750000,71.75000000,1.70625000e+01
3536,2.61132812,2.30859375,3.02734375e-01,178.75000000,70.31250000,1.08437500e+02
3537,2.01757812,1.98339844,3.41796875e-02,73.25000000,-7.32421875,8.05742188e+01
3538,1.79101562,1.84472656,5.37109375e-02,-563.50000000,-574.50000000,1.10000000e+01
3539,2.22265625,2.24218750,1.95312500e-02,109.37500000,120.12500000,1.07500000e+01
3540,2.82421875,2.82031250,3.90625000e-03,316.50000000,456.00000000,1.39500000e+02
3541,1.80273438,1.70703125,9.57031250e-02,33.18750000,-30.26562500,6.34531250e+01
3542,3.01171875,2.53515625,4.76562500e-01,689.50000000,531.00000000,1.58500000e+02
3543,1.58593750,1.52539062,6.05468750e-02,-1.95312500,-62.50000000,6.05468750e+01
3544,1.56445312,1.77929688,2.14843750e-01,75.68750000,212.37500000,1.36687500e+02
3545,2.69921875,2.81835938,1.19140625e-01,209.00000000,329.00000000,1.20000000e+02
3546,1.62304688,1.49804688,1.25000000e-01,-115.75000000,-89.37500000,2.63750000e+01
3547,1.84179688,1.96289062,1.21093750e-01,-565.50000000,-503.00000000,6.25000000e+01
3548,2.11132812,2.01562500,9.57031250e-02,222.12500000,191.37500000,3.07500000e+01
3549,2.58203125,2.49218750,8.98437500e-02,70.31250000,-21.48437500,9.17968750e+01
3550,1.22851562,1.39550781,1.66992188e-01,-17.57812500,11.22656250,2.88046875e+01
3551,1.05957031,1.10351562,4.39453125e-02,-587.50000000,-332.00000000,2.55500000e+02
3552,1.84960938,1.81054688,3.90625000e-02,80.06250000,55.65625000,2.44062500e+01
3553,1.49023438,1.53125000,4.10156250e-02,-196.25000000,-236.37500000,4.01250000e+01
3554,2.08007812,1.99218750,8.78906250e-02,78.12500000,71.31250000,6.81250000e+00
3555,1.17773438,1.25390625,7.61718750e-02,-186.50000000,-90.81250000,9.56875000e+01
3556,2.42773438,2.27343750,1.54296875e-01,197.25000000,87.87500000,1.09375000e+02
3557,1.56640625,1.47460938,9.17968750e-02,-604.50000000,-646.50000000,4.20000000e+01
3558,1.96289062,1.93750000,2.53906250e-02,27.34375000,32.21875000,4.87500000e+00
3559,2.12695312,2.08984375,3.71093750e-02,182.62500000,205.62500000,2.30000000e+01
3560,2.44921875,2.33984375,1.09375000e-01,174.75000000,115.25000000,5.95000000e+01
3561,1.65722656,1.83593750,1.78710938e-01,81.56250000,225.62500000,1.44062500e+02
3562,1.52734375,1.61523438,8.78906250e-02,7.81250000,-24.90625000,3.27187500e+01
3563,1.97070312,1.91601562,5.46875000e-02,-34.18750000,69.81250000,1.04000000e+02
3564,1.52832031,1.44921875,7.91015625e-02,-22.45312500,-79.56250000,5.71093750e+01
3565,2.36328125,2.15625000,2.07031250e-01,24.40625000,44.90625000,2.05000000e+01
3566,1.52929688,1.57421875,4.49218750e-02,180.62500000,191.37500000,1.07500000e+01
3567,1.34765625,1.37695312,2.92968750e-02,43.93750000,37.59375000,6.34375000e+00
3568,1.59667969,1.70312500,1.06445312e-01,-96.18750000,94.75000000,1.90937500e+02
3569,1.69433594,1.78710938,9.27734375e-02,-71.31250000,-122.06250000,5.07500000e+01
3570,1.63378906,1.77148438,1.37695312e-01,18.54687500,53.71875000,3.51718750e+01
3571,1.27539062,1.37988281,1.04492188e-01,81.06250000,113.25000000,3.21875000e+01
3572,2.09179688,1.96972656,1.22070312e-01,97.62500000,56.62500000,4.10000000e+01
3573,1.75390625,1.83007812,7.61718750e-02,136.25000000,156.25000000,2.00000000e+01
3574,1.88671875,1.72851562,1.58203125e-01,-223.62500000,-335.00000000,1.11375000e+02
3575,1.86914062,1.97460938,1.05468750e-01,-49.81250000,120.12500000,1.69937500e+02
3576,2.67187500,2.55468750,1.17187500e-01,33.18750000,89.81250000,5.66250000e+01
3577,2.29296875,1.95117188,3.41796875e-01,-116.18750000,-267.50000000,1.51312500e+02
3578,1.09960938,1.21679688,1.17187500e-01,-123.06250000,-71.31250000,5.17500000e+01
3579,1.19335938,1.23242188,3.90625000e-02,-3.41796875,-21.48437500,1.80664062e+01
3580,1.16406250,1.17968750,1.56250000e-02,-134.75000000,-164.50000000,2.97500000e+01
3581,1.66015625,1.65332031,6.83593750e-03,2.92968750,9.27343750,6.34375000e+00
3582,2.80859375,2.87109375,6.25000000e-02,456.00000000,359.25000000,9.67500000e+01
3583,2.08007812,2.16406250,8.39843750e-02,-139.62500000,-150.37500000,1.07500000e+01
3584,2.27343750,2.17773438,9.57031250e-02,49.81250000,99.62500000,4.98125000e+01
3585,1.72363281,1.71191406,1.17187500e-02,-152.87500000,-151.87500000,1.00000000e+00
3586,2.00976562,2.00195312,7.81250000e-03,-376.00000000,-392.50000000,1.65000000e+01
3587,1.63281250,1.57421875,5.85937500e-02,-193.37500000,-206.50000000,1.31250000e+01
3588,2.05468750,2.13671875,8.20312500e-02,-269.50000000,-107.43750000,1.62062500e+02
3589,1.86230469,2.00195312,1.39648438e-01,-102.06250000,36.12500000,1.38187500e+02
3590,2.84179688,2.58789062,2.53906250e-01,-89.81250000,-186.50000000,9.66875000e+01
3591,1.84765625,1.76855469,7.91015625e-02,132.75000000,137.25000000,4.50000000e+00
3592,1.51757812,1.42968750,8.78906250e-02,-261.75000000,-248.00000000,1.37500000e+01
3593,1.69140625,1.61914062,7.22656250e-02,62.50000000,45.90625000,1.65937500e+01
3594,1.42968750,1.39257812,3.71093750e-02,177.75000000,120.12500000,5.76250000e+01
3595,2.86523438,2.78515625,8.00781250e-02,340.75000000,317.50000000,2.32500000e+01
3596,1.79980469,1.74218750,5.76171875e-02,-93.75000000,15.13281250,1.08882812e+02
3597,1.64648438,1.60253906,4.39453125e-02,-18.54687500,-67.87500000,4.93281250e+01
3598,1.90820312,1.96093750,5.27343750e-02,66.37500000,134.75000000,6.83750000e+01
3599,2.58203125,2.76562500,1.83593750e-01,229.50000000,333.00000000,1.03500000e+02
3600,1.34570312,1.52246094,1.76757812e-01,-216.75000000,-141.12500000,7.56250000e+01
3601,2.13476562,2.09960938,3.51562500e-02,481.50000000,463.00000000,1.85000000e+01
3602,1.42968750,1.31152344,1.18164062e-01,-258.75000000,-316.00000000,5.72500000e+01
3603,1.32910156,1.34570312,1.66015625e-02,-276.00000000,-296.00000000,2.00000000e+01
3604,1.55371094,1.58886719,3.51562500e-02,-80.06250000,-54.68750000,2.53750000e+01
3605,1.50488281,1.54101562,3.61328125e-02,79.12500000,58.09375000,2.10312500e+01
3606,1.94726562,1.90039062,4.68750000e-02,-50.78125000,-48.34375000,2.43750000e+00
3607,2.24609375,2.25390625,7.81250000e-03,-359.25000000,-323.25000000,3.60000000e+01
3608,1.73828125,1.75390625,1.56250000e-02,-161.12500000,-128.87500000,3.22500000e+01
3609,1.52539062,1.51367188,1.17187500e-02,-196.25000000,-154.25000000,4.20000000e+01
3610,2.17187500,2.05078125,1.21093750e-01,76.18750000,11.71875000,6.44687500e+01
3611,1.42089844,1.38574219,3.51562500e-02,-30.76562500,-74.68750000,4.39218750e+01
3612,1.38378906,1.42382812,4.00390625e-02,69.81250000,117.68750000,4.78750000e+01
3613,1.70507812,1.77929688,7.42187500e-02,-94.75000000,-157.25000000,6.25000000e+01
3614,1.78613281,1.84179688,5.56640625e-02,312.00000000,313.50000000,1.50000000e+00
3615,2.43750000,2.41015625,2.73437500e-02,140.62500000,132.75000000,7.87500000e+00
3616,1.29492188,1.34863281,5.37109375e-02,25.87500000,20.01562500,5.85937500e+00
3617,1.35644531,1.38671875,3.02734375e-02,119.62500000,84.50000000,3.51250000e+01
3618,1.50390625,1.30859375,1.95312500e-01,-19.04687500,-135.25000000,1.16203125e+02
3619,1.73925781,1.83691406,9.76562500e-02,-144.00000000,-52.25000000,9.17500000e+01
3620,1.86425781,2.00195312,1.37695312e-01,92.31250000,131.87500000,3.95625000e+01
3621,0.99755859,1.07714844,7.95898438e-02,-47.59375000,-55.18750000,7.59375000e+00
3622,1.86621094,1.80078125,6.54296875e-02,37.59375000,47.37500000,9.78125000e+00
3623,1.57421875,1.61132812,3.71093750e-02,-73.75000000,9.76562500,8.35156250e+01
3624,1.63671875,1.62109375,1.56250000e-02,-65.43750000,-72.25000000,6.81250000e+00
3625,1.91992188,1.82421875,9.57031250e-02,-12.20312500,-60.53125000,4.83281250e+01
3626,2.76367188,2.42187500,3.41796875e-01,-112.31250000,-144.50000000,3.21875000e+01
3627,2.66406250,2.72656250,6.25000000e-02,192.37500000,256.75000000,6.43750000e+01
3628,1.18457031,1.27929688,9.47265625e-02,-102.06250000,-149.37500000,4.73125000e+01
3629,1.16796875,1.28125000,1.13281250e-01,11.71875000,42.46875000,3.07500000e+01
3630,1.36035156,1.32519531,3.51562500e-02,74.68750000,49.31250000,2.53750000e+01
3631,1.71777344,1.70703125,1.07421875e-02,47.37500000,80.06250000,3.26875000e+01
3632,2.78906250,3.22851562,4.39453125e-01,-17.57812500,250.00000000,2.67578125e+02
3633,2.13281250,2.18945312,5.66406250e-02,-171.87500000,-150.37500000,2.15000000e+01
3634,2.29296875,2.06445312,2.28515625e-01,64.43750000,-67.37500000,1.31812500e+02
3635,1.96679688,1.97656250,9.76562500e-03,123.56250000,143.50000000,1.99375000e+01
3636,2.36914062,2.42578125,5.66406250e-02,-26.35937500,-25.39062500,9.68750000e-01
3637,1.82714844,1.86523438,3.80859375e-02,25.87500000,60.53125000,3.46562500e+01
3638,2.26757812,2.27539062,7.81250000e-03,126.00000000,108.37500000,1.76250000e+01
3639,2.06640625,2.12695312,6.05468750e-02,124.00000000,126.43750000,2.43750000e+00
3640,2.52343750,2.58203125,5.85937500e-02,-273.50000000,-222.62500000,5.08750000e+01
3641,1.57617188,1.61621094,4.00390625e-02,-55.65625000,-83.50000000,2.78437500e+01
3642,2.13671875,2.12890625,7.81250000e-03,133.75000000,358.00000000,2.24250000e+02
3643,1.53515625,1.62695312,9.17968750e-02,-41.00000000,6.83593750,4.78359375e+01
3644,1.47460938,1.34863281,1.25976562e-01,74.18750000,101.56250000,2.73750000e+01
3645,3.14843750,3.16210938,1.36718750e-02,359.25000000,229.50000000,1.29750000e+02
3646,1.71679688,1.68847656,2.83203125e-02,-63.46875000,-41.50000000,2.19687500e+01
3647,1.48632812,1.60156250,1.15234375e-01,-150.37500000,-79.56250000,7.08125000e+01
3648,1.83593750,1.81640625,1.95312500e-02,44.90625000,31.25000000,1.36562500e+01
3649,2.30078125,2.35937500,5.85937500e-02,-72.25000000,-23.43750000,4.88125000e+01
3650,1.33007812,1.51660156,1.86523438e-01,-8.78906250,29.78125000,3.85703125e+01
3651,1.21679688,1.28027344,6.34765625e-02,-116.68750000,-83.50000000,3.31875000e+01
3652,1.61718750,1.62304688,5.85937500e-03,-120.12500000,-102.56250000,1.75625000e+01
3653,1.49023438,1.46972656,2.05078125e-02,56.62500000,121.56250000,6.49375000e+01
3654,1.47460938,1.50585938,3.12500000e-02,-61.53125000,-66.37500000,4.84375000e+00
3655,1.13964844,1.23632812,9.66796875e-02,49.81250000,87.37500000,3.75625000e+01
3656,1.72656250,1.60742188,1.19140625e-01,-303.75000000,-307.50000000,3.75000000e+00
3657,1.65429688,1.98828125,3.33984375e-01,-213.87500000,6.83593750,2.20710938e+02
3658,1.90234375,1.91699219,1.46484375e-02,78.12500000,98.12500000,2.00000000e+01
3659,1.89453125,1.52343750,3.71093750e-01,61.53125000,-103.00000000,1.64531250e+02
3660,2.23632812,2.05468750,1.81640625e-01,143.12500000,40.53125000,1.02593750e+02
3661,1.38574219,1.54882812,1.63085938e-01,-97.62500000,0.00000000,9.76250000e+01
3662,1.76367188,1.79492188,3.12500000e-02,364.75000000,393.00000000,2.82500000e+01
3663,1.49707031,1.48730469,9.76562500e-03,-146.50000000,-95.68750000,5.08125000e+01
3664,1.70117188,1.58593750,1.15234375e-01,111.31250000,21.00000000,9.03125000e+01
3665,2.05273438,1.91113281,1.41601562e-01,-147.50000000,-214.37500000,6.68750000e+01
3666,1.36230469,1.35351562,8.78906250e-03,65.43750000,40.03125000,2.54062500e+01
3667,1.36425781,1.33398438,3.02734375e-02,-104.00000000,-144.50000000,4.05000000e+01
3668,1.14648438,1.23632812,8.98437500e-02,-104.50000000,-37.59375000,6.69062500e+01
3669,2.05273438,2.01953125,3.32031250e-02,215.87500000,59.56250000,1.56312500e+02
3670,1.71289062,1.74414062,3.12500000e-02,5.85937500,-89.81250000,9.56718750e+01
3671,1.19726562,1.35742188,1.60156250e-01,133.50000000,197.75000000,6.42500000e+01
3672,1.86718750,1.77441406,9.27734375e-02,-99.62500000,-149.87500000,5.02500000e+01
3673,1.57812500,1.52734375,5.07812500e-02,-28.31250000,-57.62500000,2.93125000e+01
3674,1.92187500,2.13476562,2.12890625e-01,103.50000000,163.12500000,5.96250000e+01
3675,1.83105469,2.03710938,2.06054688e-01,108.37500000,221.62500000,1.13250000e+02
3676,2.93554688,2.94335938,7.81250000e-03,293.00000000,206.00000000,8.70000000e+01
3677,2.00781250,1.82128906,1.86523438e-01,-285.25000000,-455.50000000,1.70250000e+02
3678,0.99707031,1.00195312,4.88281250e-03,-147.00000000,-125.50000000,2.15000000e+01
3679,1.03320312,1.08691406,5.37109375e-02,-44.90625000,-56.15625000,1.12500000e+01
3680,1.21289062,1.24804688,3.51562500e-02,-90.81250000,-33.18750000,5.76250000e+01
3681,1.68359375,1.75683594,7.32421875e-02,-3.90625000,35.15625000,3.90625000e+01
3682,2.61328125,2.54687500,6.64062500e-02,-210.87500000,-209.00000000,1.87500000e+00
3683,2.44921875,2.56640625,1.17187500e-01,80.06250000,158.25000000,7.81875000e+01
3684,1.93945312,2.14257812,2.03125000e-01,-23.92187500,68.37500000,9.22968750e+01
3685,2.26171875,2.15625000,1.05468750e-01,358.50000000,273.00000000,8.55000000e+01
3686,3.35156250,3.03515625,3.16406250e-01,461.00000000,324.25000000,1.36750000e+02
3687,1.81054688,1.74511719,6.54296875e-02,2.92968750,-184.12500000,1.87054688e+02
3688,1.92773438,1.90332031,2.44140625e-02,-0.97656250,62.50000000,6.34765625e+01
3689,1.89648438,1.83398438,6.25000000e-02,115.25000000,61.53125000,5.37187500e+01
3690,3.01953125,3.96875000,9.49218750e-01,-476.50000000,294.00000000,7.70500000e+02
3691,1.79101562,1.77539062,1.56250000e-02,207.00000000,211.87500000,4.87500000e+00
3692,1.79687500,1.56054688,2.36328125e-01,58.59375000,-84.93750000,1.43531250e+02
3693,1.45507812,1.50195312,4.68750000e-02,-29.29687500,21.96875000,5.12656250e+01
3694,1.21777344,1.19726562,2.05078125e-02,-192.87500000,-167.00000000,2.58750000e+01
3695,1.81933594,2.22265625,4.03320312e-01,-113.75000000,199.25000000,3.13000000e+02
3696,1.81835938,1.84277344,2.44140625e-02,-193.37500000,-111.81250000,8.15625000e+01
3697,2.20703125,2.25781250,5.07812500e-02,369.25000000,301.75000000,6.75000000e+01
3698,1.85742188,1.82226562,3.51562500e-02,163.62500000,132.75000000,3.08750000e+01
3699,2.52734375,2.61914062,9.17968750e-02,210.87500000,223.62500000,1.27500000e+01
3700,1.08496094,1.17578125,9.08203125e-02,-72.75000000,-71.75000000,1.00000000e+00
3701,1.01855469,0.97363281,4.49218750e-02,-253.37500000,-245.62500000,7.75000000e+00
3702,1.87890625,1.84277344,3.61328125e-02,10.74218750,39.06250000,2.83203125e+01
3703,1.25390625,1.30078125,4.68750000e-02,-224.12500000,-88.87500000,1.35250000e+02
3704,1.29003906,1.30468750,1.46484375e-02,-228.00000000,-211.87500000,1.61250000e+01
3705,1.25585938,1.26367188,7.81250000e-03,-82.50000000,-102.06250000,1.95625000e+01
3706,1.74804688,1.80957031,6.15234375e-02,-136.75000000,-371.50000000,2.34750000e+02
3707,1.35351562,1.28808594,6.54296875e-02,-680.50000000,-608.00000000,7.25000000e+01
3708,2.00000000,2.12109375,1.21093750e-01,226.50000000,299.75000000,7.32500000e+01
3709,1.47656250,1.44433594,3.22265625e-02,-316.50000000,-284.75000000,3.17500000e+01
3710,1.62402344,1.73535156,1.11328125e-01,-263.25000000,-71.75000000,1.91500000e+02
3711,1.34179688,1.34765625,5.85937500e-03,48.81250000,77.12500000,2.83125000e+01
3712,1.09667969,1.21484375,1.18164062e-01,-178.25000000,-99.62500000,7.86250000e+01
3713,1.92773438,1.87695312,5.07812500e-02,-164.00000000,-71.31250000,9.26875000e+01
3714,1.15527344,1.08398438,7.12890625e-02,-208.50000000,-190.87500000,1.76250000e+01
3715,2.69921875,2.69726562,1.95312500e-03,445.25000000,482.00000000,3.67500000e+01
3716,1.28027344,1.29785156,1.75781250e-02,-31.25000000,-47.37500000,1.61250000e+01
3717,1.32421875,1.41894531,9.47265625e-02,54.18750000,84.50000000,3.03125000e+01
3718,3.35351562,2.87304688,4.80468750e-01,764.50000000,603.50000000,1.61000000e+02
3719,1.95507812,1.91796875,3.71093750e-02,40.03125000,52.71875000,1.26875000e+01
3720,1.18554688,1.18945312,3.90625000e-03,-405.75000000,-418.00000000,1.22500000e+01
3721,0.87890625,0.90234375,2.34375000e-02,-198.25000000,-205.12500000,6.87500000e+00
3722,1.66113281,1.69140625,3.02734375e-02,-204.62500000,-169.00000000,3.56250000e+01
3723,1.18945312,0.94824219,2.41210938e-01,-151.37500000,-293.00000000,1.41625000e+02
3724,1.39550781,1.34765625,4.78515625e-02,-255.37500000,-241.25000000,1.41250000e+01
3725,1.75683594,1.79882812,4.19921875e-02,-46.87500000,-49.81250000,2.93750000e+00
3726,3.64062500,3.86914062,2.28515625e-01,400.50000000,602.50000000,2.02000000e+02
3727,2.01562500,1.86621094,1.49414062e-01,-406.25000000,-498.50000000,9.22500000e+01
3728,1.10742188,1.08984375,1.75781250e-02,4.39453125,-39.06250000,4.34570312e+01
3729,0.91943359,0.97167969,5.22460938e-02,-160.87500000,-182.12500000,2.12500000e+01
3730,1.46093750,1.47265625,1.17187500e-02,131.87500000,123.06250000,8.81250000e+00
3731,1.57031250,1.62500000,5.46875000e-02,-35.15625000,-38.09375000,2.93750000e+00
3732,2.36718750,2.66601562,2.98828125e-01,11.71875000,49.81250000,3.80937500e+01
3733,2.44531250,2.43750000,7.81250000e-03,58.59375000,11.71875000,4.68750000e+01
3734,2.30468750,2.44531250,1.40625000e-01,182.62500000,246.12500000,6.35000000e+01
3735,1.82421875,1.83007812,5.85937500e-03,32.21875000,7.81250000,2.44062500e+01
3736,1.81152344,1.68652344,1.25000000e-01,-81.06250000,-152.87500000,7.18125000e+01
3737,1.50390625,1.61816406,1.14257812e-01,-100.56250000,17.09375000,1.17656250e+02
3738,2.14843750,1.96582031,1.82617188e-01,-189.50000000,-265.25000000,7.57500000e+01
3739,1.63769531,1.75097656,1.13281250e-01,30.76562500,38.56250000,7.79687500e+00
3740,2.32812500,2.28906250,3.90625000e-02,-595.50000000,-555.50000000,4.00000000e+01
3741,2.13867188,1.92578125,2.12890625e-01,425.25000000,288.00000000,1.37250000e+02
3742,1.99804688,1.72363281,2.74414062e-01,21.96875000,-1.95312500,2.39218750e+01
3743,1.77441406,1.67480469,9.96093750e-02,111.81250000,91.31250000,2.05000000e+01
3744,1.31250000,1.12500000,1.87500000e-01,-872.00000000,-884.00000000,1.20000000e+01
3745,2.78320312,2.63476562,1.48437500e-01,351.50000000,309.50000000,4.20000000e+01
3746,1.68945312,1.66503906,2.44140625e-02,-211.87500000,-239.75000000,2.78750000e+01
3747,1.48046875,1.38378906,9.66796875e-02,-57.12500000,-131.37500000,7.42500000e+01
3748,1.71777344,1.74804688,3.02734375e-02,-31.73437500,16.59375000,4.83281250e+01
3749,1.93164062,1.94531250,1.36718750e-02,-385.75000000,-367.25000000,1.85000000e+01
3750,1.23437500,1.31835938,8.39843750e-02,-44.43750000,-233.37500000,1.88937500e+02
3751,1.26269531,1.31640625,5.37109375e-02,13.17968750,54.18750000,4.10078125e+01
3752,1.50781250,1.51269531,4.88281250e-03,-255.87500000,-213.37500000,4.25000000e+01
3753,1.43945312,1.51171875,7.22656250e-02,-343.75000000,-142.62500000,2.01125000e+02
3754,1.66015625,1.69726562,3.71093750e-02,238.25000000,295.00000000,5.67500000e+01
3755,1.20703125,1.26464844,5.76171875e-02,-254.87500000,-317.00000000,6.21250000e+01
3756,1.62500000,1.67773438,5.27343750e-02,-109.87500000,-155.25000000,4.53750000e+01
3757,3.02734375,2.33789062,6.89453125e-01,524.50000000,179.62500000,3.44875000e+02
3758,2.19921875,2.06835938,1.30859375e-01,298.75000000,230.50000000,6.82500000e+01
3759,1.90136719,1.84375000,5.76171875e-02,241.75000000,239.25000000,2.50000000e+00
3760,2.32812500,2.36523438,3.71093750e-02,249.00000000,236.37500000,1.26250000e+01
3761,1.08300781,1.07226562,1.07421875e-02,-206.50000000,-199.25000000,7.25000000e+00
3762,1.28515625,1.57031250,2.85156250e-01,-6.83593750,41.50000000,4.83359375e+01
3763,1.45898438,1.48339844,2.44140625e-02,-105.93750000,-39.56250000,6.63750000e+01
3764,1.84765625,1.71191406,1.35742188e-01,122.06250000,67.87500000,5.41875000e+01
3765,1.76562500,1.76367188,1.95312500e-03,-351.50000000,-319.25000000,3.22500000e+01
3766,1.29882812,1.34960938,5.07812500e-02,52.71875000,50.78125000,1.93750000e+00
3767,1.18554688,1.22656250,4.10156250e-02,-101.56250000,-127.43750000,2.58750000e+01
3768,1.38476562,1.34082031,4.39453125e-02,3.90625000,-57.12500000,6.10312500e+01
3769,2.12890625,2.15625000,2.73437500e-02,-7.81250000,-46.87500000,3.90625000e+01
3770,1.58203125,1.71484375,1.32812500e-01,160.62500000,212.87500000,5.22500000e+01
3771,1.01757812,1.03417969,1.66015625e-02,-61.03125000,-63.00000000,1.96875000e+00
3772,1.71289062,1.68554688,2.73437500e-02,3.41796875,-12.20312500,1.56210938e+01
3773,1.47265625,1.57226562,9.96093750e-02,-82.00000000,-50.78125000,3.12187500e+01
3774,1.33203125,1.37500000,4.29687500e-02,-165.00000000,-98.62500000,6.63750000e+01
3775,1.91015625,1.84863281,6.15234375e-02,78.12500000,36.62500000,4.15000000e+01
3776,2.43359375,2.10156250,3.32031250e-01,269.50000000,59.56250000,2.09937500e+02
3777,2.21093750,2.19921875,1.17187500e-02,-306.75000000,-332.00000000,2.52500000e+01
3778,1.00292969,0.95996094,4.29687500e-02,-346.25000000,-338.50000000,7.75000000e+00
3779,1.07226562,1.12109375,4.88281250e-02,-117.18750000,-109.87500000,7.31250000e+00
3780,1.28515625,1.07910156,2.06054688e-01,-171.87500000,-177.25000000,5.37500000e+00
3781,1.71289062,1.80468750,9.17968750e-02,-41.00000000,-20.50000000,2.05000000e+01
3782,2.00585938,2.22265625,2.16796875e-01,-94.75000000,62.50000000,1.57250000e+02
3783,2.36132812,2.27734375,8.39843750e-02,89.81250000,-25.39062500,1.15203125e+02
3784,2.12890625,2.19921875,7.03125000e-02,79.12500000,220.25000000,1.41125000e+02
3785,1.34472656,1.35839844,1.36718750e-02,-317.75000000,-329.50000000,1.17500000e+01
3786,2.66796875,2.45898438,2.08984375e-01,222.62500000,110.37500000,1.12250000e+02
3787,1.97265625,1.78808594,1.84570312e-01,270.00000000,210.50000000,5.95000000e+01
3788,1.50195312,1.44433594,5.76171875e-02,-198.25000000,-211.37500000,1.31250000e+01
3789,1.61914062,1.62988281,1.07421875e-02,-115.25000000,-114.25000000,1.00000000e+00
3790,3.75585938,3.89453125,1.38671875e-01,790.00000000,935.50000000,1.45500000e+02
3791,1.57812500,1.55664062,2.14843750e-02,20.50000000,75.18750000,5.46875000e+01
3792,1.89648438,1.75781250,1.38671875e-01,151.37500000,101.06250000,5.03125000e+01
3793,1.60351562,1.58691406,1.66015625e-02,120.12500000,128.87500000,8.75000000e+00
3794,2.11523438,2.44726562,3.32031250e-01,284.75000000,527.00000000,2.42250000e+02
3795,2.05078125,2.17578125,1.25000000e-01,-449.25000000,-331.00000000,1.18250000e+02
3796,1.72851562,1.73242188,3.90625000e-03,-87.87500000,-34.18750000,5.36875000e+01
3797,1.47558594,1.56445312,8.88671875e-02,-569.00000000,-599.50000000,3.05000000e+01
3798,1.61718750,1.58496094,3.22265625e-02,-153.37500000,-84.50000000,6.88750000e+01
3799,2.28906250,2.29296875,3.90625000e-03,34.18750000,39.06250000,4.87500000e+00
3800,1.09277344,1.15429688,6.15234375e-02,-357.00000000,-466.75000000,1.09750000e+02
3801,1.13183594,1.05859375,7.32421875e-02,-114.75000000,-54.18750000,6.05625000e+01
3802,1.98828125,2.10742188,1.19140625e-01,130.87500000,201.12500000,7.02500000e+01
3803,1.38867188,1.46191406,7.32421875e-02,-26.35937500,28.81250000,5.51718750e+01
3804,1.36523438,1.45898438,9.37500000e-02,-317.50000000,-264.75000000,5.27500000e+01
3805,1.26171875,1.38867188,1.26953125e-01,6.83593750,23.92187500,1.70859375e+01
3806,1.62695312,1.63769531,1.07421875e-02,-297.75000000,-411.50000000,1.13750000e+02
3807,1.63671875,1.71777344,8.10546875e-02,-8.78906250,-37.59375000,2.88046875e+01
3808,1.66015625,1.71679688,5.66406250e-02,-91.31250000,-46.87500000,4.44375000e+01
3809,1.76171875,1.76367188,1.95312500e-03,-19.04687500,-41.00000000,2.19531250e+01
3810,2.14648438,2.07617188,7.03125000e-02,144.50000000,212.87500000,6.83750000e+01
3811,1.13085938,1.13183594,9.76562500e-04,-147.50000000,-220.25000000,7.27500000e+01
3812,2.01562500,2.12109375,1.05468750e-01,355.50000000,415.00000000,5.95000000e+01
3813,1.59570312,1.57812500,1.75781250e-02,-60.53125000,-13.67187500,4.68593750e+01
3814,1.63476562,1.57421875,6.05468750e-02,207.00000000,127.93750000,7.90625000e+01
3815,2.05859375,2.02734375,3.12500000e-02,45.40625000,50.78125000,5.37500000e+00
3816,1.33886719,1.42968750,9.08203125e-02,20.01562500,63.46875000,4.34531250e+01
3817,1.29101562,1.34765625,5.66406250e-02,32.71875000,30.26562500,2.45312500e+00
3818,1.28222656,1.25390625,2.83203125e-02,-110.37500000,-77.12500000,3.32500000e+01
3819,2.36328125,2.46875000,1.05468750e-01,323.25000000,268.00000000,5.52500000e+01
3820,1.61035156,1.62890625,1.85546875e-02,-80.56250000,-95.68750000,1.51250000e+01
3821,1.12792969,1.26171875,1.33789062e-01,62.50000000,123.06250000,6.05625000e+01
3822,1.42578125,1.30761719,1.18164062e-01,-451.25000000,-518.00000000,6.67500000e+01
3823,1.44140625,1.33300781,1.08398438e-01,-12.69531250,-34.65625000,2.19609375e+01
3824,1.80664062,1.85839844,5.17578125e-02,44.43750000,-16.10937500,6.05468750e+01
3825,1.95117188,1.81347656,1.37695312e-01,-11.71875000,-68.87500000,5.71562500e+01
3826,2.57812500,2.30468750,2.73437500e-01,84.00000000,-46.87500000,1.30875000e+02
3827,2.05664062,2.02343750,3.32031250e-02,-251.00000000,-309.50000000,5.85000000e+01
3828,1.11816406,1.21679688,9.86328125e-02,-322.75000000,-169.00000000,1.53750000e+02
3829,1.25878906,1.34570312,8.69140625e-02,145.50000000,150.37500000,4.87500000e+00
3830,1.33886719,1.34375000,4.88281250e-03,133.25000000,136.25000000,3.00000000e+00
3831,1.38867188,1.51562500,1.26953125e-01,-165.00000000,-71.31250000,9.36875000e+01
3832,2.95507812,2.55859375,3.96484375e-01,406.25000000,99.62500000,3.06625000e+02
3833,2.60351562,2.65039062,4.68750000e-02,354.00000000,329.00000000,2.50000000e+01
3834,2.12695312,2.18750000,6.05468750e-02,145.50000000,236.37500000,9.08750000e+01
3835,1.51660156,1.55468750,3.80859375e-02,-231.00000000,-225.62500000,5.37500000e+00
3836,2.50195312,2.46679688,3.51562500e-02,400.50000000,463.75000000,6.32500000e+01
3837,1.75976562,1.73437500,2.53906250e-02,178.75000000,160.62500000,1.81250000e+01
3838,1.71093750,1.56640625,1.44531250e-01,-49.31250000,-72.25000000,2.29375000e+01
3839,1.77539062,1.75195312,2.34375000e-02,1.46484375,5.85937500,4.39453125e+00
3840,3.09375000,3.17968750,8.59375000e-02,584.00000000,593.00000000,9.00000000e+00
3841,1.96679688,1.77929688,1.87500000e-01,248.00000000,162.12500000,8.58750000e+01
3842,1.63085938,1.48046875,1.50390625e-01,-192.37500000,-188.00000000,4.37500000e+00
3843,1.30175781,1.36425781,6.25000000e-02,-148.37500000,-77.62500000,7.07500000e+01
3844,1.70898438,1.43066406,2.78320312e-01,338.75000000,175.75000000,1.63000000e+02
3845,1.84765625,2.25195312,4.04296875e-01,-657.00000000,-640.50000000,1.65000000e+01
3846,1.51757812,1.40625000,1.11328125e-01,-224.62500000,-292.00000000,6.73750000e+01
3847,1.44921875,1.46093750,1.17187500e-02,-16.59375000,6.83593750,2.34296875e+01
3848,1.72656250,1.69238281,3.41796875e-02,-77.12500000,-129.37500000,5.22500000e+01
3849,2.24609375,2.23632812,9.76562500e-03,170.87500000,194.37500000,2.35000000e+01
3850,1.83203125,2.26757812,4.35546875e-01,242.12500000,438.50000000,1.96375000e+02
3851,2.72460938,2.69140625,3.32031250e-02,857.50000000,785.50000000,7.20000000e+01
3852,1.51757812,1.56640625,4.88281250e-02,-21.48437500,14.64843750,3.61328125e+01
3853,1.44335938,1.33203125,1.11328125e-01,19.53125000,-22.95312500,4.24843750e+01
3854,1.38671875,1.36328125,2.34375000e-02,-210.87500000,-256.75000000,4.58750000e+01
3855,1.38671875,1.46093750,7.42187500e-02,42.96875000,92.75000000,4.97812500e+01
3856,1.71093750,1.94238281,2.31445312e-01,-344.75000000,-198.75000000,1.46000000e+02
3857,1.28125000,1.34570312,6.44531250e-02,-575.00000000,-385.75000000,1.89250000e+02
3858,1.71484375,1.73437500,1.95312500e-02,-41.00000000,-3.41796875,3.75820312e+01
3859,1.41015625,1.23339844,1.76757812e-01,-199.25000000,-238.25000000,3.90000000e+01
3860,2.18359375,2.09179688,9.17968750e-02,316.50000000,375.50000000,5.90000000e+01
3861,1.08203125,1.07128906,1.07421875e-02,-231.50000000,-288.50000000,5.70000000e+01
3862,1.24804688,1.22851562,1.95312500e-02,-144.50000000,-200.25000000,5.57500000e+01
3863,2.17968750,2.20117188,2.14843750e-02,257.75000000,352.50000000,9.47500000e+01
3864,1.59570312,1.64843750,5.27343750e-02,205.62500000,220.75000000,1.51250000e+01
3865,1.90820312,1.87011719,3.80859375e-02,-103.50000000,-58.09375000,4.54062500e+01
3866,1.51855469,1.57812500,5.95703125e-02,251.50000000,281.25000000,2.97500000e+01
3867,1.16796875,1.26562500,9.76562500e-02,-34.18750000,18.54687500,5.27343750e+01
3868,2.20117188,1.81445312,3.86718750e-01,351.50000000,213.87500000,1.37625000e+02
3869,1.55566406,1.57617188,2.05078125e-02,50.78125000,97.62500000,4.68437500e+01
3870,1.52929688,1.67187500,1.42578125e-01,100.56250000,204.12500000,1.03562500e+02
3871,0.91894531,0.89843750,2.05078125e-02,-3.90625000,-22.95312500,1.90468750e+01
3872,1.64453125,1.54687500,9.76562500e-02,-77.12500000,-175.25000000,9.81250000e+01
3873,1.30078125,1.29101562,9.76562500e-03,-86.93750000,-100.56250000,1.36250000e+01
3874,1.51953125,1.56933594,4.98046875e-02,-24.40625000,20.01562500,4.44218750e+01
3875,1.61132812,1.60156250,9.76562500e-03,-131.87500000,-65.43750000,6.64375000e+01
3876,2.39453125,2.39453125,0.00000000e+00,147.50000000,326.75000000,1.79250000e+02
3877,2.15625000,2.13671875,1.95312500e-02,-35.15625000,-39.06250000,3.90625000e+00
3878,1.02343750,1.12109375,9.76562500e-02,-53.21875000,-32.71875000,2.05000000e+01
3879,1.04394531,1.03515625,8.78906250e-03,5.37109375,-27.82812500,3.31992188e+01
3880,1.17382812,1.23535156,6.15234375e-02,45.90625000,106.43750000,6.05312500e+01
3881,1.63964844,1.67382812,3.41796875e-02,81.56250000,61.53125000,2.00312500e+01
3882,2.36914062,2.47851562,1.09375000e-01,-59.56250000,380.00000000,4.39562500e+02
3883,2.27539062,2.16796875,1.07421875e-01,106.43750000,46.87500000,5.95625000e+01
3884,1.99218750,2.16406250,1.71875000e-01,-126.93750000,-84.00000000,4.29375000e+01
3885,1.70019531,1.63183594,6.83593750e-02,33.18750000,13.17968750,2.00078125e+01
3886,2.12304688,2.15429688,3.12500000e-02,156.25000000,136.25000000,2.00000000e+01
3887,1.46289062,1.50585938,4.29687500e-02,-473.75000000,-364.25000000,1.09500000e+02
3888,2.55468750,2.85156250,2.96875000e-01,439.00000000,610.00000000,1.71000000e+02
3889,1.56445312,1.52539062,3.90625000e-02,-102.56250000,-72.25000000,3.03125000e+01
3890,2.40625000,2.60937500,2.03125000e-01,-507.75000000,-544.00000000,3.62500000e+01
3891,1.64062500,1.63671875,3.90625000e-03,53.71875000,166.00000000,1.12281250e+02
3892,1.73144531,1.37304688,3.58398438e-01,-53.71875000,-177.75000000,1.24031250e+02
3893,1.67773438,1.52050781,1.57226562e-01,126.43750000,92.75000000,3.36875000e+01
3894,1.62792969,1.62890625,9.76562500e-04,255.37500000,244.12500000,1.12500000e+01
3895,1.58593750,1.78906250,2.03125000e-01,-484.25000000,-356.50000000,1.27750000e+02
3896,1.89746094,1.74023438,1.57226562e-01,174.37500000,82.00000000,9.23750000e+01
3897,1.78515625,1.55371094,2.31445312e-01,-593.00000000,-628.50000000,3.55000000e+01
3898,1.95507812,1.95117188,3.90625000e-03,269.00000000,280.25000000,1.12500000e+01
3899,1.97558594,2.11523438,1.39648438e-01,-214.37500000,-101.56250000,1.12812500e+02
3900,1.31445312,1.21093750,1.03515625e-01,-4.39453125,-142.62500000,1.38230469e+02
3901,1.26171875,1.16601562,9.57031250e-02,57.62500000,99.12500000,4.15000000e+01
3902,1.84570312,1.66601562,1.79687500e-01,151.37500000,97.18750000,5.41875000e+01
3903,1.10742188,0.95507812,1.52343750e-01,-139.12500000,-230.50000000,9.13750000e+01
3904,1.58007812,1.43164062,1.48437500e-01,-262.75000000,-242.12500000,2.06250000e+01
3905,1.46289062,1.49121094,2.83203125e-02,176.75000000,190.00000000,1.32500000e+01
3906,2.58593750,2.36523438,2.20703125e-01,437.50000000,359.25000000,7.82500000e+01
3907,1.96289062,1.80566406,1.57226562e-01,-160.12500000,-159.62500000,5.00000000e-01
3908,1.80175781,1.83007812,2.83203125e-02,-1.46484375,-12.69531250,1.12304688e+01
3909,1.98828125,1.85156250,1.36718750e-01,390.25000000,410.75000000,2.05000000e+01
3910,1.81445312,1.83007812,1.56250000e-02,-67.37500000,-128.87500000,6.15000000e+01
3911,1.68750000,1.45214844,2.35351562e-01,276.25000000,191.87500000,8.43750000e+01
3912,1.73046875,1.77734375,4.68750000e-02,374.50000000,353.50000000,2.10000000e+01
3913,1.66015625,1.78613281,1.25976562e-01,62.50000000,191.37500000,1.28875000e+02
3914,1.21582031,1.16015625,5.56640625e-02,-268.00000000,-313.00000000,4.50000000e+01
3915,2.03515625,1.93261719,1.02539062e-01,117.68750000,83.00000000,3.46875000e+01
3916,1.01562500,1.00585938,9.76562500e-03,-233.37500000,-264.75000000,3.13750000e+01
3917,1.19140625,1.25195312,6.05468750e-02,-5.85937500,-4.88281250,9.76562500e-01
3918,1.71679688,1.70117188,1.56250000e-02,165.00000000,181.62500000,1.66250000e+01
3919,1.95898438,1.85156250,1.07421875e-01,112.31250000,60.53125000,5.17812500e+01
3920,1.41503906,1.36425781,5.07812500e-02,-23.92187500,-71.31250000,4.73906250e+01
3921,1.01855469,1.24609375,2.27539062e-01,51.75000000,162.62500000,1.10875000e+02
3922,2.14453125,2.12109375,2.34375000e-02,346.25000000,307.25000000,3.90000000e+01
3923,1.79980469,1.84765625,4.78515625e-02,256.25000000,278.25000000,2.20000000e+01
3924,1.83300781,1.95996094,1.26953125e-01,51.28125000,263.25000000,2.11968750e+02
3925,1.66406250,1.54394531,1.20117188e-01,-149.37500000,-190.00000000,4.06250000e+01
3926,2.51562500,2.17187500,3.43750000e-01,245.12500000,237.75000000,7.37500000e+00
3927,1.80371094,1.76171875,4.19921875e-02,-540.50000000,-661.00000000,1.20500000e+02
3928,1.04492188,1.19335938,1.48437500e-01,-87.87500000,-32.71875000,5.51562500e+01
3929,0.88671875,0.91699219,3.02734375e-02,-164.00000000,-163.12500000,8.75000000e-01
3930,1.05371094,0.99707031,5.66406250e-02,90.06250000,-106.93750000,1.97000000e+02
3931,1.56835938,1.58593750,1.75781250e-02,65.43750000,75.18750000,9.75000000e+00
3932,1.70117188,1.64843750,5.27343750e-02,-626.00000000,-738.50000000,1.12500000e+02
3933,2.20703125,1.84765625,3.59375000e-01,73.25000000,-146.50000000,2.19750000e+02
3934,1.60742188,1.57617188,3.12500000e-02,-370.00000000,-249.00000000,1.21000000e+02
3935,1.57617188,1.55078125,2.53906250e-02,49.31250000,66.87500000,1.75625000e+01
3936,1.84082031,1.92773438,8.69140625e-02,16.10937500,169.37500000,1.53265625e+02
3937,1.46484375,1.43652344,2.83203125e-02,-121.06250000,-117.68750000,3.37500000e+00
3938,2.14453125,2.46875000,3.24218750e-01,427.75000000,645.50000000,2.17750000e+02
3939,1.39648438,1.31054688,8.59375000e-02,-106.43750000,-84.00000000,2.24375000e+01
3940,2.05078125,1.77832031,2.72460938e-01,-303.75000000,-611.00000000,3.07250000e+02
3941,1.38769531,1.36328125,2.44140625e-02,-325.75000000,-363.25000000,3.75000000e+01
3942,1.64062500,1.63671875,3.90625000e-03,-174.75000000,-5.85937500,1.68890625e+02
3943,2.14453125,2.14062500,3.90625000e-03,350.50000000,345.25000000,5.25000000e+00
3944,1.33007812,1.23046875,9.96093750e-02,89.81250000,51.75000000,3.80625000e+01
3945,1.79687500,1.65625000,1.40625000e-01,-220.75000000,-245.12500000,2.43750000e+01
3946,1.46875000,1.27343750,1.95312500e-01,-126.00000000,-217.75000000,9.17500000e+01
3947,1.47070312,1.51757812,4.68750000e-02,-344.75000000,-426.75000000,8.20000000e+01
3948,1.55371094,1.53417969,1.95312500e-02,-152.87500000,55.18750000,2.08062500e+02
3949,2.10546875,2.08789062,1.75781250e-02,-132.75000000,-64.43750000,6.83125000e+01
3950,0.97998047,1.01757812,3.75976562e-02,-170.12500000,-183.62500000,1.35000000e+01
3951,1.20507812,1.18750000,1.75781250e-02,109.37500000,95.00000000,1.43750000e+01
3952,1.53515625,1.47070312,6.44531250e-02,-20.01562500,25.39062500,4.54062500e+01
3953,1.40429688,1.39648438,7.81250000e-03,-77.12500000,-77.12500000,0.00000000e+00
3954,1.71386719,1.66406250,4.98046875e-02,191.87500000,151.37500000,4.05000000e+01
3955,1.08789062,1.12304688,3.51562500e-02,-68.37500000,-56.62500000,1.17500000e+01
3956,1.40332031,1.31250000,9.08203125e-02,-276.00000000,-375.00000000,9.90000000e+01
3957,2.26953125,1.80273438,4.66796875e-01,248.00000000,5.85937500,2.42140625e+02
3958,1.78125000,1.73632812,4.49218750e-02,62.50000000,129.87500000,6.73750000e+01
3959,1.44335938,1.28125000,1.62109375e-01,-31.73437500,-76.18750000,4.44531250e+01
3960,2.00976562,1.80859375,2.01171875e-01,2.92968750,-28.81250000,3.17421875e+01
3961,1.12597656,1.17773438,5.17578125e-02,-39.56250000,27.34375000,6.69062500e+01
3962,1.41308594,1.34570312,6.73828125e-02,-67.87500000,-192.37500000,1.24500000e+02
3963,1.95410156,1.94824219,5.85937500e-03,276.75000000,336.50000000,5.97500000e+01
3964,1.64257812,1.58398438,5.85937500e-02,252.87500000,220.75000000,3.21250000e+01
3965,1.87109375,1.64453125,2.26562500e-01,-118.18750000,-231.50000000,1.13312500e+02
3966,1.45019531,1.50976562,5.95703125e-02,195.25000000,195.25000000,0.00000000e+00
3967,1.08398438,1.15820312,7.42187500e-02,-99.62500000,-90.81250000,8.81250000e+00
3968,1.46582031,1.24902344,2.16796875e-01,101.06250000,-17.09375000,1.18156250e+02
3969,1.80664062,1.79492188,1.17187500e-02,-129.87500000,-99.62500000,3.02500000e+01
3970,1.45019531,1.50585938,5.56640625e-02,-25.87500000,-66.37500000,4.05000000e+01
3971,0.84277344,0.91943359,7.66601562e-02,-106.43750000,-105.25000000,1.18750000e+00
3972,1.94921875,1.85156250,9.76562500e-02,250.00000000,251.50000000,1.50000000e+00
3973,1.41992188,1.29003906,1.29882812e-01,19.53125000,-19.53125000,3.90625000e+01
3974,1.74023438,1.68750000,5.27343750e-02,317.50000000,401.25000000,8.37500000e+01
3975,1.92089844,1.83789062,8.30078125e-02,44.43750000,-26.85937500,7.12968750e+01
3976,2.59765625,2.37109375,2.26562500e-01,323.25000000,327.25000000,4.00000000e+00
3977,2.07421875,1.96972656,1.04492188e-01,-109.37500000,-167.50000000,5.81250000e+01
3978,1.13085938,1.10351562,2.73437500e-02,-20.50000000,0.97656250,2.14765625e+01
3979,0.87890625,0.90966797,3.07617188e-02,-74.18750000,-74.43750000,2.50000000e-01
3980,1.03417969,1.06445312,3.02734375e-02,-67.37500000,-19.04687500,4.83281250e+01
3981,1.52343750,1.48632812,3.71093750e-02,42.96875000,47.84375000,4.87500000e+00
3982,1.99121094,1.78125000,2.09960938e-01,-585.50000000,-630.00000000,4.45000000e+01
3983,2.39843750,2.20312500,1.95312500e-01,53.71875000,-60.53125000,1.14250000e+02
3984,2.49218750,2.27734375,2.14843750e-01,307.50000000,194.37500000,1.13125000e+02
3985,1.67968750,1.69921875,1.95312500e-02,67.37500000,100.56250000,3.31875000e+01
3986,1.93164062,1.81250000,1.19140625e-01,-145.50000000,-160.12500000,1.46250000e+01
3987,1.84863281,1.69921875,1.49414062e-01,38.56250000,-119.12500000,1.57687500e+02
3988,2.61523438,2.52343750,9.17968750e-02,463.00000000,592.00000000,1.29000000e+02
3989,1.60742188,1.52050781,8.69140625e-02,-89.81250000,-93.75000000,3.93750000e+00
3990,2.27929688,2.32617188,4.68750000e-02,0.97656250,215.87500000,2.14898438e+02
3991,1.53710938,1.50195312,3.51562500e-02,112.31250000,94.25000000,1.80625000e+01
3992,2.01367188,1.83105469,1.82617188e-01,65.43750000,288.50000000,2.23062500e+02
3993,1.41308594,1.33789062,7.51953125e-02,-58.09375000,-7.32421875,5.07695312e+01
3994,1.48242188,1.62109375,1.38671875e-01,24.90625000,93.75000000,6.88437500e+01
3995,1.67773438,1.51074219,1.66992188e-01,-770.50000000,-1482.00000000,7.11500000e+02
3996,1.23437500,1.18554688,4.88281250e-02,-226.50000000,-145.50000000,8.10000000e+01
3997,1.41406250,1.49609375,8.20312500e-02,-300.75000000,-21.96875000,2.78781250e+02
3998,1.75195312,1.71289062,3.90625000e-02,89.81250000,81.06250000,8.75000000e+00
3999,2.33789062,2.54882812,2.10937500e-01,143.50000000,305.25000000,1.61750000e+02
