step,baseline_loss,flat_buffer_loss,loss_diff,baseline_grad,flat_buffer_grad,grad_diff
0,4.89843750,4.89843750,0.00000000e+00,326.25000000,328.00000000,1.75000000e+00
1,5.93359375,5.93750000,3.90625000e-03,375.00000000,375.00000000,0.00000000e+00
2,6.87500000,6.89062500,1.56250000e-02,445.25000000,449.25000000,4.00000000e+00
3,5.23828125,5.23437500,3.90625000e-03,-195.25000000,-195.25000000,0.00000000e+00
4,4.48828125,4.49218750,3.90625000e-03,-252.00000000,-248.00000000,4.00000000e+00
5,4.71875000,4.71093750,7.81250000e-03,-224.62500000,-230.50000000,5.87500000e+00
6,6.07812500,6.07812500,0.00000000e+00,-7.81250000,-9.76562500,1.95312500e+00
7,8.62500000,8.62500000,0.00000000e+00,427.75000000,425.75000000,2.00000000e+00
8,6.18750000,6.18750000,0.00000000e+00,-91.81250000,-95.68750000,3.87500000e+00
9,7.17578125,7.17968750,3.90625000e-03,214.87500000,218.75000000,3.87500000e+00
10,7.22265625,7.23437500,1.17187500e-02,-255.87500000,-246.12500000,9.75000000e+00
11,5.93750000,5.94140625,3.90625000e-03,78.12500000,80.06250000,1.93750000e+00
12,6.10156250,6.10546875,3.90625000e-03,-273.50000000,-275.50000000,2.00000000e+00
13,7.50781250,7.51953125,1.17187500e-02,246.12500000,248.00000000,1.87500000e+00
14,6.49218750,6.49218750,0.00000000e+00,-425.75000000,-423.75000000,2.00000000e+00
15,7.61718750,7.62500000,7.81250000e-03,-183.62500000,-179.62500000,4.00000000e+00
16,5.29687500,5.30468750,7.81250000e-03,109.37500000,117.18750000,7.81250000e+00
17,4.73437500,4.74218750,7.81250000e-03,21.48437500,25.39062500,3.90625000e+00
18,6.33593750,6.33203125,3.90625000e-03,-128.87500000,-123.06250000,5.81250000e+00
19,6.88281250,6.86718750,1.56250000e-02,-74.18750000,-74.18750000,0.00000000e+00
20,5.61718750,5.61718750,0.00000000e+00,-277.25000000,-277.25000000,0.00000000e+00
21,4.32421875,4.32812500,3.90625000e-03,-427.75000000,-427.75000000,0.00000000e+00
22,7.74218750,7.74218750,0.00000000e+00,341.75000000,347.75000000,6.00000000e+00
23,6.51562500,6.51562500,0.00000000e+00,89.81250000,93.75000000,3.93750000e+00
24,6.04687500,6.05468750,7.81250000e-03,-316.50000000,-320.25000000,3.75000000e+00
25,5.94140625,5.93750000,3.90625000e-03,-95.68750000,-105.43750000,9.75000000e+00
26,9.99218750,9.96875000,2.34375000e-02,191.37500000,171.87500000,1.95000000e+01
27,7.64843750,7.64843750,0.00000000e+00,-168.00000000,-164.00000000,4.00000000e+00
28,4.82031250,4.82421875,3.90625000e-03,-283.25000000,-283.25000000,0.00000000e+00
29,3.90625000,3.91406250,7.81250000e-03,-488.25000000,-484.25000000,4.00000000e+00
30,5.95703125,5.95312500,3.90625000e-03,89.81250000,85.93750000,3.87500000e+00
31,5.70312500,5.70703125,3.90625000e-03,113.25000000,111.31250000,1.93750000e+00
32,7.19531250,7.18750000,7.81250000e-03,-113.25000000,-121.06250000,7.81250000e+00
33,6.92968750,6.92187500,7.81250000e-03,25.39062500,23.43750000,1.95312500e+00
34,6.57812500,6.57031250,7.81250000e-03,-597.50000000,-605.50000000,8.00000000e+00
35,5.76171875,5.76562500,3.90625000e-03,-357.50000000,-357.50000000,0.00000000e+00
36,6.47656250,6.46875000,7.81250000e-03,-207.00000000,-207.00000000,0.00000000e+00
37,5.92187500,5.92578125,3.90625000e-03,156.25000000,154.25000000,2.00000000e+00
38,7.49218750,7.48828125,3.90625000e-03,-433.50000000,-431.75000000,1.75000000e+00
39,6.42968750,6.42968750,0.00000000e+00,-39.06250000,-39.06250000,0.00000000e+00
40,7.90625000,7.91015625,3.90625000e-03,-101.56250000,-103.50000000,1.93750000e+00
41,5.48046875,5.47656250,3.90625000e-03,181.62500000,179.62500000,2.00000000e+00
42,6.58593750,6.58593750,0.00000000e+00,142.62500000,136.75000000,5.87500000e+00
43,7.02343750,7.02343750,0.00000000e+00,535.00000000,539.00000000,4.00000000e+00
44,5.63671875,5.64062500,3.90625000e-03,545.00000000,543.00000000,2.00000000e+00
45,6.89062500,6.89453125,3.90625000e-03,250.00000000,252.00000000,2.00000000e+00
46,7.48437500,7.49218750,7.81250000e-03,-37.09375000,-35.15625000,1.93750000e+00
47,7.15234375,7.14453125,7.81250000e-03,-64.43750000,-72.25000000,7.81250000e+00
48,6.11328125,6.11328125,0.00000000e+00,152.37500000,154.25000000,1.87500000e+00
49,6.79687500,6.77343750,2.34375000e-02,-9.76562500,-17.57812500,7.81250000e+00
50,4.55078125,4.55859375,7.81250000e-03,-5.85937500,-3.90625000,1.95312500e+00
51,4.90625000,4.91015625,3.90625000e-03,-447.25000000,-447.25000000,0.00000000e+00
52,6.39062500,6.38281250,7.81250000e-03,-97.62500000,-103.50000000,5.87500000e+00
53,5.14062500,5.14062500,0.00000000e+00,-35.15625000,-35.15625000,0.00000000e+00
54,4.94531250,4.94531250,0.00000000e+00,78.12500000,70.31250000,7.81250000e+00
55,4.78906250,4.77734375,1.17187500e-02,23.43750000,15.62500000,7.81250000e+00
56,6.16406250,6.16796875,3.90625000e-03,199.25000000,197.25000000,2.00000000e+00
57,8.25000000,8.26562500,1.56250000e-02,246.12500000,253.87500000,7.75000000e+00
58,6.32031250,6.31640625,3.90625000e-03,140.62500000,134.75000000,5.87500000e+00
59,7.14843750,7.14843750,0.00000000e+00,218.75000000,220.75000000,2.00000000e+00
60,7.34375000,7.33593750,7.81250000e-03,-222.62500000,-222.62500000,0.00000000e+00
61,5.61718750,5.60937500,7.81250000e-03,93.75000000,93.75000000,0.00000000e+00
62,6.46093750,6.45312500,7.81250000e-03,19.53125000,15.62500000,3.90625000e+00
63,7.51562500,7.50781250,7.81250000e-03,132.75000000,132.75000000,0.00000000e+00
64,6.48437500,6.49218750,7.81250000e-03,-308.50000000,-308.50000000,0.00000000e+00
65,7.73828125,7.73437500,3.90625000e-03,84.00000000,82.00000000,2.00000000e+00
66,5.35937500,5.35937500,0.00000000e+00,539.00000000,541.00000000,2.00000000e+00
67,4.62500000,4.63281250,7.81250000e-03,175.75000000,177.75000000,2.00000000e+00
68,6.40234375,6.39062500,1.17187500e-02,-121.06250000,-125.00000000,3.93750000e+00
69,7.06640625,7.06250000,3.90625000e-03,44.90625000,46.87500000,1.96875000e+00
70,5.83593750,5.84375000,7.81250000e-03,84.00000000,85.93750000,1.93750000e+00
71,4.25781250,4.26562500,7.81250000e-03,-82.00000000,-82.00000000,0.00000000e+00
72,7.12500000,7.11328125,1.17187500e-02,107.43750000,101.56250000,5.87500000e+00
73,6.68750000,6.69921875,1.17187500e-02,380.75000000,386.75000000,6.00000000e+00
74,6.22265625,6.22656250,3.90625000e-03,25.39062500,27.34375000,1.95312500e+00
75,6.63281250,6.64062500,7.81250000e-03,730.50000000,738.50000000,8.00000000e+00
76,9.40625000,9.39843750,7.81250000e-03,125.00000000,121.06250000,3.93750000e+00
77,7.77343750,7.78125000,7.81250000e-03,82.00000000,89.81250000,7.81250000e+00
78,4.81640625,4.81250000,3.90625000e-03,-130.87500000,-136.75000000,5.87500000e+00
79,4.21875000,4.23437500,1.56250000e-02,-148.37500000,-140.62500000,7.75000000e+00
80,5.43750000,5.44531250,7.81250000e-03,-199.25000000,-195.25000000,4.00000000e+00
81,5.51562500,5.52343750,7.81250000e-03,-3.90625000,1.95312500,5.85937500e+00
82,7.42578125,7.41796875,7.81250000e-03,23.43750000,19.53125000,3.90625000e+00
83,7.16796875,7.15625000,1.17187500e-02,105.43750000,105.43750000,0.00000000e+00
84,7.53906250,7.53125000,7.81250000e-03,375.00000000,377.00000000,2.00000000e+00
85,6.19531250,6.19531250,0.00000000e+00,289.00000000,291.00000000,2.00000000e+00
86,6.35937500,6.35937500,0.00000000e+00,-252.00000000,-246.12500000,5.87500000e+00
87,5.40625000,5.41796875,1.17187500e-02,-253.87500000,-240.25000000,1.36250000e+01
88,7.35937500,7.35156250,7.81250000e-03,-343.75000000,-351.50000000,7.75000000e+00
89,6.66406250,6.65625000,7.81250000e-03,263.75000000,257.75000000,6.00000000e+00
90,8.00000000,7.99218750,7.81250000e-03,19.53125000,19.53125000,0.00000000e+00
91,5.07031250,5.07421875,3.90625000e-03,-126.93750000,-126.93750000,0.00000000e+00
92,6.48437500,6.48828125,3.90625000e-03,238.25000000,236.37500000,1.87500000e+00
93,6.33593750,6.32421875,1.17187500e-02,-296.75000000,-298.75000000,2.00000000e+00
94,5.25000000,5.25000000,0.00000000e+00,82.00000000,62.50000000,1.95000000e+01
95,6.46875000,6.46875000,0.00000000e+00,-23.43750000,-27.34375000,3.90625000e+00
96,7.56250000,7.57031250,7.81250000e-03,-35.15625000,-31.25000000,3.90625000e+00
97,7.12890625,7.12109375,7.81250000e-03,-248.00000000,-253.87500000,5.87500000e+00
98,6.12500000,6.10937500,1.56250000e-02,267.50000000,259.75000000,7.75000000e+00
99,7.14843750,7.13281250,1.56250000e-02,181.62500000,175.75000000,5.87500000e+00
100,3.85156250,3.85937500,7.81250000e-03,-507.75000000,-504.00000000,3.75000000e+00
101,5.27734375,5.27343750,3.90625000e-03,-76.18750000,-78.12500000,1.93750000e+00
102,6.53906250,6.53906250,0.00000000e+00,152.37500000,152.37500000,0.00000000e+00
103,5.37109375,5.37500000,3.90625000e-03,181.62500000,183.62500000,2.00000000e+00
104,4.87890625,4.88281250,3.90625000e-03,287.00000000,289.00000000,2.00000000e+00
105,4.64843750,4.64843750,0.00000000e+00,-95.68750000,-101.56250000,5.87500000e+00
106,5.67968750,5.69531250,1.56250000e-02,105.43750000,109.37500000,3.93750000e+00
107,8.09375000,8.10937500,1.56250000e-02,125.00000000,136.75000000,1.17500000e+01
108,5.95312500,5.95312500,0.00000000e+00,-160.12500000,-160.12500000,0.00000000e+00
109,7.29296875,7.29687500,3.90625000e-03,316.50000000,324.25000000,7.75000000e+00
110,7.27734375,7.27343750,3.90625000e-03,103.50000000,101.56250000,1.93750000e+00
111,5.21093750,5.21875000,7.81250000e-03,-236.37500000,-226.50000000,9.87500000e+00
112,6.78906250,6.79296875,3.90625000e-03,345.75000000,345.75000000,0.00000000e+00
113,7.32421875,7.32421875,0.00000000e+00,324.25000000,322.25000000,2.00000000e+00
114,7.12890625,7.13281250,3.90625000e-03,203.12500000,203.12500000,0.00000000e+00
115,8.07812500,8.07812500,0.00000000e+00,371.00000000,371.00000000,0.00000000e+00
116,4.81250000,4.79687500,1.56250000e-02,-58.59375000,-62.50000000,3.90625000e+00
117,4.55078125,4.55078125,0.00000000e+00,-23.43750000,-19.53125000,3.90625000e+00
118,6.07812500,6.07031250,7.81250000e-03,58.59375000,50.78125000,7.81250000e+00
119,6.95312500,6.96093750,7.81250000e-03,85.93750000,91.81250000,5.87500000e+00
120,5.70312500,5.70312500,0.00000000e+00,125.00000000,117.18750000,7.81250000e+00
121,4.84765625,4.85156250,3.90625000e-03,330.00000000,336.00000000,6.00000000e+00
122,6.93359375,6.92187500,1.17187500e-02,-13.67187500,-11.71875000,1.95312500e+00
123,6.30468750,6.29687500,7.81250000e-03,-93.75000000,-101.56250000,7.81250000e+00
124,6.46875000,6.47656250,7.81250000e-03,105.43750000,105.43750000,0.00000000e+00
125,5.62500000,5.63281250,7.81250000e-03,-132.75000000,-132.75000000,0.00000000e+00
126,10.82031250,10.82812500,7.81250000e-03,636.50000000,636.50000000,0.00000000e+00
127,7.70312500,7.71093750,7.81250000e-03,144.50000000,154.25000000,9.75000000e+00
128,4.42968750,4.42578125,3.90625000e-03,-281.25000000,-283.25000000,2.00000000e+00
129,4.02343750,4.02343750,0.00000000e+00,-11.71875000,-15.62500000,3.90625000e+00
130,5.89843750,5.88281250,1.56250000e-02,48.81250000,42.96875000,5.84375000e+00
131,5.15625000,5.14843750,7.81250000e-03,-373.00000000,-371.00000000,2.00000000e+00
132,7.26562500,7.26562500,0.00000000e+00,-62.50000000,-54.68750000,7.81250000e+00
133,6.82031250,6.82812500,7.81250000e-03,-33.18750000,-29.29687500,3.89062500e+00
134,6.40234375,6.41406250,1.17187500e-02,-177.75000000,-168.00000000,9.75000000e+00
135,5.89062500,5.89062500,0.00000000e+00,82.00000000,80.06250000,1.93750000e+00
136,6.95312500,6.93750000,1.56250000e-02,183.62500000,183.62500000,0.00000000e+00
137,6.03125000,6.03125000,0.00000000e+00,789.00000000,785.00000000,4.00000000e+00
138,8.13281250,8.10937500,2.34375000e-02,388.75000000,379.00000000,9.75000000e+00
139,6.63671875,6.64062500,3.90625000e-03,293.00000000,296.75000000,3.75000000e+00
140,7.94531250,7.93359375,1.17187500e-02,164.00000000,158.25000000,5.75000000e+00
141,4.70312500,4.71875000,1.56250000e-02,-298.75000000,-298.75000000,0.00000000e+00
142,6.34375000,6.33593750,7.81250000e-03,128.87500000,117.18750000,1.16875000e+01
143,6.51562500,6.50781250,7.81250000e-03,70.31250000,66.37500000,3.93750000e+00
144,5.38281250,5.40625000,2.34375000e-02,232.37500000,246.12500000,1.37500000e+01
145,6.64843750,6.65625000,7.81250000e-03,191.37500000,195.25000000,3.87500000e+00
146,7.71093750,7.72265625,1.17187500e-02,275.50000000,277.25000000,1.75000000e+00
147,7.19531250,7.19531250,0.00000000e+00,142.62500000,142.62500000,0.00000000e+00
148,5.93359375,5.92968750,3.90625000e-03,72.25000000,74.18750000,1.93750000e+00
149,7.02343750,7.01953125,3.90625000e-03,-171.87500000,-169.87500000,2.00000000e+00
150,4.39843750,4.38671875,1.17187500e-02,-11.71875000,-15.62500000,3.90625000e+00
151,5.48828125,5.48437500,3.90625000e-03,154.25000000,156.25000000,2.00000000e+00
152,6.78515625,6.79296875,7.81250000e-03,400.50000000,404.25000000,3.75000000e+00
153,5.00781250,5.00000000,7.81250000e-03,-58.59375000,-60.53125000,1.93750000e+00
154,4.71093750,4.72265625,1.17187500e-02,82.00000000,84.00000000,2.00000000e+00
155,4.96093750,4.97265625,1.17187500e-02,132.75000000,142.62500000,9.87500000e+00
156,5.56250000,5.57031250,7.81250000e-03,-263.75000000,-244.12500000,1.96250000e+01
157,7.87890625,7.88281250,3.90625000e-03,-84.00000000,-78.12500000,5.87500000e+00
158,5.94531250,5.93750000,7.81250000e-03,-253.87500000,-255.87500000,2.00000000e+00
159,6.74218750,6.75000000,7.81250000e-03,-105.43750000,-97.62500000,7.81250000e+00
160,7.49609375,7.49609375,0.00000000e+00,-60.53125000,-60.53125000,0.00000000e+00
161,4.77343750,4.78906250,1.56250000e-02,-652.50000000,-648.50000000,4.00000000e+00
162,6.65625000,6.66406250,7.81250000e-03,252.00000000,248.00000000,4.00000000e+00
163,7.07031250,7.07812500,7.81250000e-03,7.81250000,15.62500000,7.81250000e+00
164,6.45312500,6.43750000,1.56250000e-02,-273.50000000,-283.25000000,9.75000000e+00
165,7.77343750,7.77343750,0.00000000e+00,230.50000000,230.50000000,0.00000000e+00
166,4.86718750,4.85937500,7.81250000e-03,128.87500000,125.00000000,3.87500000e+00
167,4.31250000,4.32031250,7.81250000e-03,-296.75000000,-296.75000000,0.00000000e+00
168,6.59765625,6.60156250,3.90625000e-03,367.25000000,375.00000000,7.75000000e+00
169,6.67578125,6.67187500,3.90625000e-03,-250.00000000,-250.00000000,0.00000000e+00
170,5.73046875,5.74218750,1.17187500e-02,676.00000000,683.50000000,7.50000000e+00
171,4.58984375,4.59375000,3.90625000e-03,379.00000000,382.75000000,3.75000000e+00
172,6.40625000,6.40625000,0.00000000e+00,-552.50000000,-547.00000000,5.50000000e+00
173,6.85937500,6.85937500,0.00000000e+00,425.75000000,425.75000000,0.00000000e+00
174,6.05468750,6.05468750,0.00000000e+00,-146.50000000,-148.37500000,1.87500000e+00
175,5.64453125,5.66015625,1.56250000e-02,44.90625000,48.81250000,3.90625000e+00
176,9.56250000,9.54687500,1.56250000e-02,-23.43750000,-31.25000000,7.81250000e+00
177,7.73437500,7.74218750,7.81250000e-03,160.12500000,169.87500000,9.75000000e+00
178,4.61328125,4.60937500,3.90625000e-03,-359.25000000,-355.50000000,3.75000000e+00
179,4.50000000,4.50781250,7.81250000e-03,455.00000000,463.00000000,8.00000000e+00
180,5.12109375,5.13671875,1.56250000e-02,-236.37500000,-230.50000000,5.87500000e+00
181,5.48046875,5.48046875,0.00000000e+00,-128.87500000,-130.87500000,2.00000000e+00
182,7.29687500,7.29687500,0.00000000e+00,210.87500000,216.75000000,5.87500000e+00
183,6.94531250,6.95312500,7.81250000e-03,-33.18750000,-31.25000000,1.93750000e+00
184,6.59375000,6.59375000,0.00000000e+00,-212.87500000,-205.12500000,7.75000000e+00
185,6.27343750,6.28515625,1.17187500e-02,373.00000000,380.75000000,7.75000000e+00
186,6.45703125,6.44921875,7.81250000e-03,-25.39062500,-27.34375000,1.95312500e+00
187,5.02734375,5.03906250,1.17187500e-02,-205.12500000,-203.12500000,2.00000000e+00
188,7.81250000,7.81250000,0.00000000e+00,74.18750000,78.12500000,3.93750000e+00
189,6.15625000,6.13281250,2.34375000e-02,-150.37500000,-164.00000000,1.36250000e+01
190,7.85546875,7.83593750,1.95312500e-02,95.68750000,93.75000000,1.93750000e+00
191,5.01171875,5.02343750,1.17187500e-02,62.50000000,58.59375000,3.90625000e+00
192,6.39062500,6.39062500,0.00000000e+00,347.75000000,339.75000000,8.00000000e+00
193,6.28125000,6.28906250,7.81250000e-03,58.59375000,58.59375000,0.00000000e+00
194,5.14843750,5.17578125,2.73437500e-02,11.71875000,29.29687500,1.75781250e+01
195,6.11328125,6.11328125,0.00000000e+00,-386.75000000,-396.50000000,9.75000000e+00
196,7.58593750,7.59765625,1.17187500e-02,435.50000000,435.50000000,0.00000000e+00
197,7.07031250,7.07031250,0.00000000e+00,103.50000000,101.56250000,1.93750000e+00
198,5.46875000,5.47656250,7.81250000e-03,-236.37500000,-230.50000000,5.87500000e+00
199,6.94531250,6.93750000,7.81250000e-03,-62.50000000,-70.31250000,7.81250000e+00
200,4.15625000,4.15625000,0.00000000e+00,-56.62500000,-54.68750000,1.93750000e+00
201,5.06250000,5.05859375,3.90625000e-03,-283.25000000,-291.00000000,7.75000000e+00
202,6.46484375,6.48437500,1.95312500e-02,314.50000000,326.25000000,1.17500000e+01
203,5.07812500,5.07421875,3.90625000e-03,193.37500000,191.37500000,2.00000000e+00
204,4.70312500,4.68750000,1.56250000e-02,166.00000000,156.25000000,9.75000000e+00
205,4.60937500,4.60937500,0.00000000e+00,25.39062500,19.53125000,5.85937500e+00
206,5.87109375,5.87500000,3.90625000e-03,306.75000000,306.75000000,0.00000000e+00
207,7.85156250,7.84765625,3.90625000e-03,-7.81250000,-17.57812500,9.76562500e+00
208,6.24609375,6.26562500,1.95312500e-02,209.00000000,218.75000000,9.75000000e+00
209,6.63281250,6.61718750,1.56250000e-02,-179.62500000,-183.62500000,4.00000000e+00
210,8.21875000,8.22656250,7.81250000e-03,308.50000000,300.75000000,7.75000000e+00
211,5.50781250,5.52343750,1.56250000e-02,222.62500000,226.50000000,3.87500000e+00
212,6.15234375,6.17187500,1.95312500e-02,76.18750000,82.00000000,5.81250000e+00
213,6.77343750,6.77734375,3.90625000e-03,-144.50000000,-148.37500000,3.87500000e+00
214,6.95312500,6.96875000,1.56250000e-02,425.75000000,429.75000000,4.00000000e+00
215,7.45312500,7.44921875,3.90625000e-03,29.29687500,29.29687500,0.00000000e+00
216,4.56250000,4.55859375,3.90625000e-03,70.31250000,68.37500000,1.93750000e+00
217,4.38671875,4.38671875,0.00000000e+00,-60.53125000,-68.37500000,7.84375000e+00
218,6.03125000,6.04687500,1.56250000e-02,27.34375000,31.25000000,3.90625000e+00
219,6.57812500,6.59375000,1.56250000e-02,-115.25000000,-105.43750000,9.81250000e+00
220,5.20703125,5.21875000,1.17187500e-02,-142.62500000,-132.75000000,9.87500000e+00
221,4.24218750,4.23828125,3.90625000e-03,153.37500000,151.37500000,2.00000000e+00
222,6.46093750,6.46484375,3.90625000e-03,-367.25000000,-369.25000000,2.00000000e+00
223,6.34765625,6.37500000,2.73437500e-02,177.75000000,191.37500000,1.36250000e+01
224,5.96875000,5.95703125,1.17187500e-02,-253.87500000,-263.75000000,9.87500000e+00
225,5.66015625,5.66015625,0.00000000e+00,158.25000000,154.25000000,4.00000000e+00
226,9.40625000,9.39062500,1.56250000e-02,70.31250000,62.50000000,7.81250000e+00
227,7.28125000,7.29687500,1.56250000e-02,-175.75000000,-173.87500000,1.87500000e+00
228,4.96093750,4.96093750,0.00000000e+00,179.62500000,168.00000000,1.16250000e+01
229,3.67968750,3.67187500,7.81250000e-03,-228.50000000,-228.50000000,0.00000000e+00
230,5.19531250,5.17578125,1.95312500e-02,-35.15625000,-35.15625000,0.00000000e+00
231,5.76562500,5.78125000,1.56250000e-02,207.00000000,205.12500000,1.87500000e+00
232,7.14062500,7.15234375,1.17187500e-02,35.15625000,42.96875000,7.81250000e+00
233,6.65234375,6.67187500,1.95312500e-02,-115.25000000,-113.25000000,2.00000000e+00
234,6.21875000,6.20703125,1.17187500e-02,-570.50000000,-572.50000000,2.00000000e+00
235,6.18750000,6.18750000,0.00000000e+00,293.00000000,295.00000000,2.00000000e+00
236,6.55859375,6.55078125,7.81250000e-03,41.00000000,37.09375000,3.90625000e+00
237,5.74609375,5.74609375,0.00000000e+00,455.00000000,443.25000000,1.17500000e+01
238,7.67968750,7.67187500,7.81250000e-03,-66.37500000,-82.00000000,1.56250000e+01
239,6.71093750,6.71875000,7.81250000e-03,273.50000000,277.25000000,3.75000000e+00
240,7.42187500,7.41406250,7.81250000e-03,-289.00000000,-293.00000000,4.00000000e+00
241,4.96093750,4.96875000,7.81250000e-03,181.62500000,177.75000000,3.87500000e+00
242,5.85937500,5.87500000,1.56250000e-02,-154.25000000,-144.50000000,9.75000000e+00
243,5.84765625,5.85156250,3.90625000e-03,-433.50000000,-437.50000000,4.00000000e+00
244,4.72656250,4.74218750,1.56250000e-02,1.95312500,5.85937500,3.90625000e+00
245,5.92187500,5.92968750,7.81250000e-03,-457.00000000,-447.25000000,9.75000000e+00
246,7.18750000,7.19531250,7.81250000e-03,-101.56250000,-113.25000000,1.16875000e+01
247,7.03125000,7.03515625,3.90625000e-03,-46.87500000,-44.90625000,1.96875000e+00
248,5.38281250,5.39062500,7.81250000e-03,0.00000000,5.85937500,5.85937500e+00
249,6.51953125,6.52343750,3.90625000e-03,-173.87500000,-160.12500000,1.37500000e+01
250,4.19531250,4.19531250,0.00000000e+00,-84.00000000,-89.81250000,5.81250000e+00
251,4.99218750,4.99218750,0.00000000e+00,-140.62500000,-136.75000000,3.87500000e+00
252,5.83593750,5.83593750,0.00000000e+00,-160.12500000,-156.25000000,3.87500000e+00
253,5.07812500,5.06250000,1.56250000e-02,93.75000000,85.93750000,7.81250000e+00
254,4.39843750,4.39062500,7.81250000e-03,66.37500000,58.59375000,7.78125000e+00
255,4.71093750,4.71093750,0.00000000e+00,171.87500000,168.00000000,3.87500000e+00
256,5.44531250,5.44531250,0.00000000e+00,-121.06250000,-123.06250000,2.00000000e+00
257,7.73437500,7.73828125,3.90625000e-03,-130.87500000,-128.87500000,2.00000000e+00
258,5.94140625,5.95312500,1.17187500e-02,3.90625000,3.90625000,0.00000000e+00
259,6.48828125,6.50781250,1.95312500e-02,-134.75000000,-128.87500000,5.87500000e+00
260,7.24218750,7.25000000,7.81250000e-03,-203.12500000,-199.25000000,3.87500000e+00
261,4.89062500,4.89062500,0.00000000e+00,-130.87500000,-130.87500000,0.00000000e+00
262,6.00000000,5.99218750,7.81250000e-03,-293.00000000,-306.75000000,1.37500000e+01
263,6.85937500,6.86718750,7.81250000e-03,105.43750000,109.37500000,3.93750000e+00
264,6.19140625,6.19531250,3.90625000e-03,-240.25000000,-242.12500000,1.87500000e+00
265,7.68750000,7.68750000,0.00000000e+00,187.50000000,183.62500000,3.87500000e+00
266,4.62500000,4.62500000,0.00000000e+00,42.96875000,52.71875000,9.75000000e+00
267,4.61718750,4.61328125,3.90625000e-03,216.75000000,212.87500000,3.87500000e+00
268,5.98437500,5.99218750,7.81250000e-03,152.37500000,156.25000000,3.87500000e+00
269,6.36328125,6.36718750,3.90625000e-03,-377.00000000,-377.00000000,0.00000000e+00
270,5.28906250,5.30859375,1.95312500e-02,-171.87500000,-164.00000000,7.87500000e+00
271,3.94140625,3.94531250,3.90625000e-03,-50.78125000,-46.87500000,3.90625000e+00
272,6.82031250,6.81640625,3.90625000e-03,50.78125000,54.68750000,3.90625000e+00
273,6.14062500,6.14843750,7.81250000e-03,154.25000000,156.25000000,2.00000000e+00
274,5.89843750,5.89843750,0.00000000e+00,-117.18750000,-121.06250000,3.87500000e+00
275,5.23046875,5.22656250,3.90625000e-03,-220.75000000,-230.50000000,9.75000000e+00
276,9.12500000,9.14062500,1.56250000e-02,-441.50000000,-429.75000000,1.17500000e+01
277,7.53906250,7.54296875,3.90625000e-03,27.34375000,29.29687500,1.95312500e+00
278,4.76562500,4.75000000,1.56250000e-02,50.78125000,42.96875000,7.81250000e+00
279,3.58593750,3.60156250,1.56250000e-02,-169.87500000,-171.87500000,2.00000000e+00
280,5.76953125,5.77343750,3.90625000e-03,554.50000000,552.50000000,2.00000000e+00
281,5.20312500,5.20312500,0.00000000e+00,-183.62500000,-183.62500000,0.00000000e+00
282,6.87500000,6.89062500,1.56250000e-02,-134.75000000,-132.75000000,2.00000000e+00
283,7.21093750,7.19921875,1.17187500e-02,353.50000000,341.75000000,1.17500000e+01
284,6.79687500,6.81250000,1.56250000e-02,312.50000000,332.00000000,1.95000000e+01
285,5.81250000,5.82421875,1.17187500e-02,-85.93750000,-85.93750000,0.00000000e+00
286,6.22656250,6.21093750,1.56250000e-02,-253.87500000,-252.00000000,1.87500000e+00
287,4.47265625,4.46875000,3.90625000e-03,-306.75000000,-316.50000000,9.75000000e+00
288,7.45312500,7.45312500,0.00000000e+00,-117.18750000,-117.18750000,0.00000000e+00
289,6.33593750,6.34375000,7.81250000e-03,166.00000000,166.00000000,0.00000000e+00
290,7.71484375,7.68750000,2.73437500e-02,117.18750000,101.56250000,1.56250000e+01
291,4.90625000,4.92187500,1.56250000e-02,232.37500000,230.50000000,1.87500000e+00
292,5.77343750,5.78125000,7.81250000e-03,54.68750000,62.50000000,7.81250000e+00
293,6.07421875,6.09375000,1.95312500e-02,-216.75000000,-222.62500000,5.87500000e+00
294,4.90625000,4.91406250,7.81250000e-03,187.50000000,189.50000000,2.00000000e+00
295,6.41015625,6.41406250,3.90625000e-03,-33.18750000,-35.15625000,1.96875000e+00
296,7.17187500,7.19140625,1.95312500e-02,115.25000000,117.18750000,1.93750000e+00
297,7.07031250,7.06640625,3.90625000e-03,37.09375000,37.09375000,0.00000000e+00
298,5.16796875,5.15234375,1.56250000e-02,-298.75000000,-310.50000000,1.17500000e+01
299,6.38671875,6.38281250,3.90625000e-03,-179.62500000,-168.00000000,1.16250000e+01
300,4.30078125,4.29296875,7.81250000e-03,220.75000000,217.75000000,3.00000000e+00
301,5.48437500,5.49218750,7.81250000e-03,400.50000000,414.00000000,1.35000000e+01
302,5.72656250,5.74218750,1.56250000e-02,-382.75000000,-367.25000000,1.55000000e+01
303,5.20312500,5.19531250,7.81250000e-03,171.87500000,175.75000000,3.87500000e+00
304,4.36328125,4.35937500,3.90625000e-03,19.53125000,15.62500000,3.90625000e+00
305,4.83203125,4.84375000,1.17187500e-02,216.75000000,224.62500000,7.87500000e+00
306,5.32421875,5.32812500,3.90625000e-03,-336.00000000,-330.00000000,6.00000000e+00
307,7.47656250,7.47656250,0.00000000e+00,-99.62500000,-109.37500000,9.75000000e+00
308,6.21093750,6.21093750,0.00000000e+00,207.00000000,207.00000000,0.00000000e+00
309,6.67968750,6.69531250,1.56250000e-02,85.93750000,87.87500000,1.93750000e+00
310,7.32812500,7.32031250,7.81250000e-03,226.50000000,212.87500000,1.36250000e+01
311,4.98437500,4.99218750,7.81250000e-03,72.25000000,66.37500000,5.87500000e+00
312,5.82812500,5.82031250,7.81250000e-03,-513.50000000,-531.00000000,1.75000000e+01
313,6.96875000,6.96875000,0.00000000e+00,156.25000000,152.37500000,3.87500000e+00
314,5.67968750,5.67578125,3.90625000e-03,-636.50000000,-638.50000000,2.00000000e+00
315,7.20312500,7.21875000,1.56250000e-02,-113.25000000,-103.50000000,9.75000000e+00
316,4.90625000,4.92187500,1.56250000e-02,365.25000000,380.75000000,1.55000000e+01
317,4.07031250,4.05468750,1.56250000e-02,-238.25000000,-250.00000000,1.17500000e+01
318,6.25781250,6.26171875,3.90625000e-03,470.75000000,470.75000000,0.00000000e+00
319,6.88281250,6.88281250,0.00000000e+00,363.25000000,363.25000000,0.00000000e+00
320,5.50000000,5.50781250,7.81250000e-03,117.18750000,125.00000000,7.81250000e+00
321,4.09375000,4.08984375,3.90625000e-03,89.81250000,87.87500000,1.93750000e+00
322,6.61718750,6.61718750,0.00000000e+00,-230.50000000,-228.50000000,2.00000000e+00
323,6.12500000,6.14062500,1.56250000e-02,138.62500000,142.62500000,4.00000000e+00
324,6.12500000,6.12890625,3.90625000e-03,50.78125000,48.81250000,1.96875000e+00
325,5.31250000,5.31250000,0.00000000e+00,-171.87500000,-164.00000000,7.87500000e+00
326,9.47656250,9.45312500,2.34375000e-02,-144.50000000,-140.62500000,3.87500000e+00
327,7.48437500,7.48437500,0.00000000e+00,23.43750000,19.53125000,3.90625000e+00
328,4.38281250,4.37500000,7.81250000e-03,-177.75000000,-181.62500000,3.87500000e+00
329,3.64062500,3.63281250,7.81250000e-03,-257.75000000,-250.00000000,7.75000000e+00
330,4.76562500,4.75000000,1.56250000e-02,-273.50000000,-277.25000000,3.75000000e+00
331,5.33593750,5.34375000,7.81250000e-03,-5.85937500,-15.62500000,9.76562500e+00
332,7.08203125,7.08984375,7.81250000e-03,56.62500000,60.53125000,3.90625000e+00
333,6.75390625,6.75781250,3.90625000e-03,175.75000000,183.62500000,7.87500000e+00
334,6.33984375,6.35156250,1.17187500e-02,-138.62500000,-128.87500000,9.75000000e+00
335,5.71093750,5.71093750,0.00000000e+00,-3.90625000,-11.71875000,7.81250000e+00
336,6.50390625,6.48437500,1.95312500e-02,-111.31250000,-125.00000000,1.36875000e+01
337,4.71093750,4.73828125,2.73437500e-02,-125.00000000,-103.50000000,2.15000000e+01
338,7.61718750,7.60937500,7.81250000e-03,-66.37500000,-72.25000000,5.87500000e+00
339,6.31250000,6.32812500,1.56250000e-02,175.75000000,185.50000000,9.75000000e+00
340,7.69140625,7.68750000,3.90625000e-03,21.48437500,11.71875000,9.76562500e+00
341,4.58203125,4.58984375,7.81250000e-03,56.62500000,48.81250000,7.81250000e+00
342,5.71093750,5.71875000,7.81250000e-03,-5.85937500,-7.81250000,1.95312500e+00
343,5.96093750,5.98437500,2.34375000e-02,183.62500000,175.75000000,7.87500000e+00
344,4.63281250,4.62109375,1.17187500e-02,144.50000000,136.75000000,7.75000000e+00
345,6.42578125,6.42187500,3.90625000e-03,-5.85937500,0.00000000,5.85937500e+00
346,6.96093750,6.97656250,1.56250000e-02,-58.59375000,-62.50000000,3.90625000e+00
347,7.14843750,7.16015625,1.17187500e-02,246.12500000,246.12500000,0.00000000e+00
348,5.57031250,5.54687500,2.34375000e-02,115.25000000,107.43750000,7.81250000e+00
349,7.16015625,7.14843750,1.17187500e-02,638.50000000,635.00000000,3.50000000e+00
350,4.23828125,4.25000000,1.17187500e-02,103.50000000,113.25000000,9.75000000e+00
351,4.51171875,4.50000000,1.17187500e-02,-736.50000000,-744.00000000,7.50000000e+00
352,6.32421875,6.32812500,3.90625000e-03,189.50000000,191.37500000,1.87500000e+00
353,5.43359375,5.42187500,1.17187500e-02,472.75000000,472.75000000,0.00000000e+00
354,4.41406250,4.41015625,3.90625000e-03,64.43750000,58.59375000,5.84375000e+00
355,4.59765625,4.60937500,1.17187500e-02,267.50000000,271.50000000,4.00000000e+00
356,5.84375000,5.85156250,7.81250000e-03,250.00000000,255.87500000,5.87500000e+00
357,7.83593750,7.83593750,0.00000000e+00,371.00000000,365.25000000,5.75000000e+00
358,5.72656250,5.72656250,0.00000000e+00,-168.00000000,-164.00000000,4.00000000e+00
359,6.19531250,6.25781250,6.25000000e-02,-132.75000000,-109.37500000,2.33750000e+01
360,7.77343750,7.77734375,3.90625000e-03,472.75000000,466.75000000,6.00000000e+00
361,4.63671875,4.65625000,1.95312500e-02,-369.25000000,-367.25000000,2.00000000e+00
362,5.82031250,5.82031250,0.00000000e+00,218.75000000,218.75000000,0.00000000e+00
363,6.25000000,6.26562500,1.56250000e-02,-605.50000000,-597.50000000,8.00000000e+00
364,5.42968750,5.42968750,0.00000000e+00,-660.00000000,-666.00000000,6.00000000e+00
365,7.49218750,7.50000000,7.81250000e-03,-3.90625000,0.00000000,3.90625000e+00
366,4.12890625,4.11718750,1.17187500e-02,-93.75000000,-101.56250000,7.81250000e+00
367,4.07421875,4.07031250,3.90625000e-03,-384.75000000,-390.50000000,5.75000000e+00
368,5.94531250,5.92968750,1.56250000e-02,7.81250000,3.90625000,3.90625000e+00
369,6.74218750,6.75781250,1.56250000e-02,156.25000000,168.00000000,1.17500000e+01
370,5.17968750,5.18750000,7.81250000e-03,-54.68750000,-54.68750000,0.00000000e+00
371,3.80468750,3.81250000,7.81250000e-03,-175.75000000,-177.75000000,2.00000000e+00
372,6.89843750,6.88671875,1.17187500e-02,50.78125000,39.06250000,1.17187500e+01
373,5.91406250,5.92968750,1.56250000e-02,46.87500000,46.87500000,0.00000000e+00
374,6.17187500,6.23437500,6.25000000e-02,62.50000000,95.68750000,3.31875000e+01
375,5.48437500,5.49218750,7.81250000e-03,-23.43750000,-27.34375000,3.90625000e+00
376,9.06250000,9.07031250,7.81250000e-03,-101.56250000,-82.00000000,1.95625000e+01
377,7.47656250,7.47656250,0.00000000e+00,173.87500000,177.75000000,3.87500000e+00
378,4.26171875,4.25781250,3.90625000e-03,-252.00000000,-242.12500000,9.87500000e+00
379,4.19531250,4.21875000,2.34375000e-02,134.75000000,139.62500000,4.87500000e+00
380,5.08593750,5.09375000,7.81250000e-03,-126.93750000,-113.25000000,1.36875000e+01
381,5.19531250,5.19921875,3.90625000e-03,-128.87500000,-138.62500000,9.75000000e+00
382,7.10156250,7.10937500,7.81250000e-03,0.00000000,7.81250000,7.81250000e+00
383,6.46484375,6.46484375,0.00000000e+00,-142.62500000,-144.50000000,1.87500000e+00
384,6.99218750,6.95703125,3.51562500e-02,929.50000000,908.00000000,2.15000000e+01
385,5.20703125,5.20703125,0.00000000e+00,-164.00000000,-166.00000000,2.00000000e+00
386,6.30078125,6.28906250,1.17187500e-02,3.90625000,7.81250000,3.90625000e+00
387,5.16406250,5.14843750,1.56250000e-02,175.75000000,175.75000000,0.00000000e+00
388,7.57812500,7.56250000,1.56250000e-02,39.06250000,27.34375000,1.17187500e+01
389,6.08984375,6.10156250,1.17187500e-02,48.81250000,52.71875000,3.90625000e+00
390,7.85937500,7.84375000,1.56250000e-02,226.50000000,238.25000000,1.17500000e+01
391,4.44140625,4.44531250,3.90625000e-03,-46.87500000,-50.78125000,3.90625000e+00
392,5.87500000,5.87500000,0.00000000e+00,-35.15625000,-50.78125000,1.56250000e+01
393,6.11718750,6.11718750,0.00000000e+00,-152.37500000,-160.12500000,7.75000000e+00
394,4.62500000,4.64843750,2.34375000e-02,3.90625000,11.71875000,7.81250000e+00
395,6.12500000,6.10546875,1.95312500e-02,-250.00000000,-267.50000000,1.75000000e+01
396,6.57421875,6.58203125,7.81250000e-03,-99.62500000,-107.43750000,7.81250000e+00
397,6.61718750,6.61718750,0.00000000e+00,-210.87500000,-220.75000000,9.87500000e+00
398,5.32031250,5.30859375,1.17187500e-02,-109.37500000,-109.37500000,0.00000000e+00
399,6.51562500,6.53515625,1.95312500e-02,222.62500000,244.12500000,2.15000000e+01
400,4.12890625,4.12500000,3.90625000e-03,9.76562500,5.85937500,3.90625000e+00
401,4.97656250,4.96484375,1.17187500e-02,27.34375000,29.29687500,1.95312500e+00
402,6.12500000,6.11718750,7.81250000e-03,306.75000000,314.50000000,7.75000000e+00
403,4.93359375,4.92187500,1.17187500e-02,101.56250000,97.62500000,3.93750000e+00
404,4.28515625,4.30859375,2.34375000e-02,-44.90625000,-33.18750000,1.17187500e+01
405,4.29687500,4.30468750,7.81250000e-03,41.00000000,46.87500000,5.87500000e+00
406,5.80859375,5.83593750,2.73437500e-02,371.00000000,388.75000000,1.77500000e+01
407,6.52343750,6.54687500,2.34375000e-02,-801.00000000,-785.00000000,1.60000000e+01
408,5.75781250,5.75781250,0.00000000e+00,-187.50000000,-191.37500000,3.87500000e+00
409,5.81250000,5.81640625,3.90625000e-03,-476.50000000,-470.75000000,5.75000000e+00
410,6.75781250,6.75390625,3.90625000e-03,-199.25000000,-209.00000000,9.75000000e+00
411,4.96875000,4.96875000,0.00000000e+00,121.06250000,113.25000000,7.81250000e+00
412,5.62109375,5.64453125,2.34375000e-02,-76.18750000,-66.37500000,9.81250000e+00
413,6.20312500,6.20312500,0.00000000e+00,-234.37500000,-228.50000000,5.87500000e+00
414,5.69921875,5.70312500,3.90625000e-03,-318.25000000,-312.50000000,5.75000000e+00
415,7.27343750,7.28125000,7.81250000e-03,-93.75000000,-97.62500000,3.87500000e+00
416,3.90625000,3.88281250,2.34375000e-02,-375.00000000,-384.75000000,9.75000000e+00
417,4.31250000,4.31250000,0.00000000e+00,23.43750000,25.39062500,1.95312500e+00
418,5.49218750,5.46875000,2.34375000e-02,-347.75000000,-363.25000000,1.55000000e+01
419,6.44531250,6.42968750,1.56250000e-02,-89.81250000,-97.62500000,7.81250000e+00
420,5.00000000,5.00000000,0.00000000e+00,74.18750000,70.31250000,3.87500000e+00
421,3.74609375,3.75781250,1.17187500e-02,-56.62500000,-48.81250000,7.81250000e+00
422,6.39453125,6.39843750,3.90625000e-03,-259.75000000,-246.12500000,1.36250000e+01
423,5.75781250,5.75000000,7.81250000e-03,-19.53125000,-31.25000000,1.17187500e+01
424,5.92187500,5.91406250,7.81250000e-03,-39.06250000,-39.06250000,0.00000000e+00
425,5.03906250,5.04296875,3.90625000e-03,-50.78125000,-41.00000000,9.78125000e+00
426,10.56250000,10.52343750,3.90625000e-02,859.50000000,847.50000000,1.20000000e+01
427,7.36328125,7.35156250,1.17187500e-02,128.87500000,125.00000000,3.87500000e+00
428,4.73828125,4.73437500,3.90625000e-03,291.00000000,296.75000000,5.75000000e+00
429,3.74218750,3.74609375,3.90625000e-03,-11.71875000,-9.76562500,1.95312500e+00
430,4.71093750,4.70312500,7.81250000e-03,-144.50000000,-140.62500000,3.87500000e+00
431,5.18750000,5.18750000,0.00000000e+00,-74.18750000,-80.06250000,5.87500000e+00
432,6.89843750,6.90625000,7.81250000e-03,-19.53125000,-15.62500000,3.90625000e+00
433,6.60156250,6.57812500,2.34375000e-02,166.00000000,152.37500000,1.36250000e+01
434,5.98437500,5.97656250,7.81250000e-03,-150.37500000,-138.62500000,1.17500000e+01
435,5.26562500,5.26562500,0.00000000e+00,-355.50000000,-363.25000000,7.75000000e+00
436,6.08593750,6.07031250,1.56250000e-02,-191.37500000,-191.37500000,0.00000000e+00
437,4.96093750,4.95312500,7.81250000e-03,179.62500000,171.87500000,7.75000000e+00
438,7.53906250,7.50000000,3.90625000e-02,19.53125000,-7.81250000,2.73437500e+01
439,5.97656250,5.98437500,7.81250000e-03,107.43750000,109.37500000,1.93750000e+00
440,7.57031250,7.54687500,2.34375000e-02,-173.87500000,-177.75000000,3.87500000e+00
441,4.96093750,4.97656250,1.56250000e-02,437.50000000,443.25000000,5.75000000e+00
442,5.85156250,5.86328125,1.17187500e-02,119.12500000,119.12500000,0.00000000e+00
443,6.23437500,6.25781250,2.34375000e-02,269.50000000,267.50000000,2.00000000e+00
444,4.07031250,4.07031250,0.00000000e+00,-515.50000000,-519.50000000,4.00000000e+00
445,6.48437500,6.50781250,2.34375000e-02,195.25000000,214.87500000,1.96250000e+01
446,6.64843750,6.65625000,7.81250000e-03,-242.12500000,-248.00000000,5.87500000e+00
447,6.44140625,6.44140625,0.00000000e+00,-146.50000000,-142.62500000,3.87500000e+00
448,5.71093750,5.69531250,1.56250000e-02,347.75000000,347.75000000,0.00000000e+00
449,6.30859375,6.28906250,1.95312500e-02,-95.68750000,-85.93750000,9.75000000e+00
450,4.10546875,4.09375000,1.17187500e-02,146.50000000,140.62500000,5.87500000e+00
451,4.55468750,4.53125000,2.34375000e-02,-478.50000000,-492.25000000,1.37500000e+01
452,5.81640625,5.82812500,1.17187500e-02,224.62500000,238.25000000,1.36250000e+01
453,4.75000000,4.75781250,7.81250000e-03,113.25000000,119.12500000,5.87500000e+00
454,4.33593750,4.32421875,1.17187500e-02,0.00000000,-13.67187500,1.36718750e+01
455,3.94531250,3.95117188,5.85937500e-03,-263.75000000,-262.75000000,1.00000000e+00
456,5.56250000,5.53906250,2.34375000e-02,187.50000000,169.87500000,1.76250000e+01
457,7.76953125,7.75781250,1.17187500e-02,547.00000000,527.50000000,1.95000000e+01
458,6.00390625,6.01562500,1.17187500e-02,136.75000000,138.62500000,1.87500000e+00
459,6.46875000,6.47656250,7.81250000e-03,191.37500000,183.62500000,7.75000000e+00
460,6.66796875,6.67968750,1.17187500e-02,-316.50000000,-308.50000000,8.00000000e+00
461,4.57031250,4.57421875,3.90625000e-03,-273.50000000,-279.25000000,5.75000000e+00
462,5.73046875,5.74218750,1.17187500e-02,-31.25000000,-27.34375000,3.90625000e+00
463,6.86718750,6.86718750,0.00000000e+00,355.50000000,363.25000000,7.75000000e+00
464,6.41406250,6.42187500,7.81250000e-03,359.25000000,367.25000000,8.00000000e+00
465,6.98828125,6.98828125,0.00000000e+00,-255.87500000,-259.75000000,3.87500000e+00
466,4.07031250,4.06640625,3.90625000e-03,-46.87500000,-46.87500000,0.00000000e+00
467,4.06250000,4.04296875,1.95312500e-02,-99.62500000,-119.12500000,1.95000000e+01
468,6.08203125,6.08203125,0.00000000e+00,287.00000000,257.75000000,2.92500000e+01
469,6.39843750,6.36718750,3.12500000e-02,-50.78125000,-70.31250000,1.95312500e+01
470,4.82031250,4.84375000,2.34375000e-02,-97.62500000,-85.93750000,1.16875000e+01
471,4.40625000,4.40234375,3.90625000e-03,323.25000000,320.25000000,3.00000000e+00
472,6.44531250,6.43750000,7.81250000e-03,-54.68750000,-46.87500000,7.81250000e+00
473,6.10937500,6.11718750,7.81250000e-03,11.71875000,13.67187500,1.95312500e+00
474,5.67187500,5.66406250,7.81250000e-03,-179.62500000,-175.75000000,3.87500000e+00
475,4.86328125,4.88281250,1.95312500e-02,-103.50000000,-97.62500000,5.87500000e+00
476,8.96875000,8.90625000,6.25000000e-02,-54.68750000,-78.12500000,2.34375000e+01
477,7.43359375,7.43359375,0.00000000e+00,193.37500000,193.37500000,0.00000000e+00
478,4.85937500,4.86328125,3.90625000e-03,58.59375000,58.59375000,0.00000000e+00
479,4.10156250,4.10546875,3.90625000e-03,439.50000000,467.75000000,2.82500000e+01
480,4.64062500,4.64843750,7.81250000e-03,48.81250000,66.37500000,1.75625000e+01
481,5.33203125,5.33984375,7.81250000e-03,142.62500000,142.62500000,0.00000000e+00
482,6.91015625,6.91406250,3.90625000e-03,-87.87500000,-85.93750000,1.93750000e+00
483,6.40234375,6.39453125,7.81250000e-03,95.68750000,85.93750000,9.75000000e+00
484,6.24218750,6.23828125,3.90625000e-03,-54.68750000,-44.90625000,9.78125000e+00
485,5.75781250,5.76953125,1.17187500e-02,255.87500000,259.75000000,3.87500000e+00
486,6.57031250,6.56640625,3.90625000e-03,140.62500000,154.25000000,1.36250000e+01
487,4.70312500,4.70312500,0.00000000e+00,-253.87500000,-248.00000000,5.87500000e+00
488,7.08203125,7.07812500,3.90625000e-03,-185.50000000,-187.50000000,2.00000000e+00
489,6.09765625,6.12500000,2.73437500e-02,23.43750000,35.15625000,1.17187500e+01
490,7.50781250,7.53125000,2.34375000e-02,82.00000000,105.43750000,2.34375000e+01
491,4.73437500,4.73046875,3.90625000e-03,210.87500000,201.12500000,9.75000000e+00
492,5.80859375,5.82812500,1.95312500e-02,48.81250000,42.96875000,5.84375000e+00
493,5.70312500,5.69531250,7.81250000e-03,-144.50000000,-160.12500000,1.56250000e+01
494,4.29687500,4.28906250,7.81250000e-03,-11.71875000,-17.57812500,5.85937500e+00
495,6.51562500,6.50000000,1.56250000e-02,210.87500000,207.00000000,3.87500000e+00
496,7.07812500,7.09375000,1.56250000e-02,339.75000000,339.75000000,0.00000000e+00
497,6.69531250,6.69531250,0.00000000e+00,136.75000000,136.75000000,0.00000000e+00
498,5.46093750,5.45703125,3.90625000e-03,173.87500000,179.62500000,5.75000000e+00
499,7.04296875,7.03125000,1.17187500e-02,326.25000000,322.25000000,4.00000000e+00
500,3.66210938,3.67773438,1.56250000e-02,-102.56250000,-94.75000000,7.81250000e+00
501,4.87500000,4.88281250,7.81250000e-03,66.37500000,72.25000000,5.87500000e+00
502,5.60937500,5.60156250,7.81250000e-03,-160.12500000,-169.87500000,9.75000000e+00
503,4.32812500,4.32812500,0.00000000e+00,-347.75000000,-353.50000000,5.75000000e+00
504,4.20312500,4.20312500,0.00000000e+00,5.85937500,5.85937500,0.00000000e+00
505,4.32812500,4.32031250,7.81250000e-03,-50.78125000,-58.59375000,7.81250000e+00
506,6.11328125,6.07812500,3.51562500e-02,615.00000000,597.50000000,1.75000000e+01
507,6.85546875,6.84375000,1.17187500e-02,-271.50000000,-277.25000000,5.75000000e+00
508,5.69531250,5.69531250,0.00000000e+00,-97.62500000,-101.56250000,3.93750000e+00
509,6.25781250,6.25781250,0.00000000e+00,-27.34375000,-15.62500000,1.17187500e+01
510,6.51562500,6.50390625,1.17187500e-02,-386.75000000,-384.75000000,2.00000000e+00
511,4.93750000,4.92187500,1.56250000e-02,402.25000000,398.50000000,3.75000000e+00
512,6.06640625,6.08593750,1.95312500e-02,304.75000000,304.75000000,0.00000000e+00
513,6.52343750,6.52343750,0.00000000e+00,-44.90625000,-62.50000000,1.75937500e+01
514,5.95312500,5.92578125,2.73437500e-02,-246.12500000,-271.50000000,2.53750000e+01
515,7.28906250,7.30859375,1.95312500e-02,148.37500000,152.37500000,4.00000000e+00
516,4.66015625,4.66015625,0.00000000e+00,338.00000000,334.00000000,4.00000000e+00
517,4.17968750,4.17968750,0.00000000e+00,-3.90625000,-1.95312500,1.95312500e+00
518,5.21875000,5.20312500,1.56250000e-02,-324.25000000,-332.00000000,7.75000000e+00
519,6.47656250,6.47265625,3.90625000e-03,-31.25000000,-23.43750000,7.81250000e+00
520,5.50781250,5.50000000,7.81250000e-03,582.00000000,588.00000000,6.00000000e+00
521,3.90625000,3.90234375,3.90625000e-03,97.62500000,94.75000000,2.87500000e+00
522,6.83593750,6.84375000,7.81250000e-03,341.75000000,343.75000000,2.00000000e+00
523,5.92187500,5.93750000,1.56250000e-02,74.18750000,78.12500000,3.93750000e+00
524,6.22656250,6.19531250,3.12500000e-02,242.12500000,234.37500000,7.75000000e+00
525,5.15625000,5.16015625,3.90625000e-03,148.37500000,148.37500000,0.00000000e+00
526,10.15625000,10.15625000,0.00000000e+00,687.50000000,695.50000000,8.00000000e+00
527,7.22265625,7.21093750,1.17187500e-02,171.87500000,168.00000000,3.87500000e+00
528,4.07031250,4.05859375,1.17187500e-02,-304.75000000,-310.50000000,5.75000000e+00
529,3.26953125,3.29101562,2.14843750e-02,-351.50000000,-349.50000000,2.00000000e+00
530,4.54296875,4.53125000,1.17187500e-02,-103.50000000,-93.75000000,9.75000000e+00
531,5.46093750,5.46875000,7.81250000e-03,242.12500000,248.00000000,5.87500000e+00
532,6.82031250,6.82812500,7.81250000e-03,-3.90625000,-1.95312500,1.95312500e+00
533,6.73437500,6.72656250,7.81250000e-03,285.25000000,283.25000000,2.00000000e+00
534,6.00000000,5.96875000,3.12500000e-02,-328.00000000,-369.25000000,4.12500000e+01
535,5.38281250,5.39843750,1.56250000e-02,-46.87500000,-42.96875000,3.90625000e+00
536,6.23828125,6.23437500,3.90625000e-03,1.95312500,7.81250000,5.85937500e+00
537,4.60937500,4.63281250,2.34375000e-02,-310.50000000,-304.75000000,5.75000000e+00
538,7.80468750,7.80468750,0.00000000e+00,205.12500000,207.00000000,1.87500000e+00
539,6.18750000,6.19531250,7.81250000e-03,347.75000000,349.50000000,1.75000000e+00
540,7.42187500,7.42187500,0.00000000e+00,-13.67187500,-3.90625000,9.76562500e+00
541,4.32812500,4.32812500,0.00000000e+00,-60.53125000,-68.37500000,7.84375000e+00
542,5.78125000,5.78515625,3.90625000e-03,42.96875000,54.68750000,1.17187500e+01
543,5.92187500,5.92968750,7.81250000e-03,-29.29687500,-27.34375000,1.95312500e+00
544,4.51562500,4.51562500,0.00000000e+00,37.09375000,54.68750000,1.75937500e+01
545,6.62109375,6.59765625,2.34375000e-02,240.25000000,232.37500000,7.87500000e+00
546,6.72656250,6.75000000,2.34375000e-02,93.75000000,105.43750000,1.16875000e+01
547,6.30468750,6.29296875,1.17187500e-02,-283.25000000,-293.00000000,9.75000000e+00
548,5.28906250,5.26562500,2.34375000e-02,70.31250000,64.43750000,5.87500000e+00
549,6.60156250,6.60546875,3.90625000e-03,142.62500000,160.12500000,1.75000000e+01
550,3.99609375,3.98828125,7.81250000e-03,125.00000000,124.00000000,1.00000000e+00
551,4.54296875,4.51953125,2.34375000e-02,-15.62500000,-27.34375000,1.17187500e+01
552,5.51171875,5.50390625,7.81250000e-03,-146.50000000,-150.37500000,3.87500000e+00
553,4.48046875,4.48437500,3.90625000e-03,-80.06250000,-70.31250000,9.75000000e+00
554,4.32031250,4.31250000,7.81250000e-03,226.50000000,226.50000000,0.00000000e+00
555,3.90625000,3.91015625,3.90625000e-03,-187.50000000,-191.37500000,3.87500000e+00
556,5.09375000,5.08593750,7.81250000e-03,-156.25000000,-156.25000000,0.00000000e+00
557,8.00000000,7.98828125,1.17187500e-02,793.00000000,785.00000000,8.00000000e+00
558,5.67968750,5.67968750,0.00000000e+00,-3.90625000,-3.90625000,0.00000000e+00
559,6.23828125,6.24609375,7.81250000e-03,209.00000000,212.87500000,3.87500000e+00
560,6.83593750,6.79687500,3.90625000e-02,-185.50000000,-191.37500000,5.87500000e+00
561,4.39843750,4.39453125,3.90625000e-03,-203.12500000,-212.87500000,9.75000000e+00
562,5.59375000,5.57031250,2.34375000e-02,-87.87500000,-93.75000000,5.87500000e+00
563,6.47656250,6.48437500,7.81250000e-03,265.50000000,271.50000000,6.00000000e+00
564,6.13281250,6.11718750,1.56250000e-02,367.25000000,365.25000000,2.00000000e+00
565,7.10546875,7.11718750,1.17187500e-02,21.48437500,23.43750000,1.95312500e+00
566,3.89257812,3.89648438,3.90625000e-03,-182.62500000,-172.87500000,9.75000000e+00
567,4.01171875,3.99804688,1.36718750e-02,-265.50000000,-262.75000000,2.75000000e+00
568,5.50781250,5.50390625,3.90625000e-03,42.96875000,54.68750000,1.17187500e+01
569,6.76953125,6.76562500,3.90625000e-03,261.75000000,281.25000000,1.95000000e+01
570,4.62500000,4.60937500,1.56250000e-02,0.00000000,-9.76562500,9.76562500e+00
571,4.12109375,4.11718750,3.90625000e-03,418.00000000,416.00000000,2.00000000e+00
572,6.73437500,6.76171875,2.73437500e-02,390.50000000,396.50000000,6.00000000e+00
573,5.64453125,5.67578125,3.12500000e-02,-52.71875000,-41.00000000,1.17187500e+01
574,5.44531250,5.43359375,1.17187500e-02,-300.75000000,-308.50000000,7.75000000e+00
575,4.49609375,4.48828125,7.81250000e-03,-392.50000000,-390.50000000,2.00000000e+00
576,9.31250000,9.27343750,3.90625000e-02,-3.90625000,-19.53125000,1.56250000e+01
577,7.18750000,7.18750000,0.00000000e+00,-54.68750000,-50.78125000,3.90625000e+00
578,3.74218750,3.73828125,3.90625000e-03,17.57812500,11.71875000,5.85937500e+00
579,4.06640625,4.06640625,0.00000000e+00,535.00000000,533.00000000,2.00000000e+00
580,4.95703125,4.94531250,1.17187500e-02,218.75000000,205.12500000,1.36250000e+01
581,5.16406250,5.16796875,3.90625000e-03,64.43750000,54.68750000,9.75000000e+00
582,6.94531250,6.94531250,0.00000000e+00,89.81250000,85.93750000,3.87500000e+00
583,6.09375000,6.08984375,3.90625000e-03,-128.87500000,-128.87500000,0.00000000e+00
584,5.62500000,5.61718750,7.81250000e-03,-269.50000000,-277.25000000,7.75000000e+00
585,4.97656250,4.97656250,0.00000000e+00,-240.25000000,-248.00000000,7.75000000e+00
586,6.09375000,6.09375000,0.00000000e+00,-91.81250000,-93.75000000,1.93750000e+00
587,4.39062500,4.37500000,1.56250000e-02,-58.59375000,-70.31250000,1.17187500e+01
588,6.92578125,6.92578125,0.00000000e+00,-273.50000000,-283.25000000,9.75000000e+00
589,5.88671875,5.89062500,3.90625000e-03,-103.50000000,-111.31250000,7.81250000e+00
590,7.54687500,7.53906250,7.81250000e-03,-113.25000000,-117.18750000,3.93750000e+00
591,4.16406250,4.17187500,7.81250000e-03,107.43750000,115.25000000,7.81250000e+00
592,5.59375000,5.60546875,1.17187500e-02,130.87500000,130.87500000,0.00000000e+00
593,5.31250000,5.30468750,7.81250000e-03,-85.93750000,-74.18750000,1.17500000e+01
594,4.29296875,4.29687500,3.90625000e-03,-56.62500000,-76.18750000,1.95625000e+01
595,6.12500000,6.11718750,7.81250000e-03,-105.43750000,-113.25000000,7.81250000e+00
596,6.28906250,6.30468750,1.56250000e-02,-437.50000000,-441.50000000,4.00000000e+00
597,6.60156250,6.60156250,0.00000000e+00,201.12500000,195.25000000,5.87500000e+00
598,5.11718750,5.14062500,2.34375000e-02,5.85937500,17.57812500,1.17187500e+01
599,6.02734375,6.04687500,1.95312500e-02,-138.62500000,-105.43750000,3.31875000e+01
600,3.71093750,3.68359375,2.73437500e-02,92.75000000,76.18750000,1.65625000e+01
601,4.28515625,4.28515625,0.00000000e+00,-275.50000000,-271.50000000,4.00000000e+00
602,5.85156250,5.85937500,7.81250000e-03,353.50000000,365.25000000,1.17500000e+01
603,4.56250000,4.56250000,0.00000000e+00,101.56250000,103.50000000,1.93750000e+00
604,4.31250000,4.31250000,0.00000000e+00,175.75000000,175.75000000,0.00000000e+00
605,4.20703125,4.20312500,3.90625000e-03,87.87500000,80.06250000,7.81250000e+00
606,5.03515625,5.02343750,1.17187500e-02,-236.37500000,-257.75000000,2.13750000e+01
607,6.98437500,7.00781250,2.34375000e-02,210.87500000,226.50000000,1.56250000e+01
608,5.75000000,5.74218750,7.81250000e-03,58.59375000,56.62500000,1.96875000e+00
609,6.01562500,6.04687500,3.12500000e-02,-144.50000000,-132.75000000,1.17500000e+01
610,6.33984375,6.30859375,3.12500000e-02,-234.37500000,-244.12500000,9.75000000e+00
611,4.64062500,4.62500000,1.56250000e-02,1.95312500,1.95312500,0.00000000e+00
612,5.66796875,5.71093750,4.29687500e-02,150.37500000,168.00000000,1.76250000e+01
613,5.99218750,5.99218750,0.00000000e+00,-210.87500000,-218.75000000,7.87500000e+00
614,6.20312500,6.17968750,2.34375000e-02,404.25000000,392.50000000,1.17500000e+01
615,6.93750000,6.96093750,2.34375000e-02,-171.87500000,-168.00000000,3.87500000e+00
616,4.03125000,4.02343750,7.81250000e-03,111.31250000,111.31250000,0.00000000e+00
617,3.70703125,3.70312500,3.90625000e-03,-232.37500000,-224.62500000,7.75000000e+00
618,5.03125000,5.07031250,3.90625000e-02,-291.00000000,-273.50000000,1.75000000e+01
619,6.75781250,6.76562500,7.81250000e-03,60.53125000,76.18750000,1.56562500e+01
620,4.67968750,4.67968750,0.00000000e+00,-183.62500000,-181.62500000,2.00000000e+00
621,3.88671875,3.88281250,3.90625000e-03,187.50000000,179.62500000,7.87500000e+00
622,6.32812500,6.36718750,3.90625000e-02,-128.87500000,-95.68750000,3.31875000e+01
623,5.80468750,5.80468750,0.00000000e+00,244.12500000,234.37500000,9.75000000e+00
624,5.85937500,5.86328125,3.90625000e-03,132.75000000,136.75000000,4.00000000e+00
625,4.35156250,4.34375000,7.81250000e-03,-597.50000000,-613.50000000,1.60000000e+01
626,9.04687500,9.02343750,2.34375000e-02,39.06250000,11.71875000,2.73437500e+01
627,7.13671875,7.13281250,3.90625000e-03,-91.81250000,-97.62500000,5.81250000e+00
628,4.01562500,4.00390625,1.17187500e-02,-126.93750000,-121.06250000,5.87500000e+00
629,3.59960938,3.61914062,1.95312500e-02,40.03125000,42.00000000,1.96875000e+00
630,4.37890625,4.36718750,1.17187500e-02,62.50000000,62.50000000,0.00000000e+00
631,5.09375000,5.10937500,1.56250000e-02,168.00000000,175.75000000,7.75000000e+00
632,6.51562500,6.53906250,2.34375000e-02,-312.50000000,-316.50000000,4.00000000e+00
633,6.43750000,6.44140625,3.90625000e-03,93.75000000,95.68750000,1.93750000e+00
634,5.82031250,5.79687500,2.34375000e-02,82.00000000,76.18750000,5.81250000e+00
635,5.39843750,5.40234375,3.90625000e-03,39.06250000,37.09375000,1.96875000e+00
636,5.97656250,5.96875000,7.81250000e-03,-117.18750000,-126.93750000,9.75000000e+00
637,4.31640625,4.32031250,3.90625000e-03,-41.00000000,-35.15625000,5.84375000e+00
638,7.53125000,7.51562500,1.56250000e-02,324.25000000,310.50000000,1.37500000e+01
639,5.79687500,5.80859375,1.17187500e-02,-19.53125000,-25.39062500,5.85937500e+00
640,7.92187500,7.90625000,1.56250000e-02,334.00000000,332.00000000,2.00000000e+00
641,3.82617188,3.83984375,1.36718750e-02,-270.50000000,-257.75000000,1.27500000e+01
642,5.38281250,5.38281250,0.00000000e+00,-42.96875000,-50.78125000,7.81250000e+00
643,5.37500000,5.36718750,7.81250000e-03,-41.00000000,-37.09375000,3.90625000e+00
644,4.43750000,4.41406250,2.34375000e-02,136.75000000,121.06250000,1.56875000e+01
645,5.92578125,5.94531250,1.95312500e-02,-326.25000000,-320.25000000,6.00000000e+00
646,6.52734375,6.55078125,2.34375000e-02,58.59375000,72.25000000,1.36562500e+01
647,6.25390625,6.24218750,1.17187500e-02,-44.90625000,-54.68750000,9.78125000e+00
648,4.97656250,4.96093750,1.56250000e-02,-189.50000000,-195.25000000,5.75000000e+00
649,6.36718750,6.41406250,4.68750000e-02,142.62500000,181.62500000,3.90000000e+01
650,3.48828125,3.46875000,1.95312500e-02,-179.62500000,-185.50000000,5.87500000e+00
651,4.53515625,4.51171875,2.34375000e-02,-146.50000000,-158.25000000,1.17500000e+01
652,5.41015625,5.39062500,1.95312500e-02,46.87500000,46.87500000,0.00000000e+00
653,4.35156250,4.35156250,0.00000000e+00,-44.90625000,-42.96875000,1.93750000e+00
654,3.94140625,3.94726562,5.85937500e-03,-0.97656250,6.83593750,7.81250000e+00
655,4.48046875,4.49218750,1.17187500e-02,383.75000000,386.75000000,3.00000000e+00
656,5.29687500,5.28515625,1.17187500e-02,326.25000000,322.25000000,4.00000000e+00
657,6.96875000,6.95312500,1.56250000e-02,273.50000000,253.87500000,1.96250000e+01
658,5.84375000,5.85156250,7.81250000e-03,168.00000000,171.87500000,3.87500000e+00
659,5.79687500,5.81250000,1.56250000e-02,-107.43750000,-93.75000000,1.36875000e+01
660,6.89843750,6.89062500,7.81250000e-03,-39.06250000,-27.34375000,1.17187500e+01
661,4.43359375,4.41015625,2.34375000e-02,87.87500000,64.43750000,2.34375000e+01
662,5.77343750,5.75000000,2.34375000e-02,234.37500000,226.50000000,7.87500000e+00
663,6.10937500,6.12500000,1.56250000e-02,-60.53125000,-50.78125000,9.75000000e+00
664,6.69531250,6.70312500,7.81250000e-03,812.50000000,804.50000000,8.00000000e+00
665,7.10156250,7.10546875,3.90625000e-03,66.37500000,56.62500000,9.75000000e+00
666,3.81250000,3.78125000,3.12500000e-02,-0.97656250,-11.71875000,1.07421875e+01
667,3.68164062,3.64257812,3.90625000e-02,-129.87500000,-149.37500000,1.95000000e+01
668,5.47656250,5.49218750,1.56250000e-02,-103.50000000,-93.75000000,9.75000000e+00
669,6.10937500,6.09375000,1.56250000e-02,29.29687500,37.09375000,7.79687500e+00
670,4.57812500,4.56250000,1.56250000e-02,-136.75000000,-142.62500000,5.87500000e+00
671,3.60937500,3.60156250,7.81250000e-03,74.18750000,78.12500000,3.93750000e+00
672,6.25000000,6.26953125,1.95312500e-02,-136.75000000,-138.62500000,1.87500000e+00
673,5.64062500,5.64843750,7.81250000e-03,-168.00000000,-177.75000000,9.75000000e+00
674,5.50000000,5.48437500,1.56250000e-02,-125.00000000,-136.75000000,1.17500000e+01
675,4.73437500,4.75390625,1.95312500e-02,11.71875000,23.43750000,1.17187500e+01
676,9.68750000,9.65625000,3.12500000e-02,523.50000000,492.25000000,3.12500000e+01
677,7.20312500,7.20312500,0.00000000e+00,80.06250000,74.18750000,5.87500000e+00
678,4.25000000,4.22265625,2.73437500e-02,237.25000000,226.50000000,1.07500000e+01
679,3.64453125,3.65234375,7.81250000e-03,25.39062500,41.00000000,1.56093750e+01
680,4.21484375,4.21093750,3.90625000e-03,52.71875000,68.37500000,1.56562500e+01
681,4.91015625,4.91406250,3.90625000e-03,-84.00000000,-89.81250000,5.81250000e+00
682,6.44140625,6.45312500,1.17187500e-02,-209.00000000,-209.00000000,0.00000000e+00
683,6.37109375,6.38281250,1.17187500e-02,-9.76562500,-11.71875000,1.95312500e+00
684,6.86718750,6.89062500,2.34375000e-02,691.50000000,720.50000000,2.90000000e+01
685,5.10937500,5.13281250,2.34375000e-02,-156.25000000,-144.50000000,1.17500000e+01
686,5.63281250,5.65234375,1.95312500e-02,-238.25000000,-232.37500000,5.87500000e+00
687,4.79687500,4.78906250,7.81250000e-03,410.25000000,420.00000000,9.75000000e+00
688,7.16796875,7.18750000,1.95312500e-02,154.25000000,146.50000000,7.75000000e+00
689,6.25390625,6.25781250,3.90625000e-03,330.00000000,320.25000000,9.75000000e+00
690,7.69921875,7.66796875,3.12500000e-02,209.00000000,201.12500000,7.87500000e+00
691,3.71484375,3.70312500,1.17187500e-02,-244.12500000,-250.00000000,5.87500000e+00
692,5.71875000,5.70312500,1.56250000e-02,209.00000000,195.25000000,1.37500000e+01
693,5.83593750,5.81250000,2.34375000e-02,281.25000000,281.25000000,0.00000000e+00
694,3.86132812,3.83984375,2.14843750e-02,-90.81250000,-119.12500000,2.83125000e+01
695,5.96093750,5.96484375,3.90625000e-03,-214.87500000,-209.00000000,5.87500000e+00
696,6.25781250,6.26562500,7.81250000e-03,-74.18750000,-78.12500000,3.93750000e+00
697,6.31250000,6.32421875,1.17187500e-02,7.81250000,9.76562500,1.95312500e+00
698,5.25000000,5.24218750,7.81250000e-03,207.00000000,203.12500000,3.87500000e+00
699,5.85546875,5.86718750,1.17187500e-02,1.95312500,15.62500000,1.36718750e+01
700,3.98828125,3.98437500,3.90625000e-03,334.00000000,334.00000000,0.00000000e+00
701,4.46093750,4.45703125,3.90625000e-03,25.39062500,19.53125000,5.85937500e+00
702,5.25781250,5.25781250,0.00000000e+00,-82.00000000,-62.50000000,1.95000000e+01
703,4.25390625,4.25781250,3.90625000e-03,-123.06250000,-113.25000000,9.81250000e+00
704,3.71875000,3.70898438,9.76562500e-03,-283.25000000,-282.25000000,1.00000000e+00
705,3.94531250,3.93945312,5.85937500e-03,-62.50000000,-69.31250000,6.81250000e+00
706,4.65234375,4.63671875,1.56250000e-02,-232.37500000,-242.12500000,9.75000000e+00
707,7.07031250,7.08593750,1.56250000e-02,367.25000000,355.50000000,1.17500000e+01
708,5.66015625,5.65625000,3.90625000e-03,78.12500000,66.37500000,1.17500000e+01
709,5.91015625,5.91406250,3.90625000e-03,134.75000000,140.62500000,5.87500000e+00
710,6.76562500,6.76562500,0.00000000e+00,230.50000000,216.75000000,1.37500000e+01
711,4.33203125,4.30859375,2.34375000e-02,111.31250000,107.43750000,3.87500000e+00
712,5.62500000,5.62500000,0.00000000e+00,66.37500000,68.37500000,2.00000000e+00
713,6.22265625,6.21093750,1.17187500e-02,-1.95312500,-23.43750000,2.14843750e+01
714,6.65625000,6.64843750,7.81250000e-03,791.00000000,775.50000000,1.55000000e+01
715,6.99218750,7.02343750,3.12500000e-02,78.12500000,95.68750000,1.75625000e+01
716,3.53906250,3.52343750,1.56250000e-02,9.76562500,1.95312500,7.81250000e+00
717,4.03906250,4.03125000,7.81250000e-03,243.12500000,243.12500000,0.00000000e+00
718,4.81640625,4.81250000,3.90625000e-03,-380.75000000,-404.25000000,2.35000000e+01
719,5.88281250,5.83593750,4.68750000e-02,-171.87500000,-175.75000000,3.87500000e+00
720,4.50000000,4.50000000,0.00000000e+00,-175.75000000,-140.62500000,3.51250000e+01
721,3.99414062,3.96679688,2.73437500e-02,291.00000000,293.00000000,2.00000000e+00
722,6.62109375,6.65625000,3.51562500e-02,252.00000000,261.75000000,9.75000000e+00
723,5.93359375,5.93750000,3.90625000e-03,212.87500000,210.87500000,2.00000000e+00
724,5.76562500,5.76171875,3.90625000e-03,195.25000000,195.25000000,0.00000000e+00
725,4.22656250,4.25390625,2.73437500e-02,-222.62500000,-199.25000000,2.33750000e+01
726,9.32812500,9.32031250,7.81250000e-03,720.50000000,699.00000000,2.15000000e+01
727,7.12500000,7.13281250,7.81250000e-03,-21.48437500,-27.34375000,5.85937500e+00
728,3.86523438,3.83984375,2.53906250e-02,-139.62500000,-138.62500000,1.00000000e+00
729,3.78906250,3.85546875,6.64062500e-02,381.75000000,408.25000000,2.65000000e+01
730,4.17578125,4.17187500,3.90625000e-03,82.00000000,103.50000000,2.15000000e+01
731,5.23437500,5.24218750,7.81250000e-03,293.00000000,285.25000000,7.75000000e+00
732,6.78906250,6.80468750,1.56250000e-02,113.25000000,109.37500000,3.87500000e+00
733,5.67187500,5.67968750,7.81250000e-03,-220.75000000,-218.75000000,2.00000000e+00
734,5.95312500,5.93750000,1.56250000e-02,89.81250000,82.00000000,7.81250000e+00
735,4.64453125,4.64843750,3.90625000e-03,-341.75000000,-347.75000000,6.00000000e+00
736,6.01562500,6.03125000,1.56250000e-02,-27.34375000,-11.71875000,1.56250000e+01
737,3.77148438,3.76757812,3.90625000e-03,-374.00000000,-370.00000000,4.00000000e+00
738,7.25000000,7.22656250,2.34375000e-02,336.00000000,295.00000000,4.10000000e+01
739,5.64843750,5.68359375,3.51562500e-02,-136.75000000,-130.87500000,5.87500000e+00
740,7.58984375,7.53906250,5.07812500e-02,78.12500000,39.06250000,3.90625000e+01
741,4.02343750,4.03125000,7.81250000e-03,-27.34375000,-25.39062500,1.95312500e+00
742,5.42187500,5.44140625,1.95312500e-02,-218.75000000,-205.12500000,1.36250000e+01
743,5.53125000,5.53906250,7.81250000e-03,281.25000000,287.00000000,5.75000000e+00
744,4.07812500,4.09375000,1.56250000e-02,5.85937500,27.34375000,2.14843750e+01
745,5.95312500,5.94531250,7.81250000e-03,-183.62500000,-191.37500000,7.75000000e+00
746,6.51953125,6.52343750,3.90625000e-03,-1.95312500,3.90625000,5.85937500e+00
747,6.30468750,6.33593750,3.12500000e-02,-31.25000000,-15.62500000,1.56250000e+01
748,4.63281250,4.64062500,7.81250000e-03,-300.75000000,-293.00000000,7.75000000e+00
749,5.95312500,5.94140625,1.17187500e-02,353.50000000,349.50000000,4.00000000e+00
750,3.44140625,3.43359375,7.81250000e-03,7.81250000,2.92968750,4.88281250e+00
751,4.28906250,4.29296875,3.90625000e-03,-7.81250000,1.95312500,9.76562500e+00
752,5.78125000,5.76562500,1.56250000e-02,115.25000000,107.43750000,7.81250000e+00
753,4.27734375,4.27734375,0.00000000e+00,-132.75000000,-142.62500000,9.87500000e+00
754,4.14843750,4.14062500,7.81250000e-03,232.37500000,232.37500000,0.00000000e+00
755,4.04687500,4.05859375,1.17187500e-02,138.62500000,146.50000000,7.87500000e+00
756,4.96093750,4.97656250,1.56250000e-02,216.75000000,222.62500000,5.87500000e+00
757,5.82031250,5.84765625,2.73437500e-02,-464.75000000,-490.25000000,2.55000000e+01
758,5.46875000,5.47656250,7.81250000e-03,-3.90625000,-3.90625000,0.00000000e+00
759,5.80468750,5.77343750,3.12500000e-02,113.25000000,91.81250000,2.14375000e+01
760,6.42187500,6.40625000,1.56250000e-02,212.87500000,214.87500000,2.00000000e+00
761,4.61718750,4.60156250,1.56250000e-02,330.00000000,334.00000000,4.00000000e+00
762,5.46093750,5.45312500,7.81250000e-03,-31.25000000,-31.25000000,0.00000000e+00
763,6.11328125,6.14843750,3.51562500e-02,80.06250000,97.62500000,1.75625000e+01
764,6.30468750,6.34375000,3.90625000e-02,818.50000000,838.00000000,1.95000000e+01
765,6.80468750,6.81250000,7.81250000e-03,-111.31250000,-121.06250000,9.75000000e+00
766,3.08984375,3.07812500,1.17187500e-02,-529.50000000,-515.50000000,1.40000000e+01
767,3.87890625,3.88281250,3.90625000e-03,207.00000000,222.62500000,1.56250000e+01
768,5.01171875,5.05468750,4.29687500e-02,-246.12500000,-210.87500000,3.52500000e+01
769,6.26953125,6.23046875,3.90625000e-02,205.12500000,187.50000000,1.76250000e+01
770,4.62890625,4.60156250,2.73437500e-02,173.87500000,183.62500000,9.75000000e+00
771,3.50390625,3.49218750,1.17187500e-02,113.25000000,119.12500000,5.87500000e+00
772,6.27343750,6.27343750,0.00000000e+00,-42.96875000,-39.06250000,3.90625000e+00
773,5.34375000,5.33203125,1.17187500e-02,-246.12500000,-259.75000000,1.36250000e+01
774,5.49609375,5.50000000,3.90625000e-03,52.71875000,62.50000000,9.78125000e+00
775,4.46875000,4.44921875,1.95312500e-02,93.75000000,68.37500000,2.53750000e+01
776,9.65625000,9.60937500,4.68750000e-02,734.50000000,703.00000000,3.15000000e+01
777,7.32031250,7.31250000,7.81250000e-03,257.75000000,234.37500000,2.33750000e+01
778,3.63671875,3.60351562,3.32031250e-02,-174.75000000,-167.00000000,7.75000000e+00
779,2.98437500,2.99414062,9.76562500e-03,-425.75000000,-409.25000000,1.65000000e+01
780,3.80078125,3.78515625,1.56250000e-02,-166.00000000,-160.12500000,5.87500000e+00
781,5.00000000,5.00781250,7.81250000e-03,101.56250000,97.62500000,3.93750000e+00
782,6.49609375,6.54687500,5.07812500e-02,-72.25000000,-50.78125000,2.14687500e+01
783,6.27343750,6.28125000,7.81250000e-03,367.25000000,367.25000000,0.00000000e+00
784,5.54296875,5.49218750,5.07812500e-02,-244.12500000,-242.12500000,2.00000000e+00
785,5.03906250,5.03125000,7.81250000e-03,82.00000000,70.31250000,1.16875000e+01
786,5.89843750,5.92578125,2.73437500e-02,-175.75000000,-162.12500000,1.36250000e+01
787,3.93750000,3.93359375,3.90625000e-03,-242.12500000,-216.75000000,2.53750000e+01
788,7.17187500,7.21484375,4.29687500e-02,210.87500000,220.75000000,9.87500000e+00
789,5.59375000,5.60937500,1.56250000e-02,-144.50000000,-138.62500000,5.87500000e+00
790,7.31250000,7.30859375,3.90625000e-03,58.59375000,39.06250000,1.95312500e+01
791,4.03515625,4.02343750,1.17187500e-02,70.31250000,60.53125000,9.78125000e+00
792,5.02343750,5.04687500,2.34375000e-02,-281.25000000,-263.75000000,1.75000000e+01
793,5.37890625,5.36718750,1.17187500e-02,-150.37500000,-144.50000000,5.87500000e+00
794,3.58007812,3.60937500,2.92968750e-02,-284.25000000,-255.87500000,2.83750000e+01
795,5.96093750,5.95312500,7.81250000e-03,-269.50000000,-296.75000000,2.72500000e+01
796,6.19921875,6.21093750,1.17187500e-02,-224.62500000,-218.75000000,5.87500000e+00
797,5.72656250,5.75000000,2.34375000e-02,-363.25000000,-365.25000000,2.00000000e+00
798,4.88671875,4.87500000,1.17187500e-02,-84.00000000,-93.75000000,9.75000000e+00
799,6.58593750,6.52343750,6.25000000e-02,449.25000000,418.00000000,3.12500000e+01
800,3.28906250,3.28906250,0.00000000e+00,-93.75000000,-82.00000000,1.17500000e+01
801,4.40625000,4.42968750,2.34375000e-02,123.06250000,138.62500000,1.55625000e+01
802,4.97656250,4.93750000,3.90625000e-02,-148.37500000,-156.25000000,7.87500000e+00
803,4.15625000,4.14062500,1.56250000e-02,-60.53125000,-58.59375000,1.93750000e+00
804,3.92187500,3.92382812,1.95312500e-03,44.90625000,45.90625000,1.00000000e+00
805,4.03515625,4.03125000,3.90625000e-03,138.62500000,140.62500000,2.00000000e+00
806,5.35156250,5.39062500,3.90625000e-02,334.00000000,361.25000000,2.72500000e+01
807,6.12500000,6.13281250,7.81250000e-03,-379.00000000,-394.50000000,1.55000000e+01
808,5.50781250,5.51562500,7.81250000e-03,27.34375000,35.15625000,7.81250000e+00
809,5.50781250,5.52343750,1.56250000e-02,-82.00000000,-70.31250000,1.16875000e+01
810,7.07421875,7.10156250,2.73437500e-02,226.50000000,255.87500000,2.93750000e+01
811,3.73828125,3.75390625,1.56250000e-02,-269.50000000,-263.75000000,5.75000000e+00
812,5.11328125,5.10937500,3.90625000e-03,-279.25000000,-293.00000000,1.37500000e+01
813,5.87500000,5.89843750,2.34375000e-02,74.18750000,80.06250000,5.87500000e+00
814,5.04296875,5.07812500,3.51562500e-02,-123.06250000,-128.87500000,5.81250000e+00
815,6.78906250,6.81640625,2.73437500e-02,-125.00000000,-115.25000000,9.75000000e+00
816,3.35156250,3.33984375,1.17187500e-02,-179.62500000,-164.00000000,1.56250000e+01
817,3.58203125,3.55468750,2.73437500e-02,-51.75000000,-53.71875000,1.96875000e+00
818,5.03125000,4.98828125,4.29687500e-02,11.71875000,-17.57812500,2.92968750e+01
819,6.32812500,6.33593750,7.81250000e-03,418.00000000,423.75000000,5.75000000e+00
820,4.61718750,4.59765625,1.95312500e-02,113.25000000,119.12500000,5.87500000e+00
821,3.34179688,3.33398438,7.81250000e-03,-96.68750000,-92.75000000,3.93750000e+00
822,6.01171875,6.03125000,1.95312500e-02,-125.00000000,-136.75000000,1.17500000e+01
823,5.95312500,5.96093750,7.81250000e-03,177.75000000,179.62500000,1.87500000e+00
824,5.17187500,5.19921875,2.73437500e-02,-285.25000000,-271.50000000,1.37500000e+01
825,4.83593750,4.85156250,1.56250000e-02,138.62500000,146.50000000,7.87500000e+00
826,8.33593750,8.28906250,4.68750000e-02,-371.00000000,-379.00000000,8.00000000e+00
827,6.68750000,6.71875000,3.12500000e-02,-261.75000000,-253.87500000,7.87500000e+00
828,3.60937500,3.58984375,1.95312500e-02,-132.75000000,-138.62500000,5.87500000e+00
829,3.21093750,3.21679688,5.85937500e-03,51.75000000,62.50000000,1.07500000e+01
830,3.73046875,3.67968750,5.07812500e-02,-77.12500000,-90.81250000,1.36875000e+01
831,4.73828125,4.75000000,1.17187500e-02,-48.81250000,-52.71875000,3.90625000e+00
832,6.53906250,6.56250000,2.34375000e-02,42.96875000,48.81250000,5.84375000e+00
833,5.99609375,6.00390625,7.81250000e-03,91.81250000,82.00000000,9.81250000e+00
834,6.04687500,5.95312500,9.37500000e-02,-191.37500000,-257.75000000,6.63750000e+01
835,5.16796875,5.17968750,1.17187500e-02,150.37500000,148.37500000,2.00000000e+00
836,6.32812500,6.33593750,7.81250000e-03,236.37500000,242.12500000,5.75000000e+00
837,4.32031250,4.31250000,7.81250000e-03,321.25000000,322.25000000,1.00000000e+00
838,7.10156250,7.12500000,2.34375000e-02,70.31250000,134.75000000,6.44375000e+01
839,5.61718750,5.63671875,1.95312500e-02,-54.68750000,-46.87500000,7.81250000e+00
840,7.05468750,7.03906250,1.56250000e-02,-212.87500000,-224.62500000,1.17500000e+01
841,3.54492188,3.52343750,2.14843750e-02,-301.75000000,-298.75000000,3.00000000e+00
842,5.43750000,5.43359375,3.90625000e-03,-39.06250000,-37.09375000,1.96875000e+00
843,5.25000000,5.22656250,2.34375000e-02,29.29687500,19.53125000,9.76562500e+00
844,3.60937500,3.59765625,1.17187500e-02,-607.50000000,-619.00000000,1.15000000e+01
845,6.03906250,6.02734375,1.17187500e-02,82.00000000,107.43750000,2.54375000e+01
846,6.28906250,6.30468750,1.56250000e-02,148.37500000,154.25000000,5.87500000e+00
847,6.14843750,6.16406250,1.56250000e-02,0.00000000,0.00000000,0.00000000e+00
848,4.94921875,4.94921875,0.00000000e+00,52.71875000,58.59375000,5.87500000e+00
849,6.57031250,6.53125000,3.90625000e-02,316.50000000,318.25000000,1.75000000e+00
850,3.54687500,3.54687500,0.00000000e+00,-48.81250000,-44.90625000,3.90625000e+00
851,4.17968750,4.14843750,3.12500000e-02,-7.81250000,-21.48437500,1.36718750e+01
852,5.12500000,5.10546875,1.95312500e-02,-42.96875000,-37.09375000,5.87500000e+00
853,4.32812500,4.31250000,1.56250000e-02,269.50000000,265.50000000,4.00000000e+00
854,3.59765625,3.59179688,5.85937500e-03,-226.50000000,-225.62500000,8.75000000e-01
855,3.63867188,3.62500000,1.36718750e-02,-152.37500000,-158.25000000,5.87500000e+00
856,4.73828125,4.72656250,1.17187500e-02,197.25000000,205.12500000,7.87500000e+00
857,6.07031250,6.07031250,0.00000000e+00,-222.62500000,-230.50000000,7.87500000e+00
858,5.64062500,5.64453125,3.90625000e-03,138.62500000,142.62500000,4.00000000e+00
859,5.20312500,5.20312500,0.00000000e+00,-312.50000000,-312.50000000,0.00000000e+00
860,6.67968750,6.62500000,5.46875000e-02,-35.15625000,-60.53125000,2.53750000e+01
861,4.43750000,4.42578125,1.17187500e-02,279.25000000,267.50000000,1.17500000e+01
862,4.89453125,4.89062500,3.90625000e-03,-375.00000000,-359.25000000,1.57500000e+01
863,5.85546875,5.88281250,2.73437500e-02,-29.29687500,-7.81250000,2.14843750e+01
864,5.21875000,5.23437500,1.56250000e-02,150.37500000,148.37500000,2.00000000e+00
865,7.05468750,7.07031250,1.56250000e-02,250.00000000,261.75000000,1.17500000e+01
866,3.43359375,3.41210938,2.14843750e-02,-93.75000000,-86.93750000,6.81250000e+00
867,3.53906250,3.53906250,0.00000000e+00,-16.59375000,0.00000000,1.65937500e+01
868,5.21875000,5.21093750,7.81250000e-03,177.75000000,173.87500000,3.87500000e+00
869,6.08203125,6.05468750,2.73437500e-02,91.81250000,84.00000000,7.81250000e+00
870,4.31250000,4.30078125,1.17187500e-02,121.06250000,126.93750000,5.87500000e+00
871,3.00000000,2.98046875,1.95312500e-02,-238.25000000,-234.37500000,3.87500000e+00
872,6.19531250,6.21875000,2.34375000e-02,-68.37500000,-89.81250000,2.14375000e+01
873,5.48046875,5.50390625,2.34375000e-02,64.43750000,76.18750000,1.17500000e+01
874,5.58203125,5.59375000,1.17187500e-02,109.37500000,121.06250000,1.16875000e+01
875,3.85156250,3.83593750,1.56250000e-02,-304.75000000,-314.50000000,9.75000000e+00
876,9.14062500,9.07812500,6.25000000e-02,570.50000000,547.00000000,2.35000000e+01
877,6.82031250,6.83593750,1.56250000e-02,-175.75000000,-185.50000000,9.75000000e+00
878,4.23828125,4.18750000,5.07812500e-02,544.00000000,535.00000000,9.00000000e+00
879,3.37500000,3.35351562,2.14843750e-02,306.75000000,288.00000000,1.87500000e+01
880,3.55273438,3.55468750,1.95312500e-03,-215.87500000,-201.12500000,1.47500000e+01
881,4.95312500,4.96875000,1.56250000e-02,169.87500000,168.00000000,1.87500000e+00
882,6.52734375,6.54296875,1.56250000e-02,-80.06250000,-72.25000000,7.81250000e+00
883,6.31250000,6.30468750,7.81250000e-03,152.37500000,150.37500000,2.00000000e+00
884,6.40625000,6.42968750,2.34375000e-02,195.25000000,205.12500000,9.87500000e+00
885,4.91015625,4.91796875,7.81250000e-03,-119.12500000,-111.31250000,7.81250000e+00
886,5.83593750,5.81250000,2.34375000e-02,-23.43750000,-39.06250000,1.56250000e+01
887,3.82812500,3.79687500,3.12500000e-02,-218.75000000,-232.37500000,1.36250000e+01
888,6.92187500,6.87890625,4.29687500e-02,-246.12500000,-248.00000000,1.87500000e+00
889,5.80468750,5.80468750,0.00000000e+00,31.25000000,23.43750000,7.81250000e+00
890,7.20312500,7.21875000,1.56250000e-02,-138.62500000,-128.87500000,9.75000000e+00
891,3.88085938,3.88281250,1.95312500e-03,252.87500000,259.75000000,6.87500000e+00
892,5.37109375,5.37500000,3.90625000e-03,-41.00000000,-46.87500000,5.87500000e+00
893,5.19531250,5.20312500,7.81250000e-03,68.37500000,80.06250000,1.16875000e+01
894,3.41406250,3.36718750,4.68750000e-02,-390.50000000,-402.25000000,1.17500000e+01
895,6.06250000,6.06250000,0.00000000e+00,3.90625000,-27.34375000,3.12500000e+01
896,5.95312500,5.95703125,3.90625000e-03,-187.50000000,-185.50000000,2.00000000e+00
897,5.84765625,5.83593750,1.17187500e-02,-123.06250000,-125.00000000,1.93750000e+00
898,4.66015625,4.66406250,3.90625000e-03,-56.62500000,-60.53125000,3.90625000e+00
899,5.46093750,5.45312500,7.81250000e-03,-267.50000000,-250.00000000,1.75000000e+01
900,3.23437500,3.21484375,1.95312500e-02,-105.43750000,-111.31250000,5.87500000e+00
901,3.59375000,3.56250000,3.12500000e-02,-468.75000000,-480.50000000,1.17500000e+01
902,4.88281250,4.87500000,7.81250000e-03,-228.50000000,-187.50000000,4.10000000e+01
903,4.18359375,4.17187500,1.17187500e-02,103.50000000,121.06250000,1.75625000e+01
904,3.91796875,3.91406250,3.90625000e-03,37.09375000,42.96875000,5.87500000e+00
905,3.70312500,3.71875000,1.56250000e-02,-74.18750000,-54.68750000,1.95000000e+01
906,4.71484375,4.67968750,3.51562500e-02,291.00000000,291.00000000,0.00000000e+00
907,6.71484375,6.70312500,1.17187500e-02,478.50000000,466.75000000,1.17500000e+01
908,5.63281250,5.61718750,1.56250000e-02,128.87500000,125.00000000,3.87500000e+00
909,6.00000000,6.01171875,1.17187500e-02,400.50000000,423.75000000,2.32500000e+01
910,6.73437500,6.70312500,3.12500000e-02,298.75000000,287.00000000,1.17500000e+01
911,4.60156250,4.57421875,2.73437500e-02,456.00000000,437.50000000,1.85000000e+01
912,4.64843750,4.74218750,9.37500000e-02,-197.25000000,-144.50000000,5.27500000e+01
913,5.21093750,5.23437500,2.34375000e-02,-429.75000000,-425.75000000,4.00000000e+00
914,5.14453125,5.10937500,3.51562500e-02,35.15625000,19.53125000,1.56250000e+01
915,7.00781250,6.97265625,3.51562500e-02,64.43750000,60.53125000,3.90625000e+00
916,3.06640625,3.05078125,1.56250000e-02,-246.12500000,-234.37500000,1.17500000e+01
917,3.50585938,3.46875000,3.71093750e-02,98.62500000,81.06250000,1.75625000e+01
918,5.48828125,5.46875000,1.95312500e-02,576.00000000,554.50000000,2.15000000e+01
919,5.82031250,5.85937500,3.90625000e-02,-89.81250000,-50.78125000,3.90312500e+01
920,4.12109375,4.09375000,2.73437500e-02,98.62500000,80.06250000,1.85625000e+01
921,2.74218750,2.71289062,2.92968750e-02,-435.50000000,-436.50000000,1.00000000e+00
922,5.92968750,5.93750000,7.81250000e-03,-140.62500000,-140.62500000,0.00000000e+00
923,5.54296875,5.53906250,3.90625000e-03,199.25000000,207.00000000,7.75000000e+00
924,5.36328125,5.37500000,1.17187500e-02,-126.93750000,-109.37500000,1.75625000e+01
925,3.81250000,3.75976562,5.27343750e-02,-158.25000000,-172.87500000,1.46250000e+01
926,9.14843750,9.15625000,7.81250000e-03,379.00000000,367.25000000,1.17500000e+01
927,6.60937500,6.61718750,7.81250000e-03,-349.50000000,-345.75000000,3.75000000e+00
928,3.78320312,3.73828125,4.49218750e-02,167.00000000,155.25000000,1.17500000e+01
929,2.97265625,3.04101562,6.83593750e-02,105.43750000,152.37500000,4.69375000e+01
930,4.09375000,4.07812500,1.56250000e-02,380.00000000,389.75000000,9.75000000e+00
931,5.08593750,5.06250000,2.34375000e-02,289.00000000,269.50000000,1.95000000e+01
932,6.75000000,6.78125000,3.12500000e-02,115.25000000,128.87500000,1.36250000e+01
933,6.08984375,6.10937500,1.95312500e-02,138.62500000,148.37500000,9.75000000e+00
934,6.24218750,6.25390625,1.17187500e-02,359.25000000,373.00000000,1.37500000e+01
935,4.82812500,4.81640625,1.17187500e-02,-119.12500000,-128.87500000,9.75000000e+00
936,5.95312500,5.93750000,1.56250000e-02,121.06250000,115.25000000,5.81250000e+00
937,4.14062500,4.12500000,1.56250000e-02,255.87500000,268.50000000,1.26250000e+01
938,6.64062500,6.64062500,0.00000000e+00,-457.00000000,-451.25000000,5.75000000e+00
939,5.82421875,5.84765625,2.34375000e-02,183.62500000,193.37500000,9.75000000e+00
940,7.38281250,7.42187500,3.90625000e-02,158.25000000,242.12500000,8.38750000e+01
941,3.97265625,3.93945312,3.32031250e-02,201.12500000,196.25000000,4.87500000e+00
942,5.11718750,5.08984375,2.73437500e-02,-117.18750000,-134.75000000,1.75625000e+01
943,4.91015625,4.88281250,2.73437500e-02,248.00000000,259.75000000,1.17500000e+01
944,3.50781250,3.52929688,2.14843750e-02,23.43750000,53.71875000,3.02812500e+01
945,5.60156250,5.59375000,7.81250000e-03,-62.50000000,-62.50000000,0.00000000e+00
946,5.71875000,5.71484375,3.90625000e-03,-304.75000000,-304.75000000,0.00000000e+00
947,6.21093750,6.18750000,2.34375000e-02,236.37500000,230.50000000,5.87500000e+00
948,4.43750000,4.43359375,3.90625000e-03,-273.50000000,-271.50000000,2.00000000e+00
949,5.29296875,5.33984375,4.68750000e-02,-154.25000000,-125.00000000,2.92500000e+01
950,3.13476562,3.13281250,1.95312500e-03,-106.43750000,-91.81250000,1.46250000e+01
951,3.77929688,3.72265625,5.66406250e-02,-63.46875000,-97.62500000,3.41562500e+01
952,4.72656250,4.70703125,1.95312500e-02,-343.75000000,-353.50000000,9.75000000e+00
953,4.05468750,4.04687500,7.81250000e-03,126.93750000,134.75000000,7.81250000e+00
954,3.89843750,3.88671875,1.17187500e-02,110.37500000,107.43750000,2.93750000e+00
955,3.58984375,3.57617188,1.36718750e-02,1.95312500,-0.97656250,2.92968750e+00
956,4.45312500,4.46875000,1.56250000e-02,-46.87500000,-15.62500000,3.12500000e+01
957,5.92968750,5.91406250,1.56250000e-02,-257.75000000,-293.00000000,3.52500000e+01
958,5.12890625,5.10156250,2.73437500e-02,-126.93750000,-140.62500000,1.36875000e+01
959,5.17968750,5.17187500,7.81250000e-03,-76.18750000,-87.87500000,1.16875000e+01
960,6.09375000,6.05078125,4.29687500e-02,-115.25000000,-130.87500000,1.56250000e+01
961,3.84375000,3.84570312,1.95312500e-03,177.75000000,180.62500000,2.87500000e+00
962,5.22656250,5.24218750,1.56250000e-02,273.50000000,283.25000000,9.75000000e+00
963,5.57812500,5.54687500,3.12500000e-02,125.00000000,105.43750000,1.95625000e+01
964,4.43359375,4.44531250,1.17187500e-02,-431.75000000,-418.00000000,1.37500000e+01
965,7.05468750,7.04687500,7.81250000e-03,289.00000000,281.25000000,7.75000000e+00
966,3.47656250,3.46093750,1.56250000e-02,79.12500000,82.00000000,2.87500000e+00
967,3.37890625,3.33984375,3.90625000e-02,-33.18750000,-39.06250000,5.87500000e+00
968,5.33593750,5.35937500,2.34375000e-02,300.75000000,363.25000000,6.25000000e+01
969,6.32031250,6.28125000,3.90625000e-02,484.25000000,482.50000000,1.75000000e+00
970,3.81250000,3.76367188,4.88281250e-02,66.37500000,63.46875000,2.90625000e+00
971,2.97265625,2.93554688,3.71093750e-02,-209.00000000,-213.87500000,4.87500000e+00
972,6.25781250,6.22265625,3.51562500e-02,271.50000000,248.00000000,2.35000000e+01
973,5.30078125,5.30078125,0.00000000e+00,-72.25000000,-74.18750000,1.93750000e+00
974,5.23046875,5.20703125,2.34375000e-02,29.29687500,17.57812500,1.17187500e+01
975,4.48046875,4.47656250,3.90625000e-03,251.00000000,269.50000000,1.85000000e+01
976,8.13281250,8.14062500,7.81250000e-03,-433.50000000,-453.00000000,1.95000000e+01
977,7.05468750,7.07812500,2.34375000e-02,17.57812500,17.57812500,0.00000000e+00
978,3.41796875,3.39257812,2.53906250e-02,-80.06250000,-76.18750000,3.87500000e+00
979,2.59570312,2.55273438,4.29687500e-02,-407.25000000,-419.00000000,1.17500000e+01
980,3.78906250,3.74609375,4.29687500e-02,398.50000000,351.50000000,4.70000000e+01
981,4.71484375,4.71484375,0.00000000e+00,54.68750000,42.96875000,1.17187500e+01
982,6.64062500,6.64062500,0.00000000e+00,-66.37500000,-80.06250000,1.36875000e+01
983,5.82421875,5.80078125,2.34375000e-02,-68.37500000,-84.00000000,1.56250000e+01
984,5.22265625,5.19531250,2.73437500e-02,-269.50000000,-257.75000000,1.17500000e+01
985,4.85156250,4.84765625,3.90625000e-03,-27.34375000,-25.39062500,1.95312500e+00
986,5.94531250,5.93750000,7.81250000e-03,203.12500000,189.50000000,1.36250000e+01
987,3.69921875,3.66015625,3.90625000e-02,-158.25000000,-165.00000000,6.75000000e+00
988,6.96093750,6.94921875,1.17187500e-02,224.62500000,212.87500000,1.17500000e+01
989,5.76953125,5.77343750,3.90625000e-03,158.25000000,162.12500000,3.87500000e+00
990,7.51562500,7.57031250,5.46875000e-02,109.37500000,130.87500000,2.15000000e+01
991,3.73632812,3.74218750,5.85937500e-03,59.56250000,71.31250000,1.17500000e+01
992,5.07031250,5.07421875,3.90625000e-03,-39.06250000,-37.09375000,1.96875000e+00
993,4.83984375,4.83593750,3.90625000e-03,107.43750000,105.43750000,2.00000000e+00
994,3.69335938,3.71484375,2.14843750e-02,58.59375000,72.25000000,1.36562500e+01
995,5.75781250,5.75000000,7.81250000e-03,74.18750000,95.68750000,2.15000000e+01
996,6.36718750,6.37500000,7.81250000e-03,470.75000000,470.75000000,0.00000000e+00
997,5.82421875,5.83593750,1.17187500e-02,189.50000000,205.12500000,1.56250000e+01
998,4.66406250,4.65625000,7.81250000e-03,-66.37500000,-70.31250000,3.93750000e+00
999,5.30078125,5.34375000,4.29687500e-02,-255.87500000,-226.50000000,2.93750000e+01
1000,3.33203125,3.33398438,1.95312500e-03,19.53125000,30.26562500,1.07343750e+01
1001,3.76171875,3.70312500,5.85937500e-02,16.59375000,14.64843750,1.94531250e+00
1002,4.83203125,4.79687500,3.51562500e-02,-44.90625000,-46.87500000,1.96875000e+00
1003,3.83789062,3.82421875,1.36718750e-02,-67.37500000,-69.31250000,1.93750000e+00
1004,3.26953125,3.28710938,1.75781250e-02,-222.62500000,-214.87500000,7.75000000e+00
1005,3.58984375,3.57421875,1.56250000e-02,48.81250000,38.09375000,1.07187500e+01
1006,4.65625000,4.65625000,0.00000000e+00,362.25000000,371.00000000,8.75000000e+00
1007,5.92187500,5.90234375,1.95312500e-02,7.81250000,0.00000000,7.81250000e+00
1008,5.46875000,5.45312500,1.56250000e-02,175.75000000,169.87500000,5.87500000e+00
1009,5.27343750,5.25781250,1.56250000e-02,-52.71875000,-68.37500000,1.56562500e+01
1010,6.33984375,6.31640625,2.34375000e-02,275.50000000,271.50000000,4.00000000e+00
1011,3.96875000,3.95117188,1.75781250e-02,164.00000000,154.25000000,9.75000000e+00
1012,4.89062500,4.87890625,1.17187500e-02,484.25000000,504.00000000,1.97500000e+01
1013,4.97265625,4.96093750,1.17187500e-02,-492.25000000,-511.75000000,1.95000000e+01
1014,4.60156250,4.60937500,7.81250000e-03,54.68750000,52.71875000,1.96875000e+00
1015,6.64843750,6.62500000,2.34375000e-02,93.75000000,74.18750000,1.95625000e+01
1016,3.37304688,3.34375000,2.92968750e-02,118.18750000,102.56250000,1.56250000e+01
1017,3.23437500,3.23046875,3.90625000e-03,-82.00000000,-70.31250000,1.16875000e+01
1018,4.92187500,4.94531250,2.34375000e-02,41.00000000,113.25000000,7.22500000e+01
1019,6.17968750,6.16015625,1.95312500e-02,160.12500000,173.87500000,1.37500000e+01
1020,4.35156250,4.31640625,3.51562500e-02,312.50000000,316.50000000,4.00000000e+00
1021,2.88671875,2.83984375,4.68750000e-02,-126.93750000,-125.00000000,1.93750000e+00
1022,5.66796875,5.65625000,1.17187500e-02,-93.75000000,-109.37500000,1.56250000e+01
1023,5.57031250,5.57812500,7.81250000e-03,27.34375000,27.34375000,0.00000000e+00
1024,5.26562500,5.23437500,3.12500000e-02,74.18750000,76.18750000,2.00000000e+00
1025,3.76171875,3.75976562,1.95312500e-03,-154.25000000,-133.75000000,2.05000000e+01
1026,8.35937500,8.34375000,1.56250000e-02,-113.25000000,-109.37500000,3.87500000e+00
1027,7.02734375,7.03906250,1.17187500e-02,130.87500000,125.00000000,5.87500000e+00
1028,3.38281250,3.35546875,2.73437500e-02,116.18750000,95.68750000,2.05000000e+01
1029,2.86718750,2.89062500,2.34375000e-02,-277.25000000,-228.50000000,4.87500000e+01
1030,3.42968750,3.39843750,3.12500000e-02,-111.31250000,-109.37500000,1.93750000e+00
1031,4.11718750,4.10546875,1.17187500e-02,-461.00000000,-470.75000000,9.75000000e+00
1032,6.37890625,6.35937500,1.95312500e-02,-238.25000000,-257.75000000,1.95000000e+01
1033,5.50000000,5.45312500,4.68750000e-02,-144.50000000,-158.25000000,1.37500000e+01
1034,5.82031250,5.79687500,2.34375000e-02,78.12500000,58.59375000,1.95312500e+01
1035,4.71875000,4.71093750,7.81250000e-03,-78.12500000,-89.81250000,1.16875000e+01
1036,6.04687500,6.07031250,2.34375000e-02,312.50000000,320.25000000,7.75000000e+00
1037,3.66796875,3.61914062,4.88281250e-02,-128.87500000,-151.37500000,2.25000000e+01
1038,6.80078125,6.81250000,1.17187500e-02,-279.25000000,-261.75000000,1.75000000e+01
1039,5.46484375,5.47656250,1.17187500e-02,-56.62500000,-52.71875000,3.90625000e+00
1040,6.57031250,6.54687500,2.34375000e-02,-621.00000000,-609.50000000,1.15000000e+01
1041,3.75585938,3.74804688,7.81250000e-03,278.25000000,288.00000000,9.75000000e+00
1042,4.80468750,4.75000000,5.46875000e-02,-171.87500000,-195.25000000,2.33750000e+01
1043,4.67968750,4.66796875,1.17187500e-02,-56.62500000,-52.71875000,3.90625000e+00
1044,3.31640625,3.31640625,0.00000000e+00,-113.25000000,-77.12500000,3.61250000e+01
1045,6.08593750,6.02343750,6.25000000e-02,234.37500000,195.25000000,3.91250000e+01
1046,5.64453125,5.62890625,1.56250000e-02,-97.62500000,-123.06250000,2.54375000e+01
1047,6.07812500,6.06250000,1.56250000e-02,273.50000000,263.75000000,9.75000000e+00
1048,4.67187500,4.67968750,7.81250000e-03,56.62500000,74.18750000,1.75625000e+01
1049,5.55078125,5.53515625,1.56250000e-02,-128.87500000,-93.75000000,3.51250000e+01
1050,2.96875000,2.95507812,1.36718750e-02,-191.37500000,-200.25000000,8.87500000e+00
1051,3.28515625,3.23046875,5.46875000e-02,-321.25000000,-336.00000000,1.47500000e+01
1052,4.98828125,4.92968750,5.85937500e-02,224.62500000,207.00000000,1.76250000e+01
1053,3.86328125,3.82812500,3.51562500e-02,-76.18750000,-93.75000000,1.75625000e+01
1054,3.97265625,3.96093750,1.17187500e-02,343.75000000,334.00000000,9.75000000e+00
1055,3.78906250,3.77734375,1.17187500e-02,314.50000000,314.50000000,0.00000000e+00
1056,4.28515625,4.28125000,3.90625000e-03,58.59375000,76.18750000,1.75937500e+01
1057,6.39062500,6.37500000,1.56250000e-02,296.75000000,287.00000000,9.75000000e+00
1058,5.28906250,5.30468750,1.56250000e-02,19.53125000,27.34375000,7.81250000e+00
1059,5.34375000,5.32031250,2.34375000e-02,-48.81250000,-46.87500000,1.93750000e+00
1060,5.84375000,5.77343750,7.03125000e-02,-210.87500000,-240.25000000,2.93750000e+01
1061,3.42968750,3.42578125,3.90625000e-03,-143.50000000,-134.75000000,8.75000000e+00
1062,4.34765625,4.35546875,7.81250000e-03,-91.81250000,-76.18750000,1.56250000e+01
1063,5.16406250,5.14453125,1.95312500e-02,-76.18750000,-76.18750000,0.00000000e+00
1064,4.63281250,4.60546875,2.73437500e-02,-58.59375000,-95.68750000,3.70937500e+01
1065,6.57812500,6.55078125,2.73437500e-02,-66.37500000,-72.25000000,5.87500000e+00
1066,3.25781250,3.23828125,1.95312500e-02,91.81250000,92.75000000,9.37500000e-01
1067,2.97656250,2.94140625,3.51562500e-02,-244.12500000,-252.87500000,8.75000000e+00
1068,5.14843750,5.17187500,2.34375000e-02,246.12500000,287.00000000,4.08750000e+01
1069,5.91796875,5.87500000,4.29687500e-02,97.62500000,101.56250000,3.93750000e+00
1070,3.79492188,3.79492188,0.00000000e+00,34.18750000,66.37500000,3.21875000e+01
1071,3.04296875,3.01171875,3.12500000e-02,27.34375000,32.21875000,4.87500000e+00
1072,5.76562500,5.77343750,7.81250000e-03,-97.62500000,-91.81250000,5.81250000e+00
1073,5.35156250,5.33593750,1.56250000e-02,52.71875000,41.00000000,1.17187500e+01
1074,5.33593750,5.30468750,3.12500000e-02,33.18750000,33.18750000,0.00000000e+00
1075,3.76562500,3.70312500,6.25000000e-02,-74.18750000,-84.00000000,9.81250000e+00
1076,8.35937500,8.35937500,0.00000000e+00,46.87500000,70.31250000,2.34375000e+01
1077,6.74218750,6.77343750,3.12500000e-02,-99.62500000,-89.81250000,9.81250000e+00
1078,3.32812500,3.30859375,1.95312500e-02,86.93750000,95.68750000,8.75000000e+00
1079,2.87890625,2.87890625,0.00000000e+00,109.37500000,103.50000000,5.87500000e+00
1080,3.63671875,3.60937500,2.73437500e-02,-50.78125000,-42.00000000,8.78125000e+00
1081,4.32031250,4.32812500,7.81250000e-03,-119.12500000,-107.43750000,1.16875000e+01
1082,6.56250000,6.56250000,0.00000000e+00,-7.81250000,-7.81250000,0.00000000e+00
1083,5.66406250,5.67578125,1.17187500e-02,-70.31250000,-52.71875000,1.75937500e+01
1084,5.72656250,5.71484375,1.17187500e-02,412.00000000,425.75000000,1.37500000e+01
1085,4.62500000,4.58593750,3.90625000e-02,-50.78125000,-74.18750000,2.34062500e+01
1086,5.65625000,5.66406250,7.81250000e-03,19.53125000,27.34375000,7.81250000e+00
1087,2.91406250,2.88671875,2.73437500e-02,-633.00000000,-642.50000000,9.50000000e+00
1088,6.85937500,6.85937500,0.00000000e+00,-78.12500000,-58.59375000,1.95312500e+01
1089,5.48437500,5.50000000,1.56250000e-02,15.62500000,7.81250000,7.81250000e+00
1090,7.27734375,7.27343750,3.90625000e-03,338.00000000,339.75000000,1.75000000e+00
1091,3.52734375,3.51171875,1.56250000e-02,-68.37500000,-67.37500000,1.00000000e+00
1092,4.67968750,4.67968750,0.00000000e+00,-207.00000000,-207.00000000,0.00000000e+00
1093,5.00000000,4.92578125,7.42187500e-02,375.00000000,343.75000000,3.12500000e+01
1094,3.37500000,3.37109375,3.90625000e-03,30.26562500,28.31250000,1.95312500e+00
1095,5.52734375,5.50000000,2.73437500e-02,-324.25000000,-328.00000000,3.75000000e+00
1096,5.96093750,5.95312500,7.81250000e-03,228.50000000,216.75000000,1.17500000e+01
1097,6.07031250,6.04687500,2.34375000e-02,253.87500000,234.37500000,1.95000000e+01
1098,4.41796875,4.39843750,1.95312500e-02,107.43750000,101.56250000,5.87500000e+00
1099,5.61718750,5.63671875,1.95312500e-02,193.37500000,224.62500000,3.12500000e+01
1100,2.95312500,2.92578125,2.73437500e-02,-107.43750000,-117.18750000,9.75000000e+00
1101,3.61328125,3.55273438,6.05468750e-02,0.00000000,-2.92968750,2.92968750e+00
1102,5.19921875,5.18359375,1.56250000e-02,455.00000000,463.00000000,8.00000000e+00
1103,3.70703125,3.68359375,2.34375000e-02,-41.00000000,-47.84375000,6.84375000e+00
1104,3.83007812,3.82617188,3.90625000e-03,184.62500000,198.25000000,1.36250000e+01
1105,3.39648438,3.34375000,5.27343750e-02,4.88281250,6.83593750,1.95312500e+00
1106,3.86328125,3.85742188,5.85937500e-03,-123.06250000,-118.18750000,4.87500000e+00
1107,5.45312500,5.45703125,3.90625000e-03,-111.31250000,-109.37500000,1.93750000e+00
1108,5.27343750,5.27734375,3.90625000e-03,25.39062500,39.06250000,1.36718750e+01
1109,5.21484375,5.16796875,4.68750000e-02,-93.75000000,-119.12500000,2.53750000e+01
1110,5.25000000,5.29296875,4.29687500e-02,-547.00000000,-513.50000000,3.35000000e+01
1111,3.49218750,3.49023438,1.95312500e-03,-128.87500000,-133.75000000,4.87500000e+00
1112,4.37890625,4.32812500,5.07812500e-02,-423.75000000,-421.75000000,2.00000000e+00
1113,5.23828125,5.19140625,4.68750000e-02,33.18750000,1.95312500,3.12343750e+01
1114,4.84375000,4.83593750,7.81250000e-03,261.75000000,261.75000000,0.00000000e+00
1115,6.92187500,6.92187500,0.00000000e+00,189.50000000,199.25000000,9.75000000e+00
1116,2.98242188,2.96484375,1.75781250e-02,124.00000000,126.93750000,2.93750000e+00
1117,3.27148438,3.25390625,1.75781250e-02,-25.39062500,-21.48437500,3.90625000e+00
1118,4.44921875,4.41015625,3.90625000e-02,-298.75000000,-314.50000000,1.57500000e+01
1119,5.64843750,5.60937500,3.90625000e-02,-5.85937500,-3.90625000,1.95312500e+00
1120,3.66406250,3.67578125,1.17187500e-02,119.12500000,150.37500000,3.12500000e+01
1121,2.42578125,2.34765625,7.81250000e-02,-476.50000000,-494.25000000,1.77500000e+01
1122,5.88281250,5.89843750,1.56250000e-02,70.31250000,62.50000000,7.81250000e+00
1123,5.53125000,5.48437500,4.68750000e-02,281.25000000,250.00000000,3.12500000e+01
1124,4.68750000,4.65234375,3.51562500e-02,-373.00000000,-382.75000000,9.75000000e+00
1125,3.79296875,3.75976562,3.32031250e-02,-8.78906250,-8.78906250,0.00000000e+00
1126,8.41406250,8.37500000,3.90625000e-02,187.50000000,171.87500000,1.56250000e+01
1127,6.82031250,6.82031250,0.00000000e+00,60.53125000,54.68750000,5.84375000e+00
1128,3.44531250,3.41796875,2.73437500e-02,318.25000000,318.25000000,0.00000000e+00
1129,3.20703125,3.23437500,2.73437500e-02,185.50000000,199.25000000,1.37500000e+01
1130,3.33203125,3.28710938,4.49218750e-02,-37.09375000,-43.93750000,6.84375000e+00
1131,4.39062500,4.35156250,3.90625000e-02,46.87500000,29.29687500,1.75781250e+01
1132,6.35156250,6.35156250,0.00000000e+00,-175.75000000,-175.75000000,0.00000000e+00
1133,5.96875000,5.98437500,1.56250000e-02,310.50000000,336.00000000,2.55000000e+01
1134,5.10937500,5.04296875,6.64062500e-02,-187.50000000,-199.25000000,1.17500000e+01
1135,4.33593750,4.32421875,1.17187500e-02,-76.18750000,-70.31250000,5.87500000e+00
1136,5.87500000,5.85546875,1.95312500e-02,91.81250000,87.87500000,3.93750000e+00
1137,3.22265625,3.19140625,3.12500000e-02,-318.25000000,-324.25000000,6.00000000e+00
1138,6.46093750,6.40234375,5.85937500e-02,-343.75000000,-380.75000000,3.70000000e+01
1139,5.03515625,5.03125000,3.90625000e-03,-275.50000000,-285.25000000,9.75000000e+00
1140,6.77343750,6.88671875,1.13281250e-01,117.18750000,240.25000000,1.23062500e+02
1141,3.44921875,3.43554688,1.36718750e-02,-59.56250000,-57.62500000,1.93750000e+00
1142,4.70312500,4.67578125,2.73437500e-02,0.00000000,-9.76562500,9.76562500e+00
1143,4.76562500,4.67578125,8.98437500e-02,336.00000000,304.75000000,3.12500000e+01
1144,3.49609375,3.52148438,2.53906250e-02,134.75000000,131.87500000,2.87500000e+00
1145,5.79296875,5.78906250,3.90625000e-03,224.62500000,242.12500000,1.75000000e+01
1146,5.64062500,5.62109375,1.95312500e-02,-68.37500000,-74.18750000,5.81250000e+00
1147,5.52343750,5.51953125,3.90625000e-03,-113.25000000,-111.31250000,1.93750000e+00
1148,4.36328125,4.34375000,1.95312500e-02,113.25000000,93.75000000,1.95000000e+01
1149,5.46875000,5.41015625,5.85937500e-02,-123.06250000,-130.87500000,7.81250000e+00
1150,2.79687500,2.78906250,7.81250000e-03,-255.87500000,-242.12500000,1.37500000e+01
1151,3.28515625,3.24023438,4.49218750e-02,-173.87500000,-174.75000000,8.75000000e-01
1152,4.50781250,4.52734375,1.95312500e-02,15.62500000,52.71875000,3.70937500e+01
1153,3.68750000,3.69921875,1.17187500e-02,-72.25000000,-60.53125000,1.17187500e+01
1154,3.67578125,3.66406250,1.17187500e-02,175.75000000,177.75000000,2.00000000e+00
1155,3.36718750,3.35156250,1.56250000e-02,-115.25000000,-99.62500000,1.56250000e+01
1156,3.63281250,3.60937500,2.34375000e-02,-535.00000000,-527.50000000,7.50000000e+00
1157,5.57031250,5.57812500,7.81250000e-03,-263.75000000,-285.25000000,2.15000000e+01
1158,5.24218750,5.22656250,1.56250000e-02,64.43750000,52.71875000,1.17187500e+01
1159,5.29296875,5.25390625,3.90625000e-02,230.50000000,220.75000000,9.75000000e+00
1160,5.83984375,5.78515625,5.46875000e-02,-212.87500000,-224.62500000,1.17500000e+01
1161,3.71484375,3.66796875,4.68750000e-02,17.57812500,3.90625000,1.36718750e+01
1162,4.35546875,4.28906250,6.64062500e-02,-232.37500000,-257.75000000,2.53750000e+01
1163,5.26171875,5.27343750,1.17187500e-02,-31.25000000,37.09375000,6.83437500e+01
1164,3.83984375,3.82031250,1.95312500e-02,-537.00000000,-531.00000000,6.00000000e+00
1165,6.35156250,6.34375000,7.81250000e-03,-3.90625000,-15.62500000,1.17187500e+01
1166,2.65625000,2.60937500,4.68750000e-02,-140.62500000,-147.50000000,6.87500000e+00
1167,2.87890625,2.84960938,2.92968750e-02,-171.87500000,-168.00000000,3.87500000e+00
1168,5.07031250,5.01562500,5.46875000e-02,70.31250000,21.48437500,4.88281250e+01
1169,5.34375000,5.28125000,6.25000000e-02,-500.00000000,-492.25000000,7.75000000e+00
1170,2.96484375,2.95507812,9.76562500e-03,-145.50000000,-94.75000000,5.07500000e+01
1171,2.74218750,2.68945312,5.27343750e-02,-5.85937500,4.88281250,1.07421875e+01
1172,5.38671875,5.37500000,1.17187500e-02,-484.25000000,-484.25000000,0.00000000e+00
1173,4.99609375,5.02343750,2.73437500e-02,113.25000000,125.00000000,1.17500000e+01
1174,4.96875000,4.96093750,7.81250000e-03,-185.50000000,-189.50000000,4.00000000e+00
1175,4.16015625,4.12109375,3.90625000e-02,414.00000000,398.50000000,1.55000000e+01
1176,8.25781250,8.25000000,7.81250000e-03,31.25000000,39.06250000,7.81250000e+00
1177,6.41406250,6.42187500,7.81250000e-03,-338.00000000,-351.50000000,1.35000000e+01
1178,3.19726562,3.15820312,3.90625000e-02,206.00000000,194.37500000,1.16250000e+01
1179,3.32031250,3.34765625,2.73437500e-02,137.75000000,165.00000000,2.72500000e+01
1180,3.45312500,3.40820312,4.49218750e-02,146.50000000,139.62500000,6.87500000e+00
1181,4.25390625,4.27734375,2.34375000e-02,-158.25000000,-126.93750000,3.13125000e+01
1182,6.43750000,6.44140625,3.90625000e-03,-23.43750000,-25.39062500,1.95312500e+00
1183,5.65625000,5.64453125,1.17187500e-02,-152.37500000,-156.25000000,3.87500000e+00
1184,5.28906250,5.29296875,3.90625000e-03,121.06250000,199.25000000,7.81875000e+01
1185,4.08203125,4.05468750,2.73437500e-02,-232.37500000,-250.00000000,1.76250000e+01
1186,5.59375000,5.60937500,1.56250000e-02,168.00000000,175.75000000,7.75000000e+00
1187,3.37890625,3.36914062,9.76562500e-03,-138.62500000,-137.75000000,8.75000000e-01
1188,6.78125000,6.78125000,0.00000000e+00,-50.78125000,-39.06250000,1.17187500e+01
1189,5.28125000,5.28906250,7.81250000e-03,31.25000000,37.09375000,5.84375000e+00
1190,6.07812500,6.07031250,7.81250000e-03,-570.50000000,-556.50000000,1.40000000e+01
1191,3.35937500,3.35546875,3.90625000e-03,-80.06250000,-80.06250000,0.00000000e+00
1192,4.97656250,4.97265625,3.90625000e-03,302.75000000,295.00000000,7.75000000e+00
1193,4.41406250,4.38281250,3.12500000e-02,132.75000000,130.87500000,1.87500000e+00
1194,3.22460938,3.11718750,1.07421875e-01,-22.45312500,-87.87500000,6.54218750e+01
1195,5.53515625,5.61718750,8.20312500e-02,-209.00000000,-126.93750000,8.20625000e+01
1196,5.67968750,5.67578125,3.90625000e-03,-121.06250000,-117.18750000,3.87500000e+00
1197,5.45312500,5.45312500,0.00000000e+00,-31.25000000,-50.78125000,1.95312500e+01
1198,4.59375000,4.59375000,0.00000000e+00,236.37500000,238.25000000,1.87500000e+00
1199,5.12109375,4.93359375,1.87500000e-01,-326.25000000,-416.00000000,8.97500000e+01
1200,3.15039062,3.13281250,1.75781250e-02,248.00000000,242.12500000,5.87500000e+00
1201,3.00000000,2.94140625,5.85937500e-02,-242.12500000,-235.37500000,6.75000000e+00
1202,4.46875000,4.46093750,7.81250000e-03,203.12500000,212.87500000,9.75000000e+00
1203,3.49218750,3.50000000,7.81250000e-03,-125.00000000,-113.25000000,1.17500000e+01
1204,3.24609375,3.25390625,7.81250000e-03,-176.75000000,-166.00000000,1.07500000e+01
1205,3.50585938,3.48242188,2.34375000e-02,290.00000000,297.75000000,7.75000000e+00
1206,4.42578125,4.39062500,3.51562500e-02,-195.25000000,-164.00000000,3.12500000e+01
1207,5.51562500,5.50781250,7.81250000e-03,62.50000000,56.62500000,5.87500000e+00
1208,5.09375000,5.10937500,1.56250000e-02,-125.00000000,-109.37500000,1.56250000e+01
1209,4.75390625,4.72265625,3.12500000e-02,-328.00000000,-332.00000000,4.00000000e+00
1210,6.06250000,6.04296875,1.95312500e-02,74.18750000,68.37500000,5.81250000e+00
1211,3.41992188,3.39453125,2.53906250e-02,-75.18750000,-88.87500000,1.36875000e+01
1212,5.01953125,5.11718750,9.76562500e-02,365.25000000,406.25000000,4.10000000e+01
1213,5.35156250,5.36718750,1.56250000e-02,142.62500000,164.00000000,2.13750000e+01
1214,4.53906250,4.59375000,5.46875000e-02,-21.48437500,23.43750000,4.49218750e+01
1215,6.54687500,6.53125000,1.56250000e-02,140.62500000,140.62500000,0.00000000e+00
1216,2.76953125,2.73242188,3.71093750e-02,-181.62500000,-190.37500000,8.75000000e+00
1217,3.32226562,3.28125000,4.10156250e-02,212.87500000,197.25000000,1.56250000e+01
1218,5.12890625,5.16015625,3.12500000e-02,652.50000000,666.00000000,1.35000000e+01
1219,5.12109375,5.06640625,5.46875000e-02,-187.50000000,-199.25000000,1.17500000e+01
1220,3.42187500,3.38085938,4.10156250e-02,-222.62500000,-227.50000000,4.87500000e+00
1221,2.56640625,2.52734375,3.90625000e-02,-38.09375000,-28.31250000,9.78125000e+00
1222,5.64062500,5.63671875,3.90625000e-03,-121.06250000,-138.62500000,1.75625000e+01
1223,4.83984375,4.86328125,2.34375000e-02,-107.43750000,-95.68750000,1.17500000e+01
1224,4.87109375,4.83593750,3.51562500e-02,-109.37500000,-117.18750000,7.81250000e+00
1225,3.66015625,3.61328125,4.68750000e-02,-55.65625000,-75.18750000,1.95312500e+01
1226,7.98828125,8.00781250,1.95312500e-02,52.71875000,60.53125000,7.81250000e+00
1227,6.95312500,6.93359375,1.95312500e-02,97.62500000,64.43750000,3.31875000e+01
1228,3.22460938,3.18750000,3.71093750e-02,344.75000000,336.00000000,8.75000000e+00
1229,2.99023438,2.91796875,7.22656250e-02,-63.46875000,-87.87500000,2.44062500e+01
1230,2.72265625,2.69140625,3.12500000e-02,-181.62500000,-173.87500000,7.75000000e+00
1231,4.41015625,4.40625000,3.90625000e-03,115.25000000,107.43750000,7.81250000e+00
1232,6.75390625,6.76953125,1.56250000e-02,291.00000000,293.00000000,2.00000000e+00
1233,5.31250000,5.28906250,2.34375000e-02,-328.00000000,-326.25000000,1.75000000e+00
1234,5.10937500,5.09765625,1.17187500e-02,-97.62500000,-91.81250000,5.81250000e+00
1235,4.23437500,4.21093750,2.34375000e-02,-169.87500000,-171.87500000,2.00000000e+00
1236,5.57812500,5.58593750,7.81250000e-03,-27.34375000,7.81250000,3.51562500e+01
1237,3.39843750,3.40625000,7.81250000e-03,9.76562500,5.85937500,3.90625000e+00
1238,6.30468750,6.29296875,1.17187500e-02,-338.00000000,-345.75000000,7.75000000e+00
1239,5.43359375,5.47656250,4.29687500e-02,162.12500000,177.75000000,1.56250000e+01
1240,6.82812500,6.82812500,0.00000000e+00,390.50000000,365.25000000,2.52500000e+01
1241,3.41406250,3.40625000,7.81250000e-03,50.78125000,41.00000000,9.78125000e+00
1242,4.83593750,4.84375000,7.81250000e-03,158.25000000,171.87500000,1.36250000e+01
1243,4.15234375,4.10156250,5.07812500e-02,-113.25000000,-99.62500000,1.36250000e+01
1244,3.24609375,3.23437500,1.17187500e-02,-39.06250000,-41.00000000,1.93750000e+00
1245,6.19531250,6.17187500,2.34375000e-02,492.25000000,521.50000000,2.92500000e+01
1246,5.47656250,5.50781250,3.12500000e-02,-87.87500000,-74.18750000,1.36875000e+01
1247,4.99609375,5.01953125,2.34375000e-02,-345.75000000,-326.25000000,1.95000000e+01
1248,4.11718750,4.13281250,1.56250000e-02,-146.50000000,-136.75000000,9.75000000e+00
1249,5.19140625,5.11718750,7.42187500e-02,58.59375000,-11.71875000,7.03125000e+01
1250,2.87890625,2.86718750,1.17187500e-02,-234.37500000,-234.37500000,0.00000000e+00
1251,3.07421875,3.03515625,3.90625000e-02,7.81250000,17.57812500,9.76562500e+00
1252,4.35937500,4.28906250,7.03125000e-02,-3.90625000,-35.15625000,3.12500000e+01
1253,3.60937500,3.57421875,3.51562500e-02,9.76562500,-13.67187500,2.34375000e+01
1254,3.46679688,3.45898438,7.81250000e-03,94.75000000,94.75000000,0.00000000e+00
1255,2.75781250,2.73046875,2.73437500e-02,-474.50000000,-477.50000000,3.00000000e+00
1256,3.98242188,3.97265625,9.76562500e-03,-69.31250000,-78.12500000,8.81250000e+00
1257,5.46093750,5.46875000,7.81250000e-03,-68.37500000,-60.53125000,7.84375000e+00
1258,5.35156250,5.35156250,0.00000000e+00,271.50000000,277.25000000,5.75000000e+00
1259,5.52734375,5.46875000,5.85937500e-02,517.50000000,496.00000000,2.15000000e+01
1260,5.98828125,5.91406250,7.42187500e-02,60.53125000,25.39062500,3.51406250e+01
1261,3.38476562,3.37304688,1.17187500e-02,-32.21875000,-23.43750000,8.78125000e+00
1262,4.25781250,4.23046875,2.73437500e-02,-128.87500000,-115.25000000,1.36250000e+01
1263,4.81250000,4.80859375,3.90625000e-03,-296.75000000,-289.00000000,7.75000000e+00
1264,4.34375000,4.40625000,6.25000000e-02,-154.25000000,-117.18750000,3.70625000e+01
1265,6.35937500,6.33593750,2.34375000e-02,-37.09375000,-48.81250000,1.17187500e+01
1266,3.02343750,3.01171875,1.17187500e-02,271.50000000,275.50000000,4.00000000e+00
1267,2.83984375,2.82421875,1.56250000e-02,-316.50000000,-314.50000000,2.00000000e+00
1268,4.41406250,4.36328125,5.07812500e-02,-11.71875000,-37.09375000,2.53750000e+01
1269,5.53906250,5.55468750,1.56250000e-02,93.75000000,107.43750000,1.36875000e+01
1270,3.50976562,3.49023438,1.95312500e-02,23.43750000,44.90625000,2.14687500e+01
1271,2.39062500,2.34765625,4.29687500e-02,-191.37500000,-192.37500000,1.00000000e+00
1272,5.92968750,5.96093750,3.12500000e-02,300.75000000,316.50000000,1.57500000e+01
1273,5.17578125,5.21484375,3.90625000e-02,58.59375000,66.37500000,7.78125000e+00
1274,4.65625000,4.61718750,3.90625000e-02,-115.25000000,-113.25000000,2.00000000e+00
1275,3.66015625,3.62695312,3.32031250e-02,26.35937500,19.53125000,6.82812500e+00
1276,8.10156250,8.02343750,7.81250000e-02,-31.25000000,-66.37500000,3.51250000e+01
1277,6.70312500,6.71875000,1.56250000e-02,-126.93750000,-132.75000000,5.81250000e+00
1278,2.63671875,2.61718750,1.95312500e-02,-234.37500000,-226.50000000,7.87500000e+00
1279,1.99902344,1.97656250,2.24609375e-02,-422.25000000,-426.75000000,4.50000000e+00
1280,3.26562500,3.25000000,1.56250000e-02,-5.85937500,9.76562500,1.56250000e+01
1281,4.39453125,4.35546875,3.90625000e-02,207.00000000,190.37500000,1.66250000e+01
1282,6.36718750,6.38281250,1.56250000e-02,-48.81250000,-41.00000000,7.81250000e+00
1283,5.29687500,5.29296875,3.90625000e-03,-367.25000000,-355.50000000,1.17500000e+01
1284,4.98046875,4.92578125,5.46875000e-02,-68.37500000,-126.93750000,5.85625000e+01
1285,4.60156250,4.57031250,3.12500000e-02,203.12500000,181.62500000,2.15000000e+01
1286,5.25781250,5.21875000,3.90625000e-02,-15.62500000,-27.34375000,1.17187500e+01
1287,3.56054688,3.57812500,1.75781250e-02,288.00000000,306.75000000,1.87500000e+01
1288,7.08593750,7.07421875,1.17187500e-02,437.50000000,427.75000000,9.75000000e+00
1289,5.01171875,5.03906250,2.73437500e-02,-166.00000000,-171.87500000,5.87500000e+00
1290,6.50781250,6.48437500,2.34375000e-02,-150.37500000,-117.18750000,3.31875000e+01
1291,3.38281250,3.35156250,3.12500000e-02,124.00000000,111.31250000,1.26875000e+01
1292,4.59375000,4.59375000,0.00000000e+00,-359.25000000,-332.00000000,2.72500000e+01
1293,3.90625000,3.84765625,5.85937500e-02,-82.00000000,-82.00000000,0.00000000e+00
1294,3.23437500,3.23046875,3.90625000e-03,91.81250000,108.37500000,1.65625000e+01
1295,5.45312500,5.46875000,1.56250000e-02,-70.31250000,-74.18750000,3.87500000e+00
1296,5.46093750,5.46093750,0.00000000e+00,-74.18750000,-82.00000000,7.81250000e+00
1297,5.61718750,5.57812500,3.90625000e-02,54.68750000,9.76562500,4.49218750e+01
1298,4.28906250,4.28906250,0.00000000e+00,-64.43750000,-60.53125000,3.90625000e+00
1299,4.77343750,4.71484375,5.85937500e-02,-295.00000000,-310.50000000,1.55000000e+01
1300,2.99023438,2.97656250,1.36718750e-02,8.78906250,9.76562500,9.76562500e-01
1301,3.35937500,3.28125000,7.81250000e-02,-17.57812500,-12.69531250,4.88281250e+00
1302,4.85546875,4.80468750,5.07812500e-02,466.75000000,447.25000000,1.95000000e+01
1303,3.73828125,3.72656250,1.17187500e-02,177.75000000,171.87500000,5.87500000e+00
1304,3.40625000,3.41210938,5.85937500e-03,-3.90625000,-0.97656250,2.92968750e+00
1305,3.36132812,3.31640625,4.49218750e-02,165.00000000,150.37500000,1.46250000e+01
1306,3.39648438,3.33593750,6.05468750e-02,-356.50000000,-369.25000000,1.27500000e+01
1307,5.65625000,5.69140625,3.51562500e-02,113.25000000,119.12500000,5.87500000e+00
1308,5.29687500,5.30078125,3.90625000e-03,240.25000000,228.50000000,1.17500000e+01
1309,4.59765625,4.60156250,3.90625000e-03,-179.62500000,-148.37500000,3.12500000e+01
1310,5.86718750,5.85546875,1.17187500e-02,48.81250000,27.34375000,2.14687500e+01
1311,2.97265625,2.93164062,4.10156250e-02,-298.75000000,-297.75000000,1.00000000e+00
1312,4.46875000,4.37109375,9.76562500e-02,508.75000000,500.00000000,8.75000000e+00
1313,5.19531250,5.19921875,3.90625000e-03,328.00000000,353.50000000,2.55000000e+01
1314,4.27343750,4.24218750,3.12500000e-02,1.95312500,-19.53125000,2.14843750e+01
1315,5.82812500,5.80859375,1.95312500e-02,-379.00000000,-365.25000000,1.37500000e+01
1316,2.50000000,2.45703125,4.29687500e-02,-146.50000000,-149.37500000,2.87500000e+00
1317,3.05859375,3.03515625,2.34375000e-02,70.31250000,64.43750000,5.87500000e+00
1318,4.65625000,4.73046875,7.42187500e-02,263.75000000,341.75000000,7.80000000e+01
1319,5.63281250,5.62109375,1.17187500e-02,281.25000000,322.25000000,4.10000000e+01
1320,3.17382812,3.12109375,5.27343750e-02,-426.75000000,-421.75000000,5.00000000e+00
1321,2.70703125,2.63671875,7.03125000e-02,160.12500000,146.50000000,1.36250000e+01
1322,5.64843750,5.61718750,3.12500000e-02,11.71875000,-13.67187500,2.53906250e+01
1323,4.85937500,4.91406250,5.46875000e-02,-156.25000000,-136.75000000,1.95000000e+01
1324,4.88671875,4.82421875,6.25000000e-02,19.53125000,13.67187500,5.85937500e+00
1325,3.47656250,3.46875000,7.81250000e-03,-105.43750000,-104.50000000,9.37500000e-01
1326,8.40625000,8.42968750,2.34375000e-02,234.37500000,242.12500000,7.75000000e+00
1327,7.03906250,7.03906250,0.00000000e+00,191.37500000,175.75000000,1.56250000e+01
1328,2.77539062,2.80468750,2.92968750e-02,65.43750000,96.68750000,3.12500000e+01
1329,2.78515625,2.80078125,1.56250000e-02,56.62500000,40.03125000,1.65937500e+01
1330,2.07812500,2.07226562,5.85937500e-03,-654.50000000,-645.50000000,9.00000000e+00
1331,4.06250000,4.02734375,3.51562500e-02,99.62500000,101.56250000,1.93750000e+00
1332,6.21484375,6.23437500,1.95312500e-02,-25.39062500,-19.53125000,5.85937500e+00
1333,5.31250000,5.32812500,1.56250000e-02,-70.31250000,-58.59375000,1.17187500e+01
1334,5.02734375,4.97265625,5.46875000e-02,-113.25000000,-76.18750000,3.70625000e+01
1335,4.15234375,4.17187500,1.95312500e-02,-29.29687500,-15.62500000,1.36718750e+01
1336,5.43750000,5.46875000,3.12500000e-02,126.93750000,156.25000000,2.93125000e+01
1337,3.26562500,3.23046875,3.51562500e-02,35.15625000,21.48437500,1.36718750e+01
1338,7.13281250,7.17187500,3.90625000e-02,511.75000000,541.00000000,2.92500000e+01
1339,5.11718750,5.11328125,3.90625000e-03,-125.00000000,-126.93750000,1.93750000e+00
1340,6.24218750,6.24218750,0.00000000e+00,-531.00000000,-535.00000000,4.00000000e+00
1341,3.43750000,3.41796875,1.95312500e-02,247.12500000,236.37500000,1.07500000e+01
1342,4.73437500,4.69921875,3.51562500e-02,27.34375000,17.57812500,9.76562500e+00
1343,4.15625000,4.09765625,5.85937500e-02,247.12500000,251.00000000,3.87500000e+00
1344,3.09375000,3.03320312,6.05468750e-02,199.25000000,196.25000000,3.00000000e+00
1345,5.54687500,5.58203125,3.51562500e-02,56.62500000,82.00000000,2.53750000e+01
1346,5.46875000,5.45312500,1.56250000e-02,-3.90625000,-11.71875000,7.81250000e+00
1347,5.32421875,5.30859375,1.56250000e-02,56.62500000,56.62500000,0.00000000e+00
1348,4.53125000,4.50781250,2.34375000e-02,269.50000000,256.75000000,1.27500000e+01
1349,4.96093750,4.87109375,8.98437500e-02,21.48437500,-15.62500000,3.71093750e+01
1350,2.96484375,2.96875000,3.90625000e-03,77.12500000,85.93750000,8.81250000e+00
1351,2.83203125,2.78125000,5.07812500e-02,-181.62500000,-178.75000000,2.87500000e+00
1352,4.32812500,4.27343750,5.46875000e-02,125.00000000,113.25000000,1.17500000e+01
1353,3.48828125,3.47656250,1.17187500e-02,-42.96875000,-39.06250000,3.90625000e+00
1354,3.19921875,3.19921875,0.00000000e+00,121.06250000,70.31250000,5.07500000e+01
1355,2.84375000,2.82421875,1.95312500e-02,-318.25000000,-328.00000000,9.75000000e+00
1356,4.06250000,4.03906250,2.34375000e-02,277.25000000,279.25000000,2.00000000e+00
1357,5.69140625,5.69531250,3.90625000e-03,197.25000000,187.50000000,9.75000000e+00
1358,4.90625000,4.91406250,7.81250000e-03,-29.29687500,-29.29687500,0.00000000e+00
1359,4.89453125,4.94140625,4.68750000e-02,33.18750000,56.62500000,2.34375000e+01
1360,6.01953125,5.96093750,5.85937500e-02,21.48437500,-72.25000000,9.37343750e+01
1361,3.15039062,3.12695312,2.34375000e-02,-217.75000000,-235.37500000,1.76250000e+01
1362,3.30859375,3.27734375,3.12500000e-02,-408.25000000,-408.25000000,0.00000000e+00
1363,4.78125000,4.75390625,2.73437500e-02,-117.18750000,-115.25000000,1.93750000e+00
1364,4.01562500,3.99609375,1.95312500e-02,-175.75000000,-185.50000000,9.75000000e+00
1365,6.26562500,6.26562500,0.00000000e+00,113.25000000,113.25000000,0.00000000e+00
1366,2.76562500,2.74414062,2.14843750e-02,132.75000000,136.75000000,4.00000000e+00
1367,3.02148438,3.00781250,1.36718750e-02,44.90625000,50.78125000,5.87500000e+00
1368,4.48828125,4.50781250,1.95312500e-02,500.00000000,562.50000000,6.25000000e+01
1369,5.02343750,4.96093750,6.25000000e-02,-250.00000000,-250.00000000,0.00000000e+00
1370,3.20312500,3.17968750,2.34375000e-02,41.00000000,70.31250000,2.93125000e+01
1371,2.30664062,2.20312500,1.03515625e-01,18.54687500,-5.85937500,2.44062500e+01
1372,5.75781250,5.69140625,6.64062500e-02,375.00000000,330.00000000,4.50000000e+01
1373,4.57812500,4.60546875,2.73437500e-02,-70.31250000,-56.62500000,1.36875000e+01
1374,4.05078125,4.04687500,3.90625000e-03,-400.50000000,-369.25000000,3.12500000e+01
1375,3.50976562,3.47265625,3.71093750e-02,68.37500000,50.78125000,1.75937500e+01
1376,7.87500000,7.81250000,6.25000000e-02,-35.15625000,-44.90625000,9.75000000e+00
1377,6.21875000,6.22656250,7.81250000e-03,-410.25000000,-416.00000000,5.75000000e+00
1378,2.67578125,2.66406250,1.17187500e-02,-34.18750000,-15.62500000,1.85625000e+01
1379,1.95019531,1.94531250,4.88281250e-03,-338.50000000,-339.75000000,1.25000000e+00
1380,3.18750000,3.15039062,3.71093750e-02,130.87500000,129.87500000,1.00000000e+00
1381,4.04687500,4.03906250,7.81250000e-03,162.12500000,168.00000000,5.87500000e+00
1382,6.32812500,6.32812500,0.00000000e+00,46.87500000,48.81250000,1.93750000e+00
1383,5.11718750,5.08593750,3.12500000e-02,-367.25000000,-373.00000000,5.75000000e+00
1384,5.03906250,5.26562500,2.26562500e-01,21.48437500,148.37500000,1.26890625e+02
1385,4.17578125,4.12500000,5.07812500e-02,-13.67187500,-27.34375000,1.36718750e+01
1386,5.17968750,5.13281250,4.68750000e-02,296.75000000,265.50000000,3.12500000e+01
1387,3.15234375,3.15234375,0.00000000e+00,124.00000000,146.50000000,2.25000000e+01
1388,6.05468750,6.03906250,1.56250000e-02,-324.25000000,-314.50000000,9.75000000e+00
1389,5.11718750,5.11718750,0.00000000e+00,70.31250000,85.93750000,1.56250000e+01
1390,6.28125000,6.21875000,6.25000000e-02,-197.25000000,-246.12500000,4.88750000e+01
1391,3.39257812,3.38281250,9.76562500e-03,202.12500000,198.25000000,3.87500000e+00
1392,4.71093750,4.70312500,7.81250000e-03,37.09375000,46.87500000,9.78125000e+00
1393,3.93359375,3.89843750,3.51562500e-02,-23.43750000,-13.67187500,9.76562500e+00
1394,2.75195312,2.70312500,4.88281250e-02,-200.25000000,-220.75000000,2.05000000e+01
1395,5.24218750,5.15234375,8.98437500e-02,50.78125000,5.85937500,4.49218750e+01
1396,5.15234375,5.16406250,1.17187500e-02,-125.00000000,-125.00000000,0.00000000e+00
1397,5.29296875,5.25781250,3.51562500e-02,35.15625000,3.90625000,3.12500000e+01
1398,3.96289062,3.96484375,1.95312500e-03,-120.12500000,-136.75000000,1.66250000e+01
1399,4.88671875,4.73828125,1.48437500e-01,-82.00000000,-142.62500000,6.06250000e+01
1400,2.94921875,2.95507812,5.85937500e-03,147.50000000,159.12500000,1.16250000e+01
1401,2.82812500,2.78906250,3.90625000e-02,-42.96875000,-21.48437500,2.14843750e+01
1402,4.25390625,4.22265625,3.12500000e-02,149.37500000,168.00000000,1.86250000e+01
1403,3.24023438,3.23046875,9.76562500e-03,-182.62500000,-168.00000000,1.46250000e+01
1404,3.28515625,3.25195312,3.32031250e-02,32.21875000,11.71875000,2.05000000e+01
1405,3.22265625,3.21875000,3.90625000e-03,-42.96875000,-44.90625000,1.93750000e+00
1406,3.51562500,3.49023438,2.53906250e-02,-34.18750000,-26.35937500,7.82812500e+00
1407,5.06640625,5.05468750,1.17187500e-02,-212.87500000,-222.62500000,9.75000000e+00
1408,4.57812500,4.57421875,3.90625000e-03,-308.50000000,-306.75000000,1.75000000e+00
1409,4.89843750,4.86328125,3.51562500e-02,109.37500000,99.62500000,9.75000000e+00
1410,5.41796875,5.51953125,1.01562500e-01,-238.25000000,-228.50000000,9.75000000e+00
1411,3.37109375,3.35742188,1.36718750e-02,191.37500000,180.62500000,1.07500000e+01
1412,4.44921875,4.47656250,2.73437500e-02,295.00000000,361.25000000,6.62500000e+01
1413,4.85156250,4.83593750,1.56250000e-02,44.90625000,35.15625000,9.75000000e+00
1414,3.99804688,3.99609375,1.95312500e-03,-266.50000000,-244.12500000,2.23750000e+01
1415,6.20312500,6.19531250,7.81250000e-03,164.00000000,179.62500000,1.56250000e+01
1416,2.49609375,2.45703125,3.90625000e-02,-117.18750000,-125.00000000,7.81250000e+00
1417,2.99218750,2.95312500,3.90625000e-02,46.87500000,29.29687500,1.75781250e+01
1418,4.00781250,3.82226562,1.85546875e-01,-216.75000000,-252.87500000,3.61250000e+01
1419,5.21875000,5.15625000,6.25000000e-02,183.62500000,171.87500000,1.17500000e+01
1420,3.55859375,3.54296875,1.56250000e-02,345.75000000,341.75000000,4.00000000e+00
1421,2.52929688,2.48437500,4.49218750e-02,-30.26562500,-34.18750000,3.92187500e+00
1422,5.27343750,5.25000000,2.34375000e-02,-113.25000000,-128.87500000,1.56250000e+01
1423,4.49609375,4.48828125,7.81250000e-03,-132.75000000,-158.25000000,2.55000000e+01
1424,4.35937500,4.28515625,7.42187500e-02,-216.75000000,-248.00000000,3.12500000e+01
1425,3.43945312,3.43359375,5.85937500e-03,61.53125000,64.43750000,2.90625000e+00
1426,8.14062500,8.20312500,6.25000000e-02,160.12500000,203.12500000,4.30000000e+01
1427,7.26562500,7.24609375,1.95312500e-02,564.50000000,551.00000000,1.35000000e+01
1428,2.55664062,2.54101562,1.56250000e-02,-131.87500000,-144.50000000,1.26250000e+01
1429,2.68359375,2.64257812,4.10156250e-02,273.50000000,239.25000000,3.42500000e+01
1430,3.41406250,3.41796875,3.90625000e-03,593.50000000,590.00000000,3.50000000e+00
1431,3.76953125,3.77343750,3.90625000e-03,-7.81250000,-2.92968750,4.88281250e+00
1432,6.38671875,6.39843750,1.17187500e-02,189.50000000,199.25000000,9.75000000e+00
1433,5.60937500,5.55468750,5.46875000e-02,150.37500000,160.12500000,9.75000000e+00
1434,4.53515625,4.50781250,2.73437500e-02,-492.25000000,-525.50000000,3.32500000e+01
1435,3.98437500,3.97851562,5.85937500e-03,-175.75000000,-178.75000000,3.00000000e+00
1436,4.98828125,4.96093750,2.73437500e-02,-154.25000000,-146.50000000,7.75000000e+00
1437,3.56250000,3.56054688,1.95312500e-03,291.00000000,300.75000000,9.75000000e+00
1438,5.57812500,5.66406250,8.59375000e-02,-861.50000000,-804.50000000,5.70000000e+01
1439,5.12890625,5.09375000,3.51562500e-02,68.37500000,44.90625000,2.34687500e+01
1440,6.65234375,6.66015625,7.81250000e-03,416.00000000,357.50000000,5.85000000e+01
1441,2.99218750,3.01367188,2.14843750e-02,-142.62500000,-118.18750000,2.44375000e+01
1442,4.50781250,4.50781250,0.00000000e+00,48.81250000,76.18750000,2.73750000e+01
1443,3.70312500,3.67187500,3.12500000e-02,-238.25000000,-222.62500000,1.56250000e+01
1444,2.96093750,2.96875000,7.81250000e-03,-41.00000000,-23.43750000,1.75625000e+01
1445,5.50390625,5.44531250,5.85937500e-02,-148.37500000,-166.00000000,1.76250000e+01
1446,5.25390625,5.29296875,3.90625000e-02,99.62500000,130.87500000,3.12500000e+01
1447,5.19140625,5.19531250,3.90625000e-03,9.76562500,-5.85937500,1.56250000e+01
1448,3.93359375,3.93359375,0.00000000e+00,109.37500000,101.56250000,7.81250000e+00
1449,4.94531250,4.81250000,1.32812500e-01,-339.75000000,-382.75000000,4.30000000e+01
1450,2.43359375,2.42968750,3.90625000e-03,-298.75000000,-303.75000000,5.00000000e+00
1451,2.79882812,2.78125000,1.75781250e-02,-57.62500000,-16.59375000,4.10312500e+01
1452,4.01562500,4.01953125,3.90625000e-03,0.00000000,53.71875000,5.37187500e+01
1453,3.33593750,3.32421875,1.17187500e-02,23.43750000,23.43750000,0.00000000e+00
1454,3.15625000,3.14453125,1.17187500e-02,-56.62500000,-62.50000000,5.87500000e+00
1455,2.75781250,2.73828125,1.95312500e-02,-142.62500000,-190.37500000,4.77500000e+01
1456,3.72851562,3.74218750,1.36718750e-02,12.69531250,35.15625000,2.24609375e+01
1457,5.05078125,5.08593750,3.51562500e-02,-197.25000000,-185.50000000,1.17500000e+01
1458,4.80078125,4.80468750,3.90625000e-03,-62.50000000,-68.37500000,5.87500000e+00
1459,4.67187500,4.68750000,1.56250000e-02,89.81250000,117.18750000,2.73750000e+01
1460,6.03515625,6.05078125,1.56250000e-02,384.75000000,402.25000000,1.75000000e+01
1461,3.26953125,3.25000000,1.95312500e-02,322.25000000,300.75000000,2.15000000e+01
1462,3.85156250,3.82031250,3.12500000e-02,31.25000000,75.18750000,4.39375000e+01
1463,4.57421875,4.56250000,1.17187500e-02,-126.93750000,-142.62500000,1.56875000e+01
1464,3.60546875,3.55859375,4.68750000e-02,-478.50000000,-490.25000000,1.17500000e+01
1465,5.83593750,5.78906250,4.68750000e-02,-210.87500000,-218.75000000,7.87500000e+00
1466,2.51757812,2.50000000,1.75781250e-02,-53.71875000,-57.62500000,3.90625000e+00
1467,2.72265625,2.70703125,1.56250000e-02,-175.75000000,-168.00000000,7.75000000e+00
1468,4.28906250,4.27343750,1.56250000e-02,-121.06250000,-126.93750000,5.87500000e+00
1469,5.13281250,5.11328125,1.95312500e-02,183.62500000,177.75000000,5.87500000e+00
1470,3.10546875,3.08789062,1.75781250e-02,19.53125000,29.29687500,9.76562500e+00
1471,1.96093750,1.91894531,4.19921875e-02,-349.50000000,-368.75000000,1.92500000e+01
1472,5.70312500,5.67578125,2.73437500e-02,228.50000000,224.62500000,3.87500000e+00
1473,4.53125000,4.56250000,3.12500000e-02,-175.75000000,-164.00000000,1.17500000e+01
1474,4.68359375,4.62500000,5.85937500e-02,232.37500000,222.62500000,9.75000000e+00
1475,3.38281250,3.36718750,1.56250000e-02,-89.81250000,-91.81250000,2.00000000e+00
1476,7.87500000,7.88281250,7.81250000e-03,-324.25000000,-261.75000000,6.25000000e+01
1477,6.56250000,6.57031250,7.81250000e-03,0.00000000,11.71875000,1.17187500e+01
1478,2.90039062,2.90234375,1.95312500e-03,210.00000000,207.00000000,3.00000000e+00
1479,2.64843750,2.61523438,3.32031250e-02,277.25000000,257.75000000,1.95000000e+01
1480,2.79882812,2.76367188,3.51562500e-02,37.09375000,20.50000000,1.65937500e+01
1481,3.87500000,3.85156250,2.34375000e-02,-48.81250000,-54.68750000,5.87500000e+00
1482,5.85156250,5.82031250,3.12500000e-02,-371.00000000,-394.50000000,2.35000000e+01
1483,5.34375000,5.29296875,5.07812500e-02,84.00000000,50.78125000,3.32187500e+01
1484,5.36718750,5.34375000,2.34375000e-02,429.75000000,414.00000000,1.57500000e+01
1485,3.91406250,3.89843750,1.56250000e-02,-187.50000000,-177.75000000,9.75000000e+00
1486,5.24218750,5.22656250,1.56250000e-02,42.96875000,54.68750000,1.17187500e+01
1487,3.25000000,3.22265625,2.73437500e-02,171.87500000,164.00000000,7.87500000e+00
1488,6.24609375,6.26171875,1.56250000e-02,-166.00000000,-189.50000000,2.35000000e+01
1489,5.06640625,5.09765625,3.12500000e-02,171.87500000,201.12500000,2.92500000e+01
1490,6.53125000,6.43750000,9.37500000e-02,-78.12500000,-91.81250000,1.36875000e+01
1491,2.80078125,2.77734375,2.34375000e-02,-298.75000000,-328.00000000,2.92500000e+01
1492,4.03515625,4.01562500,1.95312500e-02,-314.50000000,-312.50000000,2.00000000e+00
1493,3.78320312,3.67968750,1.03515625e-01,-65.43750000,-82.00000000,1.65625000e+01
1494,2.45898438,2.45898438,0.00000000e+00,-383.75000000,-370.00000000,1.37500000e+01
1495,5.53906250,5.55468750,1.56250000e-02,261.75000000,279.25000000,1.75000000e+01
1496,5.04687500,5.03125000,1.56250000e-02,-205.12500000,-210.87500000,5.75000000e+00
1497,5.34375000,5.34375000,0.00000000e+00,183.62500000,187.50000000,3.87500000e+00
1498,3.94140625,3.98437500,4.29687500e-02,-175.75000000,-168.00000000,7.75000000e+00
1499,4.81250000,4.82031250,7.81250000e-03,-58.59375000,-9.76562500,4.88281250e+01
1500,2.78515625,2.77343750,1.17187500e-02,84.00000000,85.93750000,1.93750000e+00
1501,2.52148438,2.48046875,4.10156250e-02,-197.25000000,-175.75000000,2.15000000e+01
1502,3.87109375,3.85156250,1.95312500e-02,-132.75000000,-128.87500000,3.87500000e+00
1503,2.99609375,3.00390625,7.81250000e-03,-341.75000000,-324.25000000,1.75000000e+01
1504,3.35156250,3.35156250,0.00000000e+00,422.75000000,381.75000000,4.10000000e+01
1505,3.07226562,3.07617188,3.90625000e-03,176.75000000,184.62500000,7.87500000e+00
1506,3.40625000,3.38671875,1.95312500e-02,-293.00000000,-302.75000000,9.75000000e+00
1507,5.31250000,5.30468750,7.81250000e-03,-3.90625000,-23.43750000,1.95312500e+01
1508,5.03125000,5.02343750,7.81250000e-03,183.62500000,177.75000000,5.87500000e+00
1509,4.32812500,4.33593750,7.81250000e-03,-136.75000000,-125.00000000,1.17500000e+01
1510,5.62500000,5.64062500,1.56250000e-02,-15.62500000,-11.71875000,3.90625000e+00
1511,3.58007812,3.58984375,9.76562500e-03,251.00000000,279.25000000,2.82500000e+01
1512,3.26757812,3.21484375,5.27343750e-02,-172.87500000,-166.00000000,6.87500000e+00
1513,4.47265625,4.48046875,7.81250000e-03,37.09375000,37.09375000,0.00000000e+00
1514,4.19921875,4.26562500,6.64062500e-02,210.00000000,238.25000000,2.82500000e+01
1515,5.80468750,5.73437500,7.03125000e-02,-136.75000000,-168.00000000,3.12500000e+01
1516,2.53515625,2.50976562,2.53906250e-02,140.62500000,127.93750000,1.26875000e+01
1517,2.40234375,2.41015625,7.81250000e-03,-330.00000000,-316.50000000,1.35000000e+01
1518,3.66406250,3.69140625,2.73437500e-02,-150.37500000,-111.31250000,3.90625000e+01
1519,4.97656250,4.92187500,5.46875000e-02,210.87500000,205.12500000,5.75000000e+00
1520,2.74609375,2.70703125,3.90625000e-02,-652.50000000,-638.50000000,1.40000000e+01
1521,2.01171875,1.97265625,3.90625000e-02,-292.00000000,-296.75000000,4.75000000e+00
1522,5.27343750,5.27343750,0.00000000e+00,44.90625000,62.50000000,1.75937500e+01
1523,4.16796875,4.15234375,1.56250000e-02,-476.50000000,-466.75000000,9.75000000e+00
1524,4.30468750,4.30468750,0.00000000e+00,1.95312500,27.34375000,2.53906250e+01
1525,3.20312500,3.18359375,1.95312500e-02,-179.62500000,-202.12500000,2.25000000e+01
1526,7.46093750,7.43750000,2.34375000e-02,-590.00000000,-562.50000000,2.75000000e+01
1527,6.78125000,6.79296875,1.17187500e-02,113.25000000,126.93750000,1.36875000e+01
1528,2.38671875,2.37695312,9.76562500e-03,-186.50000000,-185.50000000,1.00000000e+00
1529,2.25781250,2.24609375,1.17187500e-02,47.84375000,19.53125000,2.83125000e+01
1530,3.06640625,3.01953125,4.68750000e-02,306.75000000,291.00000000,1.57500000e+01
1531,3.29296875,3.29296875,0.00000000e+00,-414.00000000,-394.50000000,1.95000000e+01
1532,5.64062500,5.67578125,3.51562500e-02,-269.50000000,-242.12500000,2.73750000e+01
1533,5.63281250,5.66796875,3.51562500e-02,257.75000000,296.75000000,3.90000000e+01
1534,4.66796875,4.59765625,7.03125000e-02,-105.43750000,-132.75000000,2.73125000e+01
1535,4.15625000,4.12890625,2.73437500e-02,151.37500000,139.62500000,1.17500000e+01
1536,4.79687500,4.75390625,4.29687500e-02,-324.25000000,-341.75000000,1.75000000e+01
1537,2.76953125,2.73046875,3.90625000e-02,-225.62500000,-229.50000000,3.87500000e+00
1538,6.42578125,6.43750000,1.17187500e-02,107.43750000,99.62500000,7.81250000e+00
1539,4.55468750,4.51953125,3.51562500e-02,-207.00000000,-214.87500000,7.87500000e+00
1540,6.45312500,6.38671875,6.64062500e-02,312.50000000,287.00000000,2.55000000e+01
1541,3.03710938,3.03515625,1.95312500e-03,-10.74218750,-3.90625000,6.83593750e+00
1542,4.54296875,4.48828125,5.46875000e-02,99.62500000,84.00000000,1.56250000e+01
1543,3.73046875,3.67187500,5.85937500e-02,-105.43750000,-122.06250000,1.66250000e+01
1544,2.70312500,2.71875000,1.56250000e-02,-281.25000000,-268.50000000,1.27500000e+01
1545,5.30468750,5.20312500,1.01562500e-01,101.56250000,13.67187500,8.78906250e+01
1546,5.32421875,5.29687500,2.73437500e-02,185.50000000,179.62500000,5.87500000e+00
1547,4.83203125,4.75000000,8.20312500e-02,-271.50000000,-314.50000000,4.30000000e+01
1548,3.96875000,3.95312500,1.56250000e-02,138.62500000,136.75000000,1.87500000e+00
1549,4.79296875,4.81250000,1.95312500e-02,-95.68750000,-78.12500000,1.75625000e+01
1550,2.60546875,2.60742188,1.95312500e-03,-87.87500000,-91.81250000,3.93750000e+00
1551,2.57031250,2.51171875,5.85937500e-02,-105.43750000,-102.56250000,2.87500000e+00
1552,3.71875000,3.72265625,3.90625000e-03,-150.37500000,-132.75000000,1.76250000e+01
1553,3.44531250,3.42968750,1.56250000e-02,232.37500000,224.62500000,7.75000000e+00
1554,3.04882812,3.06250000,1.36718750e-02,-22.45312500,-26.35937500,3.90625000e+00
1555,3.01562500,3.00781250,7.81250000e-03,-4.88281250,13.67187500,1.85546875e+01
1556,3.74804688,3.72656250,2.14843750e-02,12.69531250,6.83593750,5.85937500e+00
1557,5.15625000,5.16406250,7.81250000e-03,95.68750000,107.43750000,1.17500000e+01
1558,4.95312500,4.94531250,7.81250000e-03,166.00000000,156.25000000,9.75000000e+00
1559,4.62500000,4.63671875,1.17187500e-02,54.68750000,66.37500000,1.16875000e+01
1560,5.37500000,5.35546875,1.95312500e-02,-82.00000000,-107.43750000,2.54375000e+01
1561,3.19531250,3.18359375,1.17187500e-02,54.68750000,48.81250000,5.87500000e+00
1562,3.32226562,3.15820312,1.64062500e-01,-177.75000000,-209.00000000,3.12500000e+01
1563,4.66796875,4.64453125,2.34375000e-02,150.37500000,150.37500000,0.00000000e+00
1564,3.51171875,3.50976562,1.95312500e-03,-388.75000000,-360.25000000,2.85000000e+01
1565,6.39843750,6.36718750,3.12500000e-02,441.50000000,459.00000000,1.75000000e+01
1566,2.85546875,2.81054688,4.49218750e-02,400.50000000,381.75000000,1.87500000e+01
1567,2.26562500,2.30078125,3.51562500e-02,-343.75000000,-318.25000000,2.55000000e+01
1568,3.62109375,3.63085938,9.76562500e-03,-334.00000000,-331.00000000,3.00000000e+00
1569,5.03906250,4.95312500,8.59375000e-02,113.25000000,105.43750000,7.81250000e+00
1570,3.33984375,3.28125000,5.85937500e-02,539.00000000,502.00000000,3.70000000e+01
1571,2.14062500,2.13281250,7.81250000e-03,3.90625000,10.74218750,6.83593750e+00
1572,5.41796875,5.39843750,1.95312500e-02,314.50000000,296.75000000,1.77500000e+01
1573,4.78125000,4.74218750,3.90625000e-02,179.62500000,160.12500000,1.95000000e+01
1574,3.89648438,3.89062500,5.85937500e-03,-381.75000000,-373.00000000,8.75000000e+00
1575,3.20312500,3.20703125,3.90625000e-03,183.62500000,221.62500000,3.80000000e+01
1576,8.26562500,8.19531250,7.03125000e-02,277.25000000,246.12500000,3.11250000e+01
1577,6.33593750,6.33593750,0.00000000e+00,-152.37500000,-160.12500000,7.75000000e+00
1578,2.23046875,2.21875000,1.17187500e-02,-392.50000000,-404.25000000,1.17500000e+01
1579,2.48828125,2.45312500,3.51562500e-02,89.81250000,79.12500000,1.06875000e+01
1580,2.41992188,2.44140625,2.14843750e-02,-171.87500000,-166.00000000,5.87500000e+00
1581,3.62109375,3.61328125,7.81250000e-03,-179.62500000,-167.00000000,1.26250000e+01
1582,6.11328125,6.07031250,4.29687500e-02,107.43750000,78.12500000,2.93125000e+01
1583,5.46093750,5.43359375,2.73437500e-02,97.62500000,87.87500000,9.75000000e+00
1584,4.25390625,4.11718750,1.36718750e-01,-453.00000000,-474.50000000,2.15000000e+01
1585,3.58593750,3.55859375,2.73437500e-02,-369.25000000,-380.75000000,1.15000000e+01
1586,4.76953125,4.78125000,1.17187500e-02,-328.00000000,-310.50000000,1.75000000e+01
1587,2.59765625,2.59960938,1.95312500e-03,-308.50000000,-252.87500000,5.56250000e+01
1588,5.81250000,5.78125000,3.12500000e-02,-326.25000000,-332.00000000,5.75000000e+00
1589,4.69140625,4.66796875,2.34375000e-02,-60.53125000,-46.87500000,1.36562500e+01
1590,6.17968750,6.21875000,3.90625000e-02,187.50000000,234.37500000,4.68750000e+01
1591,2.67773438,2.69140625,1.36718750e-02,-236.37500000,-224.62500000,1.17500000e+01
1592,3.98046875,3.95312500,2.73437500e-02,-355.50000000,-339.75000000,1.57500000e+01
1593,3.69531250,3.63671875,5.85937500e-02,-111.31250000,-111.31250000,0.00000000e+00
1594,2.22265625,2.26562500,4.29687500e-02,-142.62500000,-113.25000000,2.93750000e+01
1595,4.97265625,4.88281250,8.98437500e-02,-173.87500000,-199.25000000,2.53750000e+01
1596,5.01953125,5.02343750,3.90625000e-03,82.00000000,82.00000000,0.00000000e+00
1597,4.92968750,4.86718750,6.25000000e-02,-27.34375000,-50.78125000,2.34375000e+01
1598,2.85546875,2.96289062,1.07421875e-01,-515.50000000,-450.25000000,6.52500000e+01
1599,4.57031250,4.49609375,7.42187500e-02,-119.12500000,-76.18750000,4.29375000e+01
1600,2.41406250,2.42187500,7.81250000e-03,-42.96875000,-46.87500000,3.90625000e+00
1601,2.04687500,2.04882812,1.95312500e-03,-520.50000000,-488.25000000,3.22500000e+01
1602,3.53125000,3.49609375,3.51562500e-02,-121.06250000,-118.18750000,2.87500000e+00
1603,3.09375000,3.07812500,1.56250000e-02,54.68750000,42.96875000,1.17187500e+01
1604,3.08203125,3.09375000,1.17187500e-02,97.62500000,100.56250000,2.93750000e+00
1605,3.20117188,3.23437500,3.32031250e-02,553.50000000,561.50000000,8.00000000e+00
1606,3.97851562,3.87109375,1.07421875e-01,207.00000000,159.12500000,4.78750000e+01
1607,4.75390625,4.80078125,4.68750000e-02,-19.53125000,-1.95312500,1.75781250e+01
1608,4.52343750,4.49218750,3.12500000e-02,-168.00000000,-191.37500000,2.33750000e+01
1609,4.46093750,4.43750000,2.34375000e-02,-9.76562500,-23.43750000,1.36718750e+01
1610,5.74609375,5.78515625,3.90625000e-02,265.50000000,330.00000000,6.45000000e+01
1611,3.04296875,3.05859375,1.56250000e-02,-27.34375000,-54.68750000,2.73437500e+01
1612,3.75000000,3.75390625,3.90625000e-03,549.00000000,560.50000000,1.15000000e+01
1613,4.48828125,4.47656250,1.17187500e-02,44.90625000,60.53125000,1.56250000e+01
1614,3.69921875,3.69140625,7.81250000e-03,-99.62500000,-87.87500000,1.17500000e+01
1615,6.07031250,6.02734375,4.29687500e-02,363.25000000,373.00000000,9.75000000e+00
1616,2.30859375,2.32031250,1.17187500e-02,-6.83593750,1.95312500,8.78906250e+00
1617,2.74023438,2.73828125,1.95312500e-03,-88.87500000,-76.18750000,1.26875000e+01
1618,3.45507812,3.48828125,3.32031250e-02,-317.50000000,-250.00000000,6.75000000e+01
1619,4.60937500,4.49609375,1.13281250e-01,-117.18750000,-158.25000000,4.10625000e+01
1620,2.61523438,2.60937500,5.85937500e-03,-335.00000000,-331.00000000,4.00000000e+00
1621,2.08203125,2.06640625,1.56250000e-02,26.35937500,27.34375000,9.84375000e-01
1622,5.08593750,5.07812500,7.81250000e-03,-136.75000000,-148.37500000,1.16250000e+01
1623,4.58203125,4.61328125,3.12500000e-02,310.50000000,320.25000000,9.75000000e+00
1624,3.67382812,3.67187500,1.95312500e-03,-307.50000000,-312.50000000,5.00000000e+00
1625,3.76562500,3.79296875,2.73437500e-02,400.50000000,408.25000000,7.75000000e+00
1626,7.87500000,7.83593750,3.90625000e-02,296.75000000,285.25000000,1.15000000e+01
1627,6.36718750,6.32031250,4.68750000e-02,19.53125000,-9.76562500,2.92968750e+01
1628,2.32421875,2.32226562,1.95312500e-03,-203.12500000,-192.37500000,1.07500000e+01
1629,2.37109375,2.39453125,2.34375000e-02,118.18750000,162.12500000,4.39375000e+01
1630,2.47656250,2.46093750,1.56250000e-02,99.62500000,-35.15625000,1.34781250e+02
1631,3.80078125,3.78125000,1.95312500e-02,223.62500000,222.62500000,1.00000000e+00
1632,5.69531250,5.70703125,1.17187500e-02,-248.00000000,-193.37500000,5.46250000e+01
1633,5.50781250,5.47265625,3.51562500e-02,144.50000000,173.87500000,2.93750000e+01
1634,4.49218750,4.44140625,5.07812500e-02,-82.00000000,-95.68750000,1.36875000e+01
1635,3.78125000,3.80078125,1.95312500e-02,-168.00000000,-146.50000000,2.15000000e+01
1636,4.91406250,4.93750000,2.34375000e-02,60.53125000,101.56250000,4.10312500e+01
1637,2.57421875,2.58593750,1.17187500e-02,-90.81250000,-74.18750000,1.66250000e+01
1638,5.53125000,5.50000000,3.12500000e-02,-517.50000000,-488.25000000,2.92500000e+01
1639,4.50781250,4.50781250,0.00000000e+00,-275.50000000,-250.00000000,2.55000000e+01
1640,6.03515625,6.01562500,1.95312500e-02,-191.37500000,-199.25000000,7.87500000e+00
1641,2.97656250,2.96875000,7.81250000e-03,102.56250000,98.62500000,3.93750000e+00
1642,4.15625000,4.13281250,2.34375000e-02,-37.09375000,-66.37500000,2.92812500e+01
1643,3.32031250,3.33984375,1.95312500e-02,-261.75000000,-219.75000000,4.20000000e+01
1644,2.90625000,2.88671875,1.95312500e-02,-33.18750000,-29.29687500,3.89062500e+00
1645,4.34375000,4.12500000,2.18750000e-01,-625.00000000,-746.00000000,1.21000000e+02
1646,5.11718750,5.12500000,7.81250000e-03,169.87500000,158.25000000,1.16250000e+01
1647,4.78906250,4.75000000,3.90625000e-02,-115.25000000,-117.18750000,1.93750000e+00
1648,3.33203125,3.34375000,1.17187500e-02,-76.18750000,-54.68750000,2.15000000e+01
1649,5.89062500,6.02343750,1.32812500e-01,896.50000000,943.50000000,4.70000000e+01
1650,2.78906250,2.76562500,2.34375000e-02,150.37500000,152.37500000,2.00000000e+00
1651,2.50976562,2.46875000,4.10156250e-02,126.00000000,119.12500000,6.87500000e+00
1652,4.03906250,3.95898438,8.00781250e-02,238.25000000,215.87500000,2.23750000e+01
1653,3.42382812,3.41406250,9.76562500e-03,198.25000000,202.12500000,3.87500000e+00
1654,2.96875000,2.98437500,1.56250000e-02,1.95312500,17.57812500,1.56250000e+01
1655,2.69531250,2.66406250,3.12500000e-02,187.50000000,197.25000000,9.75000000e+00
1656,3.32421875,3.27734375,4.68750000e-02,-140.62500000,-154.25000000,1.36250000e+01
1657,4.67578125,4.63671875,3.90625000e-02,-68.37500000,-82.00000000,1.36250000e+01
1658,4.56640625,4.55468750,1.17187500e-02,-39.06250000,-41.00000000,1.93750000e+00
1659,4.29687500,4.31640625,1.95312500e-02,-46.87500000,-9.76562500,3.71093750e+01
1660,4.96484375,5.00000000,3.51562500e-02,-306.75000000,-279.25000000,2.75000000e+01
1661,3.16796875,3.18164062,1.36718750e-02,162.12500000,182.62500000,2.05000000e+01
1662,3.31250000,3.31445312,1.95312500e-03,84.00000000,95.68750000,1.16875000e+01
1663,4.68750000,4.55859375,1.28906250e-01,250.00000000,189.50000000,6.05000000e+01
1664,3.76953125,3.77734375,7.81250000e-03,-94.75000000,-56.62500000,3.81250000e+01
1665,5.61718750,5.52343750,9.37500000e-02,-31.25000000,-66.37500000,3.51250000e+01
1666,2.16015625,2.14843750,1.17187500e-02,-150.37500000,-141.62500000,8.75000000e+00
1667,2.40039062,2.38476562,1.56250000e-02,-75.18750000,-63.46875000,1.17187500e+01
1668,4.10937500,4.09765625,1.17187500e-02,464.75000000,427.75000000,3.70000000e+01
1669,5.07031250,5.02343750,4.68750000e-02,222.62500000,238.25000000,1.56250000e+01
1670,2.43359375,2.52929688,9.57031250e-02,-252.87500000,-186.50000000,6.63750000e+01
1671,2.20117188,2.20312500,1.95312500e-03,89.81250000,112.81250000,2.30000000e+01
1672,4.65625000,4.63281250,2.34375000e-02,-195.25000000,-179.62500000,1.56250000e+01
1673,4.10156250,4.09765625,3.90625000e-03,-351.50000000,-375.00000000,2.35000000e+01
1674,3.75000000,3.71484375,3.51562500e-02,-67.37500000,-66.37500000,1.00000000e+00
1675,3.12890625,3.12304688,5.85937500e-03,-169.87500000,-206.00000000,3.61250000e+01
1676,8.46875000,8.25781250,2.10937500e-01,711.00000000,638.50000000,7.25000000e+01
1677,6.01562500,5.99218750,2.34375000e-02,-269.50000000,-257.75000000,1.17500000e+01
1678,2.55468750,2.52734375,2.73437500e-02,137.75000000,118.18750000,1.95625000e+01
1679,1.99316406,1.98828125,4.88281250e-03,-419.50000000,-447.25000000,2.77500000e+01
1680,2.46484375,2.46875000,3.90625000e-03,197.25000000,175.75000000,2.15000000e+01
1681,3.23828125,3.26562500,2.73437500e-02,-222.62500000,-208.00000000,1.46250000e+01
1682,6.38281250,6.41796875,3.51562500e-02,418.00000000,441.50000000,2.35000000e+01
1683,5.45312500,5.42187500,3.12500000e-02,226.50000000,257.75000000,3.12500000e+01
1684,4.55468750,4.53515625,1.95312500e-02,-226.50000000,-205.12500000,2.13750000e+01
1685,3.83593750,3.80468750,3.12500000e-02,-74.18750000,-66.37500000,7.81250000e+00
1686,4.96484375,4.92968750,3.51562500e-02,126.93750000,144.50000000,1.75625000e+01
1687,2.71093750,2.69531250,1.56250000e-02,-44.90625000,-37.09375000,7.81250000e+00
1688,6.35156250,6.41015625,5.85937500e-02,429.75000000,478.50000000,4.87500000e+01
1689,4.89843750,4.87109375,2.73437500e-02,101.56250000,99.62500000,1.93750000e+00
1690,5.57812500,5.54687500,3.12500000e-02,-547.00000000,-521.50000000,2.55000000e+01
1691,2.80859375,2.80859375,0.00000000e+00,-41.00000000,-48.81250000,7.81250000e+00
1692,4.16796875,4.19921875,3.12500000e-02,210.87500000,197.25000000,1.36250000e+01
1693,3.87500000,3.78515625,8.98437500e-02,287.00000000,261.75000000,2.52500000e+01
1694,2.83789062,2.71875000,1.19140625e-01,268.50000000,207.00000000,6.15000000e+01
1695,5.16406250,5.17968750,1.56250000e-02,191.37500000,199.25000000,7.87500000e+00
1696,4.79687500,4.77734375,1.95312500e-02,126.93750000,148.37500000,2.14375000e+01
1697,5.04687500,5.04687500,0.00000000e+00,388.75000000,410.25000000,2.15000000e+01
1698,3.58593750,3.60937500,2.34375000e-02,-24.40625000,-15.62500000,8.78125000e+00
1699,4.20312500,4.07421875,1.28906250e-01,84.00000000,61.53125000,2.24687500e+01
1700,2.60742188,2.59765625,9.76562500e-03,117.18750000,117.18750000,0.00000000e+00
1701,2.62109375,2.57812500,4.29687500e-02,-33.18750000,-13.67187500,1.95156250e+01
1702,3.83593750,3.84570312,9.76562500e-03,210.87500000,231.50000000,2.06250000e+01
1703,2.91015625,2.88671875,2.34375000e-02,-159.12500000,-168.00000000,8.87500000e+00
1704,2.76562500,2.79296875,2.73437500e-02,-146.50000000,-138.62500000,7.87500000e+00
1705,2.79687500,2.79296875,3.90625000e-03,40.03125000,41.00000000,9.68750000e-01
1706,3.68750000,3.67578125,1.17187500e-02,111.31250000,115.25000000,3.93750000e+00
1707,4.95312500,4.91015625,4.29687500e-02,123.06250000,111.31250000,1.17500000e+01
1708,4.50781250,4.48437500,2.34375000e-02,21.48437500,3.90625000,1.75781250e+01
1709,4.59375000,4.58593750,7.81250000e-03,330.00000000,331.00000000,1.00000000e+00
1710,5.46484375,5.46875000,3.90625000e-03,-64.43750000,-70.31250000,5.87500000e+00
1711,2.61718750,2.62304688,5.85937500e-03,-307.50000000,-282.25000000,2.52500000e+01
1712,2.55468750,2.54492188,9.76562500e-03,-282.25000000,-295.00000000,1.27500000e+01
1713,4.62890625,4.52343750,1.05468750e-01,318.25000000,273.50000000,4.47500000e+01
1714,3.35937500,3.33398438,2.53906250e-02,-304.75000000,-350.50000000,4.57500000e+01
1715,5.67187500,5.64453125,2.73437500e-02,-58.59375000,1.95312500,6.05468750e+01
1716,2.76562500,2.75781250,7.81250000e-03,269.50000000,263.75000000,5.75000000e+00
1717,2.54296875,2.66210938,1.19140625e-01,21.48437500,88.87500000,6.73906250e+01
1718,3.59960938,3.48437500,1.15234375e-01,-217.75000000,-320.25000000,1.02500000e+02
1719,4.65625000,4.61718750,3.90625000e-02,-19.53125000,31.25000000,5.07812500e+01
1720,2.77539062,2.76171875,1.36718750e-02,13.67187500,-14.64843750,2.83203125e+01
1721,2.11718750,2.12304688,5.85937500e-03,9.76562500,18.54687500,8.78125000e+00
1722,4.65234375,4.61718750,3.51562500e-02,-193.37500000,-168.00000000,2.53750000e+01
1723,4.25781250,4.29687500,3.90625000e-02,103.50000000,134.75000000,3.12500000e+01
1724,3.81445312,3.79687500,1.75781250e-02,-174.75000000,-126.93750000,4.78125000e+01
1725,3.57031250,3.60742188,3.71093750e-02,505.75000000,510.75000000,5.00000000e+00
1726,8.26562500,8.17968750,8.59375000e-02,171.87500000,148.37500000,2.35000000e+01
1727,6.08593750,6.03125000,5.46875000e-02,-261.75000000,-293.00000000,3.12500000e+01
1728,2.30078125,2.24804688,5.27343750e-02,-136.75000000,-174.75000000,3.80000000e+01
1729,2.14843750,2.12695312,2.14843750e-02,214.37500000,233.37500000,1.90000000e+01
1730,2.06640625,2.08398438,1.75781250e-02,-273.50000000,-254.87500000,1.86250000e+01
1731,3.80078125,3.76953125,3.12500000e-02,125.00000000,115.25000000,9.75000000e+00
1732,5.76562500,5.75781250,7.81250000e-03,21.48437500,31.25000000,9.76562500e+00
1733,5.60546875,5.51953125,8.59375000e-02,396.50000000,375.00000000,2.15000000e+01
1734,4.69921875,4.56250000,1.36718750e-01,107.43750000,60.53125000,4.69062500e+01
1735,3.89062500,3.90429688,1.36718750e-02,80.06250000,88.87500000,8.81250000e+00
1736,4.98437500,4.93359375,5.07812500e-02,379.00000000,396.50000000,1.75000000e+01
1737,2.60351562,2.58203125,2.14843750e-02,-69.31250000,-78.12500000,8.81250000e+00
1738,6.03125000,6.08203125,5.07812500e-02,-11.71875000,-1.95312500,9.76562500e+00
1739,4.91015625,4.90625000,3.90625000e-03,232.37500000,220.75000000,1.16250000e+01
1740,5.82031250,5.87109375,5.07812500e-02,474.50000000,498.00000000,2.35000000e+01
1741,2.85937500,2.84570312,1.36718750e-02,25.39062500,3.90625000,2.14843750e+01
1742,4.12890625,4.13281250,3.90625000e-03,5.85937500,15.62500000,9.76562500e+00
1743,3.51171875,3.47460938,3.71093750e-02,-146.50000000,-145.50000000,1.00000000e+00
1744,2.73046875,2.70117188,2.92968750e-02,229.50000000,186.50000000,4.30000000e+01
1745,4.66796875,4.67968750,1.17187500e-02,-339.75000000,-316.50000000,2.32500000e+01
1746,5.15625000,5.15625000,0.00000000e+00,386.75000000,394.50000000,7.75000000e+00
1747,4.25000000,4.21093750,3.90625000e-02,-388.75000000,-418.00000000,2.92500000e+01
1748,3.83203125,3.79687500,3.51562500e-02,394.50000000,389.75000000,4.75000000e+00
1749,3.98046875,4.00000000,1.95312500e-02,-144.50000000,-152.37500000,7.87500000e+00
1750,2.46093750,2.44921875,1.17187500e-02,-25.39062500,-32.21875000,6.82812500e+00
1751,2.46484375,2.44921875,1.56250000e-02,-80.06250000,-52.71875000,2.73437500e+01
1752,3.46875000,3.47460938,5.85937500e-03,-111.31250000,-88.87500000,2.24375000e+01
1753,3.08984375,3.08593750,3.90625000e-03,60.53125000,76.18750000,1.56562500e+01
1754,2.96875000,2.97070312,1.95312500e-03,119.12500000,126.00000000,6.87500000e+00
1755,2.63281250,2.57226562,6.05468750e-02,-58.59375000,-92.75000000,3.41562500e+01
1756,3.74218750,3.66210938,8.00781250e-02,347.75000000,311.50000000,3.62500000e+01
1757,4.18359375,4.14062500,4.29687500e-02,-488.25000000,-507.75000000,1.95000000e+01
1758,4.17578125,4.13281250,4.29687500e-02,-189.50000000,-205.12500000,1.56250000e+01
1759,4.45703125,4.45312500,3.90625000e-03,126.93750000,150.37500000,2.34375000e+01
1760,5.49609375,5.47656250,1.95312500e-02,85.93750000,44.90625000,4.10312500e+01
1761,2.59570312,2.66015625,6.44531250e-02,-153.37500000,-97.62500000,5.57500000e+01
1762,3.45507812,3.43945312,1.56250000e-02,214.87500000,245.12500000,3.02500000e+01
1763,3.78906250,3.69531250,9.37500000e-02,-453.00000000,-504.00000000,5.10000000e+01
1764,3.68750000,3.78320312,9.57031250e-02,-97.62500000,-42.00000000,5.56250000e+01
1765,5.98046875,5.95703125,2.34375000e-02,224.62500000,238.25000000,1.36250000e+01
1766,2.38671875,2.39062500,3.90625000e-03,4.88281250,-7.81250000,1.26953125e+01
1767,3.23828125,3.20312500,3.51562500e-02,656.00000000,638.50000000,1.75000000e+01
1768,3.35937500,3.35546875,3.90625000e-03,42.96875000,31.25000000,1.17187500e+01
1769,4.41796875,4.40234375,1.56250000e-02,-377.00000000,-334.00000000,4.30000000e+01
1770,2.59960938,2.66796875,6.83593750e-02,349.00000000,393.50000000,4.45000000e+01
1771,1.79101562,1.77343750,1.75781250e-02,-248.00000000,-242.12500000,5.87500000e+00
1772,4.56250000,4.50000000,6.25000000e-02,-91.81250000,-117.18750000,2.53750000e+01
1773,3.65625000,3.75390625,9.76562500e-02,-179.62500000,-132.75000000,4.68750000e+01
1774,3.84179688,3.75781250,8.39843750e-02,-227.50000000,-253.87500000,2.63750000e+01
1775,2.43750000,2.47656250,3.90625000e-02,-324.25000000,-338.00000000,1.37500000e+01
1776,6.93359375,6.85156250,8.20312500e-02,-392.50000000,-410.25000000,1.77500000e+01
1777,5.80468750,5.84375000,3.90625000e-02,-388.75000000,-363.25000000,2.55000000e+01
1778,2.20898438,2.19140625,1.75781250e-02,-61.53125000,-68.37500000,6.84375000e+00
1779,2.07031250,2.06054688,9.76562500e-03,-13.67187500,-26.35937500,1.26875000e+01
1780,2.75195312,2.73046875,2.14843750e-02,436.50000000,406.25000000,3.02500000e+01
1781,3.68359375,3.64453125,3.90625000e-02,281.25000000,281.25000000,0.00000000e+00
1782,5.82031250,5.79687500,2.34375000e-02,0.00000000,-9.76562500,9.76562500e+00
1783,4.98828125,5.06250000,7.42187500e-02,95.68750000,162.12500000,6.64375000e+01
1784,4.13281250,4.04687500,8.59375000e-02,-93.75000000,-117.18750000,2.34375000e+01
1785,3.56640625,3.56250000,3.90625000e-03,-128.87500000,-126.00000000,2.87500000e+00
1786,5.12500000,5.16015625,3.51562500e-02,214.87500000,267.50000000,5.26250000e+01
1787,3.15429688,3.12109375,3.32031250e-02,462.00000000,464.75000000,2.75000000e+00
1788,4.95312500,4.98437500,3.12500000e-02,-797.00000000,-795.00000000,2.00000000e+00
1789,4.48046875,4.33984375,1.40625000e-01,-93.75000000,-154.25000000,6.05000000e+01
1790,6.18750000,6.04296875,1.44531250e-01,429.75000000,322.25000000,1.07500000e+02
1791,3.36718750,3.45312500,8.59375000e-02,396.50000000,429.75000000,3.32500000e+01
1792,4.03515625,4.03125000,3.90625000e-03,-62.50000000,-64.43750000,1.93750000e+00
1793,3.41015625,3.36718750,4.29687500e-02,-132.75000000,-104.50000000,2.82500000e+01
1794,2.35156250,2.48437500,1.32812500e-01,112.31250000,192.37500000,8.00625000e+01
1795,4.58203125,4.60937500,2.73437500e-02,-185.50000000,-136.75000000,4.87500000e+01
1796,4.13281250,4.10156250,3.12500000e-02,-484.25000000,-509.75000000,2.55000000e+01
1797,4.64062500,4.62500000,1.56250000e-02,74.18750000,50.78125000,2.34062500e+01
1798,3.14843750,3.12695312,2.14843750e-02,-269.50000000,-280.25000000,1.07500000e+01
1799,4.57812500,4.53906250,3.90625000e-02,230.50000000,197.25000000,3.32500000e+01
1800,2.45898438,2.44726562,1.17187500e-02,-32.21875000,-47.84375000,1.56250000e+01
1801,2.20312500,2.14453125,5.85937500e-02,-76.18750000,-99.62500000,2.34375000e+01
1802,3.32421875,3.30664062,1.75781250e-02,-146.50000000,-152.37500000,5.87500000e+00
1803,3.14453125,3.13281250,1.17187500e-02,204.12500000,212.87500000,8.75000000e+00
1804,2.52929688,2.57226562,4.29687500e-02,-270.50000000,-258.75000000,1.17500000e+01
1805,2.32226562,2.30273438,1.95312500e-02,-142.62500000,-147.50000000,4.87500000e+00
1806,4.26171875,4.18359375,7.81250000e-02,735.50000000,734.50000000,1.00000000e+00
1807,4.44140625,4.44921875,7.81250000e-03,-109.37500000,-87.87500000,2.15000000e+01
1808,4.19140625,4.23046875,3.90625000e-02,-99.62500000,-58.59375000,4.10312500e+01
1809,4.23828125,4.23437500,3.90625000e-03,-152.37500000,-140.62500000,1.17500000e+01
1810,5.43750000,5.35937500,7.81250000e-02,130.87500000,76.18750000,5.46875000e+01
1811,3.01757812,3.02148438,3.90625000e-03,195.25000000,179.62500000,1.56250000e+01
1812,2.68750000,2.76757812,8.00781250e-02,-271.50000000,-163.12500000,1.08375000e+02
1813,3.80078125,4.04687500,2.46093750e-01,245.12500000,387.75000000,1.42625000e+02
1814,3.03906250,3.03710938,1.95312500e-03,-359.25000000,-368.25000000,9.00000000e+00
1815,5.53906250,5.49218750,4.68750000e-02,472.75000000,437.50000000,3.52500000e+01
1816,1.86035156,1.84570312,1.46484375e-02,-106.93750000,-113.25000000,6.31250000e+00
1817,2.58203125,2.56640625,1.56250000e-02,216.75000000,222.62500000,5.87500000e+00
1818,3.13281250,3.18164062,4.88281250e-02,147.50000000,144.50000000,3.00000000e+00
1819,4.31250000,4.32031250,7.81250000e-03,-257.75000000,-171.87500000,8.58750000e+01
1820,2.54687500,2.47265625,7.42187500e-02,8.78906250,-46.87500000,5.56640625e+01
1821,1.98535156,1.90136719,8.39843750e-02,22.95312500,-19.04687500,4.20000000e+01
1822,4.86718750,4.83593750,3.12500000e-02,203.12500000,214.87500000,1.17500000e+01
1823,3.90820312,3.88671875,2.14843750e-02,-243.12500000,-269.50000000,2.63750000e+01
1824,4.00781250,3.95312500,5.46875000e-02,-93.75000000,-60.53125000,3.32187500e+01
1825,3.02734375,3.08203125,5.46875000e-02,140.62500000,146.50000000,5.87500000e+00
1826,8.43750000,8.28125000,1.56250000e-01,623.00000000,552.50000000,7.05000000e+01
1827,6.00000000,5.96484375,3.51562500e-02,66.37500000,72.25000000,5.87500000e+00
1828,2.21875000,2.22656250,7.81250000e-03,-56.62500000,-51.75000000,4.87500000e+00
1829,2.02929688,1.99414062,3.51562500e-02,17.57812500,-8.78906250,2.63671875e+01
1830,1.96875000,2.04101562,7.22656250e-02,-248.00000000,-229.50000000,1.85000000e+01
1831,3.07421875,3.02539062,4.88281250e-02,-228.50000000,-220.75000000,7.75000000e+00
1832,5.48437500,5.52343750,3.90625000e-02,-144.50000000,-132.75000000,1.17500000e+01
1833,4.94140625,4.86718750,7.42187500e-02,191.37500000,154.25000000,3.71250000e+01
1834,3.93750000,3.81054688,1.26953125e-01,-613.50000000,-641.50000000,2.80000000e+01
1835,3.78710938,3.77343750,1.36718750e-02,173.87500000,174.75000000,8.75000000e-01
1836,5.05859375,5.00000000,5.85937500e-02,382.75000000,398.50000000,1.57500000e+01
1837,2.38867188,2.34765625,4.10156250e-02,-191.37500000,-209.00000000,1.76250000e+01
1838,6.32812500,6.39062500,6.25000000e-02,-50.78125000,41.00000000,9.17812500e+01
1839,4.41406250,4.39453125,1.95312500e-02,-148.37500000,-164.00000000,1.56250000e+01
1840,5.20703125,5.24218750,3.51562500e-02,-158.25000000,-134.75000000,2.35000000e+01
1841,2.75976562,2.75781250,1.95312500e-03,-20.50000000,-30.26562500,9.76562500e+00
1842,3.04101562,3.02734375,1.36718750e-02,-577.00000000,-576.00000000,1.00000000e+00
1843,3.54296875,3.50390625,3.90625000e-02,256.75000000,208.00000000,4.87500000e+01
1844,2.78515625,2.77343750,1.17187500e-02,267.50000000,230.50000000,3.70000000e+01
1845,4.74218750,4.67968750,6.25000000e-02,-58.59375000,-95.68750000,3.70937500e+01
1846,4.78125000,4.77734375,3.90625000e-03,218.75000000,201.12500000,1.76250000e+01
1847,4.43750000,4.37500000,6.25000000e-02,-168.00000000,-189.50000000,2.15000000e+01
1848,3.33203125,3.33789062,5.85937500e-03,-17.57812500,-1.95312500,1.56250000e+01
1849,3.51757812,3.55859375,4.10156250e-02,-227.50000000,-181.62500000,4.58750000e+01
1850,2.22851562,2.25976562,3.12500000e-02,-133.75000000,-122.06250000,1.16875000e+01
1851,2.67578125,2.67578125,0.00000000e+00,287.00000000,304.75000000,1.77500000e+01
1852,3.33789062,3.33203125,5.85937500e-03,-106.43750000,-111.31250000,4.87500000e+00
1853,2.67968750,2.63281250,4.68750000e-02,-168.00000000,-187.50000000,1.95000000e+01
1854,3.10546875,3.10156250,3.90625000e-03,343.75000000,320.25000000,2.35000000e+01
1855,2.08593750,2.10156250,1.56250000e-02,-84.00000000,-105.43750000,2.14375000e+01
1856,3.50000000,3.42187500,7.81250000e-02,166.00000000,122.06250000,4.39375000e+01
1857,4.24218750,4.09375000,1.48437500e-01,-261.75000000,-339.75000000,7.80000000e+01
1858,4.48437500,4.44531250,3.90625000e-02,-5.85937500,3.90625000,9.76562500e+00
1859,4.00000000,4.00390625,3.90625000e-03,-39.06250000,-37.09375000,1.96875000e+00
1860,4.66796875,4.66796875,0.00000000e+00,-599.50000000,-644.50000000,4.50000000e+01
1861,3.07617188,3.12304688,4.68750000e-02,348.75000000,350.50000000,1.75000000e+00
1862,2.50390625,2.57031250,6.64062500e-02,-218.75000000,-94.75000000,1.24000000e+02
1863,3.85937500,3.82812500,3.12500000e-02,235.37500000,282.25000000,4.68750000e+01
1864,4.11718750,4.08203125,3.51562500e-02,302.75000000,314.50000000,1.17500000e+01
1865,5.39843750,5.32421875,7.42187500e-02,95.68750000,60.53125000,3.51562500e+01
1866,1.88183594,1.88085938,9.76562500e-04,-184.12500000,-171.87500000,1.22500000e+01
1867,2.32812500,2.33203125,3.90625000e-03,172.87500000,170.87500000,2.00000000e+00
1868,2.20703125,2.12109375,8.59375000e-02,-888.50000000,-947.50000000,5.90000000e+01
1869,4.81250000,4.72265625,8.98437500e-02,612.50000000,582.00000000,3.05000000e+01
1870,2.46484375,2.44921875,1.56250000e-02,-117.18750000,-134.75000000,1.75625000e+01
1871,1.64843750,1.62890625,1.95312500e-02,-224.62500000,-224.62500000,0.00000000e+00
1872,4.59375000,4.48046875,1.13281250e-01,-363.25000000,-339.75000000,2.35000000e+01
1873,4.12500000,4.10937500,1.56250000e-02,7.81250000,-3.90625000,1.17187500e+01
1874,3.78125000,3.63476562,1.46484375e-01,-10.74218750,-55.65625000,4.49140625e+01
1875,2.99023438,2.99218750,1.95312500e-03,190.37500000,203.12500000,1.27500000e+01
1876,6.99218750,6.90625000,8.59375000e-02,-271.50000000,-253.87500000,1.76250000e+01
1877,5.32812500,5.42187500,9.37500000e-02,-484.25000000,-377.00000000,1.07250000e+02
1878,1.77929688,1.74023438,3.90625000e-02,-243.12500000,-258.75000000,1.56250000e+01
1879,2.29687500,2.31054688,1.36718750e-02,196.75000000,216.25000000,1.95000000e+01
1880,2.35937500,2.31640625,4.29687500e-02,762.00000000,734.50000000,2.75000000e+01
1881,2.93554688,3.00390625,6.83593750e-02,-325.25000000,-275.50000000,4.97500000e+01
1882,5.80468750,5.76562500,3.90625000e-02,-132.75000000,-93.75000000,3.90000000e+01
1883,3.96093750,3.87695312,8.39843750e-02,-519.50000000,-532.00000000,1.25000000e+01
1884,4.68750000,4.49218750,1.95312500e-01,179.62500000,173.87500000,5.75000000e+00
1885,3.81835938,3.80273438,1.56250000e-02,200.25000000,200.25000000,0.00000000e+00
1886,4.55468750,4.47656250,7.81250000e-02,121.06250000,128.87500000,7.81250000e+00
1887,2.48046875,2.51562500,3.51562500e-02,145.50000000,191.37500000,4.58750000e+01
1888,5.45703125,5.54296875,8.59375000e-02,-25.39062500,7.81250000,3.32031250e+01
1889,4.13671875,4.14843750,1.17187500e-02,168.00000000,216.75000000,4.87500000e+01
1890,5.60937500,5.58593750,2.34375000e-02,142.62500000,121.06250000,2.15625000e+01
1891,2.85156250,2.83203125,1.95312500e-02,107.43750000,78.12500000,2.93125000e+01
1892,3.82226562,3.78320312,3.90625000e-02,327.25000000,331.00000000,3.75000000e+00
1893,3.14453125,3.11718750,2.73437500e-02,150.37500000,131.87500000,1.85000000e+01
1894,0.88525391,1.03906250,1.53808594e-01,-914.00000000,-909.00000000,5.00000000e+00
1895,4.83593750,4.82031250,1.56250000e-02,-144.50000000,-117.18750000,2.73125000e+01
1896,4.17578125,4.15625000,1.95312500e-02,-380.75000000,-412.00000000,3.12500000e+01
1897,4.19531250,4.35156250,1.56250000e-01,-209.00000000,-95.68750000,1.13312500e+02
1898,3.16210938,3.12500000,3.71093750e-02,152.37500000,79.12500000,7.32500000e+01
1899,3.58007812,3.45507812,1.25000000e-01,-456.00000000,-467.75000000,1.17500000e+01
1900,2.31640625,2.30859375,7.81250000e-03,-64.43750000,-56.62500000,7.81250000e+00
1901,2.20703125,2.18164062,2.53906250e-02,143.50000000,122.06250000,2.14375000e+01
1902,3.46484375,3.44335938,2.14843750e-02,17.57812500,14.64843750,2.92968750e+00
1903,2.71484375,2.66406250,5.07812500e-02,124.00000000,96.68750000,2.73125000e+01
1904,2.82812500,2.81835938,9.76562500e-03,224.62500000,150.37500000,7.42500000e+01
1905,1.59472656,1.66796875,7.32421875e-02,-168.50000000,-148.87500000,1.96250000e+01
1906,2.63867188,2.60742188,3.12500000e-02,-360.25000000,-364.25000000,4.00000000e+00
1907,3.59765625,3.69531250,9.76562500e-02,-334.00000000,-277.25000000,5.67500000e+01
1908,4.38281250,4.33593750,4.68750000e-02,-48.81250000,-70.31250000,2.15000000e+01
1909,3.87890625,3.86718750,1.17187500e-02,-28.31250000,-32.21875000,3.90625000e+00
1910,4.55078125,4.55859375,7.81250000e-03,-203.12500000,-259.75000000,5.66250000e+01
1911,2.94531250,2.95703125,1.17187500e-02,410.25000000,423.75000000,1.35000000e+01
1912,2.36718750,2.35742188,9.76562500e-03,-195.25000000,-184.62500000,1.06250000e+01
1913,3.10937500,3.32031250,2.10937500e-01,-582.00000000,-455.00000000,1.27000000e+02
1914,2.94531250,2.90820312,3.71093750e-02,-623.00000000,-632.00000000,9.00000000e+00
1915,4.48437500,4.45703125,2.73437500e-02,-408.25000000,-365.25000000,4.30000000e+01
1916,2.14843750,2.12500000,2.34375000e-02,145.50000000,164.00000000,1.85000000e+01
1917,1.98535156,1.99609375,1.07421875e-02,-196.75000000,-179.62500000,1.71250000e+01
1918,2.80078125,2.76562500,3.51562500e-02,-717.00000000,-709.00000000,8.00000000e+00
1919,4.82421875,4.79296875,3.12500000e-02,324.25000000,310.50000000,1.37500000e+01
1920,2.23437500,2.19921875,3.51562500e-02,180.62500000,135.25000000,4.53750000e+01
1921,1.59179688,1.57714844,1.46484375e-02,-229.50000000,-225.12500000,4.37500000e+00
1922,4.17578125,4.19531250,1.95312500e-02,-76.18750000,-64.43750000,1.17500000e+01
1923,4.23828125,4.24609375,7.81250000e-03,303.75000000,317.50000000,1.37500000e+01
1924,3.26757812,3.22656250,4.10156250e-02,-329.00000000,-299.75000000,2.92500000e+01
1925,2.78515625,2.82812500,4.29687500e-02,-155.25000000,-115.25000000,4.00000000e+01
1926,6.52734375,6.38671875,1.40625000e-01,-384.75000000,-431.75000000,4.70000000e+01
1927,5.96093750,5.94921875,1.17187500e-02,492.25000000,521.50000000,2.92500000e+01
1928,2.14843750,2.15234375,3.90625000e-03,-65.43750000,-50.78125000,1.46562500e+01
1929,1.87500000,1.97949219,1.04492188e-01,21.48437500,63.00000000,4.15156250e+01
1930,1.54589844,1.49609375,4.98046875e-02,245.12500000,224.62500000,2.05000000e+01
1931,3.91406250,3.74218750,1.71875000e-01,652.50000000,595.50000000,5.70000000e+01
1932,5.77343750,5.77343750,0.00000000e+00,248.00000000,226.50000000,2.15000000e+01
1933,5.01562500,4.94531250,7.03125000e-02,224.62500000,93.75000000,1.30875000e+02
1934,3.87109375,3.66601562,2.05078125e-01,-93.75000000,-178.75000000,8.50000000e+01
1935,3.51562500,3.53906250,2.34375000e-02,45.90625000,103.50000000,5.75937500e+01
1936,4.69140625,4.61718750,7.42187500e-02,421.75000000,340.75000000,8.10000000e+01
1937,2.56640625,2.55859375,7.81250000e-03,484.75000000,466.25000000,1.85000000e+01
1938,6.64843750,6.55468750,9.37500000e-02,1039.00000000,988.50000000,5.05000000e+01
1939,4.37500000,4.27343750,1.01562500e-01,-9.76562500,-50.78125000,4.10156250e+01
1940,5.41796875,5.24218750,1.75781250e-01,-91.81250000,-218.75000000,1.26937500e+02
1941,2.40039062,2.45507812,5.46875000e-02,-245.12500000,-215.87500000,2.92500000e+01
1942,3.72851562,3.80078125,7.22656250e-02,-120.12500000,-158.25000000,3.81250000e+01
1943,2.83593750,2.77929688,5.66406250e-02,-267.50000000,-284.25000000,1.67500000e+01
1944,1.61328125,1.65429688,4.10156250e-02,-25.39062500,-86.93750000,6.15468750e+01
1945,4.87890625,4.78125000,9.76562500e-02,175.75000000,128.87500000,4.68750000e+01
1946,4.14453125,4.06250000,8.20312500e-02,-44.90625000,-66.37500000,2.14687500e+01
1947,4.35156250,4.28515625,6.64062500e-02,128.87500000,52.71875000,7.61562500e+01
1948,2.99414062,3.00000000,5.85937500e-03,-73.25000000,-99.62500000,2.63750000e+01
1949,4.11328125,4.02343750,8.98437500e-02,-93.75000000,-101.56250000,7.81250000e+00
1950,2.20703125,2.19140625,1.56250000e-02,-159.12500000,-168.00000000,8.87500000e+00
1951,1.99414062,1.96679688,2.73437500e-02,-130.87500000,-133.75000000,2.87500000e+00
1952,3.30859375,3.25390625,5.46875000e-02,-1.95312500,-22.45312500,2.05000000e+01
1953,2.92773438,2.91992188,7.81250000e-03,141.62500000,57.62500000,8.40000000e+01
1954,2.64843750,2.72656250,7.81250000e-02,197.25000000,183.62500000,1.36250000e+01
1955,1.51464844,1.68164062,1.66992188e-01,-204.62500000,-103.50000000,1.01125000e+02
1956,3.26171875,3.24218750,1.95312500e-02,-347.75000000,-338.75000000,9.00000000e+00
1957,4.28125000,4.19531250,8.59375000e-02,502.00000000,386.75000000,1.15250000e+02
1958,4.19140625,4.16796875,2.34375000e-02,-70.31250000,-84.00000000,1.36875000e+01
1959,3.51757812,3.48437500,3.32031250e-02,-238.25000000,-277.25000000,3.90000000e+01
1960,4.85937500,4.86718750,7.81250000e-03,-138.62500000,-142.62500000,4.00000000e+00
1961,2.63867188,2.66015625,2.14843750e-02,-308.50000000,-347.75000000,3.92500000e+01
1962,2.26171875,2.28710938,2.53906250e-02,-418.00000000,-464.75000000,4.67500000e+01
1963,3.11718750,3.00781250,1.09375000e-01,-171.87500000,-202.12500000,3.02500000e+01
1964,3.56640625,3.47851562,8.78906250e-02,-62.50000000,-74.18750000,1.16875000e+01
1965,5.26562500,5.16406250,1.01562500e-01,19.53125000,-85.93750000,1.05468750e+02
1966,1.82031250,1.85546875,3.51562500e-02,-7.81250000,18.54687500,2.63593750e+01
1967,2.54296875,2.54296875,0.00000000e+00,159.12500000,150.37500000,8.75000000e+00
1968,3.01953125,3.04296875,2.34375000e-02,-209.00000000,-155.25000000,5.37500000e+01
1969,4.27734375,4.22265625,5.46875000e-02,339.75000000,347.75000000,8.00000000e+00
1970,1.75195312,1.79980469,4.78515625e-02,-373.00000000,-377.50000000,4.50000000e+00
1971,2.12304688,2.08593750,3.71093750e-02,122.06250000,123.56250000,1.50000000e+00
1972,4.83593750,4.87890625,4.29687500e-02,252.00000000,308.50000000,5.65000000e+01
1973,4.03125000,4.04296875,1.17187500e-02,82.00000000,50.78125000,3.12187500e+01
1974,3.43359375,3.36718750,6.64062500e-02,-314.50000000,-296.75000000,1.77500000e+01
1975,3.10937500,3.11914062,9.76562500e-03,-131.87500000,-124.00000000,7.87500000e+00
1976,6.78906250,6.79687500,7.81250000e-03,-777.50000000,-672.00000000,1.05500000e+02
1977,5.60156250,5.63281250,3.12500000e-02,-7.81250000,97.62500000,1.05437500e+02
1978,2.20507812,2.15039062,5.46875000e-02,-139.62500000,-186.50000000,4.68750000e+01
1979,2.05468750,2.03125000,2.34375000e-02,449.25000000,476.00000000,2.67500000e+01
1980,1.88964844,1.88964844,0.00000000e+00,76.18750000,14.15625000,6.20312500e+01
1981,3.07617188,3.08593750,9.76562500e-03,-90.81250000,-84.00000000,6.81250000e+00
1982,5.42187500,5.45312500,3.12500000e-02,-181.62500000,-160.12500000,2.15000000e+01
1983,3.91796875,3.91406250,3.90625000e-03,-408.25000000,-357.50000000,5.07500000e+01
1984,4.17968750,4.25000000,7.03125000e-02,-17.57812500,107.43750000,1.25015625e+02
1985,3.48437500,3.34765625,1.36718750e-01,5.85937500,-17.57812500,2.34375000e+01
1986,4.04687500,3.99023438,5.66406250e-02,7.81250000,18.54687500,1.07343750e+01
1987,2.31445312,2.28906250,2.53906250e-02,192.37500000,194.87500000,2.50000000e+00
1988,5.72265625,5.66796875,5.46875000e-02,193.37500000,56.62500000,1.36750000e+02
1989,3.56640625,3.53125000,3.51562500e-02,-246.12500000,-228.50000000,1.76250000e+01
1990,5.30078125,5.40625000,1.05468750e-01,-123.06250000,7.81250000,1.30875000e+02
1991,2.49609375,2.45312500,4.29687500e-02,-66.37500000,-80.06250000,1.36875000e+01
1992,3.89648438,3.88476562,1.17187500e-02,-544.00000000,-622.00000000,7.80000000e+01
1993,2.56835938,2.46679688,1.01562500e-01,-387.75000000,-338.75000000,4.90000000e+01
1994,2.53906250,2.64453125,1.05468750e-01,365.25000000,425.75000000,6.05000000e+01
1995,4.23828125,4.28906250,5.07812500e-02,148.37500000,175.75000000,2.73750000e+01
1996,4.06250000,4.10156250,3.90625000e-02,-109.37500000,-82.00000000,2.73750000e+01
1997,4.37500000,4.35156250,2.34375000e-02,21.48437500,23.43750000,1.95312500e+00
1998,3.09960938,3.11914062,1.95312500e-02,154.25000000,151.37500000,2.87500000e+00
1999,3.73437500,3.62890625,1.05468750e-01,104.50000000,66.37500000,3.81250000e+01
2000,2.26953125,2.25781250,1.17187500e-02,28.31250000,17.57812500,1.07343750e+01
2001,2.24609375,2.26171875,1.56250000e-02,90.81250000,115.25000000,2.44375000e+01
2002,3.17578125,3.16015625,1.56250000e-02,-172.87500000,-164.00000000,8.87500000e+00
2003,2.43750000,2.42773438,9.76562500e-03,-238.25000000,-233.37500000,4.87500000e+00
2004,2.05468750,2.08789062,3.32031250e-02,-369.25000000,-419.00000000,4.97500000e+01
2005,1.09179688,1.28417969,1.92382812e-01,-694.50000000,-663.50000000,3.10000000e+01
2006,2.71875000,2.67187500,4.68750000e-02,-754.00000000,-746.00000000,8.00000000e+00
2007,3.88281250,3.83984375,4.29687500e-02,139.62500000,156.25000000,1.66250000e+01
2008,4.19531250,4.17968750,1.56250000e-02,191.37500000,176.75000000,1.46250000e+01
2009,4.01953125,4.02343750,3.90625000e-03,-48.81250000,-29.29687500,1.95156250e+01
2010,5.57031250,5.52343750,4.68750000e-02,201.12500000,246.12500000,4.50000000e+01
2011,2.08984375,2.22460938,1.34765625e-01,-423.75000000,-421.00000000,2.75000000e+00
2012,2.93359375,2.90039062,3.32031250e-02,155.25000000,173.87500000,1.86250000e+01
2013,3.58593750,3.51757812,6.83593750e-02,307.50000000,249.00000000,5.85000000e+01
2014,3.03906250,3.15234375,1.13281250e-01,-36.12500000,123.06250000,1.59187500e+02
2015,5.07812500,5.10156250,2.34375000e-02,216.75000000,230.50000000,1.37500000e+01
2016,2.03906250,2.01562500,2.34375000e-02,149.87500000,113.25000000,3.66250000e+01
2017,1.91796875,1.89648438,2.14843750e-02,-7.81250000,-24.40625000,1.65937500e+01
2018,1.96972656,2.02539062,5.56640625e-02,-601.00000000,-585.00000000,1.60000000e+01
2019,4.29296875,4.30859375,1.56250000e-02,-25.39062500,-13.67187500,1.17187500e+01
2020,1.04003906,0.99609375,4.39453125e-02,-868.50000000,-855.50000000,1.30000000e+01
2021,1.70898438,1.70703125,1.95312500e-03,-36.12500000,-42.00000000,5.87500000e+00
2022,3.91210938,3.91601562,3.90625000e-03,-219.75000000,-276.25000000,5.65000000e+01
2023,3.76367188,3.83203125,6.83593750e-02,-20.50000000,-7.81250000,1.26875000e+01
2024,3.50195312,3.52929688,2.73437500e-02,-165.00000000,-120.12500000,4.48750000e+01
2025,2.65039062,2.76953125,1.19140625e-01,-251.00000000,-214.87500000,3.61250000e+01
2026,6.73046875,6.66015625,7.03125000e-02,-224.62500000,-259.75000000,3.51250000e+01
2027,5.27343750,5.35546875,8.20312500e-02,-97.62500000,-52.71875000,4.49062500e+01
2028,2.55468750,2.49218750,6.25000000e-02,181.62500000,138.62500000,4.30000000e+01
2029,1.53222656,1.50976562,2.24609375e-02,-125.50000000,-183.12500000,5.76250000e+01
2030,1.43261719,1.61328125,1.80664062e-01,30.76562500,60.53125000,2.97656250e+01
2031,2.80664062,2.83398438,2.73437500e-02,-304.75000000,-211.87500000,9.28750000e+01
2032,5.09375000,5.15625000,6.25000000e-02,-222.62500000,-148.37500000,7.42500000e+01
2033,4.44531250,4.60156250,1.56250000e-01,332.00000000,351.50000000,1.95000000e+01
2034,2.96875000,3.10742188,1.38671875e-01,-832.00000000,-751.00000000,8.10000000e+01
2035,3.30468750,3.31445312,9.76562500e-03,-271.50000000,-231.50000000,4.00000000e+01
2036,4.24218750,4.25781250,1.56250000e-02,132.75000000,172.87500000,4.01250000e+01
2037,2.22851562,2.22460938,3.90625000e-03,20.50000000,42.96875000,2.24687500e+01
2038,4.96093750,4.96875000,7.81250000e-03,-23.43750000,-54.68750000,3.12500000e+01
2039,3.91992188,3.98828125,6.83593750e-02,154.25000000,160.12500000,5.87500000e+00
2040,4.89062500,4.90234375,1.17187500e-02,-103.50000000,-72.25000000,3.12500000e+01
2041,2.59375000,2.58593750,7.81250000e-03,148.37500000,153.37500000,5.00000000e+00
2042,2.93359375,3.35546875,4.21875000e-01,-185.50000000,-13.67187500,1.71828125e+02
2043,2.82421875,2.70898438,1.15234375e-01,-393.50000000,-342.75000000,5.07500000e+01
2044,1.59375000,1.64941406,5.56640625e-02,-287.00000000,-245.62500000,4.13750000e+01
2045,4.76953125,4.84375000,7.42187500e-02,103.50000000,171.87500000,6.83750000e+01
2046,4.61328125,4.64843750,3.51562500e-02,546.00000000,556.50000000,1.05000000e+01
2047,3.96875000,3.93164062,3.71093750e-02,-7.81250000,-27.34375000,1.95312500e+01
2048,2.81250000,2.90234375,8.98437500e-02,54.68750000,154.25000000,9.95625000e+01
2049,3.69531250,3.66015625,3.51562500e-02,-257.75000000,-275.50000000,1.77500000e+01
2050,2.51953125,2.52539062,5.85937500e-03,235.37500000,241.25000000,5.87500000e+00
2051,1.81250000,1.80175781,1.07421875e-02,-74.18750000,-58.59375000,1.55937500e+01
2052,3.03125000,3.03906250,7.81250000e-03,-91.81250000,-82.00000000,9.81250000e+00
2053,2.75390625,2.75781250,3.90625000e-03,49.81250000,9.76562500,4.00468750e+01
2054,2.72656250,2.75195312,2.53906250e-02,179.62500000,102.56250000,7.70625000e+01
2055,1.87500000,2.01562500,1.40625000e-01,70.81250000,101.06250000,3.02500000e+01
2056,1.95507812,1.89257812,6.25000000e-02,-891.50000000,-850.50000000,4.10000000e+01
2057,4.26562500,4.30468750,3.90625000e-02,287.00000000,313.50000000,2.65000000e+01
2058,3.82226562,3.77539062,4.68750000e-02,-170.87500000,-194.37500000,2.35000000e+01
2059,3.58398438,3.62500000,4.10156250e-02,-16.59375000,-25.39062500,8.79687500e+00
2060,4.90625000,4.97265625,6.64062500e-02,-11.71875000,74.18750000,8.59062500e+01
2061,1.98632812,2.17968750,1.93359375e-01,-186.50000000,-112.31250000,7.41875000e+01
2062,2.71484375,2.84375000,1.28906250e-01,481.50000000,477.00000000,4.50000000e+00
2063,2.60937500,2.52929688,8.00781250e-02,-352.50000000,-399.50000000,4.70000000e+01
2064,3.12109375,3.08007812,4.10156250e-02,-111.31250000,-174.75000000,6.34375000e+01
2065,4.62890625,4.77343750,1.44531250e-01,232.37500000,339.75000000,1.07375000e+02
2066,1.60937500,1.81835938,2.08984375e-01,-213.87500000,-79.12500000,1.34750000e+02
2067,1.33007812,1.39453125,6.44531250e-02,-300.75000000,-275.50000000,2.52500000e+01
2068,1.63671875,1.63671875,0.00000000e+00,-596.50000000,-612.50000000,1.60000000e+01
2069,4.07812500,4.01171875,6.64062500e-02,3.90625000,-48.81250000,5.27187500e+01
2070,1.23339844,1.47070312,2.37304688e-01,-155.25000000,-78.62500000,7.66250000e+01
2071,1.68750000,1.72070312,3.32031250e-02,-124.00000000,-97.62500000,2.63750000e+01
2072,3.81640625,3.85546875,3.90625000e-02,-152.37500000,-154.25000000,1.87500000e+00
2073,3.64062500,3.74804688,1.07421875e-01,-6.83593750,-2.92968750,3.90625000e+00
2074,3.20898438,3.18750000,2.14843750e-02,-276.25000000,-250.00000000,2.62500000e+01
2075,2.31445312,2.32421875,9.76562500e-03,-199.25000000,-203.12500000,3.87500000e+00
2076,6.50000000,6.56250000,6.25000000e-02,-361.25000000,-253.87500000,1.07375000e+02
2077,5.45312500,5.44921875,3.90625000e-03,144.50000000,252.00000000,1.07500000e+02
2078,1.89062500,1.89843750,7.81250000e-03,-217.75000000,-230.50000000,1.27500000e+01
2079,1.78515625,1.70312500,8.20312500e-02,84.00000000,-59.56250000,1.43562500e+02
2080,1.45898438,1.45312500,5.85937500e-03,-214.87500000,-256.75000000,4.18750000e+01
2081,3.40820312,3.42382812,1.56250000e-02,144.50000000,134.75000000,9.75000000e+00
2082,4.85156250,4.96875000,1.17187500e-01,-551.00000000,-492.25000000,5.87500000e+01
2083,4.14453125,3.92187500,2.22656250e-01,-238.25000000,-379.00000000,1.40750000e+02
2084,3.69531250,3.63867188,5.66406250e-02,315.50000000,161.12500000,1.54375000e+02
2085,3.24609375,3.33984375,9.37500000e-02,11.71875000,95.68750000,8.39687500e+01
2086,3.95703125,3.85156250,1.05468750e-01,-201.12500000,-212.87500000,1.17500000e+01
2087,2.18359375,2.22070312,3.71093750e-02,93.25000000,81.06250000,1.21875000e+01
2088,4.82031250,4.77343750,4.68750000e-02,-379.00000000,-425.75000000,4.67500000e+01
2089,3.29882812,3.57031250,2.71484375e-01,-417.00000000,-283.25000000,1.33750000e+02
2090,5.57031250,5.43750000,1.32812500e-01,558.50000000,504.00000000,5.45000000e+01
2091,2.08593750,2.16406250,7.81250000e-02,-274.50000000,-264.75000000,9.75000000e+00
2092,3.39453125,3.44140625,4.68750000e-02,213.87500000,177.75000000,3.61250000e+01
2093,2.87304688,2.54687500,3.26171875e-01,-237.25000000,-416.00000000,1.78750000e+02
2094,0.79833984,0.88867188,9.03320312e-02,-966.00000000,-944.50000000,2.15000000e+01
2095,4.05468750,4.06250000,7.81250000e-03,136.75000000,230.50000000,9.37500000e+01
2096,3.81250000,3.81250000,0.00000000e+00,-91.81250000,-152.37500000,6.05625000e+01
2097,4.46093750,4.51171875,5.07812500e-02,630.00000000,701.00000000,7.10000000e+01
2098,3.00976562,3.01367188,3.90625000e-03,976.50000000,930.50000000,4.60000000e+01
2099,4.07031250,4.08203125,1.17187500e-02,335.00000000,380.75000000,4.57500000e+01
2100,2.01171875,1.97558594,3.61328125e-02,-63.46875000,-91.31250000,2.78437500e+01
2101,2.48046875,2.47070312,9.76562500e-03,523.50000000,520.50000000,3.00000000e+00
2102,3.37695312,3.34960938,2.73437500e-02,211.87500000,207.00000000,4.87500000e+00
2103,2.78906250,2.74218750,4.68750000e-02,686.50000000,637.50000000,4.90000000e+01
2104,2.57226562,2.71484375,1.42578125e-01,625.00000000,652.50000000,2.75000000e+01
2105,1.80664062,1.85937500,5.27343750e-02,531.00000000,449.50000000,8.15000000e+01
2106,3.93945312,3.94140625,1.95312500e-03,1009.00000000,855.50000000,1.53500000e+02
2107,3.15234375,3.28515625,1.32812500e-01,-253.87500000,3.90625000,2.57781250e+02
2108,3.97656250,4.05859375,8.20312500e-02,408.25000000,476.50000000,6.82500000e+01
2109,3.16601562,3.14843750,1.75781250e-02,-224.62500000,-281.25000000,5.66250000e+01
2110,4.89062500,4.91796875,2.73437500e-02,181.62500000,144.50000000,3.71250000e+01
2111,2.27929688,2.34570312,6.64062500e-02,-169.00000000,-151.37500000,1.76250000e+01
2112,2.02539062,2.37109375,3.45703125e-01,-42.96875000,50.78125000,9.37500000e+01
2113,2.57226562,2.67382812,1.01562500e-01,175.75000000,264.75000000,8.90000000e+01
2114,3.37890625,3.35351562,2.53906250e-02,214.87500000,169.87500000,4.50000000e+01
2115,3.09765625,3.19726562,9.96093750e-02,-998.00000000,-921.00000000,7.70000000e+01
2116,1.09472656,1.29296875,1.98242188e-01,-385.25000000,-281.25000000,1.04000000e+02
2117,1.32421875,1.70019531,3.75976562e-01,-338.00000000,-172.37500000,1.65625000e+02
2118,3.02343750,3.06250000,3.90625000e-02,409.25000000,608.50000000,1.99250000e+02
2119,3.94921875,3.90429688,4.49218750e-02,1.95312500,-19.53125000,2.14843750e+01
2120,1.32519531,1.24511719,8.00781250e-02,-291.50000000,-288.50000000,3.00000000e+00
2121,1.72949219,1.71289062,1.66015625e-02,96.18750000,50.28125000,4.59062500e+01
2122,3.59375000,3.66796875,7.42187500e-02,-142.62500000,-108.37500000,3.42500000e+01
2123,3.07031250,3.21484375,1.44531250e-01,178.75000000,171.87500000,6.87500000e+00
2124,3.50976562,3.37890625,1.30859375e-01,126.00000000,62.50000000,6.35000000e+01
2125,2.90039062,3.16015625,2.59765625e-01,131.87500000,207.00000000,7.51250000e+01
2126,6.78125000,6.79296875,1.17187500e-02,140.62500000,175.75000000,3.51250000e+01
2127,5.21875000,5.33203125,1.13281250e-01,-58.59375000,17.57812500,7.61718750e+01
2128,2.21484375,2.19726562,1.75781250e-02,276.25000000,254.87500000,2.13750000e+01
2129,1.16015625,1.31445312,1.54296875e-01,-122.06250000,-45.40625000,7.66562500e+01
2130,1.19042969,1.40429688,2.13867188e-01,143.50000000,226.50000000,8.30000000e+01
2131,2.57617188,2.80468750,2.28515625e-01,-42.00000000,44.90625000,8.69062500e+01
2132,5.32812500,5.27343750,5.46875000e-02,158.25000000,142.62500000,1.56250000e+01
2133,3.14648438,3.08398438,6.25000000e-02,-749.00000000,-868.00000000,1.19000000e+02
2134,3.00195312,3.01757812,1.56250000e-02,-346.75000000,-218.75000000,1.28000000e+02
2135,3.29687500,3.24609375,5.07812500e-02,84.93750000,66.37500000,1.85625000e+01
2136,3.83593750,3.98828125,1.52343750e-01,556.50000000,561.50000000,5.00000000e+00
2137,1.70410156,1.73046875,2.63671875e-02,-8.78906250,-93.75000000,8.49609375e+01
2138,5.17968750,5.30468750,1.25000000e-01,74.18750000,125.00000000,5.08125000e+01
2139,2.48828125,2.87695312,3.88671875e-01,-362.25000000,-239.25000000,1.23000000e+02
2140,4.40234375,4.32812500,7.42187500e-02,-42.96875000,-111.31250000,6.83437500e+01
2141,2.49414062,2.76171875,2.67578125e-01,40.03125000,164.00000000,1.23968750e+02
2142,3.24218750,3.46875000,2.26562500e-01,228.50000000,362.25000000,1.33750000e+02
2143,2.73242188,2.62304688,1.09375000e-01,-4.88281250,-42.00000000,3.71171875e+01
2144,2.23632812,2.60546875,3.69140625e-01,578.00000000,760.00000000,1.82000000e+02
2145,3.58593750,3.70898438,1.23046875e-01,-255.87500000,-383.75000000,1.27875000e+02
2146,4.08593750,4.05859375,2.73437500e-02,-105.43750000,-111.31250000,5.87500000e+00
2147,3.83203125,3.91406250,8.20312500e-02,-13.67187500,21.48437500,3.51562500e+01
2148,1.92285156,1.93359375,1.07421875e-02,159.62500000,131.87500000,2.77500000e+01
2149,3.86328125,3.76953125,9.37500000e-02,392.50000000,329.00000000,6.35000000e+01
2150,2.32812500,2.33398438,5.85937500e-03,193.87500000,169.87500000,2.40000000e+01
2151,1.87109375,1.87500000,3.90625000e-03,51.28125000,61.53125000,1.02500000e+01
2152,2.55078125,2.69921875,1.48437500e-01,-100.56250000,-25.39062500,7.51718750e+01
2153,2.07617188,2.19921875,1.23046875e-01,148.37500000,203.12500000,5.47500000e+01
2154,0.69140625,0.89013672,1.98730469e-01,-547.00000000,-488.50000000,5.85000000e+01
2155,1.51953125,1.60742188,8.78906250e-02,464.75000000,475.25000000,1.05000000e+01
2156,3.22656250,3.22070312,5.85937500e-03,633.00000000,520.50000000,1.12500000e+02
2157,3.36914062,3.23046875,1.38671875e-01,371.00000000,244.12500000,1.26875000e+02
2158,3.16015625,3.23046875,7.03125000e-02,-505.75000000,-486.25000000,1.95000000e+01
2159,3.26171875,3.29101562,2.92968750e-02,-306.75000000,-304.75000000,2.00000000e+00
2160,3.67968750,3.55468750,1.25000000e-01,-498.00000000,-650.50000000,1.52500000e+02
2161,2.34570312,2.29687500,4.88281250e-02,80.06250000,-60.53125000,1.40593750e+02
2162,1.08496094,1.10156250,1.66015625e-02,-372.50000000,-406.25000000,3.37500000e+01
2163,2.74609375,2.70117188,4.49218750e-02,-25.39062500,-22.45312500,2.93750000e+00
2164,2.68554688,2.53710938,1.48437500e-01,-325.25000000,-450.25000000,1.25000000e+02
2165,3.55078125,3.62500000,7.42187500e-02,-441.50000000,-492.25000000,5.07500000e+01
2166,1.92773438,1.98437500,5.66406250e-02,631.50000000,545.00000000,8.65000000e+01
2167,2.11718750,1.98828125,1.28906250e-01,705.00000000,609.50000000,9.55000000e+01
2168,2.40625000,2.46289062,5.66406250e-02,329.50000000,454.00000000,1.24500000e+02
2169,4.03125000,4.02734375,3.90625000e-03,407.25000000,388.75000000,1.85000000e+01
2170,2.68359375,2.75585938,7.22656250e-02,1098.00000000,1198.00000000,1.00000000e+02
2171,1.68164062,1.72070312,3.90625000e-02,69.31250000,134.75000000,6.54375000e+01
2172,3.96093750,3.89062500,7.03125000e-02,638.50000000,636.50000000,2.00000000e+00
2173,3.08984375,3.08007812,9.76562500e-03,29.29687500,-66.37500000,9.56718750e+01
2174,3.21289062,3.23046875,1.75781250e-02,122.06250000,115.25000000,6.81250000e+00
2175,2.66601562,2.93750000,2.71484375e-01,427.25000000,355.50000000,7.17500000e+01
2176,5.72265625,5.84375000,1.21093750e-01,-166.00000000,-91.81250000,7.41875000e+01
2177,4.98437500,4.95312500,3.12500000e-02,238.25000000,218.75000000,1.95000000e+01
2178,1.57910156,1.78222656,2.03125000e-01,214.37500000,273.00000000,5.86250000e+01
2179,0.67724609,0.74853516,7.12890625e-02,-200.87500000,-209.75000000,8.87500000e+00
2180,0.65429688,0.61572266,3.85742188e-02,-240.25000000,-257.50000000,1.72500000e+01
2181,2.70312500,2.76367188,6.05468750e-02,233.37500000,287.00000000,5.36250000e+01
2182,4.68359375,4.69921875,1.56250000e-02,-549.00000000,-505.75000000,4.32500000e+01
2183,4.33593750,4.72656250,3.90625000e-01,436.50000000,587.00000000,1.50500000e+02
2184,3.00390625,3.20117188,1.97265625e-01,-213.87500000,-100.56250000,1.13312500e+02
2185,2.98632812,3.04296875,5.66406250e-02,128.87500000,216.75000000,8.78750000e+01
2186,3.32031250,3.46484375,1.44531250e-01,-260.75000000,-136.75000000,1.24000000e+02
2187,2.01953125,1.93945312,8.00781250e-02,363.25000000,326.25000000,3.70000000e+01
2188,4.15625000,4.46093750,3.04687500e-01,-412.00000000,-332.00000000,8.00000000e+01
2189,2.16210938,2.16406250,1.95312500e-03,-854.50000000,-897.50000000,4.30000000e+01
2190,6.87500000,6.16406250,7.10937500e-01,1180.00000000,1150.00000000,3.00000000e+01
2191,1.03710938,1.01562500,2.14843750e-02,-786.00000000,-780.50000000,5.50000000e+00
2192,3.94531250,4.25000000,3.04687500e-01,367.25000000,481.50000000,1.14250000e+02
2193,2.95312500,2.93359375,1.95312500e-02,227.50000000,291.00000000,6.35000000e+01
2194,1.20898438,1.35742188,1.48437500e-01,-140.62500000,90.31250000,2.30937500e+02
2195,4.20312500,4.04296875,1.60156250e-01,97.62500000,119.12500000,2.15000000e+01
2196,4.06640625,4.15625000,8.98437500e-02,568.50000000,560.50000000,8.00000000e+00
2197,4.35937500,4.37890625,1.95312500e-02,227.50000000,216.75000000,1.07500000e+01
2198,0.67089844,0.87988281,2.08984375e-01,-971.00000000,-839.50000000,1.31500000e+02
2199,4.54687500,4.08984375,4.57031250e-01,80.06250000,-95.68750000,1.75750000e+02
2200,1.92968750,1.98828125,5.85937500e-02,-42.00000000,-3.90625000,3.80937500e+01
2201,2.00195312,2.04492188,4.29687500e-02,293.00000000,353.50000000,6.05000000e+01
2202,2.33984375,2.33593750,3.90625000e-03,-174.75000000,-158.25000000,1.65000000e+01
2203,1.39453125,1.39941406,4.88281250e-03,-172.37500000,-109.87500000,6.25000000e+01
2204,2.59179688,2.62304688,3.12500000e-02,510.75000000,481.50000000,2.92500000e+01
2205,1.31640625,1.30664062,9.76562500e-03,2.92968750,-71.75000000,7.46796875e+01
2206,2.43554688,2.58984375,1.54296875e-01,556.50000000,667.50000000,1.11000000e+02
2207,4.16015625,3.88671875,2.73437500e-01,652.50000000,486.25000000,1.66250000e+02
2208,2.77734375,2.73828125,3.90625000e-02,64.43750000,-15.62500000,8.00625000e+01
2209,3.32031250,3.45703125,1.36718750e-01,-124.00000000,-85.93750000,3.80625000e+01
2210,3.79296875,3.70703125,8.59375000e-02,-418.00000000,-525.50000000,1.07500000e+02
2211,2.04687500,2.14648438,9.96093750e-02,330.00000000,232.87500000,9.71250000e+01
2212,1.90429688,1.91503906,1.07421875e-02,230.00000000,81.06250000,1.48937500e+02
2213,1.94140625,1.97753906,3.61328125e-02,-94.75000000,282.25000000,3.77000000e+02
2214,2.90039062,2.90039062,0.00000000e+00,-195.25000000,-149.37500000,4.58750000e+01
2215,3.35937500,3.80859375,4.49218750e-01,-115.25000000,147.50000000,2.62750000e+02
2216,1.12695312,1.13867188,1.17187500e-02,-263.25000000,-252.00000000,1.12500000e+01
2217,0.74658203,0.92480469,1.78222656e-01,-679.50000000,-584.50000000,9.50000000e+01
2218,2.08007812,2.31054688,2.30468750e-01,-125.00000000,176.75000000,3.01750000e+02
2219,3.15234375,3.31835938,1.66015625e-01,17.57812500,116.18750000,9.86093750e+01
2220,1.42285156,1.30761719,1.15234375e-01,160.12500000,51.75000000,1.08375000e+02
2221,1.65429688,1.63476562,1.95312500e-02,33.68750000,107.43750000,7.37500000e+01
2222,1.93457031,1.94140625,6.83593750e-03,-828.50000000,-922.00000000,9.35000000e+01
2223,2.37109375,2.30273438,6.83593750e-02,-171.87500000,-95.68750000,7.61875000e+01
2224,2.32226562,2.40820312,8.59375000e-02,-240.25000000,-244.12500000,3.87500000e+00
2225,2.21484375,2.42578125,2.10937500e-01,166.00000000,217.25000000,5.12500000e+01
2226,5.39843750,5.28125000,1.17187500e-01,-918.00000000,-863.50000000,5.45000000e+01
2227,4.83203125,4.74609375,8.59375000e-02,-392.50000000,-423.75000000,3.12500000e+01
2228,1.90625000,1.91796875,1.17187500e-02,651.00000000,621.00000000,3.00000000e+01
2229,1.08007812,0.95800781,1.22070312e-01,-195.25000000,-231.00000000,3.57500000e+01
2230,1.33007812,1.27929688,5.07812500e-02,460.25000000,373.50000000,8.67500000e+01
2231,2.40234375,2.32031250,8.20312500e-02,137.75000000,57.62500000,8.01250000e+01
2232,4.78125000,4.88281250,1.01562500e-01,253.87500000,287.00000000,3.31250000e+01
2233,3.37304688,3.53515625,1.62109375e-01,-825.00000000,-615.00000000,2.10000000e+02
2234,3.29882812,3.07812500,2.20703125e-01,102.56250000,-161.12500000,2.63687500e+02
2235,2.83984375,2.80078125,3.90625000e-02,-34.18750000,-134.75000000,1.00562500e+02
2236,3.80859375,3.63085938,1.77734375e-01,-314.50000000,-340.75000000,2.62500000e+01
2237,1.03515625,1.10742188,7.22656250e-02,225.62500000,285.75000000,6.01250000e+01
2238,3.94726562,4.38671875,4.39453125e-01,-616.00000000,-480.50000000,1.35500000e+02
2239,1.69921875,1.79296875,9.37500000e-02,-629.00000000,-697.50000000,6.85000000e+01
2240,5.11718750,4.96484375,1.52343750e-01,-547.00000000,-599.50000000,5.25000000e+01
2241,1.57617188,1.63964844,6.34765625e-02,-402.25000000,-441.00000000,3.87500000e+01
2242,3.07812500,2.88671875,1.91406250e-01,377.00000000,101.56250000,2.75437500e+02
2243,3.05859375,3.11328125,5.46875000e-02,-205.12500000,-74.18750000,1.30937500e+02
2244,0.85937500,1.09472656,2.35351562e-01,-288.00000000,-198.75000000,8.92500000e+01
2245,3.33984375,3.36523438,2.53906250e-02,-496.00000000,-643.50000000,1.47500000e+02
2246,3.89843750,3.88671875,1.17187500e-02,-3.90625000,-76.18750000,7.22812500e+01
2247,3.23437500,3.25195312,1.75781250e-02,-293.00000000,-249.00000000,4.40000000e+01
2248,1.62500000,1.82910156,2.04101562e-01,-316.50000000,-174.37500000,1.42125000e+02
2249,3.54882812,3.92187500,3.73046875e-01,-948.00000000,-785.00000000,1.63000000e+02
2250,1.21093750,1.30664062,9.57031250e-02,-552.00000000,-528.50000000,2.35000000e+01
2251,1.29296875,1.30761719,1.46484375e-02,-375.00000000,-380.25000000,5.25000000e+00
2252,2.70507812,2.69531250,9.76562500e-03,703.00000000,620.50000000,8.25000000e+01
2253,0.70800781,0.81787109,1.09863281e-01,-1021.50000000,-904.50000000,1.17000000e+02
2254,1.35937500,1.32226562,3.71093750e-02,172.87500000,69.31250000,1.03562500e+02
2255,0.51660156,0.71386719,1.97265625e-01,-155.25000000,-107.68750000,4.75625000e+01
2256,3.27148438,3.37109375,9.96093750e-02,778.00000000,670.00000000,1.08000000e+02
2257,3.08203125,3.15625000,7.42187500e-02,38.09375000,203.12500000,1.65031250e+02
2258,3.51757812,3.55078125,3.32031250e-02,607.50000000,607.50000000,0.00000000e+00
2259,2.91210938,3.11718750,2.05078125e-01,-32.21875000,21.48437500,5.37031250e+01
2260,4.13281250,4.21875000,8.59375000e-02,-281.25000000,-78.12500000,2.03125000e+02
2261,2.16992188,2.39453125,2.24609375e-01,240.25000000,250.00000000,9.75000000e+00
2262,2.17968750,1.99707031,1.82617188e-01,-222.62500000,29.29687500,2.51921875e+02
2263,1.32910156,1.71484375,3.85742188e-01,51.75000000,211.87500000,1.60125000e+02
2264,3.38867188,3.45507812,6.64062500e-02,949.00000000,994.00000000,4.50000000e+01
2265,2.16210938,2.39843750,2.36328125e-01,-569.50000000,-468.75000000,1.00750000e+02
2266,0.31494141,0.35937500,4.44335938e-02,-538.00000000,-526.00000000,1.20000000e+01
2267,1.65429688,1.73339844,7.91015625e-02,444.50000000,424.25000000,2.02500000e+01
2268,0.97851562,1.19726562,2.18750000e-01,-363.75000000,-126.93750000,2.36812500e+02
2269,2.80664062,3.19140625,3.84765625e-01,-208.00000000,20.50000000,2.28500000e+02
2270,1.83984375,1.64062500,1.99218750e-01,-168.00000000,-222.62500000,5.46250000e+01
2271,1.08007812,1.07031250,9.76562500e-03,-167.50000000,-185.50000000,1.80000000e+01
2272,2.96484375,2.91210938,5.27343750e-02,678.50000000,653.50000000,2.50000000e+01
2273,2.93359375,2.84375000,8.98437500e-02,283.25000000,150.37500000,1.32875000e+02
2274,2.57421875,2.75781250,1.83593750e-01,-466.75000000,-355.50000000,1.11250000e+02
2275,2.39453125,2.32421875,7.03125000e-02,311.50000000,349.00000000,3.75000000e+01
2276,5.39062500,4.95312500,4.37500000e-01,-195.25000000,-570.50000000,3.75250000e+02
2277,4.75000000,4.73437500,1.56250000e-02,465.75000000,484.25000000,1.85000000e+01
2278,1.41992188,1.36328125,5.66406250e-02,335.25000000,318.50000000,1.67500000e+01
2279,0.72656250,0.90917969,1.82617188e-01,-171.37500000,-87.37500000,8.40000000e+01
2280,0.45849609,0.38085938,7.76367188e-02,28.07812500,-221.00000000,2.49078125e+02
2281,2.75781250,2.80078125,4.29687500e-02,381.75000000,464.75000000,8.30000000e+01
2282,5.09765625,5.04687500,5.07812500e-02,171.87500000,209.00000000,3.71250000e+01
2283,3.16992188,3.27929688,1.09375000e-01,232.37500000,271.50000000,3.91250000e+01
2284,3.11328125,3.12890625,1.56250000e-02,62.50000000,-299.75000000,3.62250000e+02
2285,2.77539062,2.61718750,1.58203125e-01,841.00000000,659.00000000,1.82000000e+02
2286,2.88671875,2.80468750,8.20312500e-02,-326.25000000,-355.50000000,2.92500000e+01
2287,1.16796875,1.20605469,3.80859375e-02,406.25000000,354.75000000,5.15000000e+01
2288,4.49218750,4.53125000,3.90625000e-02,-111.31250000,-111.31250000,0.00000000e+00
2289,1.41796875,1.74316406,3.25195312e-01,-627.00000000,-560.00000000,6.70000000e+01
2290,4.35937500,4.61718750,2.57812500e-01,-861.50000000,-691.50000000,1.70000000e+02
2291,1.53417969,1.81933594,2.85156250e-01,72.25000000,130.87500000,5.86250000e+01
2292,1.62500000,1.99609375,3.71093750e-01,-422.75000000,-457.00000000,3.42500000e+01
2293,2.19726562,2.25390625,5.66406250e-02,-229.50000000,-7.81250000,2.21687500e+02
2294,0.93750000,0.93896484,1.46484375e-03,-351.00000000,-242.37500000,1.08625000e+02
2295,4.33984375,4.39843750,5.85937500e-02,954.00000000,823.00000000,1.31000000e+02
2296,2.32812500,2.33007812,1.95312500e-03,-588.00000000,-660.00000000,7.20000000e+01
2297,3.30078125,3.27929688,2.14843750e-02,367.25000000,310.50000000,5.67500000e+01
2298,1.15917969,1.39062500,2.31445312e-01,-439.00000000,-508.75000000,6.97500000e+01
2299,3.93164062,3.75585938,1.75781250e-01,437.50000000,309.50000000,1.28000000e+02
2300,1.70117188,1.81445312,1.13281250e-01,22.45312500,52.71875000,3.02656250e+01
2301,1.29101562,1.35156250,6.05468750e-02,-33.18750000,-78.12500000,4.49375000e+01
2302,2.32812500,2.48632812,1.58203125e-01,528.00000000,471.25000000,5.67500000e+01
2303,0.45800781,0.62597656,1.67968750e-01,-557.00000000,-475.00000000,8.20000000e+01
2304,1.81835938,1.96484375,1.46484375e-01,768.00000000,747.00000000,2.10000000e+01
2305,1.32617188,1.47167969,1.45507812e-01,467.50000000,493.00000000,2.55000000e+01
2306,1.52148438,1.64355469,1.22070312e-01,-252.87500000,-437.00000000,1.84125000e+02
2307,2.89062500,2.75195312,1.38671875e-01,257.75000000,167.00000000,9.07500000e+01
2308,2.04882812,1.99609375,5.27343750e-02,218.25000000,59.09375000,1.59156250e+02
2309,2.80859375,2.77929688,2.92968750e-02,0.97656250,45.90625000,4.49296875e+01
2310,2.93359375,2.93945312,5.85937500e-03,-1326.00000000,-1290.00000000,3.60000000e+01
2311,1.72070312,1.67480469,4.58984375e-02,202.62500000,276.75000000,7.41250000e+01
2312,0.80273438,1.23632812,4.33593750e-01,-47.37500000,289.25000000,3.36625000e+02
2313,1.82812500,1.97265625,1.44531250e-01,-380.75000000,-330.00000000,5.07500000e+01
2314,0.76464844,0.72314453,4.15039062e-02,-517.00000000,-768.50000000,2.51500000e+02
2315,4.81640625,5.26562500,4.49218750e-01,1437.00000000,1725.00000000,2.88000000e+02
2316,0.66064453,0.76953125,1.08886719e-01,-93.50000000,-269.50000000,1.76000000e+02
2317,1.05664062,1.16406250,1.07421875e-01,380.75000000,387.75000000,7.00000000e+00
2318,2.04296875,1.85937500,1.83593750e-01,61.53125000,-106.43750000,1.67968750e+02
2319,2.83398438,2.82812500,5.85937500e-03,-139.62500000,-97.62500000,4.20000000e+01
2320,0.47949219,0.66259766,1.83105469e-01,-735.50000000,-625.00000000,1.10500000e+02
2321,0.52587891,0.54687500,2.09960938e-02,-148.25000000,-167.00000000,1.87500000e+01
2322,2.14257812,2.09960938,4.29687500e-02,-538.00000000,-579.00000000,4.10000000e+01
2323,2.19531250,2.13671875,5.85937500e-02,-233.37500000,-199.25000000,3.41250000e+01
2324,2.39648438,2.75390625,3.57421875e-01,-194.37500000,-47.84375000,1.46531250e+02
2325,0.92724609,1.47070312,5.43457031e-01,-328.25000000,-171.87500000,1.56375000e+02
2326,5.82031250,5.68750000,1.32812500e-01,-238.25000000,-285.25000000,4.70000000e+01
2327,5.12890625,4.86718750,2.61718750e-01,310.50000000,164.00000000,1.46500000e+02
2328,1.40917969,1.48632812,7.71484375e-02,420.00000000,540.50000000,1.20500000e+02
2329,0.87597656,1.06835938,1.92382812e-01,226.75000000,296.75000000,7.00000000e+01
2330,0.41699219,0.60839844,1.91406250e-01,-138.62500000,-87.37500000,5.12500000e+01
2331,1.84570312,1.84765625,1.95312500e-03,18.54687500,5.37109375,1.31757812e+01
2332,4.83593750,4.89453125,5.85937500e-02,600.50000000,681.50000000,8.10000000e+01
2333,3.27148438,3.58007812,3.08593750e-01,33.18750000,214.87500000,1.81687500e+02
2334,2.51367188,2.69921875,1.85546875e-01,-573.00000000,-560.50000000,1.25000000e+01
2335,2.40234375,2.42968750,2.73437500e-02,811.00000000,892.00000000,8.10000000e+01
2336,2.85546875,2.76171875,9.37500000e-02,423.75000000,282.25000000,1.41500000e+02
2337,1.58496094,1.77636719,1.91406250e-01,637.00000000,658.00000000,2.10000000e+01
2338,4.15625000,4.14062500,1.56250000e-02,-82.00000000,-164.00000000,8.20000000e+01
2339,2.29296875,2.29101562,1.95312500e-03,463.00000000,479.00000000,1.60000000e+01
2340,4.29687500,3.89257812,4.04296875e-01,-429.75000000,-581.00000000,1.51250000e+02
2341,0.19458008,0.42651367,2.31933594e-01,-1992.00000000,-2074.00000000,8.20000000e+01
2342,2.06250000,2.47656250,4.14062500e-01,-279.25000000,-367.25000000,8.80000000e+01
2343,1.32812500,1.44140625,1.13281250e-01,-1052.00000000,-914.00000000,1.38000000e+02
2344,1.91503906,2.85156250,9.36523438e-01,589.50000000,1067.00000000,4.77500000e+02
2345,2.30273438,2.98046875,6.77734375e-01,-385.75000000,8.78906250,3.94539062e+02
2346,2.35546875,2.78515625,4.29687500e-01,-672.00000000,-660.00000000,1.20000000e+01
2347,4.37890625,4.17187500,2.07031250e-01,967.00000000,949.00000000,1.80000000e+01
2348,1.15820312,1.29589844,1.37695312e-01,-470.75000000,-503.50000000,3.27500000e+01
2349,3.79687500,3.32617188,4.70703125e-01,248.00000000,235.37500000,1.26250000e+01
2350,1.72656250,1.79394531,6.73828125e-02,403.00000000,507.25000000,1.04250000e+02
2351,0.45751953,0.55664062,9.91210938e-02,-225.37500000,-180.37500000,4.50000000e+01
2352,3.49023438,3.02929688,4.60937500e-01,1076.00000000,719.50000000,3.56500000e+02
2353,1.21972656,1.22851562,8.78906250e-03,-70.31250000,-184.62500000,1.14312500e+02
2354,0.64697266,0.80273438,1.55761719e-01,115.93750000,127.93750000,1.20000000e+01
2355,0.25048828,0.39550781,1.45019531e-01,-637.50000000,-678.00000000,4.05000000e+01
2356,0.64648438,0.66162109,1.51367188e-02,-171.87500000,-123.56250000,4.83125000e+01
2357,5.30078125,4.88671875,4.14062500e-01,1696.00000000,1423.00000000,2.73000000e+02
2358,1.20605469,1.12792969,7.81250000e-02,-690.00000000,-775.00000000,8.50000000e+01
2359,2.40429688,2.67382812,2.69531250e-01,436.50000000,601.50000000,1.65000000e+02
2360,3.77148438,3.95312500,1.81640625e-01,77.12500000,262.75000000,1.85625000e+02
2361,0.70166016,0.77832031,7.66601562e-02,-101.56250000,-138.12500000,3.65625000e+01
2362,0.82031250,0.95458984,1.34277344e-01,55.18750000,-24.17187500,7.93593750e+01
2363,2.75976562,2.11132812,6.48437500e-01,628.00000000,343.75000000,2.84250000e+02
2364,2.02929688,2.42187500,3.92578125e-01,300.75000000,189.50000000,1.11250000e+02
2365,4.46093750,4.03515625,4.25781250e-01,1254.00000000,1110.00000000,1.44000000e+02
2366,0.73046875,0.71142578,1.90429688e-02,-94.25000000,-197.50000000,1.03250000e+02
2367,0.97558594,1.07812500,1.02539062e-01,288.25000000,297.25000000,9.00000000e+00
2368,3.11523438,3.48046875,3.65234375e-01,937.00000000,1202.00000000,2.65000000e+02
2369,2.77148438,2.79687500,2.53906250e-02,325.25000000,275.50000000,4.97500000e+01
2370,0.11810303,0.09240723,2.56958008e-02,-1445.00000000,-1376.00000000,6.90000000e+01
2371,0.59277344,0.81689453,2.24121094e-01,130.25000000,160.37500000,3.01250000e+01
2372,3.50781250,3.50976562,1.95312500e-03,-164.00000000,-96.68750000,6.73125000e+01
2373,1.92968750,2.16992188,2.40234375e-01,-968.00000000,-815.50000000,1.52500000e+02
2374,2.27148438,2.27929688,7.81250000e-03,109.37500000,75.18750000,3.41875000e+01
2375,0.10168457,0.17358398,7.18994141e-02,-748.00000000,-872.00000000,1.24000000e+02
2376,3.62695312,3.40820312,2.18750000e-01,-762.50000000,-921.00000000,1.58500000e+02
2377,5.01953125,4.30078125,7.18750000e-01,298.75000000,-1.95312500,3.00703125e+02
2378,0.41943359,0.61523438,1.95800781e-01,-370.75000000,-396.50000000,2.57500000e+01
2379,0.86230469,0.97753906,1.15234375e-01,263.25000000,263.75000000,5.00000000e-01
2380,0.14294434,0.15112305,8.17871094e-03,-278.00000000,-554.00000000,2.76000000e+02
2381,1.70996094,1.77539062,6.54296875e-02,-220.25000000,-332.00000000,1.11750000e+02
2382,2.83984375,2.82421875,1.56250000e-02,-437.50000000,-458.00000000,2.05000000e+01
2383,1.51171875,1.77539062,2.63671875e-01,-1092.00000000,-1153.00000000,6.10000000e+01
2384,2.42968750,2.49414062,6.44531250e-02,-305.75000000,-173.87500000,1.31875000e+02
2385,0.87207031,0.94384766,7.17773438e-02,28.81250000,190.00000000,1.61187500e+02
2386,3.45703125,3.51953125,6.25000000e-02,176.75000000,54.68750000,1.22062500e+02
2387,0.59033203,0.78027344,1.89941406e-01,-64.68750000,44.68750000,1.09375000e+02
2388,4.10156250,4.46093750,3.59375000e-01,91.81250000,244.12500000,1.52312500e+02
2389,1.51367188,1.52441406,1.07421875e-02,-238.75000000,-99.12500000,1.39625000e+02
2390,4.85937500,4.51562500,3.43750000e-01,839.00000000,1072.00000000,2.33000000e+02
2391,0.59863281,0.99609375,3.97460938e-01,29.29687500,288.75000000,2.59453125e+02
2392,2.81054688,3.11914062,3.08593750e-01,352.50000000,641.50000000,2.89000000e+02
2393,1.37695312,1.43359375,5.66406250e-02,-934.50000000,-723.50000000,2.11000000e+02
2394,1.26171875,1.57421875,3.12500000e-01,-6.83593750,267.50000000,2.74335938e+02
2395,3.14843750,3.51953125,3.71093750e-01,-687.50000000,-142.62500000,5.44875000e+02
2396,2.18164062,2.23242188,5.07812500e-02,-728.50000000,-701.00000000,2.75000000e+01
2397,3.19140625,2.95703125,2.34375000e-01,339.75000000,348.75000000,9.00000000e+00
2398,2.35351562,2.12304688,2.30468750e-01,271.00000000,219.75000000,5.12500000e+01
2399,3.39062500,3.26953125,1.21093750e-01,421.75000000,258.75000000,1.63000000e+02
2400,2.22851562,2.27734375,4.88281250e-02,777.50000000,833.00000000,5.55000000e+01
2401,1.74023438,1.66796875,7.22656250e-02,713.00000000,700.50000000,1.25000000e+01
2402,2.69921875,2.80859375,1.09375000e-01,641.50000000,677.00000000,3.55000000e+01
2403,0.34960938,0.37329102,2.36816406e-02,-804.50000000,-839.00000000,3.45000000e+01
2404,0.36938477,0.38500977,1.56250000e-02,-456.00000000,-404.25000000,5.17500000e+01
2405,0.16052246,0.29150391,1.30981445e-01,-204.37500000,-263.25000000,5.88750000e+01
2406,0.50244141,0.46606445,3.63769531e-02,-1101.00000000,-1068.00000000,3.30000000e+01
2407,2.16601562,2.75781250,5.91796875e-01,-253.87500000,136.75000000,3.90625000e+02
2408,2.09179688,1.72265625,3.69140625e-01,543.50000000,231.00000000,3.12500000e+02
2409,1.53417969,1.58789062,5.37109375e-02,-73.75000000,-124.50000000,5.07500000e+01
2410,3.16015625,3.55468750,3.94531250e-01,-742.00000000,-451.25000000,2.90750000e+02
2411,1.30664062,1.23046875,7.61718750e-02,89.81250000,-9.76562500,9.95781250e+01
2412,0.79492188,0.86523438,7.03125000e-02,241.50000000,212.87500000,2.86250000e+01
2413,1.88281250,1.94824219,6.54296875e-02,12.69531250,254.37500000,2.41679688e+02
2414,1.64843750,2.26171875,6.13281250e-01,231.87500000,473.25000000,2.41375000e+02
2415,2.34179688,2.88085938,5.39062500e-01,-638.50000000,-577.00000000,6.15000000e+01
2416,0.67773438,0.80908203,1.31347656e-01,-122.06250000,-5.12500000,1.16937500e+02
2417,0.38476562,0.41748047,3.27148438e-02,-247.37500000,-256.75000000,9.37500000e+00
2418,1.74804688,1.68847656,5.95703125e-02,-75.68750000,-159.62500000,8.39375000e+01
2419,1.78027344,2.12109375,3.40820312e-01,-31.73437500,-15.62500000,1.61093750e+01
2420,0.37231445,0.37109375,1.22070312e-03,-737.50000000,-930.50000000,1.93000000e+02
2421,0.85205078,0.85058594,1.46484375e-03,-187.25000000,-62.00000000,1.25250000e+02
2422,2.16601562,2.33593750,1.69921875e-01,-323.25000000,-435.50000000,1.12250000e+02
2423,2.25195312,2.42773438,1.75781250e-01,-414.00000000,-129.87500000,2.84125000e+02
2424,3.40625000,3.18359375,2.22656250e-01,880.50000000,781.00000000,9.95000000e+01
2425,0.72705078,0.79882812,7.17773438e-02,-371.25000000,-491.75000000,1.20500000e+02
2426,5.25000000,5.17187500,7.81250000e-02,875.00000000,803.50000000,7.15000000e+01
2427,6.69531250,6.78125000,8.59375000e-02,1295.00000000,1730.00000000,4.35000000e+02
2428,0.98144531,0.97070312,1.07421875e-02,-86.43750000,-118.62500000,3.21875000e+01
2429,0.48925781,0.72460938,2.35351562e-01,64.06250000,48.34375000,1.57187500e+01
2430,0.05505371,0.34082031,2.85766602e-01,-100.75000000,3.29492188,1.04044922e+02
2431,2.65234375,2.16601562,4.86328125e-01,186.50000000,-139.62500000,3.26125000e+02
2432,3.36718750,3.37304688,5.85937500e-03,-41.00000000,138.62500000,1.79625000e+02
2433,3.29687500,3.55468750,2.57812500e-01,774.00000000,768.50000000,5.50000000e+00
2434,2.93359375,3.00000000,6.64062500e-02,459.00000000,443.25000000,1.57500000e+01
2435,0.73730469,0.91455078,1.77246094e-01,-456.50000000,-304.00000000,1.52500000e+02
2436,2.42578125,2.41210938,1.36718750e-02,-183.62500000,-591.00000000,4.07375000e+02
2437,1.10937500,0.92773438,1.81640625e-01,279.50000000,139.62500000,1.39875000e+02
2438,3.98828125,4.35546875,3.67187500e-01,89.81250000,109.37500000,1.95625000e+01
2439,2.30859375,2.50585938,1.97265625e-01,531.00000000,688.00000000,1.57000000e+02
2440,3.58203125,3.72265625,1.40625000e-01,-693.50000000,-464.75000000,2.28750000e+02
2441,1.59667969,1.48730469,1.09375000e-01,417.00000000,344.75000000,7.22500000e+01
2442,2.04882812,2.64843750,5.99609375e-01,258.25000000,501.50000000,2.43250000e+02
2443,3.12109375,3.27539062,1.54296875e-01,683.50000000,526.50000000,1.57000000e+02
2444,0.90576172,0.88867188,1.70898438e-02,-130.12500000,-111.81250000,1.83125000e+01
2445,1.73242188,1.76757812,3.51562500e-02,-178.75000000,-133.75000000,4.50000000e+01
2446,2.66601562,2.99609375,3.30078125e-01,143.50000000,288.00000000,1.44500000e+02
2447,4.12500000,4.10937500,1.56250000e-02,1348.00000000,1350.00000000,2.00000000e+00
2448,1.42187500,1.33789062,8.39843750e-02,184.12500000,166.00000000,1.81250000e+01
2449,2.52929688,2.52734375,1.95312500e-03,-543.00000000,-523.50000000,1.95000000e+01
2450,2.00585938,2.05078125,4.49218750e-02,526.50000000,459.00000000,6.75000000e+01
2451,0.94042969,0.66796875,2.72460938e-01,289.25000000,71.06250000,2.18187500e+02
2452,1.96875000,2.24609375,2.77343750e-01,-229.50000000,-325.25000000,9.57500000e+01
2453,0.28588867,0.38818359,1.02294922e-01,-628.00000000,-576.00000000,5.20000000e+01
2454,1.25195312,1.16406250,8.78906250e-02,246.62500000,291.25000000,4.46250000e+01
2455,0.51708984,0.61279297,9.57031250e-02,-60.78125000,-71.56250000,1.07812500e+01
2456,2.36523438,1.30859375,1.05664062e+00,854.50000000,378.50000000,4.76000000e+02
2457,3.20507812,3.54492188,3.39843750e-01,579.00000000,785.00000000,2.06000000e+02
2458,1.42773438,1.45996094,3.22265625e-02,336.00000000,494.75000000,1.58750000e+02
2459,1.35644531,1.70996094,3.53515625e-01,-455.50000000,-377.50000000,7.80000000e+01
2460,3.14062500,3.73632812,5.95703125e-01,140.62500000,43.93750000,9.66875000e+01
2461,1.31250000,1.36914062,5.66406250e-02,243.12500000,145.00000000,9.81250000e+01
2462,1.74414062,1.65722656,8.69140625e-02,616.00000000,463.50000000,1.52500000e+02
2463,2.50195312,2.04492188,4.57031250e-01,882.00000000,217.75000000,6.64250000e+02
2464,1.55957031,1.34863281,2.10937500e-01,165.50000000,61.03125000,1.04468750e+02
2465,2.84375000,2.92968750,8.59375000e-02,-349.50000000,-801.00000000,4.51500000e+02
2466,0.14501953,0.16296387,1.79443359e-02,-318.50000000,-532.50000000,2.14000000e+02
2467,0.26464844,0.25219727,1.24511719e-02,-184.87500000,-458.00000000,2.73125000e+02
2468,0.66894531,0.70312500,3.41796875e-02,-493.75000000,-535.00000000,4.12500000e+01
2469,2.78320312,2.49218750,2.91015625e-01,127.93750000,-263.75000000,3.91687500e+02
2470,0.59765625,0.09692383,5.00732422e-01,-439.50000000,-947.00000000,5.07500000e+02
2471,0.67382812,0.56689453,1.06933594e-01,-208.00000000,-183.37500000,2.46250000e+01
2472,1.86523438,1.91503906,4.98046875e-02,-28.81250000,-115.75000000,8.69375000e+01
2473,1.57324219,1.72363281,1.50390625e-01,-616.50000000,-354.00000000,2.62500000e+02
2474,2.15234375,2.61718750,4.64843750e-01,447.25000000,735.50000000,2.88250000e+02
2475,1.31054688,1.61816406,3.07617188e-01,-143.50000000,-212.37500000,6.88750000e+01
2476,5.60937500,5.49218750,1.17187500e-01,1074.00000000,990.00000000,8.40000000e+01
2477,3.25781250,3.46093750,2.03125000e-01,-261.75000000,-27.34375000,2.34406250e+02
2478,0.54296875,0.51318359,2.97851562e-02,-379.00000000,-430.50000000,5.15000000e+01
2479,0.62792969,0.81933594,1.91406250e-01,-23.43750000,122.31250000,1.45750000e+02
2480,0.86572266,0.86132812,4.39453125e-03,393.75000000,321.75000000,7.20000000e+01
2481,2.02539062,1.75000000,2.75390625e-01,224.62500000,-9.76562500,2.34390625e+02
2482,3.62304688,3.61718750,5.85937500e-03,-665.00000000,-257.75000000,4.07250000e+02
2483,1.37402344,1.57812500,2.04101562e-01,-762.00000000,-793.00000000,3.10000000e+01
2484,2.97070312,2.91015625,6.05468750e-02,143.50000000,-82.00000000,2.25500000e+02
2485,1.29882812,2.14648438,8.47656250e-01,463.00000000,868.00000000,4.05000000e+02
2486,1.64062500,1.76757812,1.26953125e-01,-775.50000000,-485.25000000,2.90250000e+02
2487,1.75195312,1.54882812,2.03125000e-01,785.50000000,638.50000000,1.47000000e+02
2488,2.71093750,2.89062500,1.79687500e-01,-332.00000000,-156.25000000,1.75750000e+02
2489,1.53222656,1.71386719,1.81640625e-01,261.25000000,-54.18750000,3.15437500e+02
2490,3.61328125,3.06835938,5.44921875e-01,416.00000000,-231.50000000,6.47500000e+02
2491,0.38891602,0.39941406,1.04980469e-02,-393.00000000,-431.25000000,3.82500000e+01
2492,1.10742188,1.21191406,1.04492188e-01,-510.75000000,-593.50000000,8.27500000e+01
2493,2.30468750,2.69921875,3.94531250e-01,158.25000000,320.25000000,1.62000000e+02
2494,0.17968750,0.24658203,6.68945312e-02,-500.00000000,-310.25000000,1.89750000e+02
2495,1.68164062,1.61230469,6.93359375e-02,-74.68750000,-402.75000000,3.28062500e+02
2496,3.27734375,3.89843750,6.21093750e-01,167.00000000,531.00000000,3.64000000e+02
2497,3.75976562,3.46875000,2.91015625e-01,798.00000000,519.50000000,2.78500000e+02
2498,1.30371094,2.16406250,8.60351562e-01,368.50000000,921.50000000,5.53000000e+02
2499,2.35156250,2.55468750,2.03125000e-01,-698.00000000,-1170.00000000,4.72000000e+02
2500,0.21569824,0.23999023,2.42919922e-02,-444.25000000,-367.75000000,7.65000000e+01
2501,0.75634766,0.81835938,6.20117188e-02,142.37500000,220.25000000,7.78750000e+01
2502,1.66210938,2.31250000,6.50390625e-01,-74.18750000,-185.50000000,1.11312500e+02
2503,1.17968750,1.29199219,1.12304688e-01,262.50000000,531.00000000,2.68500000e+02
2504,0.79687500,0.80419922,7.32421875e-03,294.25000000,191.62500000,1.02625000e+02
2505,0.78417969,0.80322266,1.90429688e-02,308.50000000,309.75000000,1.25000000e+00
2506,0.44409180,0.14660645,2.97485352e-01,-404.75000000,-667.00000000,2.62250000e+02
2507,2.27343750,3.16015625,8.86718750e-01,268.50000000,289.00000000,2.05000000e+01
2508,0.89501953,1.08300781,1.87988281e-01,-505.00000000,-292.50000000,2.12500000e+02
2509,1.51171875,1.97070312,4.58984375e-01,-452.25000000,-374.00000000,7.82500000e+01
2510,1.87695312,2.70312500,8.26171875e-01,-593.00000000,-1023.50000000,4.30500000e+02
2511,1.00585938,1.20019531,1.94335938e-01,-129.87500000,1.46484375,1.31339844e+02
2512,0.49218750,0.61376953,1.21582031e-01,-109.37500000,-8.05468750,1.01320312e+02
2513,1.33984375,1.54492188,2.05078125e-01,7.81250000,43.46875000,3.56562500e+01
2514,0.50488281,0.52734375,2.24609375e-02,-232.37500000,-196.75000000,3.56250000e+01
2515,3.61718750,3.69531250,7.81250000e-02,1312.00000000,1414.00000000,1.02000000e+02
2516,0.38476562,0.64160156,2.56835938e-01,-44.18750000,73.87500000,1.18062500e+02
2517,0.45214844,0.41650391,3.56445312e-02,-56.62500000,-89.37500000,3.27500000e+01
2518,1.21875000,1.61523438,3.96484375e-01,-168.00000000,-69.81250000,9.81875000e+01
2519,1.39257812,1.30273438,8.98437500e-02,-1115.00000000,-807.50000000,3.07500000e+02
2520,0.35327148,0.45019531,9.69238281e-02,-244.00000000,32.34375000,2.76343750e+02
2521,0.68212891,0.79687500,1.14746094e-01,99.37500000,146.50000000,4.71250000e+01
2522,2.04492188,2.25585938,2.10937500e-01,174.75000000,-179.62500000,3.54375000e+02
2523,1.30566406,1.28320312,2.24609375e-02,-861.00000000,-698.00000000,1.63000000e+02
2524,2.11523438,2.83398438,7.18750000e-01,34.18750000,417.00000000,3.82812500e+02
2525,0.40625000,0.68261719,2.76367188e-01,-156.75000000,-11.71875000,1.45031250e+02
2526,3.39453125,3.44140625,4.68750000e-02,491.25000000,466.75000000,2.45000000e+01
2527,3.60546875,3.73437500,1.28906250e-01,-433.50000000,-177.75000000,2.55750000e+02
2528,0.25122070,0.38500977,1.33789062e-01,-262.75000000,-107.81250000,1.54937500e+02
2529,0.76367188,0.59667969,1.66992188e-01,294.75000000,209.12500000,8.56250000e+01
2530,0.15673828,0.12133789,3.54003906e-02,-358.25000000,-409.75000000,5.15000000e+01
2531,1.13476562,1.06640625,6.83593750e-02,-340.75000000,-519.50000000,1.78750000e+02
2532,3.07031250,3.11718750,4.68750000e-02,232.37500000,175.75000000,5.66250000e+01
2533,2.91796875,2.68945312,2.28515625e-01,602.50000000,380.25000000,2.22250000e+02
2534,1.95312500,2.38867188,4.35546875e-01,-582.00000000,-409.25000000,1.72750000e+02
2535,1.21386719,1.17382812,4.00390625e-02,164.50000000,163.87500000,6.25000000e-01
2536,2.45898438,2.25390625,2.05078125e-01,78.12500000,-187.50000000,2.65625000e+02
2537,0.37475586,0.51562500,1.40869141e-01,-246.75000000,-192.37500000,5.43750000e+01
2538,4.05078125,4.25000000,1.99218750e-01,893.50000000,633.00000000,2.60500000e+02
2539,1.22656250,1.39062500,1.64062500e-01,-156.25000000,-220.25000000,6.40000000e+01
2540,3.23437500,3.98437500,7.50000000e-01,103.50000000,486.25000000,3.82750000e+02
2541,1.31835938,0.79785156,5.20507812e-01,377.00000000,253.87500000,1.23125000e+02
2542,1.10058594,2.03320312,9.32617188e-01,200.25000000,342.25000000,1.42000000e+02
2543,1.93164062,2.25390625,3.22265625e-01,-68.37500000,169.87500000,2.38250000e+02
2544,0.99511719,1.17382812,1.78710938e-01,124.75000000,-37.09375000,1.61843750e+02
2545,1.04101562,1.77441406,7.33398438e-01,-318.75000000,196.25000000,5.15000000e+02
2546,2.31835938,2.56445312,2.46093750e-01,-444.25000000,-272.50000000,1.71750000e+02
2547,2.02539062,2.82226562,7.96875000e-01,-352.50000000,-95.68750000,2.56812500e+02
2548,0.46826172,0.42504883,4.32128906e-02,-251.00000000,-407.25000000,1.56250000e+02
2549,2.13476562,2.17578125,4.10156250e-02,-855.50000000,-1580.00000000,7.24500000e+02
2550,0.48657227,0.96484375,4.78271484e-01,-81.93750000,117.18750000,1.99125000e+02
2551,0.56054688,0.81347656,2.52929688e-01,-25.87500000,43.93750000,6.98125000e+01
2552,2.11718750,2.11914062,1.95312500e-03,170.87500000,11.71875000,1.59156250e+02
2553,0.55566406,0.67919922,1.23535156e-01,-280.75000000,-161.87500000,1.18875000e+02
2554,1.01562500,0.89257812,1.23046875e-01,186.25000000,187.75000000,1.50000000e+00
2555,0.22351074,0.24072266,1.72119141e-02,-766.00000000,-722.50000000,4.35000000e+01
2556,2.10937500,0.70996094,1.39941406e+00,987.00000000,311.00000000,6.76000000e+02
2557,1.92968750,2.33203125,4.02343750e-01,581.50000000,329.50000000,2.52000000e+02
2558,1.52148438,0.96386719,5.57617188e-01,447.00000000,39.31250000,4.07687500e+02
2559,1.75292969,1.86132812,1.08398438e-01,244.12500000,72.25000000,1.71875000e+02
2560,1.81640625,1.53906250,2.77343750e-01,-794.00000000,-957.00000000,1.63000000e+02
2561,0.31347656,0.80664062,4.93164062e-01,-728.00000000,-329.00000000,3.99000000e+02
2562,0.53906250,0.61572266,7.66601562e-02,-108.37500000,-257.50000000,1.49125000e+02
2563,1.76367188,2.12890625,3.65234375e-01,50.28125000,19.53125000,3.07500000e+01
2564,0.33618164,0.74072266,4.04541016e-01,-1623.00000000,-982.50000000,6.40500000e+02
2565,2.40234375,2.86523438,4.62890625e-01,73.25000000,25.39062500,4.78593750e+01
2566,0.29589844,0.19140625,1.04492188e-01,-271.50000000,-385.25000000,1.13750000e+02
2567,0.48632812,0.45312500,3.32031250e-02,-45.90625000,-40.78125000,5.12500000e+00
2568,1.15429688,1.74414062,5.89843750e-01,97.87500000,193.37500000,9.55000000e+01
2569,1.81640625,2.09765625,2.81250000e-01,-750.00000000,-1068.00000000,3.18000000e+02
2570,0.37109375,0.51464844,1.43554688e-01,-19.78125000,99.75000000,1.19531250e+02
2571,0.87792969,1.12109375,2.43164062e-01,-45.40625000,-57.62500000,1.22187500e+01
2572,1.22460938,1.76074219,5.36132812e-01,-349.00000000,-314.00000000,3.50000000e+01
2573,2.30078125,2.24609375,5.46875000e-02,207.00000000,195.75000000,1.12500000e+01
2574,1.66601562,2.32421875,6.58203125e-01,275.00000000,578.50000000,3.03500000e+02
2575,0.83105469,1.17968750,3.48632812e-01,-431.75000000,37.59375000,4.69343750e+02
2576,2.94531250,3.62304688,6.77734375e-01,243.12500000,683.50000000,4.40375000e+02
2577,3.03710938,4.06640625,1.02929688e+00,-104.50000000,437.50000000,5.42000000e+02
2578,0.68164062,0.92333984,2.41699219e-01,-144.75000000,49.06250000,1.93812500e+02
2579,0.54736328,0.69628906,1.48925781e-01,72.25000000,102.87500000,3.06250000e+01
2580,0.49755859,0.54882812,5.12695312e-02,-435.25000000,-430.75000000,4.50000000e+00
2581,1.29589844,1.16796875,1.27929688e-01,-206.50000000,-408.75000000,2.02250000e+02
2582,3.62890625,3.21289062,4.16015625e-01,900.00000000,604.50000000,2.95500000e+02
2583,2.44726562,2.56054688,1.13281250e-01,460.50000000,383.25000000,7.72500000e+01
2584,3.40429688,2.88476562,5.19531250e-01,441.50000000,409.25000000,3.22500000e+01
2585,1.80566406,1.93261719,1.26953125e-01,324.75000000,413.50000000,8.87500000e+01
2586,1.78320312,1.97460938,1.91406250e-01,-124.00000000,-285.25000000,1.61250000e+02
2587,0.66015625,1.04785156,3.87695312e-01,58.09375000,142.87500000,8.47812500e+01
2588,2.47265625,3.31250000,8.39843750e-01,294.00000000,365.25000000,7.12500000e+01
2589,0.51269531,1.00390625,4.91210938e-01,-531.50000000,-330.00000000,2.01500000e+02
2590,3.97851562,4.64062500,6.62109375e-01,727.50000000,642.50000000,8.50000000e+01
2591,2.00000000,2.00781250,7.81250000e-03,985.50000000,977.50000000,8.00000000e+00
2592,1.87597656,2.34960938,4.73632812e-01,-62.00000000,-127.93750000,6.59375000e+01
2593,2.00000000,2.55468750,5.54687500e-01,401.75000000,663.50000000,2.61750000e+02
2594,0.81787109,1.00585938,1.87988281e-01,-56.40625000,41.75000000,9.81562500e+01
2595,0.95996094,1.87792969,9.17968750e-01,104.00000000,548.00000000,4.44000000e+02
2596,1.46777344,1.45019531,1.75781250e-02,-1039.00000000,-877.50000000,1.61500000e+02
2597,2.01757812,2.44335938,4.25781250e-01,137.75000000,318.25000000,1.80500000e+02
2598,0.76220703,1.12304688,3.60839844e-01,-559.50000000,-451.25000000,1.08250000e+02
2599,1.92773438,2.08398438,1.56250000e-01,-101.56250000,173.37500000,2.74937500e+02
2600,1.16210938,0.38110352,7.81005859e-01,304.25000000,-156.87500000,4.61125000e+02
2601,0.87548828,0.81982422,5.56640625e-02,-282.50000000,-366.00000000,8.35000000e+01
2602,1.23632812,1.44726562,2.10937500e-01,-277.25000000,-348.75000000,7.15000000e+01
2603,1.22851562,1.71875000,4.90234375e-01,200.25000000,542.00000000,3.41750000e+02
2604,0.61230469,0.62646484,1.41601562e-02,115.25000000,-47.84375000,1.63093750e+02
2605,0.07641602,0.16186523,8.54492188e-02,-861.50000000,-747.00000000,1.14500000e+02
2606,0.63476562,0.82031250,1.85546875e-01,193.37500000,279.75000000,8.63750000e+01
2607,1.65136719,1.88671875,2.35351562e-01,311.00000000,466.25000000,1.55250000e+02
2608,0.36132812,0.75390625,3.92578125e-01,51.03125000,153.37500000,1.02343750e+02
2609,1.53808594,1.41210938,1.25976562e-01,188.50000000,-151.87500000,3.40375000e+02
2610,2.98632812,3.34179688,3.55468750e-01,208.00000000,405.25000000,1.97250000e+02
2611,0.62207031,0.40258789,2.19482422e-01,-588.50000000,-1023.50000000,4.35000000e+02
2612,1.09570312,0.88671875,2.08984375e-01,274.50000000,-104.50000000,3.79000000e+02
2613,0.83300781,0.83740234,4.39453125e-03,-208.50000000,-146.75000000,6.17500000e+01
2614,0.91992188,1.38085938,4.60937500e-01,139.87500000,-53.21875000,1.93093750e+02
2615,1.93652344,1.85546875,8.10546875e-02,414.00000000,179.62500000,2.34375000e+02
2616,0.53710938,1.20898438,6.71875000e-01,7.07812500,353.00000000,3.45921875e+02
2617,0.56347656,0.58105469,1.75781250e-02,-164.00000000,-95.00000000,6.90000000e+01
2618,1.04882812,1.34082031,2.91992188e-01,363.75000000,595.50000000,2.31750000e+02
2619,1.57421875,1.55175781,2.24609375e-02,-572.50000000,-413.50000000,1.59000000e+02
2620,0.79443359,0.26342773,5.31005859e-01,369.75000000,117.56250000,2.52187500e+02
2621,0.44677734,0.22863770,2.18139648e-01,-564.50000000,-421.00000000,1.43500000e+02
2622,1.07812500,1.34179688,2.63671875e-01,-286.25000000,-301.75000000,1.55000000e+01
2623,1.14257812,1.59277344,4.50195312e-01,-145.00000000,-46.37500000,9.86250000e+01
2624,1.04003906,2.04492188,1.00488281e+00,-695.00000000,-182.62500000,5.12375000e+02
2625,0.94433594,1.12207031,1.77734375e-01,-16.59375000,-367.75000000,3.51156250e+02
2626,2.47460938,2.64062500,1.66015625e-01,-195.25000000,85.93750000,2.81187500e+02
2627,2.04296875,1.00488281,1.03808594e+00,-102.56250000,-785.50000000,6.82937500e+02
2628,0.53222656,0.60498047,7.27539062e-02,220.50000000,141.12500000,7.93750000e+01
2629,0.88378906,0.70996094,1.73828125e-01,365.75000000,279.25000000,8.65000000e+01
2630,0.51269531,0.99609375,4.83398438e-01,157.62500000,478.50000000,3.20875000e+02
2631,1.03613281,0.84179688,1.94335938e-01,-65.93750000,53.21875000,1.19156250e+02
2632,1.31445312,1.89746094,5.83007812e-01,-966.00000000,-1011.50000000,4.55000000e+01
2633,1.34570312,1.67382812,3.28125000e-01,-254.37500000,270.00000000,5.24375000e+02
2634,2.54101562,3.11718750,5.76171875e-01,90.81250000,545.00000000,4.54187500e+02
2635,0.50097656,1.07617188,5.75195312e-01,-907.50000000,-7.81250000,8.99687500e+02
2636,3.58203125,3.63281250,5.07812500e-02,1254.00000000,782.00000000,4.72000000e+02
2637,1.28515625,1.99218750,7.07031250e-01,378.00000000,840.00000000,4.62000000e+02
2638,3.50000000,3.65234375,1.52343750e-01,555.50000000,390.50000000,1.65000000e+02
2639,0.65039062,1.16308594,5.12695312e-01,38.09375000,127.43750000,8.93437500e+01
2640,2.30078125,2.37890625,7.81250000e-02,-1115.00000000,-1463.00000000,3.48000000e+02
2641,1.58105469,1.16015625,4.20898438e-01,658.50000000,484.25000000,1.74250000e+02
2642,1.33105469,2.28515625,9.54101562e-01,-55.18750000,115.25000000,1.70437500e+02
2643,1.53515625,1.49804688,3.71093750e-02,83.50000000,107.43750000,2.39375000e+01
2644,0.74414062,1.42285156,6.78710938e-01,247.37500000,561.50000000,3.14125000e+02
2645,0.55273438,0.84960938,2.96875000e-01,-467.25000000,-324.25000000,1.43000000e+02
2646,1.37011719,1.70117188,3.31054688e-01,-11.71875000,150.37500000,1.62093750e+02
2647,2.56445312,2.31445312,2.50000000e-01,402.25000000,91.81250000,3.10437500e+02
2648,0.82177734,0.48022461,3.41552734e-01,-341.00000000,-866.00000000,5.25000000e+02
2649,4.04296875,3.06445312,9.78515625e-01,1125.00000000,507.75000000,6.17250000e+02
2650,0.45336914,0.41210938,4.12597656e-02,154.00000000,179.62500000,2.56250000e+01
2651,1.14941406,0.74023438,4.09179688e-01,-276.75000000,-526.50000000,2.49750000e+02
2652,3.05273438,2.25390625,7.98828125e-01,528.50000000,282.75000000,2.45750000e+02
2653,1.12304688,0.83886719,2.84179688e-01,97.18750000,63.46875000,3.37187500e+01
2654,0.88574219,0.87548828,1.02539062e-02,323.50000000,349.00000000,2.55000000e+01
2655,0.26269531,0.29980469,3.71093750e-02,-88.12500000,-85.93750000,2.18750000e+00
2656,0.92041016,1.13574219,2.15332031e-01,319.75000000,488.75000000,1.69000000e+02
2657,0.52832031,0.66455078,1.36230469e-01,-109.87500000,-115.93750000,6.06250000e+00
2658,0.52197266,0.67919922,1.57226562e-01,-148.62500000,-386.50000000,2.37875000e+02
2659,1.73632812,2.19531250,4.58984375e-01,490.00000000,756.00000000,2.66000000e+02
2660,3.44921875,3.92578125,4.76562500e-01,-552.50000000,-507.75000000,4.47500000e+01
2661,0.32275391,0.23852539,8.42285156e-02,-264.50000000,-341.25000000,7.67500000e+01
2662,0.84863281,0.64648438,2.02148438e-01,163.37500000,71.75000000,9.16250000e+01
2663,0.59570312,0.80908203,2.13378906e-01,-58.09375000,-23.92187500,3.41718750e+01
2664,0.81787109,1.24218750,4.24316406e-01,-349.75000000,-65.43750000,2.84312500e+02
2665,1.31250000,1.40820312,9.57031250e-02,-296.00000000,-764.50000000,4.68500000e+02
2666,0.56738281,0.58056641,1.31835938e-02,173.50000000,118.62500000,5.48750000e+01
2667,0.64599609,0.77978516,1.33789062e-01,254.87500000,297.25000000,4.23750000e+01
2668,0.52001953,0.90039062,3.80371094e-01,-317.75000000,-42.00000000,2.75750000e+02
2669,1.78808594,1.48046875,3.07617188e-01,-35.65625000,-541.00000000,5.05343750e+02
2670,0.63964844,0.69042969,5.07812500e-02,272.75000000,285.25000000,1.25000000e+01
2671,0.19873047,0.59033203,3.91601562e-01,-518.50000000,-128.62500000,3.89875000e+02
2672,0.81152344,0.91845703,1.06933594e-01,-23.43750000,-48.09375000,2.46562500e+01
2673,1.17968750,1.34863281,1.68945312e-01,-152.37500000,36.12500000,1.88500000e+02
2674,1.29394531,1.24121094,5.27343750e-02,-289.50000000,-303.25000000,1.37500000e+01
2675,1.37792969,1.31542969,6.25000000e-02,602.00000000,532.50000000,6.95000000e+01
2676,3.79492188,5.18359375,1.38867188e+00,345.75000000,1583.00000000,1.23725000e+03
2677,3.39843750,3.78320312,3.84765625e-01,184.62500000,691.50000000,5.06875000e+02
2678,1.32128906,1.53417969,2.12890625e-01,639.00000000,707.50000000,6.85000000e+01
2679,0.36572266,0.38476562,1.90429688e-02,-17.82812500,25.87500000,4.37031250e+01
2680,0.40917969,0.59960938,1.90429688e-01,-73.50000000,150.50000000,2.24000000e+02
2681,1.55664062,1.16015625,3.96484375e-01,126.93750000,105.43750000,2.15000000e+01
2682,1.36523438,1.39746094,3.22265625e-02,-399.50000000,-723.00000000,3.23500000e+02
2683,2.38671875,2.71484375,3.28125000e-01,1087.00000000,1155.00000000,6.80000000e+01
2684,4.32031250,3.28125000,1.03906250e+00,1647.00000000,890.00000000,7.57000000e+02
2685,0.46533203,0.77832031,3.12988281e-01,-88.12500000,81.31250000,1.69437500e+02
2686,0.83398438,1.03125000,1.97265625e-01,-516.50000000,-529.50000000,1.30000000e+01
2687,0.55566406,1.31054688,7.54882812e-01,-110.81250000,129.87500000,2.40687500e+02
2688,2.25195312,2.57031250,3.18359375e-01,142.12500000,117.18750000,2.49375000e+01
2689,0.94433594,1.40625000,4.61914062e-01,-161.62500000,242.87500000,4.04500000e+02
2690,3.51953125,4.18750000,6.67968750e-01,442.50000000,1144.00000000,7.01500000e+02
2691,1.11328125,0.67871094,4.34570312e-01,417.75000000,151.37500000,2.66375000e+02
2692,0.60595703,1.06542969,4.59472656e-01,-245.87500000,-132.37500000,1.13500000e+02
2693,1.21484375,1.54101562,3.26171875e-01,40.03125000,-62.50000000,1.02531250e+02
2694,0.77539062,1.07421875,2.98828125e-01,64.18750000,177.25000000,1.13062500e+02
2695,0.83886719,0.77587891,6.29882812e-02,-697.00000000,-1067.00000000,3.70000000e+02
2696,1.34765625,1.40039062,5.27343750e-02,-771.50000000,-729.50000000,4.20000000e+01
2697,0.88769531,1.32226562,4.34570312e-01,-268.00000000,-52.71875000,2.15281250e+02
2698,0.53906250,0.53857422,4.88281250e-04,-663.50000000,-119.12500000,5.44375000e+02
2699,3.17773438,3.62109375,4.43359375e-01,488.25000000,566.50000000,7.82500000e+01
2700,0.59912109,0.43188477,1.67236328e-01,254.87500000,194.75000000,6.01250000e+01
2701,0.80468750,0.72753906,7.71484375e-02,100.56250000,-190.87500000,2.91437500e+02
2702,1.08496094,1.46679688,3.81835938e-01,67.87500000,363.25000000,2.95375000e+02
2703,0.55712891,0.35693359,2.00195312e-01,-33.93750000,-186.00000000,1.52062500e+02
2704,1.05957031,0.93603516,1.23535156e-01,404.75000000,383.75000000,2.10000000e+01
2705,0.27783203,0.15087891,1.26953125e-01,-7.69140625,-147.62500000,1.39933594e+02
2706,2.83593750,1.82421875,1.01171875e+00,1337.00000000,334.50000000,1.00250000e+03
2707,1.08886719,1.24804688,1.59179688e-01,-297.75000000,-119.12500000,1.78625000e+02
2708,0.09753418,0.18920898,9.16748047e-02,-73.06250000,-329.00000000,2.55937500e+02
2709,2.17187500,2.02734375,1.44531250e-01,644.00000000,369.75000000,2.74250000e+02
2710,4.21875000,4.07031250,1.48437500e-01,1083.00000000,1236.00000000,1.53000000e+02
2711,1.11816406,1.83300781,7.14843750e-01,-3.41796875,112.81250000,1.16230469e+02
2712,0.13244629,0.48999023,3.57543945e-01,-260.25000000,-129.25000000,1.31000000e+02
2713,0.44848633,0.36376953,8.47167969e-02,-33.31250000,-301.50000000,2.68187500e+02
2714,0.45703125,0.67285156,2.15820312e-01,-434.00000000,-223.62500000,2.10375000e+02
2715,0.98730469,1.20312500,2.15820312e-01,-500.00000000,-270.50000000,2.29500000e+02
2716,1.57519531,1.87402344,2.98828125e-01,765.50000000,923.00000000,1.57500000e+02
2717,0.51074219,0.39550781,1.15234375e-01,116.56250000,-23.07812500,1.39640625e+02
2718,0.74169922,1.06445312,3.22753906e-01,-176.50000000,180.37500000,3.56875000e+02
2719,2.26757812,2.57812500,3.10546875e-01,406.25000000,430.75000000,2.45000000e+01
2720,0.42456055,0.59960938,1.75048828e-01,-60.90625000,-162.37500000,1.01468750e+02
2721,1.11035156,0.89111328,2.19238281e-01,22.95312500,26.60937500,3.65625000e+00
2722,0.75585938,0.81445312,5.85937500e-02,62.00000000,120.12500000,5.81250000e+01
2723,3.54101562,3.35351562,1.87500000e-01,1151.00000000,1105.00000000,4.60000000e+01
2724,1.12988281,1.62890625,4.99023438e-01,-442.75000000,193.87500000,6.36625000e+02
2725,0.20703125,0.36230469,1.55273438e-01,-257.75000000,-380.75000000,1.23000000e+02
2726,2.18554688,2.64062500,4.55078125e-01,117.18750000,893.50000000,7.76312500e+02
2727,2.14453125,2.69726562,5.52734375e-01,104.50000000,391.50000000,2.87000000e+02
2728,0.21606445,0.33447266,1.18408203e-01,-140.75000000,30.15625000,1.70906250e+02
2729,0.05426025,0.05294800,1.31225586e-03,-478.75000000,-606.50000000,1.27750000e+02
2730,1.20117188,0.88671875,3.14453125e-01,535.50000000,389.25000000,1.46250000e+02
2731,1.49023438,1.66992188,1.79687500e-01,402.50000000,586.00000000,1.83500000e+02
2732,2.03320312,1.65429688,3.78906250e-01,273.00000000,137.75000000,1.35250000e+02
2733,0.55468750,0.44848633,1.06201172e-01,-517.00000000,-603.50000000,8.65000000e+01
2734,2.28906250,2.00585938,2.83203125e-01,-97.62500000,-190.37500000,9.27500000e+01
2735,0.42651367,1.09960938,6.73095703e-01,2.80664062,258.50000000,2.55693359e+02
2736,2.06250000,2.31640625,2.53906250e-01,200.25000000,94.75000000,1.05500000e+02
2737,0.26025391,0.71533203,4.55078125e-01,27.21875000,130.37500000,1.03156250e+02
2738,2.26953125,2.28710938,1.75781250e-02,-215.87500000,-568.50000000,3.52625000e+02
2739,1.66699219,1.70019531,3.32031250e-02,217.75000000,210.50000000,7.25000000e+00
2740,3.01953125,2.21875000,8.00781250e-01,185.50000000,-119.12500000,3.04625000e+02
2741,0.06048584,0.27392578,2.13439941e-01,-395.25000000,-423.50000000,2.82500000e+01
2742,0.63623047,0.73730469,1.01074219e-01,-544.00000000,-805.00000000,2.61000000e+02
2743,0.51806641,0.93457031,4.16503906e-01,-1511.00000000,-827.50000000,6.83500000e+02
2744,0.15014648,0.50585938,3.55712891e-01,-252.50000000,-324.75000000,7.22500000e+01
2745,1.51757812,1.31738281,2.00195312e-01,-147.00000000,-361.75000000,2.14750000e+02
2746,1.58886719,1.02050781,5.68359375e-01,160.62500000,-176.25000000,3.36875000e+02
2747,1.34375000,0.54394531,7.99804688e-01,-368.25000000,-924.50000000,5.56250000e+02
2748,0.82714844,1.47070312,6.43554688e-01,-95.18750000,353.50000000,4.48687500e+02
2749,3.01367188,3.16601562,1.52343750e-01,-231.50000000,-296.00000000,6.45000000e+01
2750,1.44335938,1.08398438,3.59375000e-01,672.00000000,532.50000000,1.39500000e+02
2751,0.78417969,0.15039062,6.33789062e-01,134.75000000,-73.87500000,2.08625000e+02
2752,0.82080078,0.87890625,5.81054688e-02,77.62500000,17.82812500,5.97968750e+01
2753,0.25244141,0.37182617,1.19384766e-01,-922.00000000,-626.00000000,2.96000000e+02
2754,0.25561523,0.29956055,4.39453125e-02,-186.12500000,-233.00000000,4.68750000e+01
2755,0.10302734,0.03576660,6.72607422e-02,-162.87500000,-339.25000000,1.76375000e+02
2756,0.06494141,0.14929199,8.43505859e-02,-93.00000000,-112.12500000,1.91250000e+01
2757,2.10742188,2.62695312,5.19531250e-01,925.50000000,1031.00000000,1.05500000e+02
2758,0.22644043,0.35888672,1.32446289e-01,50.00000000,53.71875000,3.71875000e+00
2759,0.36962891,0.74316406,3.73535156e-01,-266.25000000,-189.50000000,7.67500000e+01
2760,0.85644531,1.88964844,1.03320312e+00,-522.00000000,-262.25000000,2.59750000e+02
2761,0.22607422,0.81347656,5.87402344e-01,-834.00000000,-588.50000000,2.45500000e+02
2762,0.14990234,0.26000977,1.10107422e-01,-181.62500000,-427.25000000,2.45625000e+02
2763,1.20019531,0.78222656,4.17968750e-01,215.62500000,-243.12500000,4.58750000e+02
2764,1.30078125,1.25781250,4.29687500e-02,589.00000000,388.00000000,2.01000000e+02
2765,0.70507812,0.38085938,3.24218750e-01,-300.25000000,-734.50000000,4.34250000e+02
2766,1.05566406,1.10644531,5.07812500e-02,519.50000000,544.00000000,2.45000000e+01
2767,0.21765137,0.62304688,4.05395508e-01,13.49218750,207.25000000,1.93757812e+02
2768,1.43652344,1.14257812,2.93945312e-01,657.00000000,505.25000000,1.51750000e+02
2769,0.96142578,1.44921875,4.87792969e-01,-272.25000000,-129.37500000,1.42875000e+02
2770,0.21813965,0.27978516,6.16455078e-02,82.50000000,10.50000000,7.20000000e+01
2771,0.67626953,0.48095703,1.95312500e-01,300.00000000,96.31250000,2.03687500e+02
2772,0.38720703,0.36279297,2.44140625e-02,-516.50000000,-434.75000000,8.17500000e+01
2773,2.32421875,1.20117188,1.12304688e+00,981.00000000,378.50000000,6.02500000e+02
2774,0.81640625,0.81152344,4.88281250e-03,-0.48828125,-222.12500000,2.21636719e+02
2775,0.07025146,0.15161133,8.13598633e-02,-139.50000000,-145.12500000,5.62500000e+00
2776,1.28125000,0.60644531,6.74804688e-01,-953.00000000,-880.50000000,7.25000000e+01
2777,1.99218750,2.30273438,3.10546875e-01,589.00000000,651.50000000,6.25000000e+01
2778,0.01262665,0.25488281,2.42256165e-01,-125.87500000,-27.21875000,9.86562500e+01
2779,0.04553223,0.05480957,9.27734375e-03,-89.68750000,-221.37500000,1.31687500e+02
2780,0.14404297,0.47534180,3.31298828e-01,4.14843750,5.61328125,1.46484375e+00
2781,0.64355469,0.72851562,8.49609375e-02,68.87500000,-36.87500000,1.05750000e+02
2782,0.70214844,1.65429688,9.52148438e-01,-691.00000000,429.25000000,1.12025000e+03
2783,1.05859375,0.57861328,4.79980469e-01,-292.50000000,-764.50000000,4.72000000e+02
2784,1.90917969,1.73828125,1.70898438e-01,35.65625000,424.75000000,3.89093750e+02
2785,0.37402344,0.45605469,8.20312500e-02,-130.87500000,-29.54687500,1.01328125e+02
2786,2.59375000,1.34179688,1.25195312e+00,619.00000000,74.68750000,5.44312500e+02
2787,0.38549805,0.74121094,3.55712891e-01,-20.39062500,39.06250000,5.94531250e+01
2788,2.03320312,2.46679688,4.33593750e-01,-161.12500000,147.50000000,3.08625000e+02
2789,1.14843750,1.44531250,2.96875000e-01,-122.06250000,21.96875000,1.44031250e+02
2790,3.08984375,3.57031250,4.80468750e-01,698.00000000,1363.00000000,6.65000000e+02
2791,0.37963867,0.66210938,2.82470703e-01,-460.00000000,-243.12500000,2.16875000e+02
2792,2.00390625,1.25781250,7.46093750e-01,473.25000000,237.25000000,2.36000000e+02
2793,1.21191406,1.36132812,1.49414062e-01,-50.28125000,133.75000000,1.84031250e+02
2794,0.02522278,0.07189941,4.66766357e-02,-122.75000000,-377.75000000,2.55000000e+02
2795,0.37060547,0.62158203,2.50976562e-01,-402.00000000,-228.25000000,1.73750000e+02
2796,1.64843750,1.46289062,1.85546875e-01,-56.15625000,-447.25000000,3.91093750e+02
2797,1.72558594,1.86230469,1.36718750e-01,700.50000000,664.50000000,3.60000000e+01
2798,0.92333984,1.08789062,1.64550781e-01,357.25000000,287.00000000,7.02500000e+01
2799,2.55859375,3.54687500,9.88281250e-01,209.00000000,935.00000000,7.26000000e+02
2800,0.00669098,0.03295898,2.62680054e-02,-220.37500000,-446.75000000,2.26375000e+02
2801,0.65820312,0.74414062,8.59375000e-02,20.26562500,206.62500000,1.86359375e+02
2802,1.14746094,1.73242188,5.84960938e-01,-503.50000000,388.00000000,8.91500000e+02
2803,0.26831055,0.20996094,5.83496094e-02,-1552.00000000,-1770.00000000,2.18000000e+02
2804,0.10693359,0.08599854,2.09350586e-02,-349.50000000,-516.50000000,1.67000000e+02
2805,0.33642578,1.04199219,7.05566406e-01,-36.37500000,404.00000000,4.40375000e+02
2806,0.37500000,0.05996704,3.15032959e-01,-675.00000000,-588.00000000,8.70000000e+01
2807,2.38671875,1.87011719,5.16601562e-01,681.50000000,-98.12500000,7.79625000e+02
2808,0.23278809,0.25122070,1.84326172e-02,-57.93750000,-367.25000000,3.09312500e+02
2809,1.16796875,1.23046875,6.25000000e-02,293.00000000,46.87500000,2.46125000e+02
2810,1.45703125,1.16796875,2.89062500e-01,-890.50000000,-419.00000000,4.71500000e+02
2811,0.83007812,0.69042969,1.39648438e-01,-366.25000000,-729.00000000,3.62750000e+02
2812,0.51953125,0.49975586,1.97753906e-02,-38.34375000,47.84375000,8.61875000e+01
2813,1.34863281,1.96972656,6.21093750e-01,425.00000000,745.00000000,3.20000000e+02
2814,0.59472656,1.45117188,8.56445312e-01,19.28125000,421.00000000,4.01718750e+02
2815,2.09375000,2.94531250,8.51562500e-01,796.00000000,1373.00000000,5.77000000e+02
2816,0.99316406,0.32495117,6.68212891e-01,408.00000000,69.31250000,3.38687500e+02
2817,0.53906250,0.23303223,3.06030273e-01,81.43750000,-151.62500000,2.33062500e+02
2818,0.18310547,0.34375000,1.60644531e-01,-255.87500000,-3.90625000,2.51968750e+02
2819,2.05468750,1.58398438,4.70703125e-01,-279.25000000,-340.75000000,6.15000000e+01
2820,0.07714844,0.49291992,4.15771484e-01,-276.25000000,61.53125000,3.37781250e+02
2821,0.22692871,0.61328125,3.86352539e-01,54.12500000,271.50000000,2.17375000e+02
2822,1.84960938,1.25488281,5.94726562e-01,760.50000000,483.25000000,2.77250000e+02
2823,1.92089844,1.12402344,7.96875000e-01,424.25000000,-209.50000000,6.33750000e+02
2824,1.03320312,0.78173828,2.51464844e-01,224.62500000,-225.87500000,4.50500000e+02
2825,1.54589844,1.45996094,8.59375000e-02,697.50000000,463.00000000,2.34500000e+02
2826,0.29687500,0.13134766,1.65527344e-01,-1503.00000000,-1763.00000000,2.60000000e+02
2827,1.82226562,2.54101562,7.18750000e-01,-342.75000000,-587.00000000,2.44250000e+02
2828,0.07324219,0.35351562,2.80273438e-01,-252.25000000,-512.50000000,2.60250000e+02
2829,0.11022949,0.08392334,2.63061523e-02,-63.84375000,-147.25000000,8.34062500e+01
2830,0.26855469,0.45947266,1.90917969e-01,-196.50000000,65.18750000,2.61687500e+02
2831,1.15039062,0.58691406,5.63476562e-01,226.12500000,52.96875000,1.73156250e+02
2832,4.46484375,3.87109375,5.93750000e-01,2029.00000000,1735.00000000,2.94000000e+02
2833,1.36328125,0.34228516,1.02099609e+00,291.00000000,-226.50000000,5.17500000e+02
2834,2.81054688,2.33203125,4.78515625e-01,400.50000000,340.75000000,5.97500000e+01
2835,0.47021484,0.54199219,7.17773438e-02,98.37500000,206.00000000,1.07625000e+02
2836,3.31835938,1.98242188,1.33593750e+00,865.00000000,431.25000000,4.33750000e+02
2837,0.84082031,1.04882812,2.08007812e-01,109.12500000,-130.87500000,2.40000000e+02
2838,1.50390625,2.46484375,9.60937500e-01,409.75000000,903.50000000,4.93750000e+02
2839,0.50732422,0.51953125,1.22070312e-02,-452.00000000,-553.50000000,1.01500000e+02
2840,3.65820312,2.55078125,1.10742188e+00,1285.00000000,830.00000000,4.55000000e+02
2841,1.40234375,1.42187500,1.95312500e-02,651.50000000,482.75000000,1.68750000e+02
2842,2.11718750,1.59179688,5.25390625e-01,607.50000000,-12.20312500,6.19703125e+02
2843,2.38671875,2.95312500,5.66406250e-01,471.25000000,1069.00000000,5.97750000e+02
2844,0.58203125,1.04980469,4.67773438e-01,-885.00000000,-434.00000000,4.51000000e+02
2845,0.59326172,0.36743164,2.25830078e-01,163.75000000,-157.62500000,3.21375000e+02
2846,0.96630859,1.12304688,1.56738281e-01,-966.00000000,-756.00000000,2.10000000e+02
2847,1.52343750,1.69531250,1.71875000e-01,128.87500000,608.50000000,4.79625000e+02
2848,1.73535156,1.37011719,3.65234375e-01,751.50000000,614.50000000,1.37000000e+02
2849,2.09179688,1.63574219,4.56054688e-01,-1149.00000000,-1076.00000000,7.30000000e+01
2850,0.42407227,0.37597656,4.80957031e-02,44.90625000,81.25000000,3.63437500e+01
2851,1.40429688,1.13769531,2.66601562e-01,612.00000000,430.50000000,1.81500000e+02
2852,0.48535156,0.20434570,2.81005859e-01,-134.50000000,-217.37500000,8.28750000e+01
2853,1.79492188,0.44287109,1.35205078e+00,709.50000000,-134.00000000,8.43500000e+02
2854,0.63037109,0.44506836,1.85302734e-01,300.25000000,193.25000000,1.07000000e+02
2855,0.10888672,0.08477783,2.41088867e-02,-112.31250000,-164.12500000,5.18125000e+01
2856,1.52441406,1.38769531,1.36718750e-01,527.50000000,647.50000000,1.20000000e+02
2857,2.72070312,0.78222656,1.93847656e+00,753.00000000,105.93750000,6.47062500e+02
2858,0.71093750,1.36621094,6.55273438e-01,259.75000000,254.12500000,5.62500000e+00
2859,0.89843750,1.22070312,3.22265625e-01,141.12500000,453.00000000,3.11875000e+02
2860,0.51953125,0.32250977,1.97021484e-01,-908.00000000,-1482.00000000,5.74000000e+02
2861,1.43945312,1.02636719,4.13085938e-01,494.00000000,402.25000000,9.17500000e+01
2862,1.17187500,1.29785156,1.25976562e-01,572.00000000,573.00000000,1.00000000e+00
2863,1.26660156,1.92773438,6.61132812e-01,419.00000000,917.00000000,4.98000000e+02
2864,0.72900391,1.53027344,8.01269531e-01,55.90625000,651.00000000,5.95093750e+02
2865,0.41088867,0.15039062,2.60498047e-01,-315.00000000,-44.43750000,2.70562500e+02
2866,0.15075684,0.08978271,6.09741211e-02,-462.25000000,-261.50000000,2.00750000e+02
2867,0.21093750,0.63037109,4.19433594e-01,-367.75000000,153.37500000,5.21125000e+02
2868,0.39941406,1.51953125,1.12011719e+00,-223.87500000,529.00000000,7.52875000e+02
2869,1.75781250,1.33593750,4.21875000e-01,348.75000000,213.37500000,1.35375000e+02
2870,0.01914978,0.02549744,6.34765625e-03,-941.00000000,-807.50000000,1.33500000e+02
2871,0.09460449,0.09948730,4.88281250e-03,-165.50000000,-604.50000000,4.39000000e+02
2872,0.75439453,0.29516602,4.59228516e-01,83.75000000,-90.93750000,1.74687500e+02
2873,2.11523438,0.81933594,1.29589844e+00,235.37500000,-297.75000000,5.33125000e+02
2874,1.01562500,1.05859375,4.29687500e-02,-37.09375000,43.68750000,8.07812500e+01
2875,0.19445801,1.09375000,8.99291992e-01,39.50000000,458.25000000,4.18750000e+02
2876,3.14453125,3.88867188,7.44140625e-01,1358.00000000,1848.00000000,4.90000000e+02
2877,3.55859375,3.52734375,3.12500000e-02,-228.50000000,-42.96875000,1.85531250e+02
2878,0.19299316,0.18933105,3.66210938e-03,87.62500000,89.31250000,1.68750000e+00
2879,0.45751953,0.26708984,1.90429688e-01,117.68750000,-39.78125000,1.57468750e+02
2880,0.37255859,0.65820312,2.85644531e-01,98.62500000,248.00000000,1.49375000e+02
2881,1.87890625,2.31054688,4.31640625e-01,593.00000000,747.00000000,1.54000000e+02
2882,2.31054688,1.89062500,4.19921875e-01,863.50000000,500.00000000,3.63500000e+02
2883,3.06640625,1.75097656,1.31542969e+00,980.00000000,712.00000000,2.68000000e+02
2884,1.64550781,1.21093750,4.34570312e-01,-123.06250000,200.50000000,3.23562500e+02
2885,0.16516113,0.45922852,2.94067383e-01,-82.18750000,73.87500000,1.56062500e+02
2886,2.39648438,4.26562500,1.86914062e+00,821.00000000,1766.00000000,9.45000000e+02
2887,0.56640625,0.88378906,3.17382812e-01,-453.00000000,-531.50000000,7.85000000e+01
2888,1.29687500,0.51123047,7.85644531e-01,-642.50000000,-1008.00000000,3.65500000e+02
2889,0.44555664,0.70458984,2.59033203e-01,-463.00000000,-189.75000000,2.73250000e+02
2890,0.93945312,0.36425781,5.75195312e-01,2.44140625,-187.75000000,1.90191406e+02
2891,1.28222656,0.67578125,6.06445312e-01,588.50000000,281.75000000,3.06750000e+02
2892,0.63427734,0.78466797,1.50390625e-01,-863.50000000,-562.50000000,3.01000000e+02
2893,2.07617188,2.00781250,6.83593750e-02,772.00000000,635.50000000,1.36500000e+02
2894,0.87060547,0.72851562,1.42089844e-01,345.75000000,-22.21875000,3.67968750e+02
2895,1.15820312,0.60253906,5.55664062e-01,343.75000000,21.73437500,3.22015625e+02
2896,1.68750000,1.96875000,2.81250000e-01,495.50000000,287.50000000,2.08000000e+02
2897,2.27343750,1.37011719,9.03320312e-01,631.00000000,-316.00000000,9.47000000e+02
2898,0.31616211,0.58251953,2.66357422e-01,-17.32812500,91.43750000,1.08765625e+02
2899,1.24316406,2.39062500,1.14746094e+00,-615.50000000,89.81250000,7.05312500e+02
2900,0.10382080,0.12622070,2.23999023e-02,-276.50000000,-141.37500000,1.35125000e+02
2901,0.28515625,0.40332031,1.18164062e-01,-193.12500000,-75.68750000,1.17437500e+02
2902,0.37768555,0.30712891,7.05566406e-02,-542.50000000,-344.00000000,1.98500000e+02
2903,2.02929688,1.35449219,6.74804688e-01,692.50000000,56.15625000,6.36343750e+02
2904,0.20239258,0.11126709,9.11254883e-02,-214.25000000,-857.00000000,6.42750000e+02
2905,0.15966797,0.06066895,9.89990234e-02,-265.50000000,-523.50000000,2.58000000e+02
2906,0.32031250,0.81787109,4.97558594e-01,-122.56250000,186.25000000,3.08812500e+02
2907,1.49414062,1.40136719,9.27734375e-02,-1286.00000000,-57.12500000,1.22887500e+03
2908,0.64648438,1.29492188,6.48437500e-01,214.62500000,257.50000000,4.28750000e+01
2909,0.50439453,0.56152344,5.71289062e-02,-615.00000000,-314.00000000,3.01000000e+02
2910,3.02539062,1.81250000,1.21289062e+00,914.00000000,-52.71875000,9.66718750e+02
2911,1.41015625,1.58203125,1.71875000e-01,565.50000000,377.75000000,1.87750000e+02
2912,0.33007812,0.60156250,2.71484375e-01,-145.25000000,117.81250000,2.63062500e+02
2913,0.41723633,1.40429688,9.87060547e-01,-52.12500000,24.90625000,7.70312500e+01
2914,0.41259766,1.16406250,7.51464844e-01,167.25000000,574.50000000,4.07250000e+02
2915,0.57226562,0.26855469,3.03710938e-01,112.81250000,-363.25000000,4.76062500e+02
2916,0.82617188,1.60351562,7.77343750e-01,368.25000000,779.50000000,4.11250000e+02
2917,1.24121094,1.27832031,3.71093750e-02,382.75000000,588.50000000,2.05750000e+02
2918,0.18908691,0.99951172,8.10424805e-01,-1387.00000000,242.37500000,1.62937500e+03
2919,1.70019531,2.12890625,4.28710938e-01,-234.87500000,-26.35937500,2.08515625e+02
2920,2.07617188,3.00976562,9.33593750e-01,607.50000000,1286.00000000,6.78500000e+02
2921,0.18371582,0.05511475,1.28601074e-01,-256.75000000,-519.50000000,2.62750000e+02
2922,0.80126953,3.08007812,2.27880859e+00,181.12500000,1326.00000000,1.14487500e+03
2923,1.50000000,2.02148438,5.21484375e-01,-407.25000000,-306.75000000,1.00500000e+02
2924,1.21972656,1.16210938,5.76171875e-02,182.62500000,177.75000000,4.87500000e+00
2925,0.23535156,0.12310791,1.12243652e-01,-30.76562500,-322.00000000,2.91234375e+02
2926,0.71826172,0.49658203,2.21679688e-01,-691.50000000,-1376.00000000,6.84500000e+02
2927,1.09765625,1.89843750,8.00781250e-01,-1037.00000000,-240.25000000,7.96750000e+02
2928,0.05377197,0.03050232,2.32696533e-02,-48.12500000,-208.50000000,1.60375000e+02
2929,0.34082031,0.09362793,2.47192383e-01,-290.00000000,-472.75000000,1.82750000e+02
2930,0.58544922,0.23730469,3.48144531e-01,70.81250000,-48.71875000,1.19531250e+02
2931,1.32714844,1.21777344,1.09375000e-01,-270.50000000,-98.12500000,1.72375000e+02
2932,1.00585938,0.81591797,1.89941406e-01,-111.81250000,-623.00000000,5.11187500e+02
2933,0.47290039,0.91113281,4.38232422e-01,72.00000000,308.50000000,2.36500000e+02
2934,2.63671875,2.39257812,2.44140625e-01,658.00000000,175.75000000,4.82250000e+02
2935,1.11718750,0.53271484,5.84472656e-01,392.00000000,208.25000000,1.83750000e+02
2936,3.15625000,2.89453125,2.61718750e-01,1276.00000000,1250.00000000,2.60000000e+01
2937,0.48193359,0.08569336,3.96240234e-01,16.10937500,-271.50000000,2.87609375e+02
2938,1.55664062,1.83984375,2.83203125e-01,509.75000000,296.75000000,2.13000000e+02
2939,0.77587891,0.42626953,3.49609375e-01,153.62500000,-278.50000000,4.32125000e+02
2940,0.19836426,0.12078857,7.75756836e-02,-1524.00000000,-2174.00000000,6.50000000e+02
2941,2.40625000,2.01953125,3.86718750e-01,961.00000000,706.00000000,2.55000000e+02
2942,2.06250000,2.23632812,1.73828125e-01,588.00000000,766.00000000,1.78000000e+02
2943,0.93457031,1.86230469,9.27734375e-01,-250.50000000,132.37500000,3.82875000e+02
2944,0.40429688,1.84472656,1.44042969e+00,-43.68750000,748.50000000,7.92187500e+02
2945,0.67236328,0.86914062,1.96777344e-01,-27.09375000,248.12500000,2.75218750e+02
2946,2.41796875,0.90039062,1.51757812e+00,-109.37500000,-1722.00000000,1.61262500e+03
2947,3.55273438,1.49218750,2.06054688e+00,1336.00000000,346.00000000,9.90000000e+02
2948,0.24426270,0.38964844,1.45385742e-01,-1196.00000000,-1332.00000000,1.36000000e+02
2949,7.12500000,2.85546875,4.26953125e+00,2648.00000000,1015.50000000,1.63250000e+03
2950,0.51708984,0.43090820,8.61816406e-02,-306.50000000,-43.34375000,2.63156250e+02
2951,1.78613281,1.20312500,5.83007812e-01,640.50000000,338.25000000,3.02250000e+02
2952,1.12011719,0.61816406,5.01953125e-01,174.37500000,-368.75000000,5.43125000e+02
2953,1.66210938,0.93945312,7.22656250e-01,415.50000000,174.75000000,2.40750000e+02
2954,1.59277344,1.03027344,5.62500000e-01,592.50000000,454.75000000,1.37750000e+02
2955,0.10260010,0.03906250,6.35375977e-02,-677.00000000,-544.50000000,1.32500000e+02
2956,1.62207031,0.21618652,1.40588379e+00,625.50000000,-340.00000000,9.65500000e+02
2957,0.81054688,1.14746094,3.36914062e-01,-352.00000000,317.75000000,6.69750000e+02
2958,0.73046875,0.47607422,2.54394531e-01,-148.87500000,113.25000000,2.62125000e+02
2959,2.06835938,2.95507812,8.86718750e-01,619.50000000,1156.00000000,5.36500000e+02
2960,2.13671875,2.77734375,6.40625000e-01,420.00000000,305.75000000,1.14250000e+02
2961,0.95654297,1.63281250,6.76269531e-01,264.50000000,402.00000000,1.37500000e+02
2962,0.42211914,1.25781250,8.35693359e-01,-797.00000000,21.00000000,8.18000000e+02
2963,0.68164062,0.94628906,2.64648438e-01,-245.12500000,172.87500000,4.18000000e+02
2964,1.39648438,2.01171875,6.15234375e-01,636.00000000,973.50000000,3.37500000e+02
2965,1.75683594,1.50976562,2.47070312e-01,658.00000000,54.18750000,6.03812500e+02
2966,0.07537842,0.12744141,5.20629883e-02,-35.18750000,-44.81250000,9.62500000e+00
2967,0.62646484,0.05627441,5.70190430e-01,119.12500000,-267.75000000,3.86875000e+02
2968,1.88867188,2.05664062,1.67968750e-01,673.50000000,752.00000000,7.85000000e+01
2969,1.13183594,1.51855469,3.86718750e-01,182.12500000,44.90625000,1.37218750e+02
2970,0.38232422,0.29833984,8.39843750e-02,-88.37500000,-273.25000000,1.84875000e+02
2971,0.15234375,0.25756836,1.05224609e-01,-145.75000000,-376.50000000,2.30750000e+02
2972,0.98193359,1.02050781,3.85742188e-02,15.13281250,206.25000000,1.91117188e+02
2973,2.51367188,0.96435547,1.54931641e+00,694.50000000,258.50000000,4.36000000e+02
2974,2.74023438,0.95703125,1.78320312e+00,876.00000000,-102.56250000,9.78562500e+02
2975,0.43725586,1.83789062,1.40063477e+00,-916.00000000,509.75000000,1.42575000e+03
2976,1.93554688,2.65234375,7.16796875e-01,301.25000000,898.50000000,5.97250000e+02
2977,1.15429688,2.72070312,1.56640625e+00,-441.50000000,686.50000000,1.12800000e+03
2978,0.29516602,0.26269531,3.24707031e-02,130.87500000,116.50000000,1.43750000e+01
2979,0.10900879,0.10900879,0.00000000e+00,-441.00000000,-274.00000000,1.67000000e+02
2980,0.47143555,0.24401855,2.27416992e-01,-155.12500000,-76.93750000,7.81875000e+01
2981,0.44873047,0.44262695,6.10351562e-03,-290.25000000,-182.00000000,1.08250000e+02
2982,0.96386719,0.79687500,1.66992188e-01,-1162.00000000,-456.00000000,7.06000000e+02
2983,1.42187500,0.76416016,6.57714844e-01,415.50000000,110.12500000,3.05375000e+02
2984,0.30029297,0.53564453,2.35351562e-01,-708.00000000,-767.50000000,5.95000000e+01
2985,0.36962891,0.59375000,2.24121094e-01,-229.50000000,-176.75000000,5.27500000e+01
2986,2.18945312,2.83398438,6.44531250e-01,774.00000000,1285.00000000,5.11000000e+02
2987,2.93750000,2.16992188,7.67578125e-01,990.00000000,727.50000000,2.62500000e+02
2988,1.70898438,0.93847656,7.70507812e-01,-313.50000000,-1334.00000000,1.02050000e+03
2989,0.84570312,0.68750000,1.58203125e-01,-1041.00000000,-541.50000000,4.99500000e+02
2990,0.67675781,0.67431641,2.44140625e-03,-170.87500000,-43.68750000,1.27187500e+02
2991,1.29980469,2.96093750,1.66113281e+00,589.50000000,1184.00000000,5.94500000e+02
2992,1.13574219,0.77441406,3.61328125e-01,-344.75000000,-606.50000000,2.61750000e+02
2993,1.85742188,1.14062500,7.16796875e-01,750.00000000,310.50000000,4.39500000e+02
2994,0.75878906,0.50976562,2.49023438e-01,295.00000000,130.50000000,1.64500000e+02
2995,1.40820312,0.61572266,7.92480469e-01,555.50000000,-621.00000000,1.17650000e+03
2996,2.92187500,2.39843750,5.23437500e-01,599.50000000,181.62500000,4.17875000e+02
2997,1.12890625,1.43164062,3.02734375e-01,31.25000000,200.25000000,1.69000000e+02
2998,0.42919922,0.23034668,1.98852539e-01,-93.50000000,-47.53125000,4.59687500e+01
2999,2.91796875,1.54003906,1.37792969e+00,540.50000000,222.62500000,3.17875000e+02
3000,0.27563477,0.34301758,6.73828125e-02,-371.00000000,61.03125000,4.32031250e+02
3001,0.17102051,0.27221680,1.01196289e-01,-264.50000000,-28.31250000,2.36187500e+02
3002,2.26953125,1.51660156,7.52929688e-01,655.00000000,283.50000000,3.71500000e+02
3003,0.77001953,0.56103516,2.08984375e-01,-418.75000000,-140.37500000,2.78375000e+02
3004,0.10852051,0.48217773,3.73657227e-01,-626.00000000,70.31250000,6.96312500e+02
3005,2.87500000,1.66601562,1.20898438e+00,1332.00000000,786.00000000,5.46000000e+02
3006,1.37792969,0.80175781,5.76171875e-01,76.18750000,130.37500000,5.41875000e+01
3007,0.66503906,0.11676025,5.48278809e-01,-236.37500000,-191.87500000,4.45000000e+01
3008,0.32958984,0.20690918,1.22680664e-01,-312.25000000,-988.50000000,6.76250000e+02
3009,1.34375000,1.00390625,3.39843750e-01,241.75000000,323.75000000,8.20000000e+01
3010,1.97851562,2.55859375,5.80078125e-01,-363.25000000,423.25000000,7.86500000e+02
3011,0.27416992,0.47314453,1.98974609e-01,-494.75000000,-371.25000000,1.23500000e+02
3012,0.51269531,0.23535156,2.77343750e-01,-159.12500000,-566.00000000,4.06875000e+02
3013,0.48925781,0.78515625,2.95898438e-01,17.21875000,246.37500000,2.29156250e+02
3014,0.89697266,1.45703125,5.60058594e-01,381.75000000,603.50000000,2.21750000e+02
3015,0.19531250,0.09790039,9.74121094e-02,-906.00000000,-283.25000000,6.22750000e+02
3016,1.38769531,0.39404297,9.93652344e-01,614.00000000,97.62500000,5.16375000e+02
3017,0.18945312,0.27490234,8.54492188e-02,-4.63671875,104.87500000,1.09511719e+02
3018,1.00878906,1.79394531,7.85156250e-01,-1172.00000000,159.62500000,1.33162500e+03
3019,1.13867188,0.47753906,6.61132812e-01,338.75000000,-41.50000000,3.80250000e+02
3020,0.39599609,0.77929688,3.83300781e-01,-289.25000000,9.03125000,2.98281250e+02
3021,0.07836914,0.40234375,3.23974609e-01,-146.87500000,31.98437500,1.78859375e+02
3022,0.55371094,0.43286133,1.20849609e-01,-1055.00000000,-270.50000000,7.84500000e+02
3023,0.94189453,0.19091797,7.50976562e-01,-805.50000000,-561.50000000,2.44000000e+02
3024,1.04882812,1.48632812,4.37500000e-01,-353.00000000,-2.92968750,3.50070312e+02
3025,0.39355469,0.07446289,3.19091797e-01,-7.93359375,-110.81250000,1.02878906e+02
3026,3.95703125,1.81250000,2.14453125e+00,1676.00000000,622.00000000,1.05400000e+03
3027,1.32031250,2.11718750,7.96875000e-01,197.25000000,221.25000000,2.40000000e+01
3028,0.24401855,0.00942993,2.34588623e-01,-11.53906250,-149.50000000,1.37960938e+02
3029,0.56250000,0.90673828,3.44238281e-01,184.87500000,376.50000000,1.91625000e+02
3030,0.89843750,0.06115723,8.37280273e-01,161.37500000,-86.87500000,2.48250000e+02
3031,0.95507812,0.59667969,3.58398438e-01,183.37500000,-412.00000000,5.95375000e+02
3032,0.56738281,0.16784668,3.99536133e-01,-1385.00000000,-1041.00000000,3.44000000e+02
3033,0.79296875,0.88525391,9.22851562e-02,-817.50000000,-472.00000000,3.45500000e+02
3034,2.02148438,1.64453125,3.76953125e-01,29.78125000,-320.25000000,3.50031250e+02
3035,0.70996094,0.26489258,4.45068359e-01,16.10937500,75.31250000,5.92031250e+01
3036,0.60205078,0.08648682,5.15563965e-01,-653.50000000,-384.00000000,2.69500000e+02
3037,1.05761719,0.90087891,1.56738281e-01,294.25000000,176.50000000,1.17750000e+02
3038,1.73632812,0.93359375,8.02734375e-01,-643.50000000,-67.37500000,5.76125000e+02
3039,0.37353516,0.78320312,4.09667969e-01,-223.62500000,303.25000000,5.26875000e+02
3040,1.21679688,1.65820312,4.41406250e-01,490.25000000,678.50000000,1.88250000e+02
3041,1.33105469,0.63574219,6.95312500e-01,219.25000000,130.50000000,8.87500000e+01
3042,0.82031250,0.92187500,1.01562500e-01,-260.75000000,-3.90625000,2.56843750e+02
3043,1.33203125,1.05859375,2.73437500e-01,499.00000000,446.25000000,5.27500000e+01
3044,1.07128906,1.58398438,5.12695312e-01,-453.50000000,-316.50000000,1.37000000e+02
3045,0.53955078,0.41259766,1.26953125e-01,-103.25000000,63.71875000,1.66968750e+02
3046,2.53320312,4.10156250,1.56835938e+00,-284.25000000,407.25000000,6.91500000e+02
3047,0.55419922,1.83496094,1.28076172e+00,41.50000000,390.50000000,3.49000000e+02
3048,0.09240723,0.57714844,4.84741211e-01,-145.75000000,-230.00000000,8.42500000e+01
3049,3.40625000,4.35937500,9.53125000e-01,861.00000000,1249.00000000,3.88000000e+02
3050,0.00395966,0.07861328,7.46536255e-02,-1341.00000000,-940.50000000,4.00500000e+02
3051,1.05371094,0.94531250,1.08398438e-01,27.59375000,-1205.00000000,1.23259375e+03
3052,1.50781250,0.87060547,6.37207031e-01,489.00000000,205.75000000,2.83250000e+02
3053,0.34863281,0.12573242,2.22900391e-01,-2212.00000000,-2926.00000000,7.14000000e+02
3054,0.23901367,0.07934570,1.59667969e-01,-21.23437500,-318.25000000,2.97015625e+02
3055,0.97949219,0.62597656,3.53515625e-01,366.00000000,25.39062500,3.40609375e+02
3056,0.40893555,0.10211182,3.06823730e-01,-394.00000000,-24.14062500,3.69859375e+02
3057,0.94531250,1.53027344,5.84960938e-01,-1097.00000000,-633.50000000,4.63500000e+02
3058,0.38989258,0.39721680,7.32421875e-03,-820.00000000,-139.50000000,6.80500000e+02
3059,0.33764648,0.06756592,2.70080566e-01,-411.25000000,-143.25000000,2.68000000e+02
3060,2.36523438,1.82031250,5.44921875e-01,274.00000000,560.50000000,2.86500000e+02
3061,0.24804688,0.60742188,3.59375000e-01,-18.18750000,-80.06250000,6.18750000e+01
3062,0.19689941,0.81835938,6.21459961e-01,-494.50000000,299.25000000,7.93750000e+02
3063,0.53369141,0.67431641,1.40625000e-01,-60.06250000,120.87500000,1.80937500e+02
3064,0.26220703,0.94628906,6.84082031e-01,-679.50000000,-414.50000000,2.65000000e+02
3065,0.83593750,0.81054688,2.53906250e-02,113.25000000,371.50000000,2.58250000e+02
3066,1.16601562,0.85986328,3.06152344e-01,497.00000000,415.00000000,8.20000000e+01
3067,0.24389648,0.06179810,1.82098389e-01,-411.50000000,-418.25000000,6.75000000e+00
3068,0.93066406,0.39501953,5.35644531e-01,86.93750000,-123.75000000,2.10687500e+02
3069,2.64453125,0.94677734,1.69775391e+00,906.00000000,-672.00000000,1.57800000e+03
3070,0.37988281,0.45532227,7.54394531e-02,-540.00000000,168.25000000,7.08250000e+02
3071,0.19250488,0.10742188,8.50830078e-02,80.18750000,0.64062500,7.95468750e+01
3072,4.05468750,1.23046875,2.82421875e+00,1902.00000000,415.00000000,1.48700000e+03
3073,3.42578125,2.30664062,1.11914062e+00,1293.00000000,919.00000000,3.74000000e+02
3074,2.04296875,0.82958984,1.21337891e+00,547.50000000,-154.00000000,7.01500000e+02
3075,1.38964844,1.28710938,1.02539062e-01,594.00000000,480.00000000,1.14000000e+02
3076,0.37866211,0.31445312,6.42089844e-02,-773.00000000,-199.75000000,5.73250000e+02
3077,0.80419922,0.66015625,1.44042969e-01,-108.12500000,-205.12500000,9.70000000e+01
3078,1.41796875,1.08593750,3.32031250e-01,691.50000000,530.00000000,1.61500000e+02
3079,0.08239746,0.01499176,6.74057007e-02,-279.00000000,-400.75000000,1.21750000e+02
3080,0.11541748,0.29418945,1.78771973e-01,-80.68750000,83.50000000,1.64187500e+02
3081,0.87109375,0.65820312,2.12890625e-01,128.87500000,71.56250000,5.73125000e+01
3082,1.64746094,0.91699219,7.30468750e-01,27.82812500,76.68750000,4.88593750e+01
3083,0.17700195,1.51757812,1.34057617e+00,-302.75000000,210.87500000,5.13625000e+02
3084,0.77978516,0.74316406,3.66210938e-02,-735.50000000,-320.75000000,4.14750000e+02
3085,0.26708984,0.74658203,4.79492188e-01,-203.12500000,301.25000000,5.04375000e+02
3086,0.50683594,0.50878906,1.95312500e-03,-781.00000000,-666.50000000,1.14500000e+02
3087,0.67382812,0.63964844,3.41796875e-02,279.75000000,-208.00000000,4.87750000e+02
3088,3.14843750,2.56054688,5.87890625e-01,359.25000000,516.50000000,1.57250000e+02
3089,1.04492188,1.50000000,4.55078125e-01,353.75000000,297.00000000,5.67500000e+01
3090,3.26367188,2.00976562,1.25390625e+00,1195.00000000,615.50000000,5.79500000e+02
3091,0.89941406,1.10351562,2.04101562e-01,231.87500000,143.50000000,8.83750000e+01
3092,1.21777344,0.59667969,6.21093750e-01,138.37500000,15.38281250,1.22992188e+02
3093,1.87011719,2.03515625,1.65039062e-01,559.50000000,784.00000000,2.24500000e+02
3094,0.81982422,0.71875000,1.01074219e-01,130.12500000,-61.53125000,1.91656250e+02
3095,0.86425781,1.92578125,1.06152344e+00,-768.00000000,382.75000000,1.15075000e+03
3096,2.50781250,2.16406250,3.43750000e-01,347.25000000,146.00000000,2.01250000e+02
3097,1.87109375,1.78515625,8.59375000e-02,805.00000000,739.50000000,6.55000000e+01
3098,0.25756836,1.44238281,1.18481445e+00,-151.25000000,682.50000000,8.33750000e+02
3099,1.70019531,0.59423828,1.10595703e+00,336.50000000,-632.00000000,9.68500000e+02
3100,0.69921875,0.25268555,4.46533203e-01,279.25000000,71.06250000,2.08187500e+02
3101,0.14965820,0.68554688,5.35888672e-01,-693.00000000,-24.40625000,6.68593750e+02
3102,0.84912109,1.17187500,3.22753906e-01,-3.90625000,412.25000000,4.16156250e+02
3103,0.55908203,0.55273438,6.34765625e-03,-734.50000000,-1184.00000000,4.49500000e+02
3104,0.96679688,0.78466797,1.82128906e-01,422.00000000,390.75000000,3.12500000e+01
3105,0.41259766,0.88378906,4.71191406e-01,97.87500000,-504.00000000,6.01875000e+02
3106,0.16381836,0.02381897,1.39999390e-01,-416.50000000,-458.25000000,4.17500000e+01
3107,1.73535156,1.31250000,4.22851562e-01,281.75000000,223.87500000,5.78750000e+01
3108,0.23046875,0.61181641,3.81347656e-01,-116.43750000,175.75000000,2.92187500e+02
3109,0.11877441,0.47656250,3.57788086e-01,-139.87500000,-20.26562500,1.19609375e+02
3110,1.09765625,1.55859375,4.60937500e-01,-90.81250000,-837.00000000,7.46187500e+02
3111,0.41674805,0.42871094,1.19628906e-02,-1022.50000000,-960.50000000,6.20000000e+01
3112,0.13598633,0.17431641,3.83300781e-02,18.06250000,-115.87500000,1.33937500e+02
3113,2.91015625,0.83203125,2.07812500e+00,611.50000000,116.18750000,4.95312500e+02
3114,0.64062500,0.74951172,1.08886719e-01,296.75000000,38.56250000,2.58187500e+02
3115,0.69287109,0.34863281,3.44238281e-01,72.25000000,-220.50000000,2.92750000e+02
3116,0.02593994,0.06027222,3.43322754e-02,-199.75000000,-212.75000000,1.30000000e+01
3117,0.93798828,0.64453125,2.93457031e-01,456.25000000,302.75000000,1.53500000e+02
3118,0.16210938,0.37182617,2.09716797e-01,-1274.00000000,-232.25000000,1.04175000e+03
3119,1.42285156,0.40869141,1.01416016e+00,-207.50000000,-529.50000000,3.22000000e+02
3120,3.13867188,1.23730469,1.90136719e+00,1491.00000000,573.00000000,9.18000000e+02
3121,0.20385742,0.77246094,5.68603516e-01,58.96875000,372.75000000,3.13781250e+02
3122,1.53027344,0.73046875,7.99804688e-01,471.75000000,-60.06250000,5.31812500e+02
3123,1.51269531,1.18945312,3.23242188e-01,-77.12500000,-303.75000000,2.26625000e+02
3124,0.84375000,1.06347656,2.19726562e-01,-117.18750000,-705.50000000,5.88312500e+02
3125,0.62792969,0.36401367,2.63916016e-01,13.42968750,-493.25000000,5.06679688e+02
3126,2.79296875,2.12109375,6.71875000e-01,789.00000000,467.25000000,3.21750000e+02
3127,2.71289062,1.12207031,1.59082031e+00,572.00000000,-67.87500000,6.39875000e+02
3128,0.04125977,0.01057434,3.06854248e-02,-15.99218750,-188.00000000,1.72007812e+02
3129,0.70361328,0.46166992,2.41943359e-01,313.00000000,214.25000000,9.87500000e+01
3130,0.35009766,0.14892578,2.01171875e-01,164.37500000,7.93359375,1.56441406e+02
3131,1.56542969,1.15527344,4.10156250e-01,149.37500000,169.00000000,1.96250000e+01
3132,0.88671875,0.40771484,4.79003906e-01,-1467.00000000,-318.50000000,1.14850000e+03
3133,2.28515625,3.02539062,7.40234375e-01,822.50000000,1421.00000000,5.98500000e+02
3134,2.33398438,1.38671875,9.47265625e-01,508.75000000,448.25000000,6.05000000e+01
3135,0.82714844,0.46972656,3.57421875e-01,179.75000000,99.37500000,8.03750000e+01
3136,1.84765625,1.19921875,6.48437500e-01,-351.50000000,-25.39062500,3.26109375e+02
3137,0.30639648,0.15246582,1.53930664e-01,-311.50000000,-177.50000000,1.34000000e+02
3138,1.26367188,1.04296875,2.20703125e-01,-740.00000000,-358.00000000,3.82000000e+02
3139,1.70117188,1.64550781,5.56640625e-02,-413.00000000,459.00000000,8.72000000e+02
3140,0.50097656,1.47167969,9.70703125e-01,-1025.00000000,-29.78125000,9.95218750e+02
3141,0.26904297,0.31347656,4.44335938e-02,-339.75000000,-665.50000000,3.25750000e+02
3142,1.83007812,0.89648438,9.33593750e-01,288.50000000,-1131.00000000,1.41950000e+03
3143,1.07910156,0.79833984,2.80761719e-01,20.50000000,-694.50000000,7.15000000e+02
3144,0.30395508,0.24194336,6.20117188e-02,-549.50000000,-712.00000000,1.62500000e+02
3145,0.91943359,0.76074219,1.58691406e-01,-571.50000000,-322.75000000,2.48750000e+02
3146,2.93750000,1.79394531,1.14355469e+00,-312.50000000,6.34765625,3.18847656e+02
3147,1.37597656,1.18945312,1.86523438e-01,-334.50000000,-574.00000000,2.39500000e+02
3148,0.46679688,0.16455078,3.02246094e-01,-1427.00000000,-1590.00000000,1.63000000e+02
3149,2.70703125,1.10156250,1.60546875e+00,479.00000000,-1364.00000000,1.84300000e+03
3150,0.81689453,0.45312500,3.63769531e-01,205.62500000,213.00000000,7.37500000e+00
3151,0.40722656,0.10919189,2.98034668e-01,-76.43750000,-968.50000000,8.92062500e+02
3152,0.56640625,0.24047852,3.25927734e-01,-66.62500000,-472.75000000,4.06125000e+02
3153,0.72167969,0.40258789,3.19091797e-01,-840.50000000,-732.00000000,1.08500000e+02
3154,0.32617188,0.09692383,2.29248047e-01,12.82031250,-181.75000000,1.94570312e+02
3155,0.63085938,0.18505859,4.45800781e-01,-112.06250000,-428.50000000,3.16437500e+02
3156,0.41577148,0.25024414,1.65527344e-01,-733.50000000,-862.50000000,1.29000000e+02
3157,1.49218750,2.75195312,1.25976562e+00,344.75000000,1019.50000000,6.74750000e+02
3158,0.25927734,0.40136719,1.42089844e-01,-123.56250000,-46.37500000,7.71875000e+01
3159,1.42578125,1.31054688,1.15234375e-01,-291.00000000,604.50000000,8.95500000e+02
3160,2.33984375,1.61425781,7.25585938e-01,125.00000000,-317.75000000,4.42750000e+02
3161,0.73339844,0.35839844,3.75000000e-01,132.87500000,-83.00000000,2.15875000e+02
3162,0.15539551,0.32006836,1.64672852e-01,-368.25000000,60.78125000,4.29031250e+02
3163,1.06152344,0.48437500,5.77148438e-01,-397.00000000,-336.00000000,6.10000000e+01
3164,0.59179688,0.91113281,3.19335938e-01,-137.25000000,274.50000000,4.11750000e+02
3165,2.96093750,1.42675781,1.53417969e+00,1299.00000000,658.50000000,6.40500000e+02
3166,0.37304688,0.20288086,1.70166016e-01,-34.31250000,-87.18750000,5.28750000e+01
3167,0.25048828,0.18066406,6.98242188e-02,-159.62500000,-232.37500000,7.27500000e+01
3168,0.40576172,0.73779297,3.32031250e-01,-207.25000000,-297.50000000,9.02500000e+01
3169,1.64648438,1.15332031,4.93164062e-01,406.50000000,-200.62500000,6.07125000e+02
3170,0.86816406,1.35156250,4.83398438e-01,-234.87500000,-29.78125000,2.05093750e+02
3171,0.05218506,0.14025879,8.80737305e-02,-62.50000000,-13.30468750,4.91953125e+01
3172,1.34960938,1.89160156,5.41992188e-01,425.00000000,147.00000000,2.78000000e+02
3173,2.12695312,2.00781250,1.19140625e-01,875.50000000,54.68750000,8.20812500e+02
3174,2.56250000,1.89453125,6.67968750e-01,188.50000000,-287.00000000,4.75500000e+02
3175,1.06835938,1.08203125,1.36718750e-02,205.12500000,66.18750000,1.38937500e+02
3176,0.35205078,1.96484375,1.61279297e+00,-434.25000000,860.50000000,1.29475000e+03
3177,1.09375000,0.17822266,9.15527344e-01,29.29687500,-563.50000000,5.92796875e+02
3178,2.49023438,2.27539062,2.14843750e-01,1217.00000000,1128.00000000,8.90000000e+01
3179,0.27636719,0.32470703,4.83398438e-02,-228.75000000,39.25000000,2.68000000e+02
3180,1.28125000,0.59082031,6.90429688e-01,461.00000000,229.50000000,2.31500000e+02
3181,1.79589844,2.33203125,5.36132812e-01,679.00000000,941.50000000,2.62500000e+02
3182,0.67724609,1.26562500,5.88378906e-01,-1712.00000000,-586.00000000,1.12600000e+03
3183,1.61425781,1.46972656,1.44531250e-01,611.50000000,224.12500000,3.87375000e+02
3184,1.06347656,1.35253906,2.89062500e-01,-193.87500000,69.31250000,2.63187500e+02
3185,0.18188477,0.35375977,1.71875000e-01,-1022.50000000,-26.48437500,9.96015625e+02
3186,1.62207031,1.15234375,4.69726562e-01,35.65625000,-579.00000000,6.14656250e+02
3187,1.37207031,0.85107422,5.20996094e-01,622.00000000,315.25000000,3.06750000e+02
3188,3.38281250,5.85937500,2.47656250e+00,-125.00000000,2520.00000000,2.64500000e+03
3189,1.09570312,1.48632812,3.90625000e-01,201.62500000,35.65625000,1.65968750e+02
3190,1.75781250,2.06054688,3.02734375e-01,580.50000000,351.00000000,2.29500000e+02
3191,3.58007812,1.67871094,1.90136719e+00,1667.00000000,768.50000000,8.98500000e+02
3192,1.05273438,0.54248047,5.10253906e-01,-352.00000000,-350.75000000,1.25000000e+00
3193,0.75585938,1.27148438,5.15625000e-01,-361.75000000,-94.25000000,2.67500000e+02
3194,3.36328125,1.48046875,1.88281250e+00,1666.00000000,632.00000000,1.03400000e+03
3195,0.62890625,1.57714844,9.48242188e-01,-326.75000000,-175.25000000,1.51500000e+02
3196,2.31250000,1.02148438,1.29101562e+00,410.25000000,-530.50000000,9.40750000e+02
3197,3.08593750,4.53906250,1.45312500e+00,744.00000000,1787.00000000,1.04300000e+03
3198,3.40234375,1.09277344,2.30957031e+00,652.50000000,-236.87500000,8.89375000e+02
3199,2.33984375,4.41015625,2.07031250e+00,-484.25000000,1205.00000000,1.68925000e+03
3200,1.51074219,0.60009766,9.10644531e-01,734.50000000,185.00000000,5.49500000e+02
3201,0.07226562,0.30517578,2.32910156e-01,-289.50000000,-197.00000000,9.25000000e+01
3202,0.90039062,1.87304688,9.72656250e-01,-155.25000000,555.50000000,7.10750000e+02
3203,2.16406250,1.72070312,4.43359375e-01,785.00000000,623.50000000,1.61500000e+02
3204,0.16174316,1.21777344,1.05603027e+00,-141.87500000,186.25000000,3.28125000e+02
3205,0.21166992,0.86083984,6.49169922e-01,-130.87500000,-203.87500000,7.30000000e+01
3206,1.80664062,1.48535156,3.21289062e-01,893.50000000,514.50000000,3.79000000e+02
3207,2.35351562,1.82812500,5.25390625e-01,393.50000000,352.00000000,4.15000000e+01
3208,0.39916992,0.25146484,1.47705078e-01,22.09375000,-43.34375000,6.54375000e+01
3209,0.41406250,0.12194824,2.92114258e-01,-1.46484375,-310.25000000,3.08785156e+02
3210,3.78906250,2.32617188,1.46289062e+00,1221.00000000,398.50000000,8.22500000e+02
3211,0.17712402,0.38525391,2.08129883e-01,-690.00000000,-637.50000000,5.25000000e+01
3212,0.07904053,0.18164062,1.02600098e-01,-54.59375000,-387.50000000,3.32906250e+02
3213,0.85400391,0.58398438,2.70019531e-01,-629.00000000,-779.50000000,1.50500000e+02
3214,0.23254395,0.71582031,4.83276367e-01,-625.00000000,-59.56250000,5.65437500e+02
3215,1.79882812,0.51562500,1.28320312e+00,146.50000000,150.62500000,4.12500000e+00
3216,0.36816406,0.40698242,3.88183594e-02,-984.00000000,-421.50000000,5.62500000e+02
3217,0.07385254,0.39550781,3.21655273e-01,-167.75000000,-111.81250000,5.59375000e+01
3218,2.89062500,0.69726562,2.19335938e+00,640.00000000,-824.00000000,1.46400000e+03
3219,0.55029297,1.30078125,7.50488281e-01,-1159.00000000,138.12500000,1.29712500e+03
3220,1.97460938,1.34472656,6.29882812e-01,931.50000000,99.12500000,8.32375000e+02
3221,0.05694580,0.60009766,5.43151855e-01,-325.50000000,-26.60937500,2.98890625e+02
3222,2.17578125,1.45996094,7.15820312e-01,-41.00000000,-345.25000000,3.04250000e+02
3223,2.84960938,1.37890625,1.47070312e+00,691.00000000,-180.62500000,8.71625000e+02
3224,2.88281250,0.76318359,2.11962891e+00,614.50000000,-667.00000000,1.28150000e+03
3225,0.04058838,0.27465820,2.34069824e-01,-994.00000000,-902.00000000,9.20000000e+01
3226,0.44384766,0.16418457,2.79663086e-01,-893.50000000,-115.68750000,7.77812500e+02
3227,3.80859375,2.32812500,1.48046875e+00,1446.00000000,945.00000000,5.01000000e+02
3228,0.07849121,0.34277344,2.64282227e-01,-143.50000000,73.43750000,2.16937500e+02
3229,0.00703430,0.02928162,2.22473145e-02,-339.00000000,-450.25000000,1.11250000e+02
3230,0.37988281,0.37573242,4.15039062e-03,181.75000000,142.62500000,3.91250000e+01
3231,0.52539062,0.89404297,3.68652344e-01,-60.78125000,177.50000000,2.38281250e+02
3232,4.35937500,1.63281250,2.72656250e+00,920.00000000,-131.37500000,1.05137500e+03
3233,1.26757812,1.71777344,4.50195312e-01,-569.50000000,778.50000000,1.34800000e+03
3234,1.22070312,1.16601562,5.46875000e-02,-63.46875000,487.25000000,5.50718750e+02
3235,0.80175781,0.90039062,9.86328125e-02,-211.87500000,312.50000000,5.24375000e+02
3236,2.83203125,1.63964844,1.19238281e+00,157.25000000,467.75000000,3.10500000e+02
3237,0.78857422,1.70898438,9.20410156e-01,297.75000000,796.00000000,4.98250000e+02
3238,3.74609375,1.48828125,2.25781250e+00,844.50000000,-990.00000000,1.83450000e+03
3239,0.83886719,0.56054688,2.78320312e-01,-709.50000000,-71.75000000,6.37750000e+02
3240,3.13671875,2.23828125,8.98437500e-01,1053.00000000,273.00000000,7.80000000e+02
3241,0.85058594,1.99902344,1.14843750e+00,293.75000000,947.50000000,6.53750000e+02
3242,1.49316406,2.00390625,5.10742188e-01,-1389.00000000,-873.00000000,5.16000000e+02
3243,1.67382812,1.83593750,1.62109375e-01,268.50000000,543.00000000,2.74500000e+02
3244,0.46044922,0.59179688,1.31347656e-01,139.87500000,-18.79687500,1.58671875e+02
3245,0.76513672,0.71484375,5.02929688e-02,82.75000000,-320.25000000,4.03000000e+02
3246,2.50195312,1.93261719,5.69335938e-01,652.00000000,545.00000000,1.07000000e+02
3247,1.38574219,2.04882812,6.63085938e-01,-309.00000000,337.00000000,6.46000000e+02
3248,0.33349609,0.15454102,1.78955078e-01,-1487.00000000,-1282.00000000,2.05000000e+02
3249,1.69921875,1.21777344,4.81445312e-01,-518.50000000,-318.25000000,2.00250000e+02
3250,0.72998047,0.20727539,5.22705078e-01,70.06250000,86.68750000,1.66250000e+01
3251,0.03137207,0.06042480,2.90527344e-02,-264.75000000,-1063.00000000,7.98250000e+02
3252,0.89599609,0.67431641,2.21679688e-01,-153.12500000,-141.87500000,1.12500000e+01
3253,0.66015625,1.36328125,7.03125000e-01,-389.75000000,436.50000000,8.26250000e+02
3254,0.08410645,0.04489136,3.92150879e-02,-39.25000000,-180.12500000,1.40875000e+02
3255,0.53417969,1.98437500,1.45019531e+00,195.75000000,958.50000000,7.62750000e+02
3256,1.04882812,0.43750000,6.11328125e-01,-167.00000000,20.14062500,1.87140625e+02
3257,2.15429688,1.34863281,8.05664062e-01,546.50000000,386.75000000,1.59750000e+02
3258,1.67285156,0.50634766,1.16650391e+00,735.50000000,61.87500000,6.73625000e+02
3259,0.48974609,0.22998047,2.59765625e-01,138.00000000,-119.87500000,2.57875000e+02
3260,1.85449219,2.60156250,7.47070312e-01,724.00000000,784.00000000,6.00000000e+01
3261,0.56787109,0.98144531,4.13574219e-01,239.37500000,272.50000000,3.31250000e+01
3262,0.30957031,0.01676941,2.92800903e-01,-95.93750000,-215.00000000,1.19062500e+02
3263,0.33007812,1.12792969,7.97851562e-01,-236.87500000,410.75000000,6.47625000e+02
3264,1.51757812,0.92285156,5.94726562e-01,736.00000000,358.50000000,3.77500000e+02
3265,0.40722656,0.19262695,2.14599609e-01,-153.75000000,-452.25000000,2.98500000e+02
3266,0.98437500,0.38085938,6.03515625e-01,253.87500000,154.00000000,9.98750000e+01
3267,0.11730957,0.22155762,1.04248047e-01,-368.00000000,-948.00000000,5.80000000e+02
3268,2.64648438,1.71875000,9.27734375e-01,1183.00000000,463.75000000,7.19250000e+02
3269,1.38085938,2.29687500,9.16015625e-01,155.25000000,665.00000000,5.09750000e+02
3270,0.24633789,0.79541016,5.49072266e-01,-823.00000000,-622.00000000,2.01000000e+02
3271,0.02957153,0.23657227,2.07000732e-01,-36.00000000,-4.27343750,3.17265625e+01
3272,1.59277344,1.78808594,1.95312500e-01,679.50000000,756.00000000,7.65000000e+01
3273,1.53613281,2.24414062,7.08007812e-01,-721.00000000,159.62500000,8.80625000e+02
3274,1.22656250,1.22656250,0.00000000e+00,-58.59375000,213.87500000,2.72468750e+02
3275,0.65917969,0.60205078,5.71289062e-02,114.00000000,160.87500000,4.68750000e+01
3276,0.68359375,1.55859375,8.75000000e-01,-1453.00000000,110.37500000,1.56337500e+03
3277,6.41796875,2.58398438,3.83398438e+00,2808.00000000,1236.00000000,1.57200000e+03
3278,1.61523438,1.88574219,2.70507812e-01,525.50000000,937.50000000,4.12000000e+02
3279,1.37304688,1.19824219,1.74804688e-01,600.00000000,596.00000000,4.00000000e+00
3280,0.97558594,1.74218750,7.66601562e-01,407.75000000,862.00000000,4.54250000e+02
3281,2.02734375,0.77148438,1.25585938e+00,-328.00000000,174.87500000,5.02875000e+02
3282,0.70898438,1.29882812,5.89843750e-01,-635.50000000,-64.43750000,5.71062500e+02
3283,2.65429688,2.79882812,1.44531250e-01,728.50000000,898.50000000,1.70000000e+02
3284,1.26171875,0.85742188,4.04296875e-01,-27.82812500,263.75000000,2.91578125e+02
3285,0.36840820,1.24902344,8.80615234e-01,-944.00000000,95.18750000,1.03918750e+03
3286,1.00585938,3.79882812,2.79296875e+00,-22.45312500,-342.75000000,3.20296875e+02
3287,0.57324219,0.45996094,1.13281250e-01,-355.50000000,-266.50000000,8.90000000e+01
3288,0.59765625,0.26586914,3.31787109e-01,-2194.00000000,-1748.00000000,4.46000000e+02
3289,0.40551758,0.64941406,2.43896484e-01,-195.62500000,-492.75000000,2.97125000e+02
3290,3.93359375,3.52734375,4.06250000e-01,1804.00000000,1487.00000000,3.17000000e+02
3291,1.21289062,0.84277344,3.70117188e-01,256.25000000,297.25000000,4.10000000e+01
3292,1.09960938,2.07226562,9.72656250e-01,-976.50000000,78.62500000,1.05512500e+03
3293,0.91455078,0.50292969,4.11621094e-01,-74.00000000,-423.75000000,3.49750000e+02
3294,0.87841797,0.27270508,6.05712891e-01,-1222.00000000,-97.75000000,1.12425000e+03
3295,0.52880859,0.46679688,6.20117188e-02,-764.50000000,-1179.00000000,4.14500000e+02
3296,1.56347656,1.93359375,3.70117188e-01,572.00000000,454.50000000,1.17500000e+02
3297,1.77539062,1.98144531,2.06054688e-01,615.00000000,-7.32421875,6.22324219e+02
3298,0.48266602,0.80859375,3.25927734e-01,-136.62500000,298.75000000,4.35375000e+02
3299,0.99121094,2.82617188,1.83496094e+00,40.03125000,1201.00000000,1.16096875e+03
3300,1.36523438,0.46679688,8.98437500e-01,114.25000000,201.12500000,8.68750000e+01
3301,3.36328125,4.24218750,8.78906250e-01,1475.00000000,1949.00000000,4.74000000e+02
3302,0.58251953,1.19824219,6.15722656e-01,100.81250000,459.50000000,3.58687500e+02
3303,2.89453125,0.21545410,2.67907715e+00,1142.00000000,-219.00000000,1.36100000e+03
3304,0.58007812,0.94921875,3.69140625e-01,274.00000000,446.00000000,1.72000000e+02
3305,0.20019531,0.07556152,1.24633789e-01,25.03125000,-459.75000000,4.84781250e+02
3306,1.14648438,0.19982910,9.46655273e-01,-404.25000000,-109.56250000,2.94687500e+02
3307,2.84375000,4.39453125,1.55078125e+00,849.00000000,1463.00000000,6.14000000e+02
3308,0.25927734,0.47680664,2.17529297e-01,-391.75000000,-116.81250000,2.74937500e+02
3309,0.41870117,0.16882324,2.49877930e-01,65.43750000,-248.00000000,3.13437500e+02
3310,1.35839844,1.87109375,5.12695312e-01,-260.25000000,-132.75000000,1.27500000e+02
3311,2.98828125,2.95312500,3.51562500e-02,1252.00000000,1449.00000000,1.97000000e+02
3312,0.53417969,0.06054688,4.73632812e-01,13.17968750,-20.68750000,3.38671875e+01
3313,0.07250977,0.25659180,1.84082031e-01,-235.50000000,-107.43750000,1.28062500e+02
3314,0.99218750,1.66601562,6.73828125e-01,-301.75000000,761.00000000,1.06275000e+03
3315,0.66699219,2.67578125,2.00878906e+00,-199.75000000,785.00000000,9.84750000e+02
3316,2.56640625,1.46093750,1.10546875e+00,953.00000000,728.00000000,2.25000000e+02
3317,1.44335938,0.17163086,1.27172852e+00,402.75000000,58.40625000,3.44343750e+02
3318,2.66601562,2.32226562,3.43750000e-01,991.00000000,579.50000000,4.11500000e+02
3319,3.01367188,0.61669922,2.39697266e+00,856.00000000,114.62500000,7.41375000e+02
3320,1.51171875,0.14941406,1.36230469e+00,723.50000000,-100.56250000,8.24062500e+02
3321,1.90136719,0.77880859,1.12255859e+00,563.00000000,355.75000000,2.07250000e+02
3322,1.05078125,2.12304688,1.07226562e+00,-64.43750000,788.00000000,8.52437500e+02
3323,1.01171875,1.49707031,4.85351562e-01,-153.75000000,21.48437500,1.75234375e+02
3324,0.90673828,1.29199219,3.85253906e-01,-18.54687500,131.87500000,1.50421875e+02
3325,1.06640625,0.34277344,7.23632812e-01,-126.43750000,-158.25000000,3.18125000e+01
3326,0.21215820,3.09960938,2.88745117e+00,-258.25000000,913.00000000,1.17125000e+03
3327,1.01757812,3.03515625,2.01757812e+00,-210.50000000,755.00000000,9.65500000e+02
3328,0.21508789,0.04830933,1.66778564e-01,-263.75000000,-95.12500000,1.68625000e+02
3329,0.27099609,0.18920898,8.17871094e-02,-556.50000000,46.31250000,6.02812500e+02
3330,0.14062500,0.03747559,1.03149414e-01,-48.09375000,-286.75000000,2.38656250e+02
3331,1.27539062,0.29589844,9.79492188e-01,-374.00000000,-243.62500000,1.30375000e+02
3332,1.28417969,2.14453125,8.60351562e-01,472.25000000,719.50000000,2.47250000e+02
3333,0.57470703,0.83984375,2.65136719e-01,-817.50000000,-738.50000000,7.90000000e+01
3334,3.38281250,1.97851562,1.40429688e+00,1239.00000000,174.75000000,1.06425000e+03
3335,0.75097656,0.84912109,9.81445312e-02,-659.50000000,314.50000000,9.74000000e+02
3336,2.56445312,1.37597656,1.18847656e+00,247.12500000,-376.50000000,6.23625000e+02
3337,0.82910156,0.09857178,7.30529785e-01,-175.75000000,-133.75000000,4.20000000e+01
3338,3.19335938,3.39648438,2.03125000e-01,723.00000000,112.31250000,6.10687500e+02
3339,0.84472656,0.32397461,5.20751953e-01,-548.50000000,-721.00000000,1.72500000e+02
3340,1.24804688,1.78320312,5.35156250e-01,-466.75000000,-815.50000000,3.48750000e+02
3341,0.89111328,0.34594727,5.45166016e-01,370.50000000,95.87500000,2.74625000e+02
3342,1.33496094,0.72900391,6.05957031e-01,-233.37500000,-219.00000000,1.43750000e+01
3343,0.45507812,0.70947266,2.54394531e-01,-520.00000000,-552.00000000,3.20000000e+01
3344,0.34863281,0.46728516,1.18652344e-01,-612.00000000,-21.23437500,5.90765625e+02
3345,1.52148438,2.66796875,1.14648438e+00,-352.50000000,189.50000000,5.42000000e+02
3346,1.46582031,1.73632812,2.70507812e-01,41.50000000,-485.25000000,5.26750000e+02
3347,0.70458984,0.75097656,4.63867188e-02,-394.25000000,-219.75000000,1.74500000e+02
3348,0.14538574,2.27539062,2.13000488e+00,-1766.00000000,1024.00000000,2.79000000e+03
3349,0.48510742,0.66796875,1.82861328e-01,-594.00000000,-59.56250000,5.34437500e+02
3350,0.91699219,0.07446289,8.42529297e-01,359.25000000,2.19726562,3.57052734e+02
3351,0.38696289,0.93261719,5.45654297e-01,-1198.00000000,289.50000000,1.48750000e+03
3352,1.17871094,0.75048828,4.28222656e-01,-196.25000000,-138.37500000,5.78750000e+01
3353,1.45019531,1.03222656,4.17968750e-01,674.00000000,497.00000000,1.77000000e+02
3354,1.37402344,0.36328125,1.01074219e+00,279.00000000,133.12500000,1.45875000e+02
3355,2.93359375,0.95703125,1.97656250e+00,1387.00000000,450.00000000,9.37000000e+02
3356,1.39746094,0.30322266,1.09423828e+00,-377.50000000,-100.56250000,2.76937500e+02
3357,0.71582031,2.50781250,1.79199219e+00,-797.50000000,63.46875000,8.60968750e+02
3358,0.17309570,0.37817383,2.05078125e-01,-200.75000000,-124.12500000,7.66250000e+01
3359,0.54833984,1.08984375,5.41503906e-01,-302.50000000,169.37500000,4.71875000e+02
3360,1.03417969,1.43652344,4.02343750e-01,-2146.00000000,-1051.00000000,1.09500000e+03
3361,0.49267578,0.13525391,3.57421875e-01,224.62500000,-292.50000000,5.17125000e+02
3362,1.77539062,0.38916016,1.38623047e+00,872.50000000,173.75000000,6.98750000e+02
3363,0.42871094,0.74072266,3.12011719e-01,-68.12500000,142.50000000,2.10625000e+02
3364,1.69921875,1.74218750,4.29687500e-02,664.50000000,670.00000000,5.50000000e+00
3365,1.84765625,2.75781250,9.10156250e-01,145.00000000,-5.85937500,1.50859375e+02
3366,0.34765625,0.36206055,1.44042969e-02,35.53125000,159.62500000,1.24093750e+02
3367,0.12695312,0.19067383,6.37207031e-02,-24.65625000,-114.12500000,8.94687500e+01
3368,3.18359375,1.67089844,1.51269531e+00,1097.00000000,-153.37500000,1.25037500e+03
3369,1.36523438,0.47363281,8.91601562e-01,-64.43750000,-389.75000000,3.25312500e+02
3370,0.89355469,0.11108398,7.82470703e-01,-635.50000000,-642.50000000,7.00000000e+00
3371,0.36718750,0.06262207,3.04565430e-01,-568.50000000,-360.50000000,2.08000000e+02
3372,2.52343750,4.05468750,1.53125000e+00,1067.00000000,1464.00000000,3.97000000e+02
3373,2.27539062,2.08789062,1.87500000e-01,338.00000000,487.25000000,1.49250000e+02
3374,2.63867188,3.04101562,4.02343750e-01,982.50000000,901.00000000,8.15000000e+01
3375,0.81835938,0.37377930,4.44580078e-01,-317.00000000,79.37500000,3.96375000e+02
3376,1.34082031,3.25000000,1.90917969e+00,-72.75000000,874.00000000,9.46750000e+02
3377,0.60253906,2.11328125,1.51074219e+00,-1008.00000000,-1053.00000000,4.50000000e+01
3378,0.43676758,0.00757980,4.29187775e-01,-343.75000000,-612.00000000,2.68250000e+02
3379,0.23547363,0.07769775,1.57775879e-01,-233.87500000,-0.42724609,2.33447754e+02
3380,0.01139832,0.00601959,5.37872314e-03,-102.31250000,-32.90625000,6.94062500e+01
3381,1.07226562,0.74072266,3.31542969e-01,-296.75000000,-597.50000000,3.00750000e+02
3382,1.10742188,2.48828125,1.38085938e+00,388.00000000,754.00000000,3.66000000e+02
3383,1.57128906,1.66308594,9.17968750e-02,93.75000000,437.25000000,3.43500000e+02
3384,1.20800781,0.95605469,2.51953125e-01,-849.00000000,-946.00000000,9.70000000e+01
3385,2.27343750,1.94433594,3.29101562e-01,642.50000000,690.00000000,4.75000000e+01
3386,0.45336914,0.21630859,2.37060547e-01,-2628.00000000,-1157.00000000,1.47100000e+03
3387,0.15380859,0.08056641,7.32421875e-02,-383.50000000,-181.50000000,2.02000000e+02
3388,2.54687500,2.66796875,1.21093750e-01,927.50000000,-295.00000000,1.22250000e+03
3389,1.54492188,0.71240234,8.32519531e-01,149.87500000,-949.00000000,1.09887500e+03
3390,1.89453125,3.25781250,1.36328125e+00,-18.54687500,84.00000000,1.02546875e+02
3391,2.21289062,0.83935547,1.37353516e+00,117.18750000,300.50000000,1.83312500e+02
3392,0.60058594,1.00195312,4.01367188e-01,52.96875000,-719.50000000,7.72468750e+02
3393,2.06835938,1.26367188,8.04687500e-01,474.00000000,-363.25000000,8.37250000e+02
3394,0.92480469,1.94140625,1.01660156e+00,-167.00000000,923.00000000,1.09000000e+03
3395,1.44726562,1.68457031,2.37304688e-01,-256.75000000,-637.00000000,3.80250000e+02
3396,1.53906250,1.83398438,2.94921875e-01,569.00000000,802.00000000,2.33000000e+02
3397,2.64648438,1.14062500,1.50585938e+00,1087.00000000,-620.00000000,1.70700000e+03
3398,1.90429688,0.44555664,1.45874023e+00,56.62500000,-533.00000000,5.89625000e+02
3399,2.92578125,2.85546875,7.03125000e-02,1185.00000000,824.00000000,3.61000000e+02
3400,0.09741211,0.07733154,2.00805664e-02,-204.50000000,-176.62500000,2.78750000e+01
3401,0.24536133,0.16760254,7.77587891e-02,-1006.00000000,-406.00000000,6.00000000e+02
3402,1.06445312,1.47070312,4.06250000e-01,-532.00000000,-184.12500000,3.47875000e+02
3403,1.08398438,2.12500000,1.04101562e+00,238.25000000,869.50000000,6.31250000e+02
3404,0.07000732,0.11633301,4.63256836e-02,-514.50000000,-45.59375000,4.68906250e+02
3405,0.42919922,0.14733887,2.81860352e-01,-1400.00000000,-222.62500000,1.17737500e+03
3406,3.03320312,0.08935547,2.94384766e+00,1372.00000000,-59.62500000,1.43162500e+03
3407,1.93457031,1.34179688,5.92773438e-01,127.43750000,128.37500000,9.37500000e-01
3408,1.72656250,0.48803711,1.23852539e+00,458.00000000,17.57812500,4.40421875e+02
3409,0.44042969,0.55273438,1.12304688e-01,-296.50000000,111.31250000,4.07812500e+02
3410,3.78515625,3.60937500,1.75781250e-01,1305.00000000,1090.00000000,2.15000000e+02
3411,1.31250000,0.06732178,1.24517822e+00,-234.37500000,-702.50000000,4.68125000e+02
3412,1.01562500,0.07537842,9.40246582e-01,-1133.00000000,-46.40625000,1.08659375e+03
3413,1.05957031,0.44580078,6.13769531e-01,189.00000000,-594.50000000,7.83500000e+02
3414,2.80468750,0.13281250,2.67187500e+00,497.00000000,-638.50000000,1.13550000e+03
3415,0.20800781,0.30322266,9.52148438e-02,-438.50000000,-197.50000000,2.41000000e+02
3416,0.87500000,0.12414551,7.50854492e-01,-386.75000000,-243.87500000,1.42875000e+02
3417,0.29638672,0.06530762,2.31079102e-01,-392.75000000,-152.37500000,2.40375000e+02
3418,2.18750000,1.81054688,3.76953125e-01,545.00000000,-232.37500000,7.77375000e+02
3419,0.96777344,0.57226562,3.95507812e-01,15.86718750,-389.75000000,4.05617188e+02
3420,2.71093750,0.12194824,2.58898926e+00,813.00000000,-659.50000000,1.47250000e+03
3421,1.87597656,0.08361816,1.79235840e+00,525.50000000,-620.00000000,1.14550000e+03
3422,1.53808594,2.90234375,1.36425781e+00,509.75000000,1308.00000000,7.98250000e+02
3423,0.86962891,0.90625000,3.66210938e-02,148.00000000,22.70312500,1.25296875e+02
3424,0.87207031,1.18164062,3.09570312e-01,-874.50000000,-195.75000000,6.78750000e+02
3425,1.35839844,0.42431641,9.34082031e-01,-42.46875000,-609.50000000,5.67031250e+02
3426,1.75976562,0.87011719,8.89648438e-01,-93.75000000,-627.50000000,5.33750000e+02
3427,1.44140625,2.04882812,6.07421875e-01,-1461.00000000,728.50000000,2.18950000e+03
3428,1.69921875,0.26171875,1.43750000e+00,-382.75000000,-69.93750000,3.12812500e+02
3429,1.66210938,0.71875000,9.43359375e-01,668.50000000,286.50000000,3.82000000e+02
3430,0.31176758,0.07836914,2.33398438e-01,-513.00000000,-88.50000000,4.24500000e+02
3431,1.05664062,0.22216797,8.34472656e-01,-446.25000000,-288.25000000,1.58000000e+02
3432,0.18139648,1.82324219,1.64184570e+00,-1278.00000000,191.87500000,1.46987500e+03
3433,2.09570312,1.98925781,1.06445312e-01,763.00000000,219.25000000,5.43750000e+02
3434,0.95361328,1.16113281,2.07519531e-01,-188.25000000,128.87500000,3.17125000e+02
3435,0.58203125,0.67089844,8.88671875e-02,41.25000000,-261.25000000,3.02500000e+02
3436,0.80957031,0.34448242,4.65087891e-01,-1426.00000000,-1203.00000000,2.23000000e+02
3437,0.75732422,0.71630859,4.10156250e-02,-245.87500000,-5.37109375,2.40503906e+02
3438,2.26757812,1.10742188,1.16015625e+00,234.37500000,-454.00000000,6.88375000e+02
3439,2.43359375,0.65136719,1.78222656e+00,677.50000000,-269.00000000,9.46500000e+02
3440,0.73583984,2.79687500,2.06103516e+00,-307.75000000,991.50000000,1.29925000e+03
3441,0.60791016,1.43261719,8.24707031e-01,-1267.00000000,-17.09375000,1.24990625e+03
3442,0.77343750,2.63671875,1.86328125e+00,274.00000000,756.50000000,4.82500000e+02
3443,0.80175781,0.95996094,1.58203125e-01,-43.68750000,38.81250000,8.25000000e+01
3444,3.23242188,0.71582031,2.51660156e+00,707.00000000,172.37500000,5.34625000e+02
3445,1.08789062,3.62109375,2.53320312e+00,68.37500000,1601.00000000,1.53262500e+03
3446,0.51953125,0.74023438,2.20703125e-01,-387.75000000,-1216.00000000,8.28250000e+02
3447,3.11718750,3.22265625,1.05468750e-01,434.50000000,809.50000000,3.75000000e+02
3448,1.57812500,1.65039062,7.22656250e-02,-132.37500000,222.12500000,3.54500000e+02
3449,1.26367188,2.01171875,7.48046875e-01,-586.00000000,35.15625000,6.21156250e+02
3450,1.16796875,0.98046875,1.87500000e-01,-61.03125000,-836.00000000,7.74968750e+02
3451,1.41601562,0.55615234,8.59863281e-01,-354.50000000,-218.25000000,1.36250000e+02
3452,0.57617188,0.79345703,2.17285156e-01,-63.46875000,-489.00000000,4.25531250e+02
3453,2.85156250,1.33789062,1.51367188e+00,1051.00000000,195.75000000,8.55250000e+02
3454,2.66992188,2.50781250,1.62109375e-01,823.00000000,1098.00000000,2.75000000e+02
3455,0.35400391,0.57128906,2.17285156e-01,118.93750000,196.00000000,7.70625000e+01
3456,0.87841797,0.30737305,5.71044922e-01,-760.00000000,-201.25000000,5.58750000e+02
3457,1.58398438,0.86035156,7.23632812e-01,-172.37500000,-661.50000000,4.89125000e+02
3458,1.82324219,1.16992188,6.53320312e-01,678.50000000,178.00000000,5.00500000e+02
3459,3.04296875,0.49414062,2.54882812e+00,1089.00000000,-448.25000000,1.53725000e+03
3460,2.54101562,2.29296875,2.48046875e-01,811.00000000,222.62500000,5.88375000e+02
3461,0.55322266,0.90039062,3.47167969e-01,-128.87500000,-244.62500000,1.15750000e+02
3462,0.78466797,0.43554688,3.49121094e-01,-1509.00000000,-610.50000000,8.98500000e+02
3463,0.90722656,1.67187500,7.64648438e-01,205.37500000,138.62500000,6.67500000e+01
3464,1.79980469,0.57080078,1.22900391e+00,-1186.00000000,-191.37500000,9.94625000e+02
3465,0.22778320,0.35498047,1.27197266e-01,-503.50000000,-512.50000000,9.00000000e+00
3466,4.00781250,2.07031250,1.93750000e+00,1976.00000000,974.00000000,1.00200000e+03
3467,0.30224609,0.57080078,2.68554688e-01,-150.12500000,-498.25000000,3.48125000e+02
3468,2.60742188,1.23242188,1.37500000e+00,475.50000000,-794.00000000,1.26950000e+03
3469,3.43945312,1.71679688,1.72265625e+00,1301.00000000,444.50000000,8.56500000e+02
3470,2.45117188,0.68017578,1.77099609e+00,1009.00000000,-832.00000000,1.84100000e+03
3471,0.89453125,1.53906250,6.44531250e-01,138.37500000,684.50000000,5.46125000e+02
3472,0.42724609,0.89160156,4.64355469e-01,-1007.00000000,-151.37500000,8.55625000e+02
3473,0.48120117,1.06835938,5.87158203e-01,-276.25000000,-238.75000000,3.75000000e+01
3474,1.37792969,1.60351562,2.25585938e-01,-129.37500000,491.25000000,6.20625000e+02
3475,0.29467773,1.04980469,7.55126953e-01,-369.75000000,368.75000000,7.38500000e+02
3476,0.37792969,0.45214844,7.42187500e-02,-1166.00000000,-1586.00000000,4.20000000e+02
3477,4.07812500,1.57421875,2.50390625e+00,1105.00000000,640.50000000,4.64500000e+02
3478,3.30078125,1.88671875,1.41406250e+00,1560.00000000,700.00000000,8.60000000e+02
3479,0.71093750,1.47656250,7.65625000e-01,-130.87500000,258.75000000,3.89625000e+02
3480,0.40625000,0.11706543,2.89184570e-01,-123.31250000,-235.87500000,1.12562500e+02
3481,1.49316406,0.84960938,6.43554688e-01,84.50000000,-818.50000000,9.03000000e+02
3482,2.08007812,2.91015625,8.30078125e-01,666.00000000,1303.00000000,6.37000000e+02
3483,0.89208984,1.59082031,6.98730469e-01,-184.37500000,611.50000000,7.95875000e+02
3484,0.63085938,1.70214844,1.07128906e+00,-1185.00000000,495.75000000,1.68075000e+03
3485,1.75585938,1.31152344,4.44335938e-01,299.75000000,218.75000000,8.10000000e+01
3486,3.07812500,3.43945312,3.61328125e-01,152.37500000,1584.00000000,1.43162500e+03
3487,1.52148438,0.98437500,5.37109375e-01,265.50000000,133.75000000,1.31750000e+02
3488,1.55078125,1.29101562,2.59765625e-01,-717.00000000,-42.46875000,6.74531250e+02
3489,1.92382812,2.23828125,3.14453125e-01,502.50000000,606.00000000,1.03500000e+02
3490,2.25976562,1.83789062,4.21875000e-01,351.50000000,367.25000000,1.57500000e+01
3491,0.55273438,1.30175781,7.49023438e-01,-1188.00000000,-31.73437500,1.15626562e+03
3492,1.96679688,1.65625000,3.10546875e-01,535.50000000,-384.75000000,9.20250000e+02
3493,0.53173828,1.41406250,8.82324219e-01,-854.50000000,282.75000000,1.13725000e+03
3494,3.52148438,0.90332031,2.61816406e+00,1597.00000000,-244.62500000,1.84162500e+03
3495,1.12011719,0.95507812,1.65039062e-01,-169.87500000,-205.62500000,3.57500000e+01
3496,1.43164062,2.11914062,6.87500000e-01,1.46484375,803.00000000,8.01535156e+02
3497,2.06250000,1.91796875,1.44531250e-01,429.25000000,430.75000000,1.50000000e+00
3498,3.10351562,1.02050781,2.08300781e+00,949.00000000,261.25000000,6.87750000e+02
3499,1.39550781,1.59179688,1.96289062e-01,621.00000000,263.75000000,3.57250000e+02
3500,0.63085938,1.48828125,8.57421875e-01,-126.00000000,669.00000000,7.95000000e+02
3501,0.09704590,0.57763672,4.80590820e-01,-191.37500000,-308.75000000,1.17375000e+02
3502,0.82714844,0.71142578,1.15722656e-01,23.92187500,135.75000000,1.11828125e+02
3503,0.73144531,0.25292969,4.78515625e-01,-941.00000000,-593.50000000,3.47500000e+02
3504,1.88085938,2.25000000,3.69140625e-01,792.00000000,1109.00000000,3.17000000e+02
3505,0.31323242,0.09466553,2.18566895e-01,-599.00000000,-282.75000000,3.16250000e+02
3506,0.14501953,0.37524414,2.30224609e-01,-618.00000000,-236.00000000,3.82000000e+02
3507,1.40722656,0.81347656,5.93750000e-01,-270.00000000,-457.00000000,1.87000000e+02
3508,1.34277344,0.26708984,1.07568359e+00,314.50000000,-45.40625000,3.59906250e+02
3509,0.52441406,1.38183594,8.57421875e-01,-1992.00000000,279.75000000,2.27175000e+03
3510,2.92187500,0.73730469,2.18457031e+00,1067.00000000,-361.25000000,1.42825000e+03
3511,0.73144531,1.05664062,3.25195312e-01,34.43750000,281.75000000,2.47312500e+02
3512,0.29101562,0.51074219,2.19726562e-01,-848.50000000,116.56250000,9.65062500e+02
3513,2.33203125,1.09960938,1.23242188e+00,926.50000000,-15.62500000,9.42125000e+02
3514,0.57812500,0.89843750,3.20312500e-01,-765.50000000,-670.00000000,9.55000000e+01
3515,1.00000000,0.37133789,6.28662109e-01,327.50000000,9.76562500,3.17734375e+02
3516,0.62500000,1.35351562,7.28515625e-01,-222.62500000,560.50000000,7.83125000e+02
3517,0.29199219,0.16809082,1.23901367e-01,-546.00000000,-122.37500000,4.23625000e+02
3518,1.97460938,1.70996094,2.64648438e-01,-624.00000000,-291.50000000,3.32500000e+02
3519,0.78955078,1.31445312,5.24902344e-01,-23.68750000,-33.68750000,1.00000000e+01
3520,0.20239258,0.16259766,3.97949219e-02,-906.00000000,-432.75000000,4.73250000e+02
3521,0.65576172,1.81250000,1.15673828e+00,303.75000000,654.50000000,3.50750000e+02
3522,1.53320312,0.57617188,9.57031250e-01,159.12500000,-256.75000000,4.15875000e+02
3523,3.28906250,0.95507812,2.33398438e+00,622.00000000,-24.40625000,6.46406250e+02
3524,0.90527344,1.82812500,9.22851562e-01,-1312.00000000,50.28125000,1.36228125e+03
3525,1.41992188,0.24096680,1.17895508e+00,73.75000000,-71.62500000,1.45375000e+02
3526,2.82812500,1.74023438,1.08789062e+00,1177.00000000,725.50000000,4.51500000e+02
3527,1.73730469,1.28027344,4.57031250e-01,-949.50000000,-174.37500000,7.75125000e+02
3528,0.36450195,1.16601562,8.01513672e-01,-16.48437500,1.46484375,1.79492188e+01
3529,0.10278320,0.34472656,2.41943359e-01,-219.37500000,56.62500000,2.76000000e+02
3530,3.46679688,0.45263672,3.01416016e+00,1452.00000000,194.37500000,1.25762500e+03
3531,1.86621094,1.60937500,2.56835938e-01,168.00000000,566.50000000,3.98500000e+02
3532,1.09765625,0.23742676,8.60229492e-01,-836.00000000,-1003.00000000,1.67000000e+02
3533,2.83007812,1.73437500,1.09570312e+00,807.50000000,-332.00000000,1.13950000e+03
3534,0.97460938,0.45288086,5.21728516e-01,-1027.00000000,-668.50000000,3.58500000e+02
3535,1.87597656,0.72705078,1.14892578e+00,2.44140625,-158.00000000,1.60441406e+02
3536,2.36328125,0.55029297,1.81298828e+00,-1172.00000000,-842.00000000,3.30000000e+02
3537,0.37475586,0.14013672,2.34619141e-01,-625.50000000,-1482.00000000,8.56500000e+02
3538,0.80517578,1.19531250,3.90136719e-01,-1502.00000000,-360.25000000,1.14175000e+03
3539,1.30566406,0.74072266,5.64941406e-01,-136.25000000,-103.25000000,3.30000000e+01
3540,4.83203125,2.55664062,2.27539062e+00,1346.00000000,621.00000000,7.25000000e+02
3541,0.67773438,0.10485840,5.72875977e-01,215.37500000,-623.50000000,8.38875000e+02
3542,1.93652344,0.88574219,1.05078125e+00,105.00000000,-223.12500000,3.28125000e+02
3543,1.43554688,3.22656250,1.79101562e+00,459.75000000,1183.00000000,7.23250000e+02
3544,0.73632812,1.72851562,9.92187500e-01,336.75000000,617.00000000,2.80250000e+02
3545,1.52636719,1.04687500,4.79492188e-01,-561.00000000,-58.59375000,5.02406250e+02
3546,0.52197266,2.42187500,1.89990234e+00,-198.00000000,256.75000000,4.54750000e+02
3547,4.28515625,3.00976562,1.27539062e+00,1104.00000000,507.75000000,5.96250000e+02
3548,2.89453125,0.62353516,2.27099609e+00,697.50000000,-57.12500000,7.54625000e+02
3549,0.96630859,1.29785156,3.31542969e-01,1.22070312,-46.87500000,4.80957031e+01
3550,0.65039062,0.01408386,6.36306763e-01,-332.00000000,-193.75000000,1.38250000e+02
3551,0.59082031,0.93457031,3.43750000e-01,79.56250000,-541.50000000,6.21062500e+02
3552,1.92187500,1.04980469,8.72070312e-01,730.00000000,184.12500000,5.45875000e+02
3553,0.14050293,0.22143555,8.09326172e-02,-178.25000000,-264.25000000,8.60000000e+01
3554,0.34179688,0.50390625,1.62109375e-01,-144.25000000,123.43750000,2.67687500e+02
3555,0.83398438,0.44995117,3.84033203e-01,113.75000000,175.00000000,6.12500000e+01
3556,0.57812500,0.08612061,4.92004395e-01,29.29687500,-151.12500000,1.80421875e+02
3557,1.89648438,3.10546875,1.20898438e+00,-71.31250000,936.50000000,1.00781250e+03
3558,1.26171875,0.68164062,5.80078125e-01,-1449.00000000,-148.37500000,1.30062500e+03
3559,0.54931641,0.40527344,1.44042969e-01,-605.50000000,-97.18750000,5.08312500e+02
3560,2.85546875,0.74316406,2.11230469e+00,865.50000000,-751.50000000,1.61700000e+03
3561,0.11462402,1.62109375,1.50646973e+00,-307.75000000,408.00000000,7.15750000e+02
3562,0.43017578,1.04492188,6.14746094e-01,-189.50000000,471.00000000,6.60500000e+02
3563,0.99316406,0.65039062,3.42773438e-01,-623.50000000,-375.50000000,2.48000000e+02
3564,2.49609375,2.14843750,3.47656250e-01,143.50000000,356.00000000,2.12500000e+02
3565,1.02050781,1.52929688,5.08789062e-01,-590.50000000,670.50000000,1.26100000e+03
3566,1.13671875,1.22851562,9.17968750e-02,498.75000000,377.00000000,1.21750000e+02
3567,0.49438477,0.35546875,1.38916016e-01,188.00000000,90.68750000,9.73125000e+01
3568,4.08593750,3.04687500,1.03906250e+00,1630.00000000,1226.00000000,4.04000000e+02
3569,0.88183594,1.50390625,6.22070312e-01,37.84375000,387.75000000,3.49906250e+02
3570,0.85742188,0.49316406,3.64257812e-01,268.00000000,-432.50000000,7.00500000e+02
3571,0.48608398,0.50341797,1.73339844e-02,23.92187500,26.98437500,3.06250000e+00
3572,0.49462891,0.57226562,7.76367188e-02,-772.50000000,-942.50000000,1.70000000e+02
3573,0.40722656,1.35546875,9.48242188e-01,-371.00000000,177.75000000,5.48750000e+02
3574,1.97070312,1.66699219,3.03710938e-01,310.50000000,432.25000000,1.21750000e+02
3575,0.47753906,0.15869141,3.18847656e-01,44.68750000,-555.50000000,6.00187500e+02
3576,0.79492188,0.82861328,3.36914062e-02,-1030.00000000,-378.75000000,6.51250000e+02
3577,1.27734375,0.59814453,6.79199219e-01,-1046.00000000,65.43750000,1.11143750e+03
3578,0.10803223,0.21142578,1.03393555e-01,-533.00000000,-220.00000000,3.13000000e+02
3579,0.27685547,1.16210938,8.85253906e-01,-179.00000000,558.50000000,7.37500000e+02
3580,0.42285156,0.51220703,8.93554688e-02,-82.75000000,14.77343750,9.75234375e+01
3581,1.46875000,1.13671875,3.32031250e-01,-926.00000000,-824.00000000,1.02000000e+02
3582,1.27929688,1.42187500,1.42578125e-01,-146.50000000,405.75000000,5.52250000e+02
3583,1.83886719,0.99560547,8.43261719e-01,693.00000000,-574.00000000,1.26700000e+03
3584,1.64843750,1.82031250,1.71875000e-01,648.50000000,400.00000000,2.48500000e+02
3585,1.08984375,1.89550781,8.05664062e-01,179.87500000,607.50000000,4.27625000e+02
3586,3.84375000,3.33593750,5.07812500e-01,1844.00000000,1511.00000000,3.33000000e+02
3587,0.68750000,0.84277344,1.55273438e-01,-697.50000000,-354.50000000,3.43000000e+02
3588,1.80859375,1.13574219,6.72851562e-01,89.37500000,-692.00000000,7.81375000e+02
3589,1.75781250,0.49584961,1.26196289e+00,244.62500000,-153.00000000,3.97625000e+02
3590,1.01171875,0.93017578,8.15429688e-02,-250.00000000,-451.50000000,2.01500000e+02
3591,1.33984375,1.43457031,9.47265625e-02,-69.31250000,-325.75000000,2.56437500e+02
3592,1.19238281,2.66601562,1.47363281e+00,-27.82812500,764.50000000,7.92328125e+02
3593,1.31835938,1.28125000,3.71093750e-02,146.50000000,22.45312500,1.24046875e+02
3594,1.63085938,1.81445312,1.83593750e-01,-534.00000000,661.00000000,1.19500000e+03
3595,1.73046875,1.61132812,1.19140625e-01,380.75000000,323.50000000,5.72500000e+01
3596,1.56250000,1.52539062,3.71093750e-02,-100.12500000,30.76562500,1.30890625e+02
3597,3.43750000,1.56445312,1.87304688e+00,977.00000000,243.62500000,7.33375000e+02
3598,1.15332031,0.50683594,6.46484375e-01,-47.37500000,67.25000000,1.14625000e+02
3599,1.39550781,0.92578125,4.69726562e-01,-475.00000000,-1271.00000000,7.96000000e+02
3600,2.84960938,2.01367188,8.35937500e-01,979.50000000,549.00000000,4.30500000e+02
3601,1.69921875,3.33203125,1.63281250e+00,48.34375000,1014.50000000,9.66156250e+02
3602,0.76611328,0.36303711,4.03076172e-01,231.75000000,-261.75000000,4.93500000e+02
3603,1.76953125,1.42089844,3.48632812e-01,149.37500000,371.50000000,2.22125000e+02
3604,1.07421875,4.43750000,3.36328125e+00,246.87500000,2023.00000000,1.77612500e+03
3605,2.12695312,0.32128906,1.80566406e+00,757.50000000,69.87500000,6.87625000e+02
3606,1.94335938,1.82617188,1.17187500e-01,-255.87500000,853.50000000,1.10937500e+03
3607,1.41796875,1.35546875,6.25000000e-02,229.50000000,-66.37500000,2.95875000e+02
3608,1.97656250,1.52246094,4.54101562e-01,470.75000000,152.37500000,3.18375000e+02
3609,1.34375000,2.12500000,7.81250000e-01,-756.00000000,383.75000000,1.13975000e+03
3610,1.62500000,1.49804688,1.26953125e-01,-170.87500000,-139.62500000,3.12500000e+01
3611,0.71289062,0.65527344,5.76171875e-02,125.75000000,125.12500000,6.25000000e-01
3612,0.79052734,0.37402344,4.16503906e-01,-508.75000000,-706.50000000,1.97750000e+02
3613,1.68945312,1.30078125,3.88671875e-01,204.62500000,253.87500000,4.92500000e+01
3614,1.68554688,1.78125000,9.57031250e-02,-105.00000000,760.50000000,8.65500000e+02
3615,0.76318359,0.75781250,5.37109375e-03,17.09375000,-119.12500000,1.36218750e+02
3616,0.88574219,1.28320312,3.97460938e-01,-467.25000000,476.00000000,9.43250000e+02
3617,0.74902344,0.13330078,6.15722656e-01,-552.00000000,-424.00000000,1.28000000e+02
3618,2.73828125,3.42773438,6.89453125e-01,62.50000000,717.00000000,6.54500000e+02
3619,0.73681641,0.55761719,1.79199219e-01,-369.00000000,-169.37500000,1.99625000e+02
3620,0.85107422,0.55761719,2.93457031e-01,34.90625000,-168.00000000,2.02906250e+02
3621,0.73535156,0.50341797,2.31933594e-01,-370.50000000,-254.12500000,1.16375000e+02
3622,1.78320312,1.24511719,5.38085938e-01,604.50000000,-46.37500000,6.50875000e+02
3623,1.25000000,1.84375000,5.93750000e-01,473.00000000,217.75000000,2.55250000e+02
3624,1.30371094,0.82421875,4.79492188e-01,27.82812500,-853.50000000,8.81328125e+02
3625,1.16699219,1.17187500,4.88281250e-03,393.00000000,335.00000000,5.80000000e+01
3626,0.31250000,1.65234375,1.33984375e+00,-424.25000000,427.50000000,8.51750000e+02
3627,1.29101562,0.84179688,4.49218750e-01,-589.00000000,-1897.00000000,1.30800000e+03
3628,2.20703125,0.31567383,1.89135742e+00,998.00000000,-290.00000000,1.28800000e+03
3629,0.27709961,2.32617188,2.04907227e+00,-49.06250000,1080.00000000,1.12906250e+03
3630,0.18359375,0.06372070,1.19873047e-01,-164.50000000,-8.54687500,1.55953125e+02
3631,1.57617188,1.55273438,2.34375000e-02,244.62500000,316.00000000,7.13750000e+01
3632,0.63964844,1.01562500,3.75976562e-01,147.00000000,-164.00000000,3.11000000e+02
3633,0.84277344,1.74707031,9.04296875e-01,-105.43750000,565.50000000,6.70937500e+02
3634,0.25097656,1.85351562,1.60253906e+00,-287.25000000,160.12500000,4.47375000e+02
3635,1.76367188,1.23730469,5.26367188e-01,252.50000000,190.00000000,6.25000000e+01
3636,5.50390625,0.93457031,4.56933594e+00,2648.00000000,395.75000000,2.25225000e+03
3637,1.69628906,0.32128906,1.37500000e+00,261.25000000,-1172.00000000,1.43325000e+03
3638,0.70214844,0.53320312,1.68945312e-01,-280.25000000,-1227.00000000,9.46750000e+02
3639,1.46484375,0.93994141,5.24902344e-01,127.93750000,227.75000000,9.98125000e+01
3640,1.95117188,1.82617188,1.25000000e-01,-208.00000000,320.25000000,5.28250000e+02
3641,0.21826172,1.47851562,1.26025391e+00,-173.12500000,456.00000000,6.29125000e+02
3642,1.27832031,1.19628906,8.20312500e-02,65.43750000,-366.25000000,4.31687500e+02
3643,1.68554688,1.20996094,4.75585938e-01,242.12500000,229.00000000,1.31250000e+01
3644,1.08105469,0.98974609,9.13085938e-02,49.56250000,229.00000000,1.79437500e+02
3645,0.68359375,0.91796875,2.34375000e-01,-1838.00000000,-605.50000000,1.23250000e+03
3646,0.72265625,1.01367188,2.91015625e-01,68.87500000,64.93750000,3.93750000e+00
3647,1.87890625,0.85400391,1.02490234e+00,337.00000000,24.65625000,3.12343750e+02
3648,1.51367188,2.49414062,9.80468750e-01,52.71875000,1159.00000000,1.10628125e+03
3649,2.28125000,1.79296875,4.88281250e-01,784.50000000,-212.87500000,9.97375000e+02
3650,0.50341797,0.83593750,3.32519531e-01,-106.43750000,198.75000000,3.05187500e+02
3651,1.81640625,0.12854004,1.68786621e+00,256.75000000,-591.00000000,8.47750000e+02
3652,1.69824219,2.24218750,5.43945312e-01,263.75000000,676.50000000,4.12750000e+02
3653,1.80078125,2.00390625,2.03125000e-01,205.62500000,150.37500000,5.52500000e+01
3654,1.41894531,1.06542969,3.53515625e-01,-607.00000000,509.75000000,1.11675000e+03
3655,1.95507812,0.09033203,1.86474609e+00,737.50000000,-749.00000000,1.48650000e+03
3656,0.44091797,0.34179688,9.91210938e-02,-214.12500000,-41.37500000,1.72750000e+02
3657,2.34570312,1.27539062,1.07031250e+00,907.00000000,346.75000000,5.60250000e+02
3658,0.57666016,1.70410156,1.12744141e+00,-462.25000000,58.59375000,5.20843750e+02
3659,1.40625000,0.59814453,8.08105469e-01,432.00000000,-65.93750000,4.97937500e+02
3660,1.21679688,1.58789062,3.71093750e-01,321.75000000,-307.50000000,6.29250000e+02
3661,1.58007812,0.39624023,1.18383789e+00,-86.93750000,-584.00000000,4.97062500e+02
3662,2.29296875,1.50976562,7.83203125e-01,1084.00000000,667.00000000,4.17000000e+02
3663,0.88183594,0.92285156,4.10156250e-02,-62.00000000,162.12500000,2.24125000e+02
3664,1.63476562,0.97900391,6.55761719e-01,217.75000000,-219.00000000,4.36750000e+02
3665,0.39233398,0.70166016,3.09326172e-01,69.81250000,191.37500000,1.21562500e+02
3666,3.28125000,1.00878906,2.27246094e+00,431.75000000,363.75000000,6.80000000e+01
3667,0.77929688,0.17968750,5.99609375e-01,-1003.00000000,-731.00000000,2.72000000e+02
3668,1.07226562,0.92187500,1.50390625e-01,-692.50000000,-754.00000000,6.15000000e+01
3669,0.84863281,1.45898438,6.10351562e-01,62.25000000,212.37500000,1.50125000e+02
3670,3.91796875,0.65722656,3.26074219e+00,1911.00000000,-75.93750000,1.98693750e+03
3671,0.36547852,0.32348633,4.19921875e-02,79.43750000,-15.62500000,9.50625000e+01
3672,2.30859375,0.56591797,1.74267578e+00,412.00000000,-145.00000000,5.57000000e+02
3673,1.34570312,1.71875000,3.73046875e-01,273.50000000,262.75000000,1.07500000e+01
3674,2.55468750,1.35937500,1.19531250e+00,689.00000000,-65.43750000,7.54437500e+02
3675,0.68750000,0.27294922,4.14550781e-01,-45.90625000,-77.87500000,3.19687500e+01
3676,2.40234375,1.63964844,7.62695312e-01,872.50000000,405.50000000,4.67000000e+02
3677,0.94238281,0.56005859,3.82324219e-01,-702.50000000,-456.25000000,2.46250000e+02
3678,0.89941406,0.86914062,3.02734375e-02,-547.50000000,318.25000000,8.65750000e+02
3679,3.30468750,0.90576172,2.39892578e+00,1368.00000000,321.25000000,1.04675000e+03
3680,0.33837891,0.79931641,4.60937500e-01,-471.50000000,296.75000000,7.68250000e+02
3681,0.54150391,1.44433594,9.02832031e-01,-267.25000000,243.12500000,5.10375000e+02
3682,1.54101562,0.94238281,5.98632812e-01,481.25000000,-93.75000000,5.75000000e+02
3683,1.04687500,1.36328125,3.16406250e-01,-282.25000000,-110.81250000,1.71437500e+02
3684,0.97802734,0.75292969,2.25097656e-01,196.00000000,-599.00000000,7.95000000e+02
3685,1.01953125,0.94335938,7.61718750e-02,-321.75000000,-121.56250000,2.00187500e+02
3686,2.05859375,1.56250000,4.96093750e-01,140.62500000,-705.00000000,8.45625000e+02
3687,0.59521484,1.27343750,6.78222656e-01,-343.00000000,406.25000000,7.49250000e+02
3688,2.86718750,2.25781250,6.09375000e-01,433.50000000,215.87500000,2.17625000e+02
3689,0.57812500,0.90332031,3.25195312e-01,-358.00000000,-287.50000000,7.05000000e+01
3690,1.45605469,1.87109375,4.15039062e-01,34.65625000,796.00000000,7.61343750e+02
3691,0.62597656,1.12109375,4.95117188e-01,-172.87500000,384.75000000,5.57625000e+02
3692,1.04199219,0.97070312,7.12890625e-02,216.12500000,-192.37500000,4.08500000e+02
3693,0.91406250,0.39672852,5.17333984e-01,274.75000000,-330.50000000,6.05250000e+02
3694,0.39404297,0.45996094,6.59179688e-02,-859.50000000,-1105.00000000,2.45500000e+02
3695,1.98632812,1.03710938,9.49218750e-01,-722.50000000,-120.12500000,6.02375000e+02
3696,2.18945312,1.87109375,3.18359375e-01,412.00000000,369.75000000,4.22500000e+01
3697,1.34277344,1.53125000,1.88476562e-01,345.50000000,51.75000000,2.93750000e+02
3698,0.34448242,3.62890625,3.28442383e+00,-414.50000000,1459.00000000,1.87350000e+03
3699,0.73535156,2.42187500,1.68652344e+00,-840.50000000,-1359.00000000,5.18500000e+02
3700,0.92187500,1.03906250,1.17187500e-01,-84.50000000,-413.50000000,3.29000000e+02
3701,2.07617188,2.15820312,8.20312500e-02,429.75000000,833.00000000,4.03250000e+02
3702,1.36328125,0.60449219,7.58789062e-01,308.25000000,27.82812500,2.80421875e+02
3703,1.22558594,1.63476562,4.09179688e-01,207.50000000,485.00000000,2.77500000e+02
3704,1.59570312,1.98046875,3.84765625e-01,256.75000000,746.00000000,4.89250000e+02
3705,1.14453125,0.04470825,1.09982300e+00,283.75000000,-157.00000000,4.40750000e+02
3706,1.38183594,0.88818359,4.93652344e-01,221.25000000,1.22070312,2.20029297e+02
3707,0.95458984,0.80810547,1.46484375e-01,-96.93750000,-75.18750000,2.17500000e+01
3708,1.62109375,1.14062500,4.80468750e-01,367.00000000,247.37500000,1.19625000e+02
3709,1.16503906,0.87597656,2.89062500e-01,-271.00000000,-152.87500000,1.18125000e+02
3710,1.23144531,1.24902344,1.75781250e-02,-624.50000000,-857.00000000,2.32500000e+02
3711,0.49414062,1.83398438,1.33984375e+00,-5.61328125,764.50000000,7.70113281e+02
3712,0.73242188,0.20214844,5.30273438e-01,-365.75000000,-140.12500000,2.25625000e+02
3713,0.86279297,0.93261719,6.98242188e-02,-228.75000000,-60.06250000,1.68687500e+02
3714,0.49902344,0.87207031,3.73046875e-01,-398.00000000,360.25000000,7.58250000e+02
3715,0.05410767,0.63623047,5.82122803e-01,-958.50000000,-387.50000000,5.71000000e+02
3716,2.39843750,1.66210938,7.36328125e-01,760.00000000,811.50000000,5.15000000e+01
3717,1.78320312,2.46093750,6.77734375e-01,804.00000000,1225.00000000,4.21000000e+02
3718,0.85693359,2.50000000,1.64306641e+00,-588.00000000,406.25000000,9.94250000e+02
3719,1.48632812,0.78076172,7.05566406e-01,-511.75000000,-603.50000000,9.17500000e+01
3720,2.15039062,0.61914062,1.53125000e+00,1020.50000000,142.87500000,8.77625000e+02
3721,0.61328125,0.17370605,4.39575195e-01,126.43750000,-47.78125000,1.74218750e+02
3722,1.15039062,1.02148438,1.28906250e-01,55.18750000,-7.32421875,6.25117188e+01
3723,0.64599609,2.98046875,2.33447266e+00,-106.68750000,1210.00000000,1.31668750e+03
3724,1.13867188,1.47265625,3.33984375e-01,-115.75000000,219.75000000,3.35500000e+02
3725,0.95458984,1.02148438,6.68945312e-02,-277.50000000,445.50000000,7.23000000e+02
3726,2.15234375,2.59375000,4.41406250e-01,462.50000000,268.50000000,1.94000000e+02
3727,0.98388672,0.48437500,4.99511719e-01,-746.00000000,-898.50000000,1.52500000e+02
3728,0.86181641,0.84765625,1.41601562e-02,-457.25000000,239.62500000,6.96875000e+02
3729,1.32226562,0.01889038,1.30337524e+00,333.25000000,-855.00000000,1.18825000e+03
3730,0.09191895,0.17529297,8.33740234e-02,-437.00000000,-56.75000000,3.80250000e+02
3731,2.25585938,0.95751953,1.29833984e+00,246.62500000,-365.50000000,6.12125000e+02
3732,1.20117188,0.28540039,9.15771484e-01,35.15625000,-1538.00000000,1.57315625e+03
3733,1.66308594,2.11914062,4.56054688e-01,-3.90625000,439.00000000,4.42906250e+02
3734,0.63867188,1.28613281,6.47460938e-01,-354.50000000,432.50000000,7.87000000e+02
3735,1.06738281,1.24609375,1.78710938e-01,-463.50000000,-7.32421875,4.56175781e+02
3736,0.65332031,0.97460938,3.21289062e-01,-450.75000000,-64.93750000,3.85812500e+02
3737,0.88281250,1.08007812,1.97265625e-01,-157.25000000,430.25000000,5.87500000e+02
3738,1.70898438,1.94921875,2.40234375e-01,-725.50000000,-528.50000000,1.97000000e+02
3739,1.48242188,0.84375000,6.38671875e-01,-82.50000000,45.90625000,1.28406250e+02
3740,1.16601562,1.25195312,8.59375000e-02,384.25000000,393.25000000,9.00000000e+00
3741,1.13671875,0.80419922,3.32519531e-01,136.25000000,276.00000000,1.39750000e+02
3742,1.90625000,1.50781250,3.98437500e-01,-937.50000000,-157.75000000,7.79750000e+02
3743,0.91210938,1.05273438,1.40625000e-01,-64.43750000,-42.46875000,2.19687500e+01
3744,0.53955078,1.52929688,9.89746094e-01,-578.00000000,618.50000000,1.19650000e+03
3745,1.74804688,1.17675781,5.71289062e-01,220.75000000,-148.87500000,3.69625000e+02
3746,0.93164062,1.46191406,5.30273438e-01,147.75000000,188.50000000,4.07500000e+01
3747,2.27734375,2.20117188,7.61718750e-02,478.50000000,631.50000000,1.53000000e+02
3748,2.17578125,1.10546875,1.07031250e+00,841.50000000,-527.50000000,1.36900000e+03
3749,0.63183594,2.57812500,1.94628906e+00,-39.56250000,354.50000000,3.94062500e+02
3750,0.78613281,0.40551758,3.80615234e-01,-134.25000000,-59.93750000,7.43125000e+01
3751,0.74804688,0.32128906,4.26757812e-01,-302.75000000,-764.00000000,4.61250000e+02
3752,1.30175781,0.44946289,8.52294922e-01,205.12500000,-164.62500000,3.69750000e+02
3753,1.68750000,1.75976562,7.22656250e-02,629.00000000,763.00000000,1.34000000e+02
3754,0.47509766,0.49340820,1.83105469e-02,-322.00000000,210.25000000,5.32250000e+02
3755,1.40820312,0.13830566,1.26989746e+00,380.75000000,28.50000000,3.52250000e+02
3756,0.72167969,1.19140625,4.69726562e-01,-955.50000000,-406.25000000,5.49250000e+02
3757,2.13671875,1.38964844,7.47070312e-01,856.00000000,314.00000000,5.42000000e+02
3758,0.56982422,1.81250000,1.24267578e+00,58.84375000,673.00000000,6.14156250e+02
3759,1.09375000,0.88330078,2.10449219e-01,-277.25000000,135.75000000,4.13000000e+02
3760,2.16406250,1.19238281,9.71679688e-01,349.50000000,200.87500000,1.48625000e+02
3761,1.92578125,0.01817322,1.90760803e+00,799.00000000,-185.25000000,9.84250000e+02
3762,0.15356445,0.12548828,2.80761719e-02,-601.50000000,-318.00000000,2.83500000e+02
3763,0.70410156,0.96142578,2.57324219e-01,-47.84375000,-73.50000000,2.56562500e+01
3764,2.28125000,0.17907715,2.10217285e+00,473.75000000,-723.00000000,1.19675000e+03
3765,0.26245117,1.00976562,7.47314453e-01,-193.00000000,-806.50000000,6.13500000e+02
3766,0.40942383,0.39331055,1.61132812e-02,-393.00000000,-167.12500000,2.25875000e+02
3767,1.92578125,0.04544067,1.88034058e+00,202.12500000,-167.37500000,3.69500000e+02
3768,1.47265625,0.60009766,8.72558594e-01,164.00000000,-302.00000000,4.66000000e+02
3769,0.83447266,2.82226562,1.98779297e+00,-93.00000000,835.00000000,9.28000000e+02
3770,0.89941406,1.07324219,1.73828125e-01,158.50000000,211.87500000,5.33750000e+01
3771,1.21484375,0.40429688,8.10546875e-01,118.62500000,-301.75000000,4.20375000e+02
3772,1.05468750,0.30102539,7.53662109e-01,-1245.00000000,-1918.00000000,6.73000000e+02
3773,0.84570312,0.90039062,5.46875000e-02,-274.00000000,-327.25000000,5.32500000e+01
3774,1.27539062,1.17773438,9.76562500e-02,483.00000000,-112.81250000,5.95812500e+02
3775,0.79882812,0.65136719,1.47460938e-01,254.12500000,-43.46875000,2.97593750e+02
3776,0.76562500,0.37353516,3.92089844e-01,12.69531250,-189.00000000,2.01695312e+02
3777,0.48486328,1.32617188,8.41308594e-01,-1733.00000000,-295.00000000,1.43800000e+03
3778,1.33984375,0.48999023,8.49853516e-01,255.37500000,172.37500000,8.30000000e+01
3779,0.34570312,0.11376953,2.31933594e-01,-219.75000000,-525.50000000,3.05750000e+02
3780,0.71582031,0.06427002,6.51550293e-01,-0.48828125,-445.75000000,4.45261719e+02
3781,1.13964844,0.94335938,1.96289062e-01,-1.95312500,-160.12500000,1.58171875e+02
3782,0.28051758,1.12792969,8.47412109e-01,-408.75000000,-635.50000000,2.26750000e+02
3783,0.85888672,3.23046875,2.37158203e+00,-586.00000000,1326.00000000,1.91200000e+03
3784,1.64648438,1.24121094,4.05273438e-01,301.75000000,127.43750000,1.74312500e+02
3785,2.38867188,0.62353516,1.76513672e+00,788.00000000,-369.75000000,1.15775000e+03
3786,2.63671875,2.55468750,8.20312500e-02,692.50000000,493.25000000,1.99250000e+02
3787,1.15039062,1.34960938,1.99218750e-01,177.75000000,-234.37500000,4.12125000e+02
3788,1.47070312,2.15820312,6.87500000e-01,46.87500000,812.50000000,7.65625000e+02
3789,0.87109375,0.81347656,5.76171875e-02,-58.84375000,-597.00000000,5.38156250e+02
3790,1.57421875,0.66308594,9.11132812e-01,120.62500000,-410.75000000,5.31375000e+02
3791,0.90722656,0.94238281,3.51562500e-02,-1023.50000000,-35.65625000,9.87843750e+02
3792,0.77929688,1.66601562,8.86718750e-01,-44.90625000,174.75000000,2.19656250e+02
3793,0.66113281,1.43359375,7.72460938e-01,-47.84375000,192.87500000,2.40718750e+02
3794,1.92089844,1.02343750,8.97460938e-01,724.50000000,-391.50000000,1.11600000e+03
3795,1.99707031,1.39355469,6.03515625e-01,159.62500000,228.75000000,6.91250000e+01
3796,1.12890625,1.43359375,3.04687500e-01,-255.87500000,-226.50000000,2.93750000e+01
3797,0.81201172,0.38281250,4.29199219e-01,-388.00000000,-524.50000000,1.36500000e+02
3798,0.86376953,0.32128906,5.42480469e-01,-1240.00000000,-100.12500000,1.13987500e+03
3799,1.68750000,1.95507812,2.67578125e-01,125.50000000,-186.50000000,3.12000000e+02
3800,0.47851562,0.22106934,2.57446289e-01,-799.00000000,-1075.00000000,2.76000000e+02
3801,1.97949219,0.69531250,1.28417969e+00,663.00000000,277.25000000,3.85750000e+02
3802,0.97119141,1.72363281,7.52441406e-01,-217.50000000,576.00000000,7.93500000e+02
3803,0.37060547,0.52880859,1.58203125e-01,-41.50000000,-283.00000000,2.41500000e+02
3804,1.30273438,0.98828125,3.14453125e-01,396.75000000,426.00000000,2.92500000e+01
3805,0.67480469,0.51318359,1.61621094e-01,-95.68750000,236.62500000,3.32312500e+02
3806,0.91796875,1.26855469,3.50585938e-01,166.00000000,179.00000000,1.30000000e+01
3807,0.76318359,1.46191406,6.98730469e-01,208.25000000,454.00000000,2.45750000e+02
3808,1.89062500,0.58691406,1.30371094e+00,755.00000000,-563.50000000,1.31850000e+03
3809,0.51367188,0.97167969,4.58007812e-01,-50.28125000,355.00000000,4.05281250e+02
3810,1.40039062,0.35131836,1.04907227e+00,81.56250000,-629.50000000,7.11062500e+02
3811,1.29882812,0.63964844,6.59179688e-01,170.87500000,-97.18750000,2.68062500e+02
3812,0.72363281,0.23608398,4.87548828e-01,55.40625000,-779.50000000,8.34906250e+02
3813,1.06250000,0.16113281,9.01367188e-01,111.31250000,-540.00000000,6.51312500e+02
3814,0.53222656,0.86230469,3.30078125e-01,-85.43750000,-86.43750000,1.00000000e+00
3815,1.75781250,0.58984375,1.16796875e+00,659.00000000,5.37109375,6.53628906e+02
3816,0.72363281,0.36547852,3.58154297e-01,-86.93750000,-6.46875000,8.04687500e+01
3817,2.23437500,0.32788086,1.90649414e+00,1045.00000000,107.37500000,9.37625000e+02
3818,0.91503906,0.82714844,8.78906250e-02,-766.00000000,99.37500000,8.65375000e+02
3819,0.56445312,0.52880859,3.56445312e-02,-651.50000000,-441.25000000,2.10250000e+02
3820,0.97656250,0.44213867,5.34423828e-01,35.15625000,-575.00000000,6.10156250e+02
3821,0.83398438,0.83251953,1.46484375e-03,230.50000000,283.75000000,5.32500000e+01
3822,0.93359375,2.05664062,1.12304688e+00,15.62500000,749.00000000,7.33375000e+02
3823,1.07226562,0.76611328,3.06152344e-01,245.62500000,-95.18750000,3.40812500e+02
3824,1.12207031,0.61181641,5.10253906e-01,148.62500000,-275.25000000,4.23875000e+02
3825,0.09753418,0.97558594,8.78051758e-01,-1047.00000000,-110.81250000,9.36187500e+02
3826,0.34326172,0.46386719,1.20605469e-01,-992.00000000,-1010.00000000,1.80000000e+01
3827,1.68750000,4.19531250,2.50781250e+00,182.12500000,1592.00000000,1.40987500e+03
3828,0.68652344,0.31298828,3.73535156e-01,-24.40625000,-211.62500000,1.87218750e+02
3829,2.45117188,3.23437500,7.83203125e-01,1002.00000000,1500.00000000,4.98000000e+02
3830,0.63818359,0.59082031,4.73632812e-02,88.87500000,144.75000000,5.58750000e+01
3831,1.27343750,1.35937500,8.59375000e-02,-425.75000000,-594.50000000,1.68750000e+02
3832,1.00195312,2.73046875,1.72851562e+00,-115.25000000,1042.00000000,1.15725000e+03
3833,0.94433594,1.64746094,7.03125000e-01,131.37500000,581.00000000,4.49625000e+02
3834,2.02539062,1.12011719,9.05273438e-01,770.00000000,-30.26562500,8.00265625e+02
3835,1.94335938,1.46484375,4.78515625e-01,531.50000000,411.50000000,1.20000000e+02
3836,1.28515625,0.76806641,5.17089844e-01,67.87500000,-363.00000000,4.30875000e+02
3837,1.01367188,0.27343750,7.40234375e-01,-109.87500000,-694.50000000,5.84625000e+02
3838,1.89453125,4.38281250,2.48828125e+00,26.85937500,812.50000000,7.85640625e+02
3839,1.26757812,1.42675781,1.59179688e-01,135.75000000,285.50000000,1.49750000e+02
3840,2.18359375,1.47656250,7.07031250e-01,-121.06250000,-140.12500000,1.90625000e+01
3841,1.71679688,0.50000000,1.21679688e+00,807.50000000,-180.62500000,9.88125000e+02
3842,1.24707031,0.94628906,3.00781250e-01,202.37500000,-301.75000000,5.04125000e+02
3843,0.98925781,1.19628906,2.07031250e-01,-761.00000000,-343.25000000,4.17750000e+02
3844,0.45947266,1.91210938,1.45263672e+00,70.56250000,715.00000000,6.44437500e+02
3845,1.04296875,0.66894531,3.74023438e-01,-641.50000000,-701.50000000,6.00000000e+01
3846,0.91601562,1.23144531,3.15429688e-01,137.50000000,276.50000000,1.39000000e+02
3847,2.01367188,1.10156250,9.12109375e-01,-165.00000000,-85.43750000,7.95625000e+01
3848,1.04394531,2.41992188,1.37597656e+00,-336.00000000,566.50000000,9.02500000e+02
3849,1.95800781,2.87500000,9.16992188e-01,256.25000000,684.50000000,4.28250000e+02
3850,0.63183594,0.31884766,3.12988281e-01,149.87500000,103.56250000,4.63125000e+01
3851,2.15625000,2.27539062,1.19140625e-01,642.50000000,993.00000000,3.50500000e+02
3852,1.37304688,1.56250000,1.89453125e-01,-285.75000000,-0.48828125,2.85261719e+02
3853,0.66113281,1.02343750,3.62304688e-01,-402.75000000,-438.50000000,3.57500000e+01
3854,0.44213867,0.22814941,2.13989258e-01,-221.37500000,-507.75000000,2.86375000e+02
3855,0.07934570,0.16870117,8.93554688e-02,-300.25000000,25.78125000,3.26031250e+02
3856,1.50683594,1.29296875,2.13867188e-01,495.75000000,225.12500000,2.70625000e+02
3857,0.81298828,1.28222656,4.69238281e-01,175.00000000,528.50000000,3.53500000e+02
3858,1.65136719,1.02539062,6.25976562e-01,328.25000000,-309.50000000,6.37750000e+02
3859,1.01464844,0.62695312,3.87695312e-01,-456.50000000,-168.25000000,2.88250000e+02
3860,2.04882812,1.74218750,3.06640625e-01,-102.56250000,-17.57812500,8.49843750e+01
3861,0.47192383,2.48437500,2.01245117e+00,51.62500000,1163.00000000,1.11137500e+03
3862,0.09057617,0.43432617,3.43750000e-01,-506.75000000,104.93750000,6.11687500e+02
3863,1.19824219,0.76171875,4.36523438e-01,467.50000000,-60.31250000,5.27812500e+02
3864,1.35058594,1.11425781,2.36328125e-01,617.00000000,479.25000000,1.37750000e+02
3865,3.24609375,2.25781250,9.88281250e-01,1385.00000000,802.50000000,5.82500000e+02
3866,0.83398438,0.64208984,1.91894531e-01,251.75000000,295.50000000,4.37500000e+01
3867,1.49414062,0.09429932,1.39984131e+00,498.50000000,-83.12500000,5.81625000e+02
3868,1.32031250,1.40136719,8.10546875e-02,317.75000000,101.06250000,2.16687500e+02
3869,1.36816406,0.98779297,3.80371094e-01,50.28125000,-177.50000000,2.27781250e+02
3870,0.22192383,0.57177734,3.49853516e-01,-262.75000000,51.50000000,3.14250000e+02
3871,0.37939453,0.55859375,1.79199219e-01,107.18750000,184.25000000,7.70625000e+01
3872,2.38867188,3.44531250,1.05664062e+00,733.50000000,1025.00000000,2.91500000e+02
3873,0.68261719,0.66162109,2.09960938e-02,273.50000000,-335.75000000,6.09250000e+02
3874,0.72753906,1.54882812,8.21289062e-01,-356.00000000,132.37500000,4.88375000e+02
3875,1.12304688,0.92626953,1.96777344e-01,393.00000000,330.50000000,6.25000000e+01
3876,3.86328125,1.33203125,2.53125000e+00,1593.00000000,-1011.50000000,2.60450000e+03
3877,2.69921875,2.62304688,7.61718750e-02,1253.00000000,1166.00000000,8.70000000e+01
3878,0.45849609,0.54541016,8.69140625e-02,-61.78125000,127.68750000,1.89468750e+02
3879,0.78027344,0.59619141,1.84082031e-01,307.25000000,72.12500000,2.35125000e+02
3880,2.35546875,1.23828125,1.11718750e+00,1039.00000000,518.00000000,5.21000000e+02
3881,1.31152344,2.31640625,1.00488281e+00,74.68750000,696.50000000,6.21812500e+02
3882,4.33203125,2.13671875,2.19531250e+00,2023.00000000,675.00000000,1.34800000e+03
3883,1.16503906,1.34960938,1.84570312e-01,250.50000000,109.37500000,1.41125000e+02
3884,1.05566406,1.82812500,7.72460938e-01,81.56250000,356.00000000,2.74437500e+02
3885,1.37109375,1.25781250,1.13281250e-01,-466.75000000,191.12500000,6.57875000e+02
3886,0.39038086,4.06250000,3.67211914e+00,2.44140625,1604.00000000,1.60155859e+03
3887,0.92968750,2.43164062,1.50195312e+00,296.50000000,595.50000000,2.99000000e+02
3888,2.10546875,3.30078125,1.19531250e+00,74.18750000,1022.50000000,9.48312500e+02
3889,0.77148438,1.03710938,2.65625000e-01,188.50000000,410.25000000,2.21750000e+02
3890,0.64697266,1.70898438,1.06201172e+00,87.62500000,701.00000000,6.13375000e+02
3891,0.87890625,1.02050781,1.41601562e-01,264.00000000,386.75000000,1.22750000e+02
3892,1.43652344,2.04101562,6.04492188e-01,-214.37500000,251.00000000,4.65375000e+02
3893,0.38403320,0.52001953,1.35986328e-01,-1307.00000000,-1070.00000000,2.37000000e+02
3894,1.88964844,2.35156250,4.61914062e-01,532.00000000,624.00000000,9.20000000e+01
3895,1.12109375,2.40429688,1.28320312e+00,125.50000000,957.50000000,8.32000000e+02
3896,0.73095703,1.57226562,8.41308594e-01,-274.25000000,503.50000000,7.77750000e+02
3897,1.08984375,1.59570312,5.05859375e-01,101.31250000,-123.56250000,2.24875000e+02
3898,1.71191406,0.52343750,1.18847656e+00,-280.75000000,-1162.00000000,8.81250000e+02
3899,1.99804688,3.03906250,1.04101562e+00,350.50000000,390.50000000,4.00000000e+01
3900,0.50683594,1.58007812,1.07324219e+00,-597.50000000,538.00000000,1.13550000e+03
3901,1.18652344,1.74511719,5.58593750e-01,441.00000000,186.00000000,2.55000000e+02
3902,0.52246094,2.02343750,1.50097656e+00,-182.87500000,527.50000000,7.10375000e+02
3903,3.07031250,0.70654297,2.36376953e+00,1426.00000000,184.00000000,1.24200000e+03
3904,0.43554688,0.33325195,1.02294922e-01,42.25000000,-541.50000000,5.83750000e+02
3905,0.71582031,0.85937500,1.43554688e-01,103.50000000,336.00000000,2.32500000e+02
3906,0.70019531,0.96630859,2.66113281e-01,-317.75000000,217.25000000,5.35000000e+02
3907,0.47998047,0.62109375,1.41113281e-01,47.84375000,-1.70898438,4.95527344e+01
3908,1.26171875,0.64160156,6.20117188e-01,137.25000000,-547.50000000,6.84750000e+02
3909,1.64257812,1.28417969,3.58398438e-01,-217.75000000,345.00000000,5.62750000e+02
3910,2.51562500,1.59375000,9.21875000e-01,971.50000000,-342.75000000,1.31425000e+03
3911,0.84130859,1.71484375,8.73535156e-01,319.75000000,674.50000000,3.54750000e+02
3912,0.17260742,0.73144531,5.58837891e-01,-79.68750000,71.06250000,1.50750000e+02
3913,0.94433594,0.99365234,4.93164062e-02,-461.00000000,-168.25000000,2.92750000e+02
3914,0.65625000,0.84472656,1.88476562e-01,-152.12500000,-288.00000000,1.35875000e+02
3915,1.40429688,0.97656250,4.27734375e-01,-54.18750000,-3.90625000,5.02812500e+01
3916,0.18383789,0.64355469,4.59716797e-01,-36.50000000,201.62500000,2.38125000e+02
3917,0.17065430,1.69335938,1.52270508e+00,-185.12500000,632.00000000,8.17125000e+02
3918,2.93554688,1.84472656,1.09082031e+00,985.50000000,329.50000000,6.56000000e+02
3919,0.82714844,0.56005859,2.67089844e-01,52.71875000,-606.50000000,6.59218750e+02
3920,0.49047852,1.61523438,1.12475586e+00,95.43750000,499.50000000,4.04062500e+02
3921,0.41162109,1.28515625,8.73535156e-01,-148.37500000,-139.62500000,8.75000000e+00
3922,0.80859375,3.01953125,2.21093750e+00,-538.50000000,727.50000000,1.26600000e+03
3923,0.83984375,1.87011719,1.03027344e+00,-116.18750000,-33.68750000,8.25000000e+01
3924,1.92089844,1.82617188,9.47265625e-02,-60.06250000,183.62500000,2.43687500e+02
3925,0.45288086,0.49487305,4.19921875e-02,-162.25000000,-821.00000000,6.58750000e+02
3926,3.23437500,2.56054688,6.73828125e-01,1166.00000000,942.50000000,2.23500000e+02
3927,0.70263672,1.40039062,6.97753906e-01,-578.00000000,-450.25000000,1.27750000e+02
3928,1.62109375,1.37207031,2.49023438e-01,624.00000000,44.43750000,5.79562500e+02
3929,0.98144531,0.17260742,8.08837891e-01,407.00000000,-829.00000000,1.23600000e+03
3930,1.14550781,0.89843750,2.47070312e-01,-129.87500000,71.56250000,2.01437500e+02
3931,0.85058594,1.00781250,1.57226562e-01,1.22070312,-138.62500000,1.39845703e+02
3932,1.60839844,2.19921875,5.90820312e-01,576.00000000,950.50000000,3.74500000e+02
3933,1.34277344,0.99023438,3.52539062e-01,-28.81250000,-705.00000000,6.76187500e+02
3934,0.46166992,1.14648438,6.84814453e-01,-569.00000000,-315.00000000,2.54000000e+02
3935,1.27929688,1.61816406,3.38867188e-01,-79.12500000,-331.50000000,2.52375000e+02
3936,2.26562500,2.16601562,9.96093750e-02,645.00000000,737.50000000,9.25000000e+01
3937,1.33691406,1.38867188,5.17578125e-02,518.50000000,-16.10937500,5.34609375e+02
3938,1.76953125,3.07421875,1.30468750e+00,-247.12500000,677.50000000,9.24625000e+02
3939,1.71777344,0.94091797,7.76855469e-01,331.50000000,-180.87500000,5.12375000e+02
3940,0.52294922,1.10449219,5.81542969e-01,-461.25000000,-935.00000000,4.73750000e+02
3941,0.91796875,1.18457031,2.66601562e-01,321.75000000,-411.50000000,7.33250000e+02
3942,2.24414062,2.58789062,3.43750000e-01,27.34375000,271.50000000,2.44156250e+02
3943,0.83984375,1.66796875,8.28125000e-01,-83.50000000,-427.75000000,3.44250000e+02
3944,1.52343750,0.87011719,6.53320312e-01,654.00000000,-101.56250000,7.55562500e+02
3945,1.86132812,1.75976562,1.01562500e-01,276.75000000,137.75000000,1.39000000e+02
3946,1.20117188,0.94824219,2.52929688e-01,265.25000000,-243.12500000,5.08375000e+02
3947,1.53710938,1.32812500,2.08984375e-01,-518.50000000,-231.00000000,2.87500000e+02
3948,1.54785156,0.90869141,6.39160156e-01,-194.87500000,-223.87500000,2.90000000e+01
3949,0.38037109,1.03222656,6.51855469e-01,-788.00000000,-497.50000000,2.90500000e+02
3950,0.17700195,0.72265625,5.45654297e-01,-1066.00000000,-344.75000000,7.21250000e+02
3951,1.13281250,3.57617188,2.44335938e+00,462.00000000,1631.00000000,1.16900000e+03
3952,0.66992188,1.62304688,9.53125000e-01,-155.75000000,318.00000000,4.73750000e+02
3953,0.27465820,0.96533203,6.90673828e-01,-241.62500000,245.12500000,4.86750000e+02
3954,1.48046875,0.62207031,8.58398438e-01,532.00000000,-58.59375000,5.90593750e+02
3955,0.97753906,0.25781250,7.19726562e-01,21.48437500,-43.46875000,6.49531250e+01
3956,0.44677734,0.59277344,1.45996094e-01,-830.00000000,-540.50000000,2.89500000e+02
3957,0.72167969,0.72265625,9.76562500e-04,-72.25000000,-26.60937500,4.56406250e+01
3958,0.90673828,0.96923828,6.25000000e-02,-144.75000000,324.00000000,4.68750000e+02
3959,1.03515625,1.80468750,7.69531250e-01,-584.00000000,-221.62500000,3.62375000e+02
3960,0.61523438,1.58398438,9.68750000e-01,39.56250000,-307.50000000,3.47062500e+02
3961,0.98730469,0.60156250,3.85742188e-01,195.25000000,-369.75000000,5.65000000e+02
3962,1.69140625,0.83203125,8.59375000e-01,716.50000000,293.75000000,4.22750000e+02
3963,0.69921875,0.81445312,1.15234375e-01,-774.50000000,-153.75000000,6.20750000e+02
3964,0.12145996,1.20996094,1.08850098e+00,-557.50000000,-153.37500000,4.04125000e+02
3965,1.21093750,0.96875000,2.42187500e-01,254.87500000,301.50000000,4.66250000e+01
3966,0.22021484,0.21301270,7.20214844e-03,-594.50000000,-57.56250000,5.36937500e+02
3967,0.11816406,0.41186523,2.93701172e-01,-401.25000000,-119.50000000,2.81750000e+02
3968,2.70898438,0.40576172,2.30322266e+00,1068.00000000,-550.00000000,1.61800000e+03
3969,2.18945312,2.02148438,1.67968750e-01,440.50000000,328.00000000,1.12500000e+02
3970,2.45703125,1.41601562,1.04101562e+00,976.50000000,412.25000000,5.64250000e+02
3971,0.15051270,0.50390625,3.53393555e-01,-186.25000000,108.12500000,2.94375000e+02
3972,3.24218750,0.54199219,2.70019531e+00,1154.00000000,-210.00000000,1.36400000e+03
3973,1.74609375,0.71289062,1.03320312e+00,345.75000000,-184.12500000,5.29875000e+02
3974,1.19335938,0.86279297,3.30566406e-01,160.62500000,-473.50000000,6.34125000e+02
3975,3.00000000,0.87060547,2.12939453e+00,1441.00000000,184.62500000,1.25637500e+03
3976,1.89062500,1.35937500,5.31250000e-01,-141.62500000,257.00000000,3.98625000e+02
3977,2.37890625,3.83398438,1.45507812e+00,856.50000000,172.87500000,6.83625000e+02
3978,1.02343750,0.82324219,2.00195312e-01,320.75000000,278.75000000,4.20000000e+01
3979,0.12139893,0.37280273,2.51403809e-01,-398.25000000,-86.06250000,3.12187500e+02
3980,0.20495605,0.43212891,2.27172852e-01,-281.25000000,-208.25000000,7.30000000e+01
3981,0.82519531,0.80419922,2.09960938e-02,-138.62500000,-603.50000000,4.64875000e+02
3982,0.94287109,1.20800781,2.65136719e-01,-1426.00000000,101.56250000,1.52756250e+03
3983,0.89257812,1.97656250,1.08398438e+00,-529.00000000,271.00000000,8.00000000e+02
3984,0.97558594,1.76171875,7.86132812e-01,-421.50000000,-304.75000000,1.16750000e+02
3985,1.16992188,1.07812500,9.17968750e-02,-222.62500000,57.37500000,2.80000000e+02
3986,1.23730469,1.35546875,1.18164062e-01,-304.25000000,149.37500000,4.53625000e+02
3987,0.28466797,0.24548340,3.91845703e-02,-191.37500000,-648.00000000,4.56625000e+02
3988,0.85937500,3.81250000,2.95312500e+00,-857.50000000,445.25000000,1.30275000e+03
3989,2.87695312,0.76562500,2.11132812e+00,966.00000000,-5.61328125,9.71613281e+02
3990,3.56835938,3.53320312,3.51562500e-02,1582.00000000,1273.00000000,3.09000000e+02
3991,1.79492188,1.54101562,2.53906250e-01,818.00000000,638.50000000,1.79500000e+02
3992,1.41406250,1.56835938,1.54296875e-01,124.00000000,235.87500000,1.11875000e+02
3993,1.38085938,0.54052734,8.40332031e-01,80.56250000,-296.75000000,3.77312500e+02
3994,1.65722656,0.86767578,7.89550781e-01,698.00000000,-186.25000000,8.84250000e+02
3995,1.72851562,0.63525391,1.09326172e+00,151.37500000,-445.50000000,5.96875000e+02
3996,1.28417969,1.23632812,4.78515625e-02,423.50000000,-205.12500000,6.28625000e+02
3997,2.12109375,1.24609375,8.75000000e-01,107.93750000,-66.87500000,1.74812500e+02
3998,1.58007812,2.31054688,7.30468750e-01,-247.12500000,878.00000000,1.12512500e+03
3999,0.62792969,2.25585938,1.62792969e+00,-549.50000000,163.12500000,7.12625000e+02
