step,baseline_loss,flat_buffer_loss,loss_diff,baseline_grad,flat_buffer_grad,grad_diff
0,5.80859375,5.80859375,0.00000000e+00,273.50000000,275.50000000,2.00000000e+00
1,6.03515625,6.03515625,0.00000000e+00,486.25000000,484.25000000,2.00000000e+00
2,6.29687500,6.29687500,0.00000000e+00,-189.50000000,-187.50000000,2.00000000e+00
3,6.24218750,6.24218750,0.00000000e+00,214.87500000,214.87500000,0.00000000e+00
4,5.05468750,5.05859375,3.90625000e-03,-156.25000000,-154.25000000,2.00000000e+00
5,5.02343750,5.01953125,3.90625000e-03,-173.87500000,-173.87500000,0.00000000e+00
6,6.06640625,6.06640625,0.00000000e+00,17.57812500,17.57812500,0.00000000e+00
7,7.91406250,7.91406250,0.00000000e+00,-62.50000000,-62.50000000,0.00000000e+00
8,6.03125000,6.02734375,3.90625000e-03,-123.06250000,-126.93750000,3.87500000e+00
9,6.82031250,6.81640625,3.90625000e-03,-152.37500000,-150.37500000,2.00000000e+00
10,8.09375000,8.09375000,0.00000000e+00,-105.43750000,-105.43750000,0.00000000e+00
11,5.76562500,5.76562500,0.00000000e+00,-490.25000000,-488.25000000,2.00000000e+00
12,6.83203125,6.82812500,3.90625000e-03,-142.62500000,-138.62500000,4.00000000e+00
13,7.42968750,7.42187500,7.81250000e-03,15.62500000,11.71875000,3.90625000e+00
14,6.96093750,6.95703125,3.90625000e-03,15.62500000,17.57812500,1.95312500e+00
15,7.98828125,7.98437500,3.90625000e-03,23.43750000,19.53125000,3.90625000e+00
16,5.88281250,5.88281250,0.00000000e+00,296.75000000,296.75000000,0.00000000e+00
17,5.12500000,5.12500000,0.00000000e+00,132.75000000,136.75000000,4.00000000e+00
18,6.52343750,6.53125000,7.81250000e-03,166.00000000,171.87500000,5.87500000e+00
19,7.00000000,7.00000000,0.00000000e+00,339.75000000,338.00000000,1.75000000e+00
20,5.61718750,5.60156250,1.56250000e-02,128.87500000,132.75000000,3.87500000e+00
21,4.41406250,4.40234375,1.17187500e-02,7.81250000,5.85937500,1.95312500e+00
22,6.54687500,6.55078125,3.90625000e-03,152.37500000,154.25000000,1.87500000e+00
23,6.36718750,6.35937500,7.81250000e-03,-300.75000000,-300.75000000,0.00000000e+00
24,7.07031250,7.07031250,0.00000000e+00,109.37500000,109.37500000,0.00000000e+00
25,6.26562500,6.26171875,3.90625000e-03,35.15625000,35.15625000,0.00000000e+00
26,10.31250000,10.29687500,1.56250000e-02,359.25000000,351.50000000,7.75000000e+00
27,7.97656250,7.97656250,0.00000000e+00,-402.25000000,-402.25000000,0.00000000e+00
28,5.01562500,5.01562500,0.00000000e+00,128.87500000,128.87500000,0.00000000e+00
29,4.67968750,4.67968750,0.00000000e+00,-285.25000000,-285.25000000,0.00000000e+00
30,5.30468750,5.30468750,0.00000000e+00,-72.25000000,-68.37500000,3.87500000e+00
31,6.94531250,6.94531250,0.00000000e+00,89.81250000,91.81250000,2.00000000e+00
32,8.64062500,8.64062500,0.00000000e+00,207.00000000,210.87500000,3.87500000e+00
33,6.88281250,6.88281250,0.00000000e+00,-9.76562500,-7.81250000,1.95312500e+00
34,7.59375000,7.59375000,0.00000000e+00,-101.56250000,-97.62500000,3.93750000e+00
35,6.14062500,6.13281250,7.81250000e-03,19.53125000,15.62500000,3.90625000e+00
36,7.80468750,7.82812500,2.34375000e-02,-253.87500000,-246.12500000,7.75000000e+00
37,6.53906250,6.53125000,7.81250000e-03,492.25000000,490.25000000,2.00000000e+00
38,8.10937500,8.11718750,7.81250000e-03,-62.50000000,-58.59375000,3.90625000e+00
39,7.16796875,7.17187500,3.90625000e-03,87.87500000,87.87500000,0.00000000e+00
40,7.81250000,7.81250000,0.00000000e+00,125.00000000,125.00000000,0.00000000e+00
41,5.03125000,5.02343750,7.81250000e-03,-185.50000000,-183.62500000,1.87500000e+00
42,7.03125000,7.03125000,0.00000000e+00,23.43750000,23.43750000,0.00000000e+00
43,6.40625000,6.40234375,3.90625000e-03,39.06250000,41.00000000,1.93750000e+00
44,6.03906250,6.03125000,7.81250000e-03,-128.87500000,-130.87500000,2.00000000e+00
45,6.46875000,6.46093750,7.81250000e-03,300.75000000,295.00000000,5.75000000e+00
46,7.42968750,7.42968750,0.00000000e+00,-115.25000000,-109.37500000,5.87500000e+00
47,7.62890625,7.62500000,3.90625000e-03,-84.00000000,-85.93750000,1.93750000e+00
48,5.92968750,5.92968750,0.00000000e+00,-230.50000000,-230.50000000,0.00000000e+00
49,7.55468750,7.54687500,7.81250000e-03,-62.50000000,-60.53125000,1.96875000e+00
50,5.82031250,5.82812500,7.81250000e-03,289.00000000,289.00000000,0.00000000e+00
51,5.81250000,5.80859375,3.90625000e-03,236.37500000,234.37500000,2.00000000e+00
52,6.32031250,6.31250000,7.81250000e-03,-23.43750000,-23.43750000,0.00000000e+00
53,6.18359375,6.17968750,3.90625000e-03,316.50000000,314.50000000,2.00000000e+00
54,5.08203125,5.08203125,0.00000000e+00,5.85937500,3.90625000,1.95312500e+00
55,5.27343750,5.27343750,0.00000000e+00,158.25000000,158.25000000,0.00000000e+00
56,5.61718750,5.61718750,0.00000000e+00,-289.00000000,-291.00000000,2.00000000e+00
57,7.96875000,7.95312500,1.56250000e-02,85.93750000,82.00000000,3.93750000e+00
58,6.14062500,6.13671875,3.90625000e-03,19.53125000,17.57812500,1.95312500e+00
59,7.00781250,7.00390625,3.90625000e-03,109.37500000,109.37500000,0.00000000e+00
60,8.22656250,8.22656250,0.00000000e+00,85.93750000,85.93750000,0.00000000e+00
61,5.77343750,5.76562500,7.81250000e-03,-226.50000000,-224.62500000,1.87500000e+00
62,6.90234375,6.89062500,1.17187500e-02,5.85937500,5.85937500,0.00000000e+00
63,7.16406250,7.15625000,7.81250000e-03,-123.06250000,-125.00000000,1.93750000e+00
64,6.89843750,6.88671875,1.17187500e-02,3.90625000,5.85937500,1.95312500e+00
65,7.79687500,7.79687500,0.00000000e+00,-152.37500000,-156.25000000,3.87500000e+00
66,5.50000000,5.50000000,0.00000000e+00,35.15625000,31.25000000,3.90625000e+00
67,4.85937500,4.86328125,3.90625000e-03,-107.43750000,-101.56250000,5.87500000e+00
68,6.17968750,6.17187500,7.81250000e-03,-42.96875000,-46.87500000,3.90625000e+00
69,6.53125000,6.53125000,0.00000000e+00,-70.31250000,-72.25000000,1.93750000e+00
70,4.87500000,4.86718750,7.81250000e-03,-433.50000000,-431.75000000,1.75000000e+00
71,4.33203125,4.32031250,1.17187500e-02,48.81250000,44.90625000,3.90625000e+00
72,6.38671875,6.38281250,3.90625000e-03,31.25000000,29.29687500,1.95312500e+00
73,6.56250000,6.54687500,1.56250000e-02,-27.34375000,-29.29687500,1.95312500e+00
74,7.21093750,7.20703125,3.90625000e-03,300.75000000,300.75000000,0.00000000e+00
75,6.12500000,6.11328125,1.17187500e-02,23.43750000,21.48437500,1.95312500e+00
76,10.48437500,10.47656250,7.81250000e-03,738.50000000,738.50000000,0.00000000e+00
77,7.80078125,7.79687500,3.90625000e-03,-400.50000000,-402.25000000,1.75000000e+00
78,4.57031250,4.56250000,7.81250000e-03,-252.00000000,-253.87500000,1.87500000e+00
79,4.58593750,4.57812500,7.81250000e-03,-234.37500000,-238.25000000,3.87500000e+00
80,5.30078125,5.28906250,1.17187500e-02,134.75000000,136.75000000,2.00000000e+00
81,7.02343750,7.02343750,0.00000000e+00,232.37500000,230.50000000,1.87500000e+00
82,8.28125000,8.28125000,0.00000000e+00,-7.81250000,-3.90625000,3.90625000e+00
83,6.98437500,6.98437500,0.00000000e+00,70.31250000,72.25000000,1.93750000e+00
84,8.32031250,8.30468750,1.56250000e-02,636.50000000,629.00000000,7.50000000e+00
85,5.65625000,5.64843750,7.81250000e-03,-316.50000000,-314.50000000,2.00000000e+00
86,7.60156250,7.62500000,2.34375000e-02,-171.87500000,-164.00000000,7.87500000e+00
87,5.89062500,5.88281250,7.81250000e-03,-23.43750000,-23.43750000,0.00000000e+00
88,7.98437500,7.98437500,0.00000000e+00,-23.43750000,-19.53125000,3.90625000e+00
89,7.37109375,7.36718750,3.90625000e-03,302.75000000,298.75000000,4.00000000e+00
90,7.82031250,7.82031250,0.00000000e+00,275.50000000,275.50000000,0.00000000e+00
91,5.13281250,5.12500000,7.81250000e-03,85.93750000,85.93750000,0.00000000e+00
92,7.10546875,7.10156250,3.90625000e-03,267.50000000,263.75000000,3.75000000e+00
93,5.85937500,5.85937500,0.00000000e+00,-132.75000000,-136.75000000,4.00000000e+00
94,6.28906250,6.28125000,7.81250000e-03,191.37500000,195.25000000,3.87500000e+00
95,6.32031250,6.31250000,7.81250000e-03,279.25000000,273.50000000,5.75000000e+00
96,7.31250000,7.31250000,0.00000000e+00,-89.81250000,-89.81250000,0.00000000e+00
97,7.25781250,7.25390625,3.90625000e-03,-318.25000000,-318.25000000,0.00000000e+00
98,5.75390625,5.75000000,3.90625000e-03,-158.25000000,-158.25000000,0.00000000e+00
99,7.53125000,7.52343750,7.81250000e-03,5.85937500,9.76562500,3.90625000e+00
100,5.32031250,5.31250000,7.81250000e-03,-46.87500000,-46.87500000,0.00000000e+00
101,5.39453125,5.38671875,7.81250000e-03,89.81250000,87.87500000,1.93750000e+00
102,6.31250000,6.30468750,7.81250000e-03,31.25000000,35.15625000,3.90625000e+00
103,6.14062500,6.13281250,7.81250000e-03,287.00000000,291.00000000,4.00000000e+00
104,5.07031250,5.05468750,1.56250000e-02,-5.85937500,-9.76562500,3.90625000e+00
105,4.58593750,4.58203125,3.90625000e-03,-334.00000000,-334.00000000,0.00000000e+00
106,5.78125000,5.76562500,1.56250000e-02,3.90625000,0.00000000,3.90625000e+00
107,7.18359375,7.17968750,3.90625000e-03,-541.00000000,-539.00000000,2.00000000e+00
108,5.73437500,5.73437500,0.00000000e+00,-234.37500000,-234.37500000,0.00000000e+00
109,6.51562500,6.50781250,7.81250000e-03,-214.87500000,-214.87500000,0.00000000e+00
110,7.71093750,7.70312500,7.81250000e-03,-324.25000000,-320.25000000,4.00000000e+00
111,5.52343750,5.51562500,7.81250000e-03,-336.00000000,-332.00000000,4.00000000e+00
112,6.58203125,6.57031250,1.17187500e-02,31.25000000,31.25000000,0.00000000e+00
113,6.85156250,6.84375000,7.81250000e-03,-164.00000000,-166.00000000,2.00000000e+00
114,6.79687500,6.79687500,0.00000000e+00,91.81250000,101.56250000,9.75000000e+00
115,7.79687500,7.80468750,7.81250000e-03,48.81250000,48.81250000,0.00000000e+00
116,5.56250000,5.55859375,3.90625000e-03,265.50000000,271.50000000,6.00000000e+00
117,4.89062500,4.88281250,7.81250000e-03,91.81250000,95.68750000,3.87500000e+00
118,6.10937500,6.10156250,7.81250000e-03,27.34375000,27.34375000,0.00000000e+00
119,6.57031250,6.57421875,3.90625000e-03,183.62500000,185.50000000,1.87500000e+00
120,5.10937500,5.09375000,1.56250000e-02,-39.06250000,-39.06250000,0.00000000e+00
121,4.22265625,4.21875000,3.90625000e-03,-21.48437500,-19.53125000,1.95312500e+00
122,5.92187500,5.93750000,1.56250000e-02,-171.87500000,-168.00000000,3.87500000e+00
123,6.47656250,6.47656250,0.00000000e+00,136.75000000,140.62500000,3.87500000e+00
124,6.66406250,6.65625000,7.81250000e-03,-66.37500000,-70.31250000,3.93750000e+00
125,6.42187500,6.40625000,1.56250000e-02,318.25000000,316.50000000,1.75000000e+00
126,10.40625000,10.40625000,0.00000000e+00,593.50000000,586.00000000,7.50000000e+00
127,8.00781250,8.00781250,0.00000000e+00,-7.81250000,-15.62500000,7.81250000e+00
128,4.81250000,4.81250000,0.00000000e+00,97.62500000,103.50000000,5.87500000e+00
129,4.88281250,4.87500000,7.81250000e-03,113.25000000,109.37500000,3.87500000e+00
130,4.88671875,4.88281250,3.90625000e-03,-173.87500000,-168.00000000,5.87500000e+00
131,6.67968750,6.67187500,7.81250000e-03,191.37500000,183.62500000,7.75000000e+00
132,7.80078125,7.79687500,3.90625000e-03,-279.25000000,-281.25000000,2.00000000e+00
133,6.71875000,6.71484375,3.90625000e-03,31.25000000,33.18750000,1.93750000e+00
134,7.34375000,7.34375000,0.00000000e+00,-168.00000000,-160.12500000,7.87500000e+00
135,5.65625000,5.64843750,7.81250000e-03,-175.75000000,-171.87500000,3.87500000e+00
136,7.67968750,7.67968750,0.00000000e+00,74.18750000,74.18750000,0.00000000e+00
137,5.47656250,5.46093750,1.56250000e-02,-314.50000000,-316.50000000,2.00000000e+00
138,7.83593750,7.84375000,7.81250000e-03,-11.71875000,-17.57812500,5.85937500e+00
139,6.66406250,6.66796875,3.90625000e-03,-265.50000000,-269.50000000,4.00000000e+00
140,7.48828125,7.49609375,7.81250000e-03,9.76562500,9.76562500,0.00000000e+00
141,5.19531250,5.17187500,2.34375000e-02,207.00000000,207.00000000,0.00000000e+00
142,6.63281250,6.63281250,0.00000000e+00,-103.50000000,-97.62500000,5.87500000e+00
143,6.05859375,6.05468750,3.90625000e-03,3.90625000,-3.90625000,7.81250000e+00
144,5.64453125,5.63671875,7.81250000e-03,-314.50000000,-310.50000000,4.00000000e+00
145,6.15625000,6.15625000,0.00000000e+00,183.62500000,183.62500000,0.00000000e+00
146,7.42187500,7.42187500,0.00000000e+00,31.25000000,25.39062500,5.85937500e+00
147,7.55078125,7.53906250,1.17187500e-02,31.25000000,31.25000000,0.00000000e+00
148,5.55468750,5.55859375,3.90625000e-03,-281.25000000,-277.25000000,4.00000000e+00
149,7.17968750,7.17968750,0.00000000e+00,-195.25000000,-187.50000000,7.75000000e+00
150,5.32812500,5.32031250,7.81250000e-03,115.25000000,111.31250000,3.93750000e+00
151,5.03906250,5.01562500,2.34375000e-02,-169.87500000,-171.87500000,2.00000000e+00
152,6.15234375,6.14062500,1.17187500e-02,-25.39062500,-23.43750000,1.95312500e+00
153,5.70703125,5.69140625,1.56250000e-02,-52.71875000,-54.68750000,1.96875000e+00
154,4.77343750,4.75781250,1.56250000e-02,-87.87500000,-82.00000000,5.87500000e+00
155,4.76562500,4.76171875,3.90625000e-03,-169.87500000,-166.00000000,3.87500000e+00
156,5.85937500,5.84375000,1.56250000e-02,78.12500000,78.12500000,0.00000000e+00
157,7.74218750,7.74218750,0.00000000e+00,105.43750000,113.25000000,7.81250000e+00
158,5.75000000,5.75781250,7.81250000e-03,-164.00000000,-162.12500000,1.87500000e+00
159,6.64062500,6.64062500,0.00000000e+00,-31.25000000,-35.15625000,3.90625000e+00
160,8.04687500,8.02343750,2.34375000e-02,101.56250000,95.68750000,5.87500000e+00
161,5.85937500,5.85156250,7.81250000e-03,136.75000000,144.50000000,7.75000000e+00
162,6.56250000,6.53515625,2.73437500e-02,-31.25000000,-33.18750000,1.93750000e+00
163,7.16406250,7.16406250,0.00000000e+00,132.75000000,140.62500000,7.87500000e+00
164,7.07031250,7.05468750,1.56250000e-02,392.50000000,394.50000000,2.00000000e+00
165,7.51562500,7.52343750,7.81250000e-03,-119.12500000,-121.06250000,1.93750000e+00
166,4.86718750,4.85156250,1.56250000e-02,-382.75000000,-384.75000000,2.00000000e+00
167,4.53906250,4.52343750,1.56250000e-02,-228.50000000,-232.37500000,3.87500000e+00
168,5.88671875,5.87890625,7.81250000e-03,-130.87500000,-126.93750000,3.93750000e+00
169,6.26171875,6.26562500,3.90625000e-03,-103.50000000,-101.56250000,1.93750000e+00
170,5.19140625,5.17578125,1.56250000e-02,99.62500000,107.43750000,7.81250000e+00
171,4.07812500,4.06250000,1.56250000e-02,-105.43750000,-109.37500000,3.93750000e+00
172,6.26562500,6.28125000,1.56250000e-02,80.06250000,74.18750000,5.87500000e+00
173,6.45312500,6.43750000,1.56250000e-02,248.00000000,250.00000000,2.00000000e+00
174,6.54687500,6.53906250,7.81250000e-03,-60.53125000,-60.53125000,0.00000000e+00
175,5.74218750,5.72265625,1.95312500e-02,-203.12500000,-201.12500000,2.00000000e+00
176,9.54687500,9.54687500,0.00000000e+00,-54.68750000,-46.87500000,7.81250000e+00
177,8.25000000,8.26562500,1.56250000e-02,210.87500000,214.87500000,4.00000000e+00
178,4.68359375,4.67578125,7.81250000e-03,13.67187500,19.53125000,5.85937500e+00
179,4.61718750,4.60156250,1.56250000e-02,5.85937500,3.90625000,1.95312500e+00
180,4.93750000,4.91796875,1.95312500e-02,-128.87500000,-128.87500000,0.00000000e+00
181,6.60156250,6.59765625,3.90625000e-03,85.93750000,91.81250000,5.87500000e+00
182,8.15625000,8.14843750,7.81250000e-03,89.81250000,85.93750000,3.87500000e+00
183,6.75390625,6.73437500,1.95312500e-02,1.95312500,-3.90625000,5.85937500e+00
184,7.42968750,7.44531250,1.56250000e-02,101.56250000,105.43750000,3.87500000e+00
185,5.96484375,5.94531250,1.95312500e-02,220.75000000,226.50000000,5.75000000e+00
186,7.64843750,7.64843750,0.00000000e+00,62.50000000,58.59375000,3.90625000e+00
187,5.78125000,5.75781250,2.34375000e-02,175.75000000,168.00000000,7.75000000e+00
188,7.91015625,7.92578125,1.56250000e-02,41.00000000,41.00000000,0.00000000e+00
189,6.74218750,6.74218750,0.00000000e+00,-207.00000000,-207.00000000,0.00000000e+00
190,7.64453125,7.66015625,1.56250000e-02,189.50000000,193.37500000,3.87500000e+00
191,4.79687500,4.76953125,2.73437500e-02,-121.06250000,-119.12500000,1.93750000e+00
192,6.81640625,6.81640625,0.00000000e+00,76.18750000,74.18750000,2.00000000e+00
193,5.71093750,5.71875000,7.81250000e-03,-171.87500000,-171.87500000,0.00000000e+00
194,5.89843750,5.88281250,1.56250000e-02,70.31250000,66.37500000,3.93750000e+00
195,6.03125000,6.03125000,0.00000000e+00,123.06250000,125.00000000,1.93750000e+00
196,6.96875000,6.96875000,0.00000000e+00,-334.00000000,-336.00000000,2.00000000e+00
197,7.35156250,7.32812500,2.34375000e-02,-80.06250000,-89.81250000,9.75000000e+00
198,5.46875000,5.46875000,0.00000000e+00,-343.75000000,-343.75000000,0.00000000e+00
199,7.37500000,7.35156250,2.34375000e-02,50.78125000,44.90625000,5.87500000e+00
200,5.06250000,5.05859375,3.90625000e-03,-107.43750000,-101.56250000,5.87500000e+00
201,5.26953125,5.24218750,2.73437500e-02,93.75000000,85.93750000,7.81250000e+00
202,6.33984375,6.32812500,1.17187500e-02,177.75000000,175.75000000,2.00000000e+00
203,5.64453125,5.62500000,1.95312500e-02,21.48437500,23.43750000,1.95312500e+00
204,4.82812500,4.81640625,1.17187500e-02,41.00000000,44.90625000,3.90625000e+00
205,4.80078125,4.78906250,1.17187500e-02,-76.18750000,-74.18750000,2.00000000e+00
206,5.50000000,5.48437500,1.56250000e-02,-128.87500000,-130.87500000,2.00000000e+00
207,7.36718750,7.35937500,7.81250000e-03,-95.68750000,-93.75000000,1.93750000e+00
208,5.89843750,5.89843750,0.00000000e+00,39.06250000,35.15625000,3.90625000e+00
209,6.63281250,6.63281250,0.00000000e+00,70.31250000,70.31250000,0.00000000e+00
210,8.00781250,7.99218750,1.56250000e-02,123.06250000,121.06250000,2.00000000e+00
211,5.59765625,5.58593750,1.17187500e-02,-91.81250000,-87.87500000,3.93750000e+00
212,6.55468750,6.53515625,1.95312500e-02,11.71875000,9.76562500,1.95312500e+00
213,6.79687500,6.78125000,1.56250000e-02,-175.75000000,-177.75000000,2.00000000e+00
214,6.48046875,6.46093750,1.95312500e-02,-152.37500000,-156.25000000,3.87500000e+00
215,7.93750000,7.94531250,7.81250000e-03,293.00000000,293.00000000,0.00000000e+00
216,5.05468750,5.04687500,7.81250000e-03,-152.37500000,-150.37500000,2.00000000e+00
217,4.81640625,4.81250000,3.90625000e-03,99.62500000,99.62500000,0.00000000e+00
218,5.92187500,5.90625000,1.56250000e-02,-42.96875000,-42.96875000,0.00000000e+00
219,6.31250000,6.31640625,3.90625000e-03,-58.59375000,-56.62500000,1.96875000e+00
220,5.01953125,5.00390625,1.56250000e-02,11.71875000,9.76562500,1.95312500e+00
221,4.20703125,4.20312500,3.90625000e-03,66.37500000,66.37500000,0.00000000e+00
222,5.93750000,5.94531250,7.81250000e-03,-97.62500000,-103.50000000,5.87500000e+00
223,5.96484375,5.95703125,7.81250000e-03,-216.75000000,-212.87500000,3.87500000e+00
224,6.64062500,6.64843750,7.81250000e-03,62.50000000,72.25000000,9.75000000e+00
225,5.68750000,5.67187500,1.56250000e-02,-304.75000000,-302.75000000,2.00000000e+00
226,9.57812500,9.56250000,1.56250000e-02,179.62500000,171.87500000,7.75000000e+00
227,7.72656250,7.74609375,1.95312500e-02,-101.56250000,-99.62500000,1.93750000e+00
228,4.60937500,4.60937500,0.00000000e+00,-58.59375000,-50.78125000,7.81250000e+00
229,4.46093750,4.44531250,1.56250000e-02,-160.12500000,-164.00000000,3.87500000e+00
230,4.85937500,4.85156250,7.81250000e-03,-183.62500000,-183.62500000,0.00000000e+00
231,6.30468750,6.28906250,1.56250000e-02,-39.06250000,-42.96875000,3.90625000e+00
232,8.14062500,8.13281250,7.81250000e-03,50.78125000,46.87500000,3.90625000e+00
233,6.78125000,6.77343750,7.81250000e-03,121.06250000,128.87500000,7.81250000e+00
234,7.49609375,7.48437500,1.17187500e-02,216.75000000,214.87500000,1.87500000e+00
235,5.88281250,5.85937500,2.34375000e-02,218.75000000,218.75000000,0.00000000e+00
236,7.10937500,7.10937500,0.00000000e+00,-441.50000000,-445.25000000,3.75000000e+00
237,5.19531250,5.18359375,1.17187500e-02,-308.50000000,-302.75000000,5.75000000e+00
238,8.06250000,8.06250000,0.00000000e+00,205.12500000,195.25000000,9.87500000e+00
239,6.81250000,6.81250000,0.00000000e+00,0.00000000,0.00000000,0.00000000e+00
240,7.57031250,7.57031250,0.00000000e+00,253.87500000,248.00000000,5.87500000e+00
241,5.19531250,5.16796875,2.73437500e-02,285.25000000,289.00000000,3.75000000e+00
242,6.20312500,6.19140625,1.17187500e-02,-382.75000000,-382.75000000,0.00000000e+00
243,5.92187500,5.92968750,7.81250000e-03,136.75000000,140.62500000,3.87500000e+00
244,5.52343750,5.49218750,3.12500000e-02,-70.31250000,-82.00000000,1.16875000e+01
245,5.71093750,5.71093750,0.00000000e+00,-72.25000000,-76.18750000,3.93750000e+00
246,7.30859375,7.29687500,1.17187500e-02,97.62500000,93.75000000,3.87500000e+00
247,7.14843750,7.13281250,1.56250000e-02,-105.43750000,-99.62500000,5.81250000e+00
248,5.96875000,5.96093750,7.81250000e-03,214.87500000,214.87500000,0.00000000e+00
249,6.85937500,6.84375000,1.56250000e-02,-355.50000000,-357.50000000,2.00000000e+00
250,5.00000000,4.98437500,1.56250000e-02,-54.68750000,-54.68750000,0.00000000e+00
251,5.16406250,5.14453125,1.95312500e-02,74.18750000,76.18750000,2.00000000e+00
252,6.09375000,6.09375000,0.00000000e+00,3.90625000,7.81250000,3.90625000e+00
253,5.51171875,5.48828125,2.34375000e-02,-23.43750000,-21.48437500,1.95312500e+00
254,4.70312500,4.67968750,2.34375000e-02,-199.25000000,-197.25000000,2.00000000e+00
255,4.57031250,4.55468750,1.56250000e-02,-175.75000000,-171.87500000,3.87500000e+00
256,5.61718750,5.58203125,3.51562500e-02,13.67187500,1.95312500,1.17187500e+01
257,7.21093750,7.19531250,1.56250000e-02,-132.75000000,-134.75000000,2.00000000e+00
258,5.67578125,5.67968750,3.90625000e-03,-50.78125000,-48.81250000,1.96875000e+00
259,6.42187500,6.43750000,1.56250000e-02,-89.81250000,-82.00000000,7.81250000e+00
260,7.75781250,7.75000000,7.81250000e-03,-125.00000000,-117.18750000,7.81250000e+00
261,5.45312500,5.43750000,1.56250000e-02,-117.18750000,-117.18750000,0.00000000e+00
262,6.49609375,6.46875000,2.73437500e-02,-5.85937500,-9.76562500,3.90625000e+00
263,6.80468750,6.78125000,2.34375000e-02,-82.00000000,-82.00000000,0.00000000e+00
264,6.58593750,6.55468750,3.12500000e-02,66.37500000,62.50000000,3.87500000e+00
265,7.44140625,7.45312500,1.17187500e-02,-154.25000000,-152.37500000,1.87500000e+00
266,4.75000000,4.73437500,1.56250000e-02,-312.50000000,-312.50000000,0.00000000e+00
267,4.57421875,4.55468750,1.95312500e-02,-56.62500000,-54.68750000,1.93750000e+00
268,5.68359375,5.66406250,1.95312500e-02,-224.62500000,-224.62500000,0.00000000e+00
269,5.86328125,5.87109375,7.81250000e-03,-388.75000000,-384.75000000,4.00000000e+00
270,4.79687500,4.76953125,2.73437500e-02,-125.00000000,-126.93750000,1.93750000e+00
271,4.38671875,4.37890625,7.81250000e-03,242.12500000,246.12500000,4.00000000e+00
272,5.90625000,5.91796875,1.17187500e-02,23.43750000,25.39062500,1.95312500e+00
273,5.97656250,5.96875000,7.81250000e-03,5.85937500,9.76562500,3.90625000e+00
274,6.53125000,6.52734375,3.90625000e-03,39.06250000,41.00000000,1.93750000e+00
275,5.66796875,5.64843750,1.95312500e-02,-111.31250000,-113.25000000,1.93750000e+00
276,9.10937500,9.10937500,0.00000000e+00,-269.50000000,-269.50000000,0.00000000e+00
277,7.73437500,7.75000000,1.56250000e-02,-15.62500000,-15.62500000,0.00000000e+00
278,4.76562500,4.74609375,1.95312500e-02,207.00000000,205.12500000,1.87500000e+00
279,4.43359375,4.42187500,1.17187500e-02,-238.25000000,-234.37500000,3.87500000e+00
280,4.95312500,4.92968750,2.34375000e-02,60.53125000,58.59375000,1.93750000e+00
281,6.49218750,6.47656250,1.56250000e-02,236.37500000,230.50000000,5.87500000e+00
282,8.18750000,8.19531250,7.81250000e-03,207.00000000,207.00000000,0.00000000e+00
283,6.88671875,6.87890625,7.81250000e-03,365.25000000,373.00000000,7.75000000e+00
284,6.94921875,6.96093750,1.17187500e-02,-248.00000000,-246.12500000,1.87500000e+00
285,5.70703125,5.68359375,2.34375000e-02,166.00000000,166.00000000,0.00000000e+00
286,7.05468750,7.05468750,0.00000000e+00,-386.75000000,-388.75000000,2.00000000e+00
287,5.14843750,5.12500000,2.34375000e-02,-168.00000000,-169.87500000,1.87500000e+00
288,7.64062500,7.65625000,1.56250000e-02,-27.34375000,-19.53125000,7.81250000e+00
289,6.77734375,6.78125000,3.90625000e-03,76.18750000,74.18750000,2.00000000e+00
290,7.08593750,7.10156250,1.56250000e-02,-70.31250000,-66.37500000,3.93750000e+00
291,4.91406250,4.89843750,1.56250000e-02,132.75000000,132.75000000,0.00000000e+00
292,6.63671875,6.63281250,3.90625000e-03,169.87500000,166.00000000,3.87500000e+00
293,5.67187500,5.67187500,0.00000000e+00,-46.87500000,-50.78125000,3.90625000e+00
294,5.47265625,5.45312500,1.95312500e-02,-105.43750000,-109.37500000,3.93750000e+00
295,5.78125000,5.78906250,7.81250000e-03,54.68750000,58.59375000,3.90625000e+00
296,6.92968750,6.93359375,3.90625000e-03,-152.37500000,-148.37500000,4.00000000e+00
297,7.36718750,7.35937500,7.81250000e-03,191.37500000,195.25000000,3.87500000e+00
298,5.51171875,5.51171875,0.00000000e+00,-109.37500000,-113.25000000,3.87500000e+00
299,7.26171875,7.25000000,1.17187500e-02,232.37500000,230.50000000,1.87500000e+00
300,4.92578125,4.91796875,7.81250000e-03,-91.81250000,-87.87500000,3.93750000e+00
301,5.07812500,5.06250000,1.56250000e-02,54.68750000,56.62500000,1.93750000e+00
302,6.16406250,6.15625000,7.81250000e-03,175.75000000,171.87500000,3.87500000e+00
303,5.58203125,5.56250000,1.95312500e-02,84.00000000,85.93750000,1.93750000e+00
304,4.56640625,4.53906250,2.73437500e-02,-185.50000000,-191.37500000,5.87500000e+00
305,4.70703125,4.69921875,7.81250000e-03,-97.62500000,-91.81250000,5.81250000e+00
306,5.67187500,5.67187500,0.00000000e+00,152.37500000,156.25000000,3.87500000e+00
307,7.35156250,7.35156250,0.00000000e+00,46.87500000,46.87500000,0.00000000e+00
308,5.39062500,5.38281250,7.81250000e-03,-291.00000000,-293.00000000,2.00000000e+00
309,6.46875000,6.47265625,3.90625000e-03,37.09375000,37.09375000,0.00000000e+00
310,7.90234375,7.89843750,3.90625000e-03,209.00000000,205.12500000,3.87500000e+00
311,5.43750000,5.42968750,7.81250000e-03,-62.50000000,-58.59375000,3.90625000e+00
312,6.50000000,6.48437500,1.56250000e-02,218.75000000,214.87500000,3.87500000e+00
313,6.67187500,6.64843750,2.34375000e-02,-134.75000000,-140.62500000,5.87500000e+00
314,6.57421875,6.56250000,1.17187500e-02,197.25000000,195.25000000,2.00000000e+00
315,7.64843750,7.67187500,2.34375000e-02,238.25000000,244.12500000,5.87500000e+00
316,4.89843750,4.87500000,2.34375000e-02,-89.81250000,-93.75000000,3.93750000e+00
317,4.54687500,4.53125000,1.56250000e-02,-1.95312500,-3.90625000,1.95312500e+00
318,5.82031250,5.80078125,1.95312500e-02,1.95312500,3.90625000,1.95312500e+00
319,6.08203125,6.09375000,1.17187500e-02,-173.87500000,-171.87500000,2.00000000e+00
320,4.71484375,4.70312500,1.17187500e-02,-123.06250000,-117.18750000,5.87500000e+00
321,4.23437500,4.20703125,2.73437500e-02,166.00000000,165.00000000,1.00000000e+00
322,5.84375000,5.85546875,1.17187500e-02,-58.59375000,-58.59375000,0.00000000e+00
323,6.10156250,6.09375000,7.81250000e-03,205.12500000,203.12500000,2.00000000e+00
324,6.38281250,6.37500000,7.81250000e-03,-15.62500000,-17.57812500,1.95312500e+00
325,5.53906250,5.52343750,1.56250000e-02,-121.06250000,-126.93750000,5.87500000e+00
326,9.00781250,9.01562500,7.81250000e-03,-316.50000000,-312.50000000,4.00000000e+00
327,7.62890625,7.64843750,1.95312500e-02,-17.57812500,-21.48437500,3.90625000e+00
328,4.58593750,4.57812500,7.81250000e-03,115.25000000,117.18750000,1.93750000e+00
329,4.85156250,4.84375000,7.81250000e-03,261.75000000,267.50000000,5.75000000e+00
330,5.01562500,5.00000000,1.56250000e-02,218.75000000,220.75000000,2.00000000e+00
331,6.07031250,6.05468750,1.56250000e-02,-39.06250000,-44.90625000,5.84375000e+00
332,7.85937500,7.87890625,1.95312500e-02,-13.67187500,-1.95312500,1.17187500e+01
333,6.82812500,6.81640625,1.17187500e-02,441.50000000,447.25000000,5.75000000e+00
334,7.09375000,7.10156250,7.81250000e-03,87.87500000,87.87500000,0.00000000e+00
335,5.48437500,5.46875000,1.56250000e-02,-3.90625000,0.00000000,3.90625000e+00
336,7.43750000,7.44531250,7.81250000e-03,68.37500000,74.18750000,5.81250000e+00
337,5.37500000,5.35156250,2.34375000e-02,0.00000000,0.00000000,0.00000000e+00
338,7.37890625,7.39843750,1.95312500e-02,-205.12500000,-203.12500000,2.00000000e+00
339,6.65234375,6.65625000,3.90625000e-03,13.67187500,9.76562500,3.90625000e+00
340,6.87500000,6.89062500,1.56250000e-02,-279.25000000,-273.50000000,5.75000000e+00
341,4.73046875,4.72265625,7.81250000e-03,-68.37500000,-68.37500000,0.00000000e+00
342,6.53906250,6.53906250,0.00000000e+00,175.75000000,171.87500000,3.87500000e+00
343,5.82031250,5.82812500,7.81250000e-03,142.62500000,140.62500000,2.00000000e+00
344,5.49218750,5.46875000,2.34375000e-02,-13.67187500,-21.48437500,7.81250000e+00
345,5.65625000,5.66015625,3.90625000e-03,-48.81250000,-50.78125000,1.96875000e+00
346,7.04687500,7.05078125,3.90625000e-03,-7.81250000,-7.81250000,0.00000000e+00
347,7.08203125,7.07031250,1.17187500e-02,13.67187500,11.71875000,1.95312500e+00
348,5.60937500,5.60937500,0.00000000e+00,0.00000000,0.00000000,0.00000000e+00
349,7.05468750,7.02343750,3.12500000e-02,15.62500000,5.85937500,9.76562500e+00
350,5.41406250,5.40625000,7.81250000e-03,445.25000000,449.25000000,4.00000000e+00
351,5.24218750,5.23828125,3.90625000e-03,267.50000000,277.25000000,9.75000000e+00
352,5.85156250,5.83984375,1.17187500e-02,-74.18750000,-76.18750000,2.00000000e+00
353,5.57812500,5.55859375,1.95312500e-02,187.50000000,185.50000000,2.00000000e+00
354,4.74609375,4.72265625,2.34375000e-02,130.87500000,134.75000000,3.87500000e+00
355,4.71093750,4.70312500,7.81250000e-03,35.15625000,35.15625000,0.00000000e+00
356,5.64843750,5.64062500,7.81250000e-03,179.62500000,181.62500000,2.00000000e+00
357,7.32031250,7.30468750,1.56250000e-02,179.62500000,171.87500000,7.75000000e+00
358,5.84375000,5.86718750,2.34375000e-02,107.43750000,119.12500000,1.16875000e+01
359,6.22265625,6.21093750,1.17187500e-02,-232.37500000,-238.25000000,5.87500000e+00
360,7.58984375,7.58593750,3.90625000e-03,-27.34375000,-29.29687500,1.95312500e+00
361,5.57031250,5.55859375,1.17187500e-02,152.37500000,152.37500000,0.00000000e+00
362,6.16406250,6.14843750,1.56250000e-02,-78.12500000,-76.18750000,1.93750000e+00
363,6.50000000,6.47656250,2.34375000e-02,-128.87500000,-125.00000000,3.87500000e+00
364,5.93750000,5.92187500,1.56250000e-02,-402.25000000,-402.25000000,0.00000000e+00
365,7.46484375,7.48046875,1.56250000e-02,134.75000000,132.75000000,2.00000000e+00
366,5.46875000,5.46093750,7.81250000e-03,593.50000000,593.50000000,0.00000000e+00
367,4.58984375,4.57031250,1.95312500e-02,193.37500000,187.50000000,5.87500000e+00
368,5.92968750,5.91015625,1.95312500e-02,150.37500000,154.25000000,3.87500000e+00
369,6.04687500,6.05468750,7.81250000e-03,-89.81250000,-85.93750000,3.87500000e+00
370,4.28125000,4.25781250,2.34375000e-02,-427.75000000,-429.75000000,2.00000000e+00
371,3.88085938,3.85156250,2.92968750e-02,-24.40625000,-31.25000000,6.84375000e+00
372,5.64843750,5.66796875,1.95312500e-02,-209.00000000,-209.00000000,0.00000000e+00
373,5.62890625,5.61718750,1.17187500e-02,-132.75000000,-132.75000000,0.00000000e+00
374,6.38281250,6.37890625,3.90625000e-03,107.43750000,107.43750000,0.00000000e+00
375,5.49609375,5.49609375,0.00000000e+00,-99.62500000,-91.81250000,7.81250000e+00
376,9.00781250,9.01562500,7.81250000e-03,-152.37500000,-156.25000000,3.87500000e+00
377,7.67968750,7.69531250,1.56250000e-02,42.96875000,46.87500000,3.90625000e+00
378,4.41406250,4.39843750,1.56250000e-02,0.00000000,-5.85937500,5.85937500e+00
379,4.51562500,4.50781250,7.81250000e-03,37.09375000,35.15625000,1.93750000e+00
380,4.80468750,4.78906250,1.56250000e-02,13.67187500,15.62500000,1.95312500e+00
381,6.21875000,6.20703125,1.17187500e-02,152.37500000,158.25000000,5.87500000e+00
382,7.69531250,7.68750000,7.81250000e-03,-140.62500000,-146.50000000,5.87500000e+00
383,6.32812500,6.31250000,1.56250000e-02,15.62500000,19.53125000,3.90625000e+00
384,6.70312500,6.70312500,0.00000000e+00,-242.12500000,-242.12500000,0.00000000e+00
385,5.62500000,5.60156250,2.34375000e-02,193.37500000,191.37500000,2.00000000e+00
386,7.03906250,7.03906250,0.00000000e+00,-140.62500000,-136.75000000,3.87500000e+00
387,4.93750000,4.92968750,7.81250000e-03,-375.00000000,-371.00000000,4.00000000e+00
388,7.26562500,7.27343750,7.81250000e-03,-242.12500000,-246.12500000,4.00000000e+00
389,6.62109375,6.64062500,1.95312500e-02,66.37500000,70.31250000,3.93750000e+00
390,7.20703125,7.21484375,7.81250000e-03,209.00000000,203.12500000,5.87500000e+00
391,4.47656250,4.45312500,2.34375000e-02,-228.50000000,-238.25000000,9.75000000e+00
392,6.13281250,6.13671875,3.90625000e-03,-203.12500000,-201.12500000,2.00000000e+00
393,5.32421875,5.33593750,1.17187500e-02,-373.00000000,-371.00000000,2.00000000e+00
394,5.29687500,5.30078125,3.90625000e-03,-66.37500000,-52.71875000,1.36562500e+01
395,5.45312500,5.46093750,7.81250000e-03,-121.06250000,-121.06250000,0.00000000e+00
396,7.03906250,7.04687500,7.81250000e-03,70.31250000,74.18750000,3.87500000e+00
397,7.12500000,7.12500000,0.00000000e+00,152.37500000,152.37500000,0.00000000e+00
398,5.23828125,5.23046875,7.81250000e-03,-314.50000000,-318.25000000,3.75000000e+00
399,6.67578125,6.67968750,3.90625000e-03,-240.25000000,-230.50000000,9.75000000e+00
400,4.96875000,4.98046875,1.17187500e-02,117.18750000,134.75000000,1.75625000e+01
401,4.84375000,4.83984375,3.90625000e-03,35.15625000,41.00000000,5.84375000e+00
402,5.80468750,5.79687500,7.81250000e-03,-64.43750000,-60.53125000,3.90625000e+00
403,5.75781250,5.76171875,3.90625000e-03,472.75000000,476.50000000,3.75000000e+00
404,4.24218750,4.21484375,2.73437500e-02,-339.75000000,-351.50000000,1.17500000e+01
405,4.66406250,4.65625000,7.81250000e-03,-13.67187500,-15.62500000,1.95312500e+00
406,5.65625000,5.65625000,0.00000000e+00,332.00000000,332.00000000,0.00000000e+00
407,7.12500000,7.13281250,7.81250000e-03,-41.00000000,-37.09375000,3.90625000e+00
408,5.63671875,5.65625000,1.95312500e-02,58.59375000,48.81250000,9.78125000e+00
409,6.31640625,6.32421875,7.81250000e-03,-21.48437500,-17.57812500,3.90625000e+00
410,7.63671875,7.63671875,0.00000000e+00,68.37500000,68.37500000,0.00000000e+00
411,4.76562500,4.76562500,0.00000000e+00,-515.50000000,-515.50000000,0.00000000e+00
412,6.05468750,6.05078125,3.90625000e-03,-101.56250000,-91.81250000,9.75000000e+00
413,6.57812500,6.56250000,1.56250000e-02,35.15625000,35.15625000,0.00000000e+00
414,6.28125000,6.27343750,7.81250000e-03,80.06250000,74.18750000,5.87500000e+00
415,7.16406250,7.17187500,7.81250000e-03,-148.37500000,-152.37500000,4.00000000e+00
416,4.92968750,4.92968750,0.00000000e+00,173.87500000,179.62500000,5.75000000e+00
417,4.28125000,4.26953125,1.17187500e-02,-78.12500000,-82.00000000,3.87500000e+00
418,5.55468750,5.54296875,1.17187500e-02,-109.37500000,-105.43750000,3.93750000e+00
419,6.10937500,6.12500000,1.56250000e-02,54.68750000,62.50000000,7.81250000e+00
420,4.84765625,4.85156250,3.90625000e-03,142.62500000,144.50000000,1.87500000e+00
421,3.74609375,3.74609375,0.00000000e+00,-93.75000000,-90.81250000,2.93750000e+00
422,5.90625000,5.93750000,3.12500000e-02,152.37500000,152.37500000,0.00000000e+00
423,5.17187500,5.17187500,0.00000000e+00,-406.25000000,-408.25000000,2.00000000e+00
424,6.29687500,6.28906250,7.81250000e-03,46.87500000,39.06250000,7.81250000e+00
425,5.37109375,5.35937500,1.17187500e-02,-183.62500000,-191.37500000,7.75000000e+00
426,9.93750000,9.97656250,3.90625000e-02,590.00000000,605.50000000,1.55000000e+01
427,7.82812500,7.83984375,1.17187500e-02,269.50000000,261.75000000,7.75000000e+00
428,4.27734375,4.28125000,3.90625000e-03,21.48437500,21.48437500,0.00000000e+00
429,4.32812500,4.33593750,7.81250000e-03,-39.06250000,-35.15625000,3.90625000e+00
430,4.82812500,4.82812500,0.00000000e+00,150.37500000,154.25000000,3.87500000e+00
431,5.76562500,5.76562500,0.00000000e+00,-156.25000000,-150.37500000,5.87500000e+00
432,7.71875000,7.71875000,0.00000000e+00,-89.81250000,-93.75000000,3.93750000e+00
433,6.03125000,6.03515625,3.90625000e-03,-152.37500000,-154.25000000,1.87500000e+00
434,7.11718750,7.14843750,3.12500000e-02,277.25000000,287.00000000,9.75000000e+00
435,5.28125000,5.28125000,0.00000000e+00,-181.62500000,-175.75000000,5.87500000e+00
436,6.93359375,6.93750000,3.90625000e-03,-310.50000000,-316.50000000,6.00000000e+00
437,5.12500000,5.12500000,0.00000000e+00,-46.87500000,-41.00000000,5.87500000e+00
438,7.89062500,7.89062500,0.00000000e+00,371.00000000,363.25000000,7.75000000e+00
439,6.50000000,6.51953125,1.95312500e-02,54.68750000,54.68750000,0.00000000e+00
440,7.07031250,7.10156250,3.12500000e-02,105.43750000,107.43750000,2.00000000e+00
441,4.82031250,4.82812500,7.81250000e-03,171.87500000,179.62500000,7.75000000e+00
442,6.03906250,6.03125000,7.81250000e-03,-191.37500000,-199.25000000,7.87500000e+00
443,5.76562500,5.76562500,0.00000000e+00,273.50000000,261.75000000,1.17500000e+01
444,5.66406250,5.67187500,7.81250000e-03,353.50000000,369.25000000,1.57500000e+01
445,5.70703125,5.72656250,1.95312500e-02,162.12500000,169.87500000,7.75000000e+00
446,6.72265625,6.72656250,3.90625000e-03,-44.90625000,-46.87500000,1.96875000e+00
447,7.03906250,7.04296875,3.90625000e-03,109.37500000,107.43750000,1.93750000e+00
448,5.28515625,5.28125000,3.90625000e-03,-144.50000000,-148.37500000,3.87500000e+00
449,7.03125000,7.04687500,1.56250000e-02,171.87500000,187.50000000,1.56250000e+01
450,4.78906250,4.77734375,1.17187500e-02,7.81250000,-7.81250000,1.56250000e+01
451,4.77343750,4.76562500,7.81250000e-03,70.31250000,72.25000000,1.93750000e+00
452,5.81640625,5.80468750,1.17187500e-02,80.06250000,74.18750000,5.87500000e+00
453,5.31250000,5.30859375,3.90625000e-03,97.62500000,95.68750000,1.93750000e+00
454,4.41015625,4.37890625,3.12500000e-02,-148.37500000,-148.37500000,0.00000000e+00
455,4.48437500,4.47265625,1.17187500e-02,-56.62500000,-62.50000000,5.87500000e+00
456,5.14062500,5.13671875,3.90625000e-03,-156.25000000,-158.25000000,2.00000000e+00
457,6.97656250,6.98437500,7.81250000e-03,-50.78125000,-46.87500000,3.90625000e+00
458,5.45312500,5.47656250,2.34375000e-02,-66.37500000,-62.50000000,3.87500000e+00
459,6.30468750,6.30859375,3.90625000e-03,3.90625000,1.95312500,1.95312500e+00
460,7.57421875,7.58203125,7.81250000e-03,50.78125000,54.68750000,3.90625000e+00
461,5.28906250,5.28125000,7.81250000e-03,9.76562500,5.85937500,3.90625000e+00
462,6.03125000,6.01171875,1.95312500e-02,-89.81250000,-95.68750000,5.87500000e+00
463,6.06250000,6.04687500,1.56250000e-02,-347.75000000,-349.50000000,1.75000000e+00
464,6.21093750,6.20312500,7.81250000e-03,42.96875000,39.06250000,3.90625000e+00
465,7.36718750,7.39062500,2.34375000e-02,191.37500000,195.25000000,3.87500000e+00
466,4.93750000,4.92187500,1.56250000e-02,214.87500000,212.87500000,2.00000000e+00
467,4.57031250,4.56250000,7.81250000e-03,285.25000000,284.25000000,1.00000000e+00
468,5.66406250,5.64062500,2.34375000e-02,97.62500000,89.81250000,7.81250000e+00
469,6.07812500,6.07812500,0.00000000e+00,97.62500000,91.81250000,5.81250000e+00
470,4.50000000,4.50000000,0.00000000e+00,-93.75000000,-85.93750000,7.81250000e+00
471,3.76562500,3.76171875,3.90625000e-03,78.12500000,80.06250000,1.93750000e+00
472,6.07812500,6.10546875,2.73437500e-02,328.00000000,332.00000000,4.00000000e+00
473,5.37109375,5.37109375,0.00000000e+00,-210.87500000,-216.75000000,5.87500000e+00
474,6.11328125,6.10937500,3.90625000e-03,-17.57812500,-23.43750000,5.85937500e+00
475,5.89062500,5.90625000,1.56250000e-02,410.25000000,423.75000000,1.35000000e+01
476,8.92187500,8.92968750,7.81250000e-03,-160.12500000,-168.00000000,7.87500000e+00
477,7.43750000,7.45312500,1.56250000e-02,7.81250000,11.71875000,3.90625000e+00
478,4.28515625,4.28515625,0.00000000e+00,39.06250000,44.90625000,5.84375000e+00
479,4.57812500,4.57031250,7.81250000e-03,154.25000000,146.50000000,7.75000000e+00
480,4.86718750,4.85156250,1.56250000e-02,283.25000000,277.25000000,6.00000000e+00
481,5.76562500,5.73437500,3.12500000e-02,23.43750000,9.76562500,1.36718750e+01
482,7.69531250,7.71093750,1.56250000e-02,-70.31250000,-62.50000000,7.81250000e+00
483,6.19140625,6.18359375,7.81250000e-03,84.00000000,91.81250000,7.81250000e+00
484,6.82421875,6.84375000,1.95312500e-02,-15.62500000,-23.43750000,7.81250000e+00
485,5.33984375,5.32031250,1.95312500e-02,5.85937500,1.95312500,3.90625000e+00
486,7.23437500,7.25000000,1.56250000e-02,175.75000000,179.62500000,3.87500000e+00
487,4.79687500,4.78515625,1.17187500e-02,-212.87500000,-212.87500000,0.00000000e+00
488,7.53125000,7.56250000,3.12500000e-02,89.81250000,99.62500000,9.81250000e+00
489,6.42187500,6.44531250,2.34375000e-02,97.62500000,105.43750000,7.81250000e+00
490,7.03125000,7.06250000,3.12500000e-02,134.75000000,140.62500000,5.87500000e+00
491,4.66015625,4.64843750,1.17187500e-02,87.87500000,97.62500000,9.75000000e+00
492,6.14843750,6.14843750,0.00000000e+00,-31.25000000,-35.15625000,3.90625000e+00
493,5.30859375,5.32031250,1.17187500e-02,-255.87500000,-250.00000000,5.87500000e+00
494,5.22656250,5.21875000,7.81250000e-03,-3.90625000,0.00000000,3.90625000e+00
495,5.26953125,5.26953125,0.00000000e+00,-128.87500000,-126.93750000,1.93750000e+00
496,6.75781250,6.75000000,7.81250000e-03,46.87500000,35.15625000,1.17187500e+01
497,6.67578125,6.68750000,1.17187500e-02,-218.75000000,-218.75000000,0.00000000e+00
498,5.50781250,5.50000000,7.81250000e-03,125.00000000,119.12500000,5.87500000e+00
499,6.38281250,6.39843750,1.56250000e-02,-332.00000000,-326.25000000,5.75000000e+00
500,4.85937500,4.86718750,7.81250000e-03,138.62500000,148.37500000,9.75000000e+00
501,4.84765625,4.83593750,1.17187500e-02,146.50000000,144.50000000,2.00000000e+00
502,5.80468750,5.79687500,7.81250000e-03,58.59375000,62.50000000,3.90625000e+00
503,5.36718750,5.36718750,0.00000000e+00,281.25000000,281.25000000,0.00000000e+00
504,4.82812500,4.81250000,1.56250000e-02,432.50000000,437.50000000,5.00000000e+00
505,4.78125000,4.75781250,2.34375000e-02,273.50000000,265.50000000,8.00000000e+00
506,5.47656250,5.46875000,7.81250000e-03,244.12500000,242.12500000,2.00000000e+00
507,6.69921875,6.70703125,7.81250000e-03,-209.00000000,-218.75000000,9.75000000e+00
508,5.46875000,5.50390625,3.51562500e-02,31.25000000,37.09375000,5.84375000e+00
509,6.19531250,6.19921875,3.90625000e-03,0.00000000,1.95312500,1.95312500e+00
510,7.64062500,7.65625000,1.56250000e-02,117.18750000,113.25000000,3.93750000e+00
511,4.98437500,4.97656250,7.81250000e-03,-158.25000000,-156.25000000,2.00000000e+00
512,6.33984375,6.32812500,1.17187500e-02,244.12500000,246.12500000,2.00000000e+00
513,6.42187500,6.40625000,1.56250000e-02,50.78125000,48.81250000,1.96875000e+00
514,5.99218750,5.97656250,1.56250000e-02,-109.37500000,-109.37500000,0.00000000e+00
515,7.20312500,7.24218750,3.90625000e-02,15.62500000,19.53125000,3.90625000e+00
516,4.53906250,4.53515625,3.90625000e-03,-113.25000000,-115.25000000,2.00000000e+00
517,4.61718750,4.61718750,0.00000000e+00,369.25000000,370.00000000,7.50000000e-01
518,5.37890625,5.37109375,7.81250000e-03,-138.62500000,-136.75000000,1.87500000e+00
519,5.67187500,5.68750000,1.56250000e-02,-269.50000000,-259.75000000,9.75000000e+00
520,4.57812500,4.55468750,2.34375000e-02,48.81250000,35.15625000,1.36562500e+01
521,3.57421875,3.58203125,7.81250000e-03,-72.25000000,-68.37500000,3.87500000e+00
522,5.62500000,5.65625000,3.12500000e-02,-44.90625000,-39.06250000,5.84375000e+00
523,5.54687500,5.56250000,1.56250000e-02,84.00000000,89.81250000,5.81250000e+00
524,6.17187500,6.16406250,7.81250000e-03,101.56250000,93.75000000,7.81250000e+00
525,5.09375000,5.08593750,7.81250000e-03,-232.37500000,-230.50000000,1.87500000e+00
526,9.13281250,9.14062500,7.81250000e-03,-39.06250000,-31.25000000,7.81250000e+00
527,7.61718750,7.63281250,1.56250000e-02,175.75000000,171.87500000,3.87500000e+00
528,4.52734375,4.51562500,1.17187500e-02,298.75000000,293.00000000,5.75000000e+00
529,4.19531250,4.20703125,1.17187500e-02,-66.37500000,-64.43750000,1.93750000e+00
530,4.32031250,4.32031250,0.00000000e+00,-85.93750000,-82.00000000,3.93750000e+00
531,5.55468750,5.54687500,7.81250000e-03,-289.00000000,-295.00000000,6.00000000e+00
532,7.69921875,7.71875000,1.95312500e-02,-150.37500000,-148.37500000,2.00000000e+00
533,5.90625000,5.89843750,7.81250000e-03,-125.00000000,-125.00000000,0.00000000e+00
534,6.89062500,6.91796875,2.73437500e-02,80.06250000,80.06250000,0.00000000e+00
535,5.34375000,5.33593750,7.81250000e-03,85.93750000,85.93750000,0.00000000e+00
536,6.89453125,6.91406250,1.95312500e-02,-160.12500000,-156.25000000,3.87500000e+00
537,5.25000000,5.25000000,0.00000000e+00,380.75000000,375.00000000,5.75000000e+00
538,7.48046875,7.50781250,2.73437500e-02,68.37500000,70.31250000,1.93750000e+00
539,6.25781250,6.28906250,3.12500000e-02,5.85937500,13.67187500,7.81250000e+00
540,6.92187500,6.95703125,3.51562500e-02,74.18750000,74.18750000,0.00000000e+00
541,4.60156250,4.58984375,1.17187500e-02,195.25000000,201.12500000,5.87500000e+00
542,6.19531250,6.21875000,2.34375000e-02,117.18750000,125.00000000,7.81250000e+00
543,5.29687500,5.32812500,3.12500000e-02,-23.43750000,-11.71875000,1.17187500e+01
544,5.33593750,5.30468750,3.12500000e-02,285.25000000,261.75000000,2.35000000e+01
545,5.42968750,5.42968750,0.00000000e+00,64.43750000,56.62500000,7.81250000e+00
546,6.64843750,6.66015625,1.17187500e-02,-35.15625000,-42.96875000,7.81250000e+00
547,6.84765625,6.85937500,1.17187500e-02,95.68750000,93.75000000,1.93750000e+00
548,5.17968750,5.19921875,1.95312500e-02,-132.75000000,-123.06250000,9.68750000e+00
549,6.42187500,6.45312500,3.12500000e-02,-152.37500000,-136.75000000,1.56250000e+01
550,4.32031250,4.32031250,0.00000000e+00,-423.75000000,-441.50000000,1.77500000e+01
551,4.52343750,4.50390625,1.95312500e-02,-123.06250000,-126.93750000,3.87500000e+00
552,5.59375000,5.57812500,1.56250000e-02,-74.18750000,-82.00000000,7.81250000e+00
553,5.00000000,5.00781250,7.81250000e-03,80.06250000,74.18750000,5.87500000e+00
554,4.10156250,4.07812500,2.34375000e-02,-168.00000000,-168.00000000,0.00000000e+00
555,4.83984375,4.82812500,1.17187500e-02,557.50000000,562.50000000,5.00000000e+00
556,5.42968750,5.42968750,0.00000000e+00,253.87500000,252.00000000,1.87500000e+00
557,6.89843750,6.92187500,2.34375000e-02,19.53125000,19.53125000,0.00000000e+00
558,5.21093750,5.23437500,2.34375000e-02,-154.25000000,-160.12500000,5.87500000e+00
559,6.13281250,6.14062500,7.81250000e-03,-46.87500000,-50.78125000,3.90625000e+00
560,7.48828125,7.50000000,1.17187500e-02,78.12500000,82.00000000,3.87500000e+00
561,5.08593750,5.08593750,0.00000000e+00,113.25000000,119.12500000,5.87500000e+00
562,5.75781250,5.73437500,2.34375000e-02,-175.75000000,-175.75000000,0.00000000e+00
563,6.28125000,6.27343750,7.81250000e-03,35.15625000,33.18750000,1.96875000e+00
564,6.23046875,6.21875000,1.17187500e-02,220.75000000,214.87500000,5.87500000e+00
565,7.03125000,7.05078125,1.95312500e-02,-58.59375000,-72.25000000,1.36562500e+01
566,4.87890625,4.87109375,7.81250000e-03,314.50000000,314.50000000,0.00000000e+00
567,4.07812500,4.07812500,0.00000000e+00,-21.48437500,-27.34375000,5.85937500e+00
568,5.22656250,5.21093750,1.56250000e-02,-226.50000000,-232.37500000,5.87500000e+00
569,5.81640625,5.81250000,3.90625000e-03,-91.81250000,-89.81250000,2.00000000e+00
570,4.20703125,4.18750000,1.95312500e-02,-111.31250000,-123.06250000,1.17500000e+01
571,3.62109375,3.61328125,7.81250000e-03,15.62500000,7.81250000,7.81250000e+00
572,5.92187500,5.96093750,3.90625000e-02,306.75000000,310.50000000,3.75000000e+00
573,5.07031250,5.07812500,7.81250000e-03,-468.75000000,-478.50000000,9.75000000e+00
574,6.14843750,6.15234375,3.90625000e-03,210.87500000,207.00000000,3.87500000e+00
575,5.03515625,5.03125000,3.90625000e-03,-236.37500000,-246.12500000,9.75000000e+00
576,9.10156250,9.10156250,0.00000000e+00,89.81250000,89.81250000,0.00000000e+00
577,7.45703125,7.48437500,2.73437500e-02,78.12500000,82.00000000,3.87500000e+00
578,3.90039062,3.89453125,5.85937500e-03,-174.75000000,-181.62500000,6.87500000e+00
579,4.28906250,4.30859375,1.95312500e-02,125.00000000,130.87500000,5.87500000e+00
580,4.27343750,4.27734375,3.90625000e-03,-210.87500000,-189.50000000,2.13750000e+01
581,5.68359375,5.67968750,3.90625000e-03,25.39062500,21.48437500,3.90625000e+00
582,7.56250000,7.58203125,1.95312500e-02,-214.87500000,-209.00000000,5.87500000e+00
583,5.87500000,5.86328125,1.17187500e-02,-21.48437500,-35.15625000,1.36718750e+01
584,6.70312500,6.73828125,3.51562500e-02,23.43750000,17.57812500,5.85937500e+00
585,5.38671875,5.37500000,1.17187500e-02,209.00000000,210.87500000,1.87500000e+00
586,7.13281250,7.13281250,0.00000000e+00,113.25000000,113.25000000,0.00000000e+00
587,5.02343750,5.04296875,1.95312500e-02,265.50000000,269.50000000,4.00000000e+00
588,7.47265625,7.50390625,3.12500000e-02,119.12500000,126.93750000,7.81250000e+00
589,6.02343750,6.04296875,1.95312500e-02,-117.18750000,-119.12500000,1.93750000e+00
590,6.42187500,6.46875000,4.68750000e-02,-285.25000000,-285.25000000,0.00000000e+00
591,4.22265625,4.22656250,3.90625000e-03,-95.68750000,-78.12500000,1.75625000e+01
592,6.33203125,6.36718750,3.51562500e-02,314.50000000,328.00000000,1.35000000e+01
593,5.32031250,5.35546875,3.51562500e-02,44.90625000,54.68750000,9.78125000e+00
594,4.84375000,4.84765625,3.90625000e-03,-27.34375000,-35.15625000,7.81250000e+00
595,5.05078125,5.07421875,2.34375000e-02,-275.50000000,-277.25000000,1.75000000e+00
596,6.45703125,6.48046875,2.34375000e-02,-80.06250000,-84.00000000,3.93750000e+00
597,6.77343750,6.82421875,5.07812500e-02,113.25000000,126.93750000,1.36875000e+01
598,4.95703125,4.96484375,7.81250000e-03,-318.25000000,-320.25000000,2.00000000e+00
599,6.79687500,6.84375000,4.68750000e-02,298.75000000,324.25000000,2.55000000e+01
600,4.96875000,4.99218750,2.34375000e-02,375.00000000,392.50000000,1.75000000e+01
601,4.89843750,4.89843750,0.00000000e+00,429.75000000,429.75000000,0.00000000e+00
602,5.53906250,5.53125000,7.81250000e-03,-85.93750000,-82.00000000,3.93750000e+00
603,4.88281250,4.91015625,2.73437500e-02,82.00000000,93.75000000,1.17500000e+01
604,3.97656250,3.96875000,7.81250000e-03,-183.62500000,-183.62500000,0.00000000e+00
605,4.17187500,4.16406250,7.81250000e-03,-29.29687500,-31.25000000,1.95312500e+00
606,5.02343750,5.01953125,3.90625000e-03,-85.93750000,-80.06250000,5.87500000e+00
607,6.99218750,7.00000000,7.81250000e-03,222.62500000,210.87500000,1.17500000e+01
608,5.78125000,5.85156250,7.03125000e-02,355.50000000,379.00000000,2.35000000e+01
609,6.20312500,6.21484375,1.17187500e-02,197.25000000,197.25000000,0.00000000e+00
610,7.11718750,7.12890625,1.17187500e-02,-218.75000000,-216.75000000,2.00000000e+00
611,4.76562500,4.76562500,0.00000000e+00,-70.31250000,-66.37500000,3.93750000e+00
612,5.59375000,5.56250000,3.12500000e-02,-214.87500000,-222.62500000,7.75000000e+00
613,6.00000000,6.00000000,0.00000000e+00,-93.75000000,-93.75000000,0.00000000e+00
614,5.71875000,5.72265625,3.90625000e-03,-115.25000000,-123.06250000,7.81250000e+00
615,7.15625000,7.16406250,7.81250000e-03,54.68750000,33.18750000,2.15000000e+01
616,4.38281250,4.37109375,1.17187500e-02,-3.90625000,-5.85937500,1.95312500e+00
617,3.68945312,3.69140625,1.95312500e-03,-288.00000000,-291.00000000,3.00000000e+00
618,5.47265625,5.47656250,3.90625000e-03,64.43750000,66.37500000,1.93750000e+00
619,5.80468750,5.78906250,1.56250000e-02,-27.34375000,-39.06250000,1.17187500e+01
620,4.58593750,4.57812500,7.81250000e-03,291.00000000,289.00000000,2.00000000e+00
621,3.50000000,3.49414062,5.85937500e-03,50.78125000,40.03125000,1.07500000e+01
622,5.02343750,5.06250000,3.90625000e-02,-463.00000000,-464.75000000,1.75000000e+00
623,5.45312500,5.47265625,1.95312500e-02,164.00000000,162.12500000,1.87500000e+00
624,5.71875000,5.71875000,0.00000000e+00,-164.00000000,-168.00000000,4.00000000e+00
625,5.03125000,5.03125000,0.00000000e+00,3.90625000,9.76562500,5.85937500e+00
626,8.89062500,8.88281250,7.81250000e-03,-46.87500000,-58.59375000,1.17187500e+01
627,7.46875000,7.49218750,2.34375000e-02,183.62500000,183.62500000,0.00000000e+00
628,3.87304688,3.87109375,1.95312500e-03,-77.12500000,-76.18750000,9.37500000e-01
629,4.14062500,4.16406250,2.34375000e-02,93.75000000,99.62500000,5.87500000e+00
630,4.08593750,4.07812500,7.81250000e-03,-142.62500000,-142.62500000,0.00000000e+00
631,5.67187500,5.66406250,7.81250000e-03,128.87500000,130.87500000,2.00000000e+00
632,7.65625000,7.66406250,7.81250000e-03,15.62500000,15.62500000,0.00000000e+00
633,5.92187500,5.92968750,7.81250000e-03,97.62500000,97.62500000,0.00000000e+00
634,6.51953125,6.54687500,2.73437500e-02,-1.95312500,-7.81250000,5.85937500e+00
635,4.95312500,4.94140625,1.17187500e-02,-103.50000000,-103.50000000,0.00000000e+00
636,7.00390625,7.01562500,1.17187500e-02,60.53125000,66.37500000,5.84375000e+00
637,4.85546875,4.87500000,1.95312500e-02,224.62500000,234.37500000,9.75000000e+00
638,7.62890625,7.64843750,1.95312500e-02,326.25000000,326.25000000,0.00000000e+00
639,5.80468750,5.82031250,1.56250000e-02,-226.50000000,-222.62500000,3.87500000e+00
640,6.18750000,6.22656250,3.90625000e-02,-449.25000000,-447.25000000,2.00000000e+00
641,4.14843750,4.13671875,1.17187500e-02,-156.25000000,-150.37500000,5.87500000e+00
642,5.76171875,5.76562500,3.90625000e-03,-119.12500000,-130.87500000,1.17500000e+01
643,5.23046875,5.23437500,3.90625000e-03,95.68750000,82.00000000,1.36875000e+01
644,4.73046875,4.73828125,7.81250000e-03,37.09375000,37.09375000,0.00000000e+00
645,5.35937500,5.37500000,1.56250000e-02,261.75000000,255.87500000,5.87500000e+00
646,6.25000000,6.26562500,1.56250000e-02,-201.12500000,-210.87500000,9.75000000e+00
647,6.27734375,6.29687500,1.95312500e-02,-177.75000000,-181.62500000,3.87500000e+00
648,5.14453125,5.16406250,1.95312500e-02,-60.53125000,-58.59375000,1.93750000e+00
649,6.37109375,6.39843750,2.73437500e-02,5.85937500,19.53125000,1.36718750e+01
650,4.26953125,4.29687500,2.73437500e-02,-177.75000000,-164.00000000,1.37500000e+01
651,4.46875000,4.45703125,1.17187500e-02,97.62500000,95.68750000,1.93750000e+00
652,5.46484375,5.46875000,3.90625000e-03,-29.29687500,-23.43750000,5.85937500e+00
653,4.94531250,4.97656250,3.12500000e-02,128.87500000,148.37500000,1.95000000e+01
654,4.09375000,4.07031250,2.34375000e-02,-27.34375000,-39.06250000,1.17187500e+01
655,4.37890625,4.37109375,7.81250000e-03,284.25000000,290.00000000,5.75000000e+00
656,5.16406250,5.15625000,7.81250000e-03,93.75000000,97.62500000,3.87500000e+00
657,6.70312500,6.74218750,3.90625000e-02,33.18750000,42.96875000,9.78125000e+00
658,5.57812500,5.64062500,6.25000000e-02,253.87500000,271.50000000,1.76250000e+01
659,5.92578125,5.95312500,2.73437500e-02,-25.39062500,-17.57812500,7.81250000e+00
660,7.28125000,7.29687500,1.56250000e-02,42.96875000,48.81250000,5.84375000e+00
661,4.98437500,4.96875000,1.56250000e-02,207.00000000,209.00000000,2.00000000e+00
662,5.73437500,5.70312500,3.12500000e-02,15.62500000,7.81250000,7.81250000e+00
663,6.07812500,6.09375000,1.56250000e-02,54.68750000,58.59375000,3.90625000e+00
664,5.85937500,5.87109375,1.17187500e-02,113.25000000,119.12500000,5.87500000e+00
665,7.14062500,7.17187500,3.12500000e-02,187.50000000,185.50000000,2.00000000e+00
666,4.36718750,4.35546875,1.17187500e-02,19.53125000,25.39062500,5.85937500e+00
667,4.03515625,4.02734375,7.81250000e-03,54.68750000,52.71875000,1.96875000e+00
668,5.21484375,5.18750000,2.73437500e-02,-113.25000000,-121.06250000,7.81250000e+00
669,5.60546875,5.60937500,3.90625000e-03,-154.25000000,-140.62500000,1.36250000e+01
670,4.50000000,4.48828125,1.17187500e-02,289.00000000,288.00000000,1.00000000e+00
671,3.35156250,3.35937500,7.81250000e-03,-42.96875000,-31.25000000,1.17187500e+01
672,5.35156250,5.38281250,3.12500000e-02,-164.00000000,-179.62500000,1.56250000e+01
673,5.17578125,5.22656250,5.07812500e-02,-60.53125000,-39.06250000,2.14687500e+01
674,5.83203125,5.83593750,3.90625000e-03,44.90625000,41.00000000,3.90625000e+00
675,5.08203125,5.06250000,1.95312500e-02,169.87500000,164.00000000,5.87500000e+00
676,8.81250000,8.81250000,0.00000000e+00,-50.78125000,-39.06250000,1.17187500e+01
677,7.29687500,7.32812500,3.12500000e-02,74.18750000,78.12500000,3.93750000e+00
678,3.70898438,3.68945312,1.95312500e-02,-223.62500000,-229.50000000,5.87500000e+00
679,4.00390625,3.99609375,7.81250000e-03,-70.31250000,-78.12500000,7.81250000e+00
680,4.22265625,4.20312500,1.95312500e-02,21.48437500,29.29687500,7.81250000e+00
681,5.41796875,5.42187500,3.90625000e-03,-64.43750000,-46.87500000,1.75625000e+01
682,7.35937500,7.36718750,7.81250000e-03,-128.87500000,-128.87500000,0.00000000e+00
683,5.75000000,5.73828125,1.17187500e-02,23.43750000,13.67187500,9.76562500e+00
684,6.57031250,6.59765625,2.73437500e-02,80.06250000,70.31250000,9.75000000e+00
685,4.90625000,4.90234375,3.90625000e-03,-85.93750000,-76.18750000,9.75000000e+00
686,6.95312500,6.96875000,1.56250000e-02,97.62500000,101.56250000,3.93750000e+00
687,4.60937500,4.59375000,1.56250000e-02,-15.62500000,-31.25000000,1.56250000e+01
688,6.97656250,7.00390625,2.73437500e-02,-125.00000000,-125.00000000,0.00000000e+00
689,6.03906250,6.05468750,1.56250000e-02,19.53125000,27.34375000,7.81250000e+00
690,6.51562500,6.57421875,5.85937500e-02,-46.87500000,-41.00000000,5.87500000e+00
691,4.44921875,4.44140625,7.81250000e-03,191.37500000,199.25000000,7.87500000e+00
692,5.74218750,5.75000000,7.81250000e-03,-123.06250000,-126.93750000,3.87500000e+00
693,5.17187500,5.17578125,3.90625000e-03,78.12500000,68.37500000,9.75000000e+00
694,4.71484375,4.72656250,1.17187500e-02,-58.59375000,-60.53125000,1.93750000e+00
695,4.94531250,4.94531250,0.00000000e+00,-156.25000000,-158.25000000,2.00000000e+00
696,6.71875000,6.75781250,3.90625000e-02,300.75000000,312.50000000,1.17500000e+01
697,6.48437500,6.47656250,7.81250000e-03,3.90625000,0.00000000,3.90625000e+00
698,5.14843750,5.14843750,0.00000000e+00,101.56250000,95.68750000,5.87500000e+00
699,6.61718750,6.65234375,3.51562500e-02,308.50000000,328.00000000,1.95000000e+01
700,4.46484375,4.48046875,1.56250000e-02,13.67187500,17.57812500,3.90625000e+00
701,4.82812500,4.79296875,3.51562500e-02,543.00000000,536.00000000,7.00000000e+00
702,5.60156250,5.60546875,3.90625000e-03,195.25000000,201.12500000,5.87500000e+00
703,4.59765625,4.60156250,3.90625000e-03,-74.18750000,-68.37500000,5.81250000e+00
704,4.22265625,4.19531250,2.73437500e-02,197.25000000,201.12500000,3.87500000e+00
705,4.10937500,4.08984375,1.95312500e-02,-31.25000000,-29.29687500,1.95312500e+00
706,5.03125000,5.00000000,3.12500000e-02,50.78125000,42.96875000,7.81250000e+00
707,6.67968750,6.68750000,7.81250000e-03,-42.96875000,-54.68750000,1.17187500e+01
708,5.31640625,5.35546875,3.90625000e-02,85.93750000,95.68750000,9.75000000e+00
709,6.12109375,6.12109375,0.00000000e+00,169.87500000,169.87500000,0.00000000e+00
710,7.20312500,7.20312500,0.00000000e+00,-27.34375000,-35.15625000,7.81250000e+00
711,4.92187500,4.90625000,1.56250000e-02,171.87500000,171.87500000,0.00000000e+00
712,5.97265625,5.95312500,1.95312500e-02,189.50000000,199.25000000,9.75000000e+00
713,5.94531250,5.95312500,7.81250000e-03,-25.39062500,-27.34375000,1.95312500e+00
714,5.63281250,5.64843750,1.56250000e-02,-183.62500000,-173.87500000,9.75000000e+00
715,6.61718750,6.64843750,3.12500000e-02,-343.75000000,-343.75000000,0.00000000e+00
716,4.46875000,4.44531250,2.34375000e-02,201.12500000,191.37500000,9.75000000e+00
717,3.67578125,3.66796875,7.81250000e-03,-197.25000000,-193.37500000,3.87500000e+00
718,5.39062500,5.37500000,1.56250000e-02,171.87500000,171.87500000,0.00000000e+00
719,5.85156250,5.82812500,2.34375000e-02,160.12500000,144.50000000,1.56250000e+01
720,4.23828125,4.23046875,7.81250000e-03,19.53125000,25.39062500,5.85937500e+00
721,2.98632812,2.97070312,1.56250000e-02,-310.50000000,-319.25000000,8.75000000e+00
722,5.37109375,5.41406250,4.29687500e-02,-76.18750000,-78.12500000,1.93750000e+00
723,4.93359375,4.93750000,3.90625000e-03,-218.75000000,-228.50000000,9.75000000e+00
724,5.43750000,5.43750000,0.00000000e+00,-242.12500000,-242.12500000,0.00000000e+00
725,4.72656250,4.69531250,3.12500000e-02,-115.25000000,-128.87500000,1.36250000e+01
726,8.82812500,8.82812500,0.00000000e+00,11.71875000,23.43750000,1.17187500e+01
727,7.13671875,7.16406250,2.73437500e-02,-5.85937500,-7.81250000,1.95312500e+00
728,4.35546875,4.33203125,2.34375000e-02,472.75000000,466.75000000,6.00000000e+00
729,4.06250000,4.05859375,3.90625000e-03,56.62500000,54.68750000,1.93750000e+00
730,4.09375000,4.05468750,3.90625000e-02,-31.25000000,-39.06250000,7.81250000e+00
731,5.28906250,5.27734375,1.17187500e-02,-70.31250000,-76.18750000,5.87500000e+00
732,7.75000000,7.76562500,1.56250000e-02,224.62500000,230.50000000,5.87500000e+00
733,5.73046875,5.72656250,3.90625000e-03,97.62500000,95.68750000,1.93750000e+00
734,6.05859375,6.10156250,4.29687500e-02,-298.75000000,-283.25000000,1.55000000e+01
735,4.96093750,4.95703125,3.90625000e-03,23.43750000,29.29687500,5.85937500e+00
736,6.59375000,6.61718750,2.34375000e-02,-218.75000000,-210.87500000,7.87500000e+00
737,4.38281250,4.36718750,1.56250000e-02,-50.78125000,-52.71875000,1.93750000e+00
738,7.12890625,7.17187500,4.29687500e-02,39.06250000,46.87500000,7.81250000e+00
739,6.07031250,6.06250000,7.81250000e-03,84.00000000,72.25000000,1.17500000e+01
740,6.51562500,6.57031250,5.46875000e-02,-15.62500000,-15.62500000,0.00000000e+00
741,3.85156250,3.83789062,1.36718750e-02,-273.50000000,-266.50000000,7.00000000e+00
742,5.78906250,5.80859375,1.95312500e-02,39.06250000,37.09375000,1.96875000e+00
743,4.96875000,4.98437500,1.56250000e-02,-89.81250000,-82.00000000,7.81250000e+00
744,4.45312500,4.44531250,7.81250000e-03,-142.62500000,-144.50000000,1.87500000e+00
745,4.99609375,5.00000000,3.90625000e-03,-56.62500000,-54.68750000,1.93750000e+00
746,6.50781250,6.54687500,3.90625000e-02,103.50000000,113.25000000,9.75000000e+00
747,6.39062500,6.41406250,2.34375000e-02,-74.18750000,-60.53125000,1.36562500e+01
748,4.89843750,4.91796875,1.95312500e-02,-177.75000000,-175.75000000,2.00000000e+00
749,5.79687500,5.81640625,1.95312500e-02,-408.25000000,-408.25000000,0.00000000e+00
750,4.30468750,4.31250000,7.81250000e-03,-29.29687500,-23.43750000,5.85937500e+00
751,3.96289062,3.93164062,3.12500000e-02,-208.00000000,-210.00000000,2.00000000e+00
752,4.96093750,4.97656250,1.56250000e-02,-379.00000000,-363.25000000,1.57500000e+01
753,4.79296875,4.81250000,1.95312500e-02,224.62500000,238.25000000,1.36250000e+01
754,3.81250000,3.78125000,3.12500000e-02,-95.68750000,-95.68750000,0.00000000e+00
755,4.19921875,4.17578125,2.34375000e-02,226.50000000,233.37500000,6.87500000e+00
756,4.80859375,4.78906250,1.95312500e-02,-132.75000000,-125.00000000,7.75000000e+00
757,6.70312500,6.75000000,4.68750000e-02,156.25000000,164.00000000,7.75000000e+00
758,5.08593750,5.11328125,2.73437500e-02,-50.78125000,-64.43750000,1.36562500e+01
759,5.91406250,5.92187500,7.81250000e-03,58.59375000,54.68750000,3.90625000e+00
760,7.18750000,7.19921875,1.17187500e-02,5.85937500,5.85937500,0.00000000e+00
761,4.33593750,4.30468750,3.12500000e-02,-240.25000000,-250.00000000,9.75000000e+00
762,6.05078125,6.00000000,5.07812500e-02,416.00000000,408.25000000,7.75000000e+00
763,6.30468750,6.31250000,7.81250000e-03,398.50000000,410.25000000,1.17500000e+01
764,5.36718750,5.37500000,7.81250000e-03,-285.25000000,-285.25000000,0.00000000e+00
765,6.46093750,6.49609375,3.51562500e-02,-406.25000000,-416.00000000,9.75000000e+00
766,4.07812500,4.03125000,4.68750000e-02,-109.37500000,-117.18750000,7.81250000e+00
767,3.86328125,3.84765625,1.56250000e-02,80.06250000,79.12500000,9.37500000e-01
768,5.04687500,5.03906250,7.81250000e-03,-50.78125000,-46.87500000,3.90625000e+00
769,5.55468750,5.55078125,3.90625000e-03,-68.37500000,-70.31250000,1.93750000e+00
770,3.92968750,3.90625000,2.34375000e-02,-78.12500000,-78.12500000,0.00000000e+00
771,2.93359375,2.91796875,1.56250000e-02,-332.00000000,-332.00000000,0.00000000e+00
772,5.09765625,5.14453125,4.68750000e-02,-201.12500000,-201.12500000,0.00000000e+00
773,5.43359375,5.46093750,2.73437500e-02,400.50000000,406.25000000,5.75000000e+00
774,5.66406250,5.66406250,0.00000000e+00,46.87500000,42.96875000,3.90625000e+00
775,4.33984375,4.32812500,1.17187500e-02,-339.75000000,-328.00000000,1.17500000e+01
776,8.59375000,8.61718750,2.34375000e-02,-207.00000000,-195.25000000,1.17500000e+01
777,7.17187500,7.21093750,3.90625000e-02,164.00000000,164.00000000,0.00000000e+00
778,3.68554688,3.65625000,2.92968750e-02,-56.62500000,-68.37500000,1.17500000e+01
779,3.84765625,3.85546875,7.81250000e-03,-115.25000000,-107.43750000,7.81250000e+00
780,3.60546875,3.57421875,3.12500000e-02,-457.00000000,-451.25000000,5.75000000e+00
781,5.00781250,5.01562500,7.81250000e-03,-52.71875000,-54.68750000,1.96875000e+00
782,7.13671875,7.16406250,2.73437500e-02,-193.37500000,-195.25000000,1.87500000e+00
783,5.51562500,5.54687500,3.12500000e-02,46.87500000,58.59375000,1.17187500e+01
784,6.48437500,6.51562500,3.12500000e-02,169.87500000,166.00000000,3.87500000e+00
785,4.62890625,4.62890625,0.00000000e+00,-107.43750000,-105.43750000,2.00000000e+00
786,6.60937500,6.63671875,2.73437500e-02,15.62500000,21.48437500,5.85937500e+00
787,4.22265625,4.21875000,3.90625000e-03,-95.68750000,-89.81250000,5.87500000e+00
788,7.05468750,7.10546875,5.07812500e-02,35.15625000,33.18750000,1.96875000e+00
789,5.63281250,5.66406250,3.12500000e-02,-164.00000000,-156.25000000,7.75000000e+00
790,6.61328125,6.66406250,5.07812500e-02,123.06250000,117.18750000,5.87500000e+00
791,3.88281250,3.86718750,1.56250000e-02,-146.50000000,-144.50000000,2.00000000e+00
792,5.42187500,5.45312500,3.12500000e-02,-152.37500000,-150.37500000,2.00000000e+00
793,4.94531250,4.96093750,1.56250000e-02,42.96875000,44.90625000,1.93750000e+00
794,4.30468750,4.31250000,7.81250000e-03,-158.25000000,-152.37500000,5.87500000e+00
795,4.89453125,4.88281250,1.17187500e-02,-58.59375000,-68.37500000,9.78125000e+00
796,6.05078125,6.07421875,2.34375000e-02,-181.62500000,-179.62500000,2.00000000e+00
797,6.21875000,6.22265625,3.90625000e-03,35.15625000,33.18750000,1.96875000e+00
798,4.79687500,4.80468750,7.81250000e-03,-74.18750000,-76.18750000,2.00000000e+00
799,6.40625000,6.39062500,1.56250000e-02,285.25000000,269.50000000,1.57500000e+01
800,4.12500000,4.12500000,0.00000000e+00,-29.29687500,-33.18750000,3.89062500e+00
801,4.19921875,4.17578125,2.34375000e-02,104.50000000,111.31250000,6.81250000e+00
802,5.21484375,5.21875000,3.90625000e-03,-39.06250000,-35.15625000,3.90625000e+00
803,3.96093750,3.95117188,9.76562500e-03,-504.00000000,-512.50000000,8.50000000e+00
804,3.68750000,3.65234375,3.51562500e-02,-87.87500000,-84.93750000,2.93750000e+00
805,3.60937500,3.58007812,2.92968750e-02,-205.12500000,-198.25000000,6.87500000e+00
806,4.82031250,4.79687500,2.34375000e-02,-39.06250000,-35.15625000,3.90625000e+00
807,6.44531250,6.49218750,4.68750000e-02,42.96875000,50.78125000,7.81250000e+00
808,4.94531250,4.97656250,3.12500000e-02,-72.25000000,-82.00000000,9.75000000e+00
809,5.62890625,5.63281250,3.90625000e-03,-50.78125000,-48.81250000,1.96875000e+00
810,7.51171875,7.52343750,1.17187500e-02,330.00000000,332.00000000,2.00000000e+00
811,4.54296875,4.53125000,1.17187500e-02,91.81250000,97.62500000,5.81250000e+00
812,5.32031250,5.28125000,3.90625000e-02,-136.75000000,-134.75000000,2.00000000e+00
813,5.64453125,5.66406250,1.95312500e-02,-115.25000000,-107.43750000,7.81250000e+00
814,5.50781250,5.53906250,3.12500000e-02,-89.81250000,-72.25000000,1.75625000e+01
815,6.51562500,6.57421875,5.85937500e-02,-183.62500000,-173.87500000,9.75000000e+00
816,4.10937500,4.10156250,7.81250000e-03,89.81250000,99.62500000,9.81250000e+00
817,3.73046875,3.70703125,2.34375000e-02,44.90625000,41.00000000,3.90625000e+00
818,5.14843750,5.14843750,0.00000000e+00,152.37500000,148.37500000,4.00000000e+00
819,5.67968750,5.64062500,3.90625000e-02,195.25000000,183.62500000,1.16250000e+01
820,4.00000000,3.97656250,2.34375000e-02,99.62500000,91.81250000,7.81250000e+00
821,2.97265625,2.96093750,1.17187500e-02,-81.06250000,-78.12500000,2.93750000e+00
822,4.89453125,4.94531250,5.07812500e-02,-306.75000000,-310.50000000,3.75000000e+00
823,4.95312500,4.97265625,1.95312500e-02,160.12500000,162.12500000,2.00000000e+00
824,5.47656250,5.45703125,1.95312500e-02,23.43750000,1.95312500,2.14843750e+01
825,4.40625000,4.38671875,1.95312500e-02,-134.75000000,-140.62500000,5.87500000e+00
826,8.74218750,8.73437500,7.81250000e-03,27.34375000,7.81250000,1.95312500e+01
827,7.30078125,7.34375000,4.29687500e-02,382.75000000,377.00000000,5.75000000e+00
828,3.63281250,3.59765625,3.51562500e-02,-83.00000000,-89.81250000,6.81250000e+00
829,3.75390625,3.76562500,1.17187500e-02,-47.84375000,-41.00000000,6.84375000e+00
830,4.38281250,4.33984375,4.29687500e-02,461.00000000,448.25000000,1.27500000e+01
831,4.93750000,4.95312500,1.56250000e-02,-103.50000000,-103.50000000,0.00000000e+00
832,7.49218750,7.52734375,3.51562500e-02,242.12500000,236.37500000,5.75000000e+00
833,5.56250000,5.57812500,1.56250000e-02,140.62500000,140.62500000,0.00000000e+00
834,6.22656250,6.25000000,2.34375000e-02,11.71875000,1.95312500,9.76562500e+00
835,4.64062500,4.64062500,0.00000000e+00,-21.48437500,-23.43750000,1.95312500e+00
836,6.73437500,6.75000000,1.56250000e-02,160.12500000,152.37500000,7.75000000e+00
837,3.78515625,3.79296875,7.81250000e-03,-425.75000000,-420.00000000,5.75000000e+00
838,6.89843750,6.96093750,6.25000000e-02,23.43750000,29.29687500,5.85937500e+00
839,6.07031250,6.09375000,2.34375000e-02,367.25000000,363.25000000,4.00000000e+00
840,6.45312500,6.53906250,8.59375000e-02,78.12500000,101.56250000,2.34375000e+01
841,3.94921875,3.94140625,7.81250000e-03,37.09375000,38.09375000,1.00000000e+00
842,5.57031250,5.59765625,2.73437500e-02,93.75000000,97.62500000,3.87500000e+00
843,4.72656250,4.73828125,1.17187500e-02,-58.59375000,-60.53125000,1.93750000e+00
844,3.89843750,3.87109375,2.73437500e-02,-457.00000000,-470.75000000,1.37500000e+01
845,4.82812500,4.85156250,2.34375000e-02,7.81250000,3.90625000,3.90625000e+00
846,5.71093750,5.74218750,3.12500000e-02,-453.00000000,-457.00000000,4.00000000e+00
847,5.83203125,5.86718750,3.51562500e-02,-242.12500000,-226.50000000,1.56250000e+01
848,4.91406250,4.93359375,1.95312500e-02,101.56250000,101.56250000,0.00000000e+00
849,5.83593750,5.85937500,2.34375000e-02,-187.50000000,-189.50000000,2.00000000e+00
850,3.84179688,3.82617188,1.56250000e-02,-172.87500000,-188.50000000,1.56250000e+01
851,4.00781250,3.96484375,4.29687500e-02,93.75000000,78.12500000,1.56250000e+01
852,5.18750000,5.19531250,7.81250000e-03,-62.50000000,-66.37500000,3.87500000e+00
853,4.08984375,4.10937500,1.95312500e-02,-138.62500000,-132.75000000,5.87500000e+00
854,3.61718750,3.61523438,1.95312500e-03,-21.48437500,-8.78906250,1.26953125e+01
855,4.00390625,3.95898438,4.49218750e-02,234.37500000,215.87500000,1.85000000e+01
856,4.76171875,4.75000000,1.17187500e-02,50.78125000,54.68750000,3.90625000e+00
857,6.12500000,6.15234375,2.73437500e-02,-195.25000000,-195.25000000,0.00000000e+00
858,5.23437500,5.28906250,5.46875000e-02,365.25000000,377.00000000,1.17500000e+01
859,5.60156250,5.60156250,0.00000000e+00,11.71875000,0.00000000,1.17187500e+01
860,6.83593750,6.86328125,2.73437500e-02,-171.87500000,-168.00000000,3.87500000e+00
861,4.20312500,4.18750000,1.56250000e-02,-148.37500000,-148.37500000,0.00000000e+00
862,5.54687500,5.50781250,3.90625000e-02,136.75000000,140.62500000,3.87500000e+00
863,5.81640625,5.85156250,3.51562500e-02,216.75000000,220.75000000,4.00000000e+00
864,5.26562500,5.27734375,1.17187500e-02,-183.62500000,-183.62500000,0.00000000e+00
865,6.37890625,6.44531250,6.64062500e-02,-187.50000000,-175.75000000,1.17500000e+01
866,4.22656250,4.21875000,7.81250000e-03,255.87500000,261.75000000,5.87500000e+00
867,3.79492188,3.78710938,7.81250000e-03,231.50000000,233.37500000,1.87500000e+00
868,5.00000000,4.99609375,3.90625000e-03,54.68750000,60.53125000,5.84375000e+00
869,5.47265625,5.46093750,1.17187500e-02,56.62500000,44.90625000,1.17187500e+01
870,3.65429688,3.64648438,7.81250000e-03,-172.87500000,-167.00000000,5.87500000e+00
871,3.10937500,3.08984375,1.95312500e-02,63.46875000,60.53125000,2.93750000e+00
872,5.00000000,5.04296875,4.29687500e-02,-117.18750000,-123.06250000,5.87500000e+00
873,4.67187500,4.68359375,1.17187500e-02,-68.37500000,-70.31250000,1.93750000e+00
874,5.42968750,5.44921875,1.95312500e-02,42.96875000,44.90625000,1.93750000e+00
875,4.35937500,4.35937500,0.00000000e+00,-80.06250000,-72.25000000,7.81250000e+00
876,7.78906250,7.76562500,2.34375000e-02,-652.50000000,-683.50000000,3.10000000e+01
877,6.69140625,6.75781250,6.64062500e-02,-130.87500000,-121.06250000,9.81250000e+00
878,3.59960938,3.57031250,2.92968750e-02,2.92968750,-5.85937500,8.78906250e+00
879,3.69531250,3.70312500,7.81250000e-03,-35.15625000,-37.09375000,1.93750000e+00
880,3.93359375,3.88671875,4.68750000e-02,119.12500000,107.43750000,1.16875000e+01
881,4.70312500,4.73046875,2.73437500e-02,-171.87500000,-169.87500000,2.00000000e+00
882,7.03906250,7.06640625,2.73437500e-02,-103.50000000,-111.31250000,7.81250000e+00
883,5.24218750,5.23828125,3.90625000e-03,-134.75000000,-138.62500000,3.87500000e+00
884,6.45312500,6.50000000,4.68750000e-02,351.50000000,371.00000000,1.95000000e+01
885,4.68750000,4.68750000,0.00000000e+00,136.75000000,134.75000000,2.00000000e+00
886,6.28125000,6.29687500,1.56250000e-02,-183.62500000,-183.62500000,0.00000000e+00
887,4.07031250,4.02734375,4.29687500e-02,109.37500000,87.87500000,2.15000000e+01
888,6.47656250,6.53906250,6.25000000e-02,-322.25000000,-324.25000000,2.00000000e+00
889,5.67578125,5.70312500,2.73437500e-02,115.25000000,113.25000000,2.00000000e+00
890,6.45312500,6.50000000,4.68750000e-02,93.75000000,89.81250000,3.93750000e+00
891,3.92187500,3.90234375,1.95312500e-02,76.18750000,64.43750000,1.17500000e+01
892,5.21093750,5.25000000,3.90625000e-02,-187.50000000,-183.62500000,3.87500000e+00
893,5.11328125,5.14062500,2.73437500e-02,400.50000000,410.25000000,9.75000000e+00
894,4.21875000,4.21093750,7.81250000e-03,-1.95312500,-3.90625000,1.95312500e+00
895,4.95312500,4.98046875,2.73437500e-02,166.00000000,173.87500000,7.87500000e+00
896,6.09765625,6.13671875,3.90625000e-02,91.81250000,95.68750000,3.87500000e+00
897,6.09765625,6.10937500,1.17187500e-02,109.37500000,101.56250000,7.81250000e+00
898,4.59765625,4.62109375,2.34375000e-02,-121.06250000,-121.06250000,0.00000000e+00
899,5.68750000,5.68359375,3.90625000e-03,-177.75000000,-185.50000000,7.75000000e+00
900,3.93554688,3.92578125,9.76562500e-03,3.90625000,3.90625000,0.00000000e+00
901,3.79101562,3.76562500,2.53906250e-02,-112.31250000,-103.50000000,8.81250000e+00
902,5.16406250,5.18750000,2.34375000e-02,74.18750000,74.18750000,0.00000000e+00
903,4.10156250,4.12500000,2.34375000e-02,-101.56250000,-97.62500000,3.93750000e+00
904,3.50000000,3.49218750,7.81250000e-03,-88.87500000,-85.93750000,2.93750000e+00
905,3.98828125,3.96679688,2.14843750e-02,279.25000000,282.25000000,3.00000000e+00
906,4.42187500,4.37890625,4.29687500e-02,-195.25000000,-218.75000000,2.35000000e+01
907,6.20312500,6.22265625,1.95312500e-02,11.71875000,5.85937500,5.85937500e+00
908,4.53125000,4.55468750,2.34375000e-02,-308.50000000,-322.25000000,1.37500000e+01
909,5.41406250,5.41406250,0.00000000e+00,-140.62500000,-136.75000000,3.87500000e+00
910,6.77343750,6.81640625,4.29687500e-02,-183.62500000,-173.87500000,9.75000000e+00
911,4.21875000,4.17968750,3.90625000e-02,-54.68750000,-78.12500000,2.34375000e+01
912,5.39062500,5.33593750,5.46875000e-02,185.50000000,175.75000000,9.75000000e+00
913,5.73437500,5.77343750,3.90625000e-02,328.00000000,345.75000000,1.77500000e+01
914,5.83593750,5.84375000,7.81250000e-03,398.50000000,400.50000000,2.00000000e+00
915,6.42187500,6.49609375,7.42187500e-02,-99.62500000,-85.93750000,1.36875000e+01
916,3.83203125,3.81640625,1.56250000e-02,-63.46875000,-70.31250000,6.84375000e+00
917,3.48437500,3.46679688,1.75781250e-02,15.62500000,6.83593750,8.78906250e+00
918,4.66015625,4.65625000,3.90625000e-03,-166.00000000,-164.00000000,2.00000000e+00
919,5.22656250,5.23828125,1.17187500e-02,-187.50000000,-181.62500000,5.87500000e+00
920,3.57812500,3.57226562,5.85937500e-03,-158.25000000,-160.12500000,1.87500000e+00
921,2.85546875,2.84375000,1.17187500e-02,-166.00000000,-162.12500000,3.87500000e+00
922,5.04687500,5.08593750,3.90625000e-02,-50.78125000,-58.59375000,7.81250000e+00
923,4.71875000,4.73437500,1.56250000e-02,1.95312500,5.85937500,3.90625000e+00
924,5.24218750,5.24218750,0.00000000e+00,-60.53125000,-70.31250000,9.78125000e+00
925,4.14062500,4.14062500,0.00000000e+00,-269.50000000,-267.50000000,2.00000000e+00
926,8.48437500,8.44531250,3.90625000e-02,23.43750000,3.90625000,1.95312500e+01
927,6.93359375,6.95312500,1.95312500e-02,177.75000000,175.75000000,2.00000000e+00
928,3.63281250,3.60937500,2.34375000e-02,113.25000000,102.56250000,1.06875000e+01
929,3.50390625,3.52539062,2.14843750e-02,-140.62500000,-137.75000000,2.87500000e+00
930,3.80859375,3.80078125,7.81250000e-03,70.31250000,76.18750000,5.87500000e+00
931,4.69531250,4.71093750,1.56250000e-02,-119.12500000,-113.25000000,5.87500000e+00
932,7.22265625,7.24218750,1.95312500e-02,48.81250000,50.78125000,1.96875000e+00
933,5.16015625,5.16015625,0.00000000e+00,-68.37500000,-64.43750000,3.93750000e+00
934,5.72656250,5.70703125,1.95312500e-02,-201.12500000,-226.50000000,2.53750000e+01
935,4.57031250,4.55859375,1.17187500e-02,101.56250000,89.81250000,1.17500000e+01
936,6.57031250,6.57421875,3.90625000e-03,195.25000000,199.25000000,4.00000000e+00
937,4.00390625,3.99023438,1.36718750e-02,68.37500000,65.43750000,2.93750000e+00
938,6.83203125,6.87109375,3.90625000e-02,21.48437500,9.76562500,1.17187500e+01
939,5.52343750,5.54687500,2.34375000e-02,-50.78125000,-50.78125000,0.00000000e+00
940,6.35546875,6.42187500,6.64062500e-02,111.31250000,121.06250000,9.75000000e+00
941,3.75976562,3.73828125,2.14843750e-02,-11.71875000,-25.39062500,1.36718750e+01
942,5.69531250,5.73046875,3.51562500e-02,296.75000000,308.50000000,1.17500000e+01
943,4.62500000,4.62500000,0.00000000e+00,-52.71875000,-56.62500000,3.90625000e+00
944,4.16796875,4.15625000,1.17187500e-02,29.29687500,27.34375000,1.95312500e+00
945,4.82812500,4.85937500,3.12500000e-02,58.59375000,66.37500000,7.78125000e+00
946,6.21875000,6.23046875,1.17187500e-02,250.00000000,238.25000000,1.17500000e+01
947,5.80468750,5.82031250,1.56250000e-02,-97.62500000,-89.81250000,7.81250000e+00
948,4.58984375,4.60156250,1.17187500e-02,-52.71875000,-58.59375000,5.87500000e+00
949,5.80468750,5.80468750,0.00000000e+00,-46.87500000,-42.96875000,3.90625000e+00
950,4.17968750,4.16015625,1.95312500e-02,392.50000000,388.75000000,3.75000000e+00
951,3.87500000,3.84960938,2.53906250e-02,21.48437500,10.74218750,1.07421875e+01
952,4.98046875,4.98437500,3.90625000e-03,-48.81250000,-48.81250000,0.00000000e+00
953,4.00390625,3.98632812,1.75781250e-02,-175.75000000,-192.37500000,1.66250000e+01
954,3.51953125,3.50000000,1.95312500e-02,-60.53125000,-66.37500000,5.84375000e+00
955,3.67968750,3.67578125,3.90625000e-03,89.81250000,100.56250000,1.07500000e+01
956,4.32421875,4.30859375,1.56250000e-02,-210.87500000,-203.12500000,7.75000000e+00
957,6.04687500,6.07421875,2.73437500e-02,-238.25000000,-228.50000000,9.75000000e+00
958,5.03125000,5.05468750,2.34375000e-02,265.50000000,253.87500000,1.16250000e+01
959,5.28906250,5.30078125,1.17187500e-02,-203.12500000,-205.12500000,2.00000000e+00
960,6.71484375,6.73437500,1.95312500e-02,-193.37500000,-195.25000000,1.87500000e+00
961,4.21875000,4.20312500,1.56250000e-02,80.06250000,84.00000000,3.93750000e+00
962,5.35937500,5.31250000,4.68750000e-02,179.62500000,164.00000000,1.56250000e+01
963,5.33593750,5.36718750,3.12500000e-02,-58.59375000,-39.06250000,1.95312500e+01
964,4.97656250,4.97656250,0.00000000e+00,-320.25000000,-320.25000000,0.00000000e+00
965,6.36718750,6.41406250,4.68750000e-02,-74.18750000,-78.12500000,3.93750000e+00
966,3.73046875,3.70703125,2.34375000e-02,46.87500000,50.78125000,3.90625000e+00
967,3.51953125,3.50976562,9.76562500e-03,40.03125000,43.93750000,3.90625000e+00
968,4.79296875,4.79687500,3.90625000e-03,-9.76562500,-7.81250000,1.95312500e+00
969,5.46093750,5.45703125,3.90625000e-03,130.87500000,128.87500000,2.00000000e+00
970,3.57031250,3.55468750,1.56250000e-02,-74.18750000,-74.18750000,0.00000000e+00
971,3.04687500,3.03515625,1.17187500e-02,139.62500000,149.37500000,9.75000000e+00
972,5.17578125,5.21875000,4.29687500e-02,56.62500000,50.78125000,5.84375000e+00
973,4.55468750,4.56250000,7.81250000e-03,-101.56250000,-95.68750000,5.87500000e+00
974,5.46093750,5.46875000,7.81250000e-03,181.62500000,181.62500000,0.00000000e+00
975,4.39062500,4.36718750,2.34375000e-02,76.18750000,66.37500000,9.81250000e+00
976,7.90234375,7.86328125,3.90625000e-02,-439.50000000,-463.00000000,2.35000000e+01
977,6.96484375,6.99218750,2.73437500e-02,220.75000000,207.00000000,1.37500000e+01
978,3.27734375,3.26171875,1.56250000e-02,-162.12500000,-162.12500000,0.00000000e+00
979,3.74218750,3.75000000,7.81250000e-03,129.87500000,125.00000000,4.87500000e+00
980,3.86718750,3.85156250,1.56250000e-02,134.75000000,143.50000000,8.75000000e+00
981,5.10156250,5.13671875,3.51562500e-02,242.12500000,255.87500000,1.37500000e+01
982,7.22265625,7.23828125,1.56250000e-02,64.43750000,52.71875000,1.17187500e+01
983,5.35937500,5.36718750,7.81250000e-03,130.87500000,134.75000000,3.87500000e+00
984,6.04296875,6.07812500,3.51562500e-02,37.09375000,39.06250000,1.96875000e+00
985,4.34375000,4.34765625,3.90625000e-03,-138.62500000,-142.62500000,4.00000000e+00
986,6.42968750,6.45312500,2.34375000e-02,103.50000000,105.43750000,1.93750000e+00
987,3.73632812,3.70898438,2.73437500e-02,-105.43750000,-126.00000000,2.05625000e+01
988,6.93750000,7.00781250,7.03125000e-02,195.25000000,199.25000000,4.00000000e+00
989,5.30468750,5.33203125,2.73437500e-02,-257.75000000,-267.50000000,9.75000000e+00
990,6.36718750,6.43750000,7.03125000e-02,144.50000000,154.25000000,9.75000000e+00
991,3.42773438,3.40625000,2.14843750e-02,-251.00000000,-254.87500000,3.87500000e+00
992,5.18750000,5.22265625,3.51562500e-02,-132.75000000,-126.93750000,5.81250000e+00
993,4.87500000,4.90625000,3.12500000e-02,216.75000000,224.62500000,7.87500000e+00
994,4.01562500,3.98046875,3.51562500e-02,-60.53125000,-78.12500000,1.75937500e+01
995,4.61718750,4.64062500,2.34375000e-02,-41.00000000,-42.96875000,1.96875000e+00
996,6.12500000,6.14843750,2.34375000e-02,168.00000000,162.12500000,5.87500000e+00
997,6.05078125,6.04687500,3.90625000e-03,134.75000000,121.06250000,1.36875000e+01
998,4.60156250,4.61328125,1.17187500e-02,-62.50000000,-72.25000000,9.75000000e+00
999,5.66406250,5.66015625,3.90625000e-03,-123.06250000,-130.87500000,7.81250000e+00
1000,4.05859375,4.05859375,0.00000000e+00,195.25000000,203.12500000,7.87500000e+00
1001,3.84960938,3.82812500,2.14843750e-02,92.75000000,95.68750000,2.93750000e+00
1002,5.15625000,5.15625000,0.00000000e+00,125.00000000,109.37500000,1.56250000e+01
1003,3.87890625,3.88085938,1.95312500e-03,-181.62500000,-174.75000000,6.87500000e+00
1004,3.57421875,3.56250000,1.17187500e-02,103.50000000,109.37500000,5.87500000e+00
1005,3.39453125,3.39453125,0.00000000e+00,-220.75000000,-214.87500000,5.87500000e+00
1006,4.73046875,4.69531250,3.51562500e-02,228.50000000,216.75000000,1.17500000e+01
1007,5.97656250,6.01171875,3.51562500e-02,-214.87500000,-212.87500000,2.00000000e+00
1008,4.81250000,4.86328125,5.07812500e-02,134.75000000,140.62500000,5.87500000e+00
1009,5.65625000,5.67968750,2.34375000e-02,195.25000000,201.12500000,5.87500000e+00
1010,6.95312500,6.96093750,7.81250000e-03,58.59375000,48.81250000,9.78125000e+00
1011,4.43750000,4.41796875,1.95312500e-02,343.75000000,349.50000000,5.75000000e+00
1012,4.86718750,4.80859375,5.85937500e-02,-236.37500000,-244.12500000,7.75000000e+00
1013,5.19531250,5.23437500,3.90625000e-02,-101.56250000,-87.87500000,1.36875000e+01
1014,5.07421875,5.06640625,7.81250000e-03,-115.25000000,-119.12500000,3.87500000e+00
1015,6.42578125,6.49218750,6.64062500e-02,-72.25000000,-70.31250000,1.93750000e+00
1016,3.89062500,3.87109375,1.95312500e-02,185.50000000,189.50000000,4.00000000e+00
1017,3.44335938,3.42187500,2.14843750e-02,135.75000000,129.87500000,5.87500000e+00
1018,4.74218750,4.74218750,0.00000000e+00,-27.34375000,-27.34375000,0.00000000e+00
1019,5.24609375,5.26171875,1.56250000e-02,-3.90625000,-1.95312500,1.95312500e+00
1020,3.46875000,3.47070312,1.95312500e-03,-75.18750000,-60.53125000,1.46562500e+01
1021,2.89257812,2.87890625,1.36718750e-02,81.06250000,87.87500000,6.81250000e+00
1022,4.98437500,5.04296875,5.85937500e-02,-126.93750000,-126.93750000,0.00000000e+00
1023,4.51171875,4.53906250,2.73437500e-02,-95.68750000,-82.00000000,1.36875000e+01
1024,5.25390625,5.27343750,1.95312500e-02,37.09375000,48.81250000,1.17187500e+01
1025,4.52343750,4.49218750,3.12500000e-02,293.00000000,285.25000000,7.75000000e+00
1026,8.40625000,8.41406250,7.81250000e-03,-66.37500000,-62.50000000,3.87500000e+00
1027,6.90625000,6.96093750,5.46875000e-02,224.62500000,238.25000000,1.36250000e+01
1028,3.19140625,3.18750000,3.90625000e-03,-205.12500000,-194.37500000,1.07500000e+01
1029,3.40625000,3.41796875,1.17187500e-02,-142.62500000,-144.50000000,1.87500000e+00
1030,3.61328125,3.58203125,3.12500000e-02,-81.06250000,-80.06250000,1.00000000e+00
1031,4.56250000,4.58593750,2.34375000e-02,-175.75000000,-171.87500000,3.87500000e+00
1032,6.67187500,6.71484375,4.29687500e-02,-461.00000000,-459.00000000,2.00000000e+00
1033,5.34765625,5.33203125,1.56250000e-02,216.75000000,199.25000000,1.75000000e+01
1034,5.59375000,5.62500000,3.12500000e-02,-283.25000000,-285.25000000,2.00000000e+00
1035,4.46875000,4.46484375,3.90625000e-03,56.62500000,44.90625000,1.17187500e+01
1036,6.55468750,6.56250000,7.81250000e-03,199.25000000,199.25000000,0.00000000e+00
1037,3.84960938,3.84179688,7.81250000e-03,108.37500000,115.25000000,6.87500000e+00
1038,7.02734375,7.10156250,7.42187500e-02,353.50000000,359.25000000,5.75000000e+00
1039,5.58203125,5.63281250,5.07812500e-02,210.87500000,210.87500000,0.00000000e+00
1040,6.14453125,6.20312500,5.85937500e-02,0.00000000,-7.81250000,7.81250000e+00
1041,3.48242188,3.46484375,1.75781250e-02,-221.62500000,-212.87500000,8.75000000e+00
1042,5.16406250,5.20312500,3.90625000e-02,15.62500000,21.48437500,5.85937500e+00
1043,4.43750000,4.46484375,2.73437500e-02,-74.18750000,-84.00000000,9.81250000e+00
1044,4.35546875,4.32031250,3.51562500e-02,285.25000000,259.75000000,2.55000000e+01
1045,4.33203125,4.36718750,3.51562500e-02,-259.75000000,-261.75000000,2.00000000e+00
1046,5.83593750,5.87500000,3.90625000e-02,44.90625000,50.78125000,5.87500000e+00
1047,5.65625000,5.68750000,3.12500000e-02,-148.37500000,-146.50000000,1.87500000e+00
1048,4.37109375,4.40234375,3.12500000e-02,-197.25000000,-197.25000000,0.00000000e+00
1049,5.81250000,5.82031250,7.81250000e-03,74.18750000,62.50000000,1.16875000e+01
1050,3.60351562,3.57421875,2.92968750e-02,-92.75000000,-102.56250000,9.81250000e+00
1051,3.68164062,3.66406250,1.75781250e-02,26.35937500,22.45312500,3.90625000e+00
1052,4.75390625,4.78906250,3.51562500e-02,-203.12500000,-199.25000000,3.87500000e+00
1053,3.86328125,3.85546875,7.81250000e-03,-123.06250000,-130.87500000,7.81250000e+00
1054,3.42968750,3.42187500,7.81250000e-03,62.50000000,73.25000000,1.07500000e+01
1055,3.44531250,3.42968750,1.56250000e-02,24.40625000,28.31250000,3.90625000e+00
1056,4.20703125,4.18359375,2.34375000e-02,-171.87500000,-175.75000000,3.87500000e+00
1057,6.12500000,6.16015625,3.51562500e-02,-23.43750000,-23.43750000,0.00000000e+00
1058,4.70703125,4.76171875,5.46875000e-02,66.37500000,60.53125000,5.84375000e+00
1059,5.45312500,5.49609375,4.29687500e-02,3.90625000,13.67187500,9.76562500e+00
1060,7.08593750,7.10156250,1.56250000e-02,222.62500000,207.00000000,1.56250000e+01
1061,3.58007812,3.56250000,1.75781250e-02,-397.50000000,-402.25000000,4.75000000e+00
1062,4.93750000,4.88671875,5.07812500e-02,-85.93750000,-89.81250000,3.87500000e+00
1063,5.27734375,5.29687500,1.95312500e-02,41.00000000,35.15625000,5.84375000e+00
1064,5.23437500,5.22656250,7.81250000e-03,117.18750000,105.43750000,1.17500000e+01
1065,6.15625000,6.22656250,7.03125000e-02,-134.75000000,-136.75000000,2.00000000e+00
1066,3.42187500,3.40039062,2.14843750e-02,-177.75000000,-169.87500000,7.87500000e+00
1067,3.42968750,3.41210938,1.75781250e-02,222.62500000,210.00000000,1.26250000e+01
1068,4.83593750,4.84375000,7.81250000e-03,76.18750000,78.12500000,1.93750000e+00
1069,5.14843750,5.16406250,1.56250000e-02,-85.93750000,-87.87500000,1.93750000e+00
1070,3.27539062,3.25976562,1.56250000e-02,-194.37500000,-202.12500000,7.75000000e+00
1071,2.80078125,2.78906250,1.17187500e-02,62.50000000,62.50000000,0.00000000e+00
1072,5.08203125,5.16015625,7.81250000e-02,84.00000000,82.00000000,2.00000000e+00
1073,4.82812500,4.85156250,2.34375000e-02,285.25000000,281.25000000,4.00000000e+00
1074,5.03515625,5.08984375,5.46875000e-02,-85.93750000,-58.59375000,2.73437500e+01
1075,4.49609375,4.49218750,3.90625000e-03,366.25000000,375.00000000,8.75000000e+00
1076,8.75000000,8.77343750,2.34375000e-02,382.75000000,396.50000000,1.37500000e+01
1077,6.87500000,6.93359375,5.85937500e-02,185.50000000,189.50000000,4.00000000e+00
1078,3.46484375,3.45312500,1.17187500e-02,179.62500000,177.75000000,1.87500000e+00
1079,3.20703125,3.21875000,1.17187500e-02,-294.00000000,-300.75000000,6.75000000e+00
1080,3.37304688,3.34375000,2.92968750e-02,-204.12500000,-209.00000000,4.87500000e+00
1081,4.32812500,4.33593750,7.81250000e-03,-306.75000000,-320.25000000,1.35000000e+01
1082,7.06640625,7.11718750,5.07812500e-02,64.43750000,62.50000000,1.93750000e+00
1083,4.95312500,4.97265625,1.95312500e-02,-76.18750000,-80.06250000,3.87500000e+00
1084,5.65234375,5.69531250,4.29687500e-02,29.29687500,15.62500000,1.36718750e+01
1085,4.22265625,4.24609375,2.34375000e-02,-25.39062500,-21.48437500,3.90625000e+00
1086,6.01171875,6.03125000,1.95312500e-02,-177.75000000,-179.62500000,1.87500000e+00
1087,3.86328125,3.86328125,0.00000000e+00,166.00000000,173.87500000,7.87500000e+00
1088,6.55468750,6.60937500,5.46875000e-02,-58.59375000,-78.12500000,1.95312500e+01
1089,5.21875000,5.25000000,3.12500000e-02,-46.87500000,-54.68750000,7.81250000e+00
1090,6.07812500,6.15234375,7.42187500e-02,-37.09375000,-46.87500000,9.78125000e+00
1091,3.51171875,3.50195312,9.76562500e-03,-50.78125000,-42.96875000,7.81250000e+00
1092,5.51562500,5.56250000,4.68750000e-02,355.50000000,355.50000000,0.00000000e+00
1093,4.38281250,4.42578125,4.29687500e-02,-13.67187500,-13.67187500,0.00000000e+00
1094,3.88281250,3.87890625,3.90625000e-03,89.81250000,84.93750000,4.87500000e+00
1095,4.40625000,4.45312500,4.68750000e-02,-103.50000000,-87.87500000,1.56250000e+01
1096,5.76562500,5.79687500,3.12500000e-02,101.56250000,95.68750000,5.87500000e+00
1097,5.68750000,5.69531250,7.81250000e-03,-62.50000000,-78.12500000,1.56250000e+01
1098,4.62500000,4.65234375,2.73437500e-02,160.12500000,160.12500000,0.00000000e+00
1099,5.67968750,5.71093750,3.12500000e-02,19.53125000,23.43750000,3.90625000e+00
1100,3.58007812,3.57031250,9.76562500e-03,-78.12500000,-74.18750000,3.93750000e+00
1101,3.66015625,3.67968750,1.95312500e-02,121.06250000,141.62500000,2.05625000e+01
1102,4.67968750,4.71093750,3.12500000e-02,-132.75000000,-136.75000000,4.00000000e+00
1103,3.63671875,3.63671875,0.00000000e+00,-275.50000000,-279.25000000,3.75000000e+00
1104,3.49218750,3.46875000,2.34375000e-02,169.87500000,158.25000000,1.16250000e+01
1105,3.29687500,3.29101562,5.85937500e-03,-113.25000000,-118.18750000,4.93750000e+00
1106,4.47656250,4.46875000,7.81250000e-03,168.00000000,168.00000000,0.00000000e+00
1107,6.12109375,6.15625000,3.51562500e-02,64.43750000,58.59375000,5.84375000e+00
1108,4.30078125,4.35546875,5.46875000e-02,-216.75000000,-218.75000000,2.00000000e+00
1109,5.34375000,5.36718750,2.34375000e-02,35.15625000,31.25000000,3.90625000e+00
1110,6.88281250,6.91406250,3.12500000e-02,91.81250000,95.68750000,3.87500000e+00
1111,3.96679688,3.96484375,1.95312500e-03,50.78125000,55.65625000,4.87500000e+00
1112,4.76562500,4.72656250,3.90625000e-02,-195.25000000,-183.62500000,1.16250000e+01
1113,5.15234375,5.17187500,1.95312500e-02,5.85937500,1.95312500,3.90625000e+00
1114,5.23046875,5.21093750,1.95312500e-02,166.00000000,160.12500000,5.87500000e+00
1115,6.37890625,6.46875000,8.98437500e-02,166.00000000,183.62500000,1.76250000e+01
1116,3.38671875,3.37695312,9.76562500e-03,-77.12500000,-67.37500000,9.75000000e+00
1117,2.79687500,2.79296875,3.90625000e-03,-367.25000000,-361.25000000,6.00000000e+00
1118,4.52343750,4.53906250,1.56250000e-02,-105.43750000,-103.50000000,1.93750000e+00
1119,5.21875000,5.23828125,1.95312500e-02,144.50000000,140.62500000,3.87500000e+00
1120,3.17187500,3.13671875,3.51562500e-02,-252.00000000,-264.75000000,1.27500000e+01
1121,2.82031250,2.80468750,1.56250000e-02,115.25000000,111.31250000,3.93750000e+00
1122,4.83593750,4.91406250,7.81250000e-02,-31.25000000,-35.15625000,3.90625000e+00
1123,4.48437500,4.51953125,3.51562500e-02,58.59375000,52.71875000,5.87500000e+00
1124,5.03125000,5.03125000,0.00000000e+00,-62.50000000,-72.25000000,9.75000000e+00
1125,4.25000000,4.23437500,1.56250000e-02,318.25000000,306.75000000,1.15000000e+01
1126,8.43750000,8.46875000,3.12500000e-02,375.00000000,394.50000000,1.95000000e+01
1127,6.79687500,6.85937500,6.25000000e-02,257.75000000,253.87500000,3.87500000e+00
1128,3.05468750,3.03515625,1.95312500e-02,-159.12500000,-169.87500000,1.07500000e+01
1129,3.24804688,3.25390625,5.85937500e-03,-133.75000000,-146.50000000,1.27500000e+01
1130,3.33203125,3.31640625,1.56250000e-02,-91.81250000,-89.81250000,2.00000000e+00
1131,4.42187500,4.45312500,3.12500000e-02,-103.50000000,-109.37500000,5.87500000e+00
1132,6.81250000,6.88281250,7.03125000e-02,-58.59375000,-54.68750000,3.90625000e+00
1133,4.80468750,4.82031250,1.56250000e-02,-154.25000000,-160.12500000,5.87500000e+00
1134,5.56250000,5.61718750,5.46875000e-02,-48.81250000,-58.59375000,9.78125000e+00
1135,4.20703125,4.23046875,2.34375000e-02,17.57812500,9.76562500,7.81250000e+00
1136,6.18750000,6.20312500,1.56250000e-02,-56.62500000,-62.50000000,5.87500000e+00
1137,3.83007812,3.82226562,7.81250000e-03,213.87500000,204.12500000,9.75000000e+00
1138,6.31250000,6.39062500,7.81250000e-02,-214.87500000,-214.87500000,0.00000000e+00
1139,5.06250000,5.16406250,1.01562500e-01,-64.43750000,-39.06250000,2.53750000e+01
1140,5.98828125,6.10937500,1.21093750e-01,-42.96875000,-27.34375000,1.56250000e+01
1141,3.63476562,3.62890625,5.85937500e-03,112.31250000,113.25000000,9.37500000e-01
1142,4.97656250,5.02343750,4.68750000e-02,5.85937500,-1.95312500,7.81250000e+00
1143,4.35156250,4.41796875,6.64062500e-02,-7.81250000,1.95312500,9.76562500e+00
1144,3.62109375,3.61328125,7.81250000e-03,-179.62500000,-201.12500000,2.15000000e+01
1145,4.46484375,4.52734375,6.25000000e-02,-39.06250000,-21.48437500,1.75781250e+01
1146,5.92187500,5.95312500,3.12500000e-02,291.00000000,289.00000000,2.00000000e+00
1147,5.35156250,5.40625000,5.46875000e-02,-363.25000000,-359.25000000,4.00000000e+00
1148,4.34765625,4.37890625,3.12500000e-02,13.67187500,5.85937500,7.81250000e+00
1149,5.51562500,5.52734375,1.17187500e-02,-74.18750000,-93.75000000,1.95625000e+01
1150,3.62109375,3.59765625,2.34375000e-02,84.00000000,71.31250000,1.26875000e+01
1151,3.23046875,3.22656250,3.90625000e-03,-250.00000000,-245.12500000,4.87500000e+00
1152,4.85546875,4.89062500,3.51562500e-02,109.37500000,109.37500000,0.00000000e+00
1153,3.63671875,3.66406250,2.73437500e-02,-136.75000000,-127.93750000,8.81250000e+00
1154,3.30078125,3.28125000,1.95312500e-02,116.18750000,109.37500000,6.81250000e+00
1155,3.35937500,3.34570312,1.36718750e-02,90.81250000,84.93750000,5.87500000e+00
1156,4.69921875,4.67187500,2.73437500e-02,377.00000000,371.00000000,6.00000000e+00
1157,5.99218750,6.03906250,4.68750000e-02,-23.43750000,-27.34375000,3.90625000e+00
1158,4.37890625,4.44140625,6.25000000e-02,-162.12500000,-158.25000000,3.87500000e+00
1159,5.34375000,5.39062500,4.68750000e-02,89.81250000,89.81250000,0.00000000e+00
1160,6.94140625,6.96875000,2.73437500e-02,248.00000000,240.25000000,7.75000000e+00
1161,4.09765625,4.09765625,0.00000000e+00,228.50000000,226.50000000,2.00000000e+00
1162,4.97656250,4.93750000,3.90625000e-02,62.50000000,66.37500000,3.87500000e+00
1163,5.25781250,5.28125000,2.34375000e-02,244.12500000,250.00000000,5.87500000e+00
1164,5.30078125,5.29296875,7.81250000e-03,330.00000000,330.00000000,0.00000000e+00
1165,6.20312500,6.29296875,8.98437500e-02,62.50000000,60.53125000,1.96875000e+00
1166,3.29101562,3.25976562,3.12500000e-02,-122.06250000,-128.87500000,6.81250000e+00
1167,3.19921875,3.19921875,0.00000000e+00,115.25000000,122.06250000,6.81250000e+00
1168,4.41015625,4.44140625,3.12500000e-02,-134.75000000,-119.12500000,1.56250000e+01
1169,4.95312500,4.99218750,3.90625000e-02,-39.06250000,-19.53125000,1.95312500e+01
1170,3.10546875,3.09375000,1.17187500e-02,-207.00000000,-199.25000000,7.75000000e+00
1171,2.33203125,2.33593750,3.90625000e-03,-195.25000000,-189.50000000,5.75000000e+00
1172,4.76562500,4.85546875,8.98437500e-02,-58.59375000,-54.68750000,3.90625000e+00
1173,4.33203125,4.36718750,3.51562500e-02,-7.81250000,0.00000000,7.81250000e+00
1174,5.02343750,5.04687500,2.34375000e-02,105.43750000,103.50000000,1.93750000e+00
1175,3.64257812,3.63281250,9.76562500e-03,-241.25000000,-250.00000000,8.75000000e+00
1176,8.68750000,8.71093750,2.34375000e-02,504.00000000,511.75000000,7.75000000e+00
1177,6.39453125,6.47656250,8.20312500e-02,-123.06250000,-121.06250000,2.00000000e+00
1178,3.22265625,3.23046875,7.81250000e-03,86.93750000,89.81250000,2.87500000e+00
1179,3.36914062,3.38671875,1.75781250e-02,-5.85937500,-7.81250000,1.95312500e+00
1180,3.47265625,3.45703125,1.56250000e-02,72.25000000,80.06250000,7.81250000e+00
1181,4.59375000,4.64453125,5.07812500e-02,132.75000000,136.75000000,4.00000000e+00
1182,7.08593750,7.14843750,6.25000000e-02,189.50000000,189.50000000,0.00000000e+00
1183,5.26562500,5.26953125,3.90625000e-03,345.75000000,336.00000000,9.75000000e+00
1184,5.71093750,5.78125000,7.03125000e-02,93.75000000,89.81250000,3.93750000e+00
1185,4.12890625,4.16406250,3.51562500e-02,29.29687500,35.15625000,5.85937500e+00
1186,6.45312500,6.46093750,7.81250000e-03,252.00000000,234.37500000,1.76250000e+01
1187,3.25000000,3.22656250,2.34375000e-02,-287.00000000,-293.00000000,6.00000000e+00
1188,6.82421875,6.89062500,6.64062500e-02,353.50000000,339.75000000,1.37500000e+01
1189,5.10546875,5.14062500,3.51562500e-02,5.85937500,-11.71875000,1.75781250e+01
1190,6.17968750,6.27343750,9.37500000e-02,207.00000000,199.25000000,7.75000000e+00
1191,3.41015625,3.37695312,3.32031250e-02,-107.43750000,-113.25000000,5.81250000e+00
1192,4.98046875,5.03906250,5.85937500e-02,48.81250000,42.96875000,5.84375000e+00
1193,4.06250000,4.13281250,7.03125000e-02,-152.37500000,-138.62500000,1.37500000e+01
1194,3.74218750,3.76171875,1.95312500e-02,-7.81250000,-0.97656250,6.83593750e+00
1195,4.42968750,4.50000000,7.03125000e-02,-7.81250000,17.57812500,2.53906250e+01
1196,5.75390625,5.78906250,3.51562500e-02,134.75000000,128.87500000,5.87500000e+00
1197,5.67187500,5.71484375,4.29687500e-02,115.25000000,113.25000000,2.00000000e+00
1198,4.60156250,4.63671875,3.51562500e-02,324.25000000,320.25000000,4.00000000e+00
1199,5.64062500,5.68750000,4.68750000e-02,105.43750000,117.18750000,1.17500000e+01
1200,3.52343750,3.50390625,1.95312500e-02,55.65625000,46.87500000,8.78125000e+00
1201,3.15625000,3.14062500,1.56250000e-02,-240.25000000,-242.12500000,1.87500000e+00
1202,4.45703125,4.50781250,5.07812500e-02,-212.87500000,-205.12500000,7.75000000e+00
1203,3.45703125,3.46875000,1.17187500e-02,-222.62500000,-220.75000000,1.87500000e+00
1204,2.82421875,2.78906250,3.51562500e-02,-213.87500000,-216.75000000,2.87500000e+00
1205,3.05859375,3.05664062,1.95312500e-03,-128.87500000,-127.93750000,9.37500000e-01
1206,4.30468750,4.28906250,1.56250000e-02,144.50000000,138.62500000,5.87500000e+00
1207,5.74218750,5.80468750,6.25000000e-02,-119.12500000,-99.62500000,1.95000000e+01
1208,4.47656250,4.53515625,5.85937500e-02,126.93750000,119.12500000,7.81250000e+00
1209,4.98437500,5.05468750,7.03125000e-02,-107.43750000,-105.43750000,2.00000000e+00
1210,6.36718750,6.40625000,3.90625000e-02,-199.25000000,-195.25000000,4.00000000e+00
1211,3.56250000,3.57226562,9.76562500e-03,-193.37500000,-191.37500000,2.00000000e+00
1212,5.01562500,4.95312500,6.25000000e-02,214.87500000,201.12500000,1.37500000e+01
1213,4.71093750,4.75000000,3.90625000e-02,-246.12500000,-240.25000000,5.87500000e+00
1214,5.12890625,5.14062500,1.17187500e-02,230.50000000,242.12500000,1.16250000e+01
1215,5.89062500,5.97656250,8.59375000e-02,-169.87500000,-179.62500000,9.75000000e+00
1216,3.53125000,3.50000000,3.12500000e-02,332.00000000,322.25000000,9.75000000e+00
1217,3.19140625,3.20117188,9.76562500e-03,199.25000000,210.00000000,1.07500000e+01
1218,4.50781250,4.52343750,1.56250000e-02,64.43750000,60.53125000,3.90625000e+00
1219,4.76562500,4.78515625,1.95312500e-02,-115.25000000,-119.12500000,3.87500000e+00
1220,2.74218750,2.75390625,1.17187500e-02,-343.75000000,-330.00000000,1.37500000e+01
1221,2.32812500,2.31640625,1.17187500e-02,-103.50000000,-109.37500000,5.87500000e+00
1222,4.65625000,4.76562500,1.09375000e-01,-39.06250000,-33.18750000,5.87500000e+00
1223,4.25781250,4.29687500,3.90625000e-02,19.53125000,17.57812500,1.95312500e+00
1224,4.96093750,4.99609375,3.51562500e-02,132.75000000,138.62500000,5.87500000e+00
1225,3.91796875,3.92773438,9.76562500e-03,203.12500000,209.00000000,5.87500000e+00
1226,7.26562500,7.19531250,7.03125000e-02,-621.00000000,-656.00000000,3.50000000e+01
1227,6.43750000,6.51953125,8.20312500e-02,31.25000000,25.39062500,5.85937500e+00
1228,3.04882812,3.03515625,1.36718750e-02,-29.29687500,-35.15625000,5.85937500e+00
1229,3.17187500,3.17968750,7.81250000e-03,-95.68750000,-101.56250000,5.87500000e+00
1230,3.33593750,3.32421875,1.17187500e-02,91.81250000,84.93750000,6.87500000e+00
1231,4.40234375,4.44140625,3.90625000e-02,113.25000000,109.37500000,3.87500000e+00
1232,6.39062500,6.49218750,1.01562500e-01,-283.25000000,-261.75000000,2.15000000e+01
1233,4.56250000,4.60546875,4.29687500e-02,-162.12500000,-160.12500000,2.00000000e+00
1234,5.67968750,5.74609375,6.64062500e-02,179.62500000,166.00000000,1.36250000e+01
1235,4.01562500,4.04296875,2.73437500e-02,30.26562500,27.34375000,2.92187500e+00
1236,6.11328125,6.15625000,4.29687500e-02,87.87500000,93.75000000,5.87500000e+00
1237,3.27148438,3.27929688,7.81250000e-03,-138.62500000,-127.93750000,1.06875000e+01
1238,6.28515625,6.35937500,7.42187500e-02,-99.62500000,-109.37500000,9.75000000e+00
1239,5.18750000,5.23828125,5.07812500e-02,199.25000000,197.25000000,2.00000000e+00
1240,5.89062500,6.02343750,1.32812500e-01,-27.34375000,-7.81250000,1.95312500e+01
1241,3.50390625,3.46875000,3.51562500e-02,154.25000000,144.50000000,9.75000000e+00
1242,4.86718750,4.91015625,4.29687500e-02,87.87500000,78.12500000,9.75000000e+00
1243,4.11328125,4.18359375,7.03125000e-02,-50.78125000,-56.62500000,5.84375000e+00
1244,3.62500000,3.66406250,3.90625000e-02,0.00000000,19.53125000,1.95312500e+01
1245,4.22265625,4.25781250,3.51562500e-02,-87.87500000,-89.81250000,1.93750000e+00
1246,5.32421875,5.37500000,5.07812500e-02,-46.87500000,-39.06250000,7.81250000e+00
1247,5.28906250,5.33593750,4.68750000e-02,-164.00000000,-183.62500000,1.96250000e+01
1248,4.04687500,4.09765625,5.07812500e-02,-128.87500000,-126.93750000,1.93750000e+00
1249,5.21875000,5.26171875,4.29687500e-02,-134.75000000,-148.37500000,1.36250000e+01
1250,3.44531250,3.43750000,7.81250000e-03,-45.90625000,-40.03125000,5.87500000e+00
1251,3.51953125,3.50781250,1.17187500e-02,222.62500000,218.75000000,3.87500000e+00
1252,4.41796875,4.45312500,3.51562500e-02,-42.96875000,-54.68750000,1.17187500e+01
1253,3.33203125,3.34375000,1.17187500e-02,-293.00000000,-298.75000000,5.75000000e+00
1254,2.94531250,2.91210938,3.32031250e-02,62.50000000,56.62500000,5.87500000e+00
1255,3.06054688,3.01562500,4.49218750e-02,2.92968750,-27.34375000,3.02734375e+01
1256,3.91406250,3.88281250,3.12500000e-02,-109.37500000,-113.25000000,3.87500000e+00
1257,5.95312500,6.00000000,4.68750000e-02,164.00000000,168.00000000,4.00000000e+00
1258,4.39062500,4.44531250,5.46875000e-02,121.06250000,121.06250000,0.00000000e+00
1259,5.24218750,5.31250000,7.03125000e-02,175.75000000,169.87500000,5.87500000e+00
1260,6.53515625,6.58593750,5.07812500e-02,60.53125000,70.31250000,9.78125000e+00
1261,3.59960938,3.61132812,1.17187500e-02,-39.06250000,-30.26562500,8.79687500e+00
1262,4.40625000,4.37109375,3.51562500e-02,-253.87500000,-240.25000000,1.36250000e+01
1263,4.63671875,4.68359375,4.68750000e-02,-209.00000000,-185.50000000,2.35000000e+01
1264,4.82031250,4.80468750,1.56250000e-02,31.25000000,27.34375000,3.90625000e+00
1265,6.28906250,6.36718750,7.81250000e-02,308.50000000,302.75000000,5.75000000e+00
1266,3.04882812,3.03515625,1.36718750e-02,-22.45312500,-13.67187500,8.78125000e+00
1267,3.10742188,3.10546875,1.95312500e-03,153.37500000,150.37500000,3.00000000e+00
1268,4.39843750,4.44531250,4.68750000e-02,-39.06250000,-21.48437500,1.75781250e+01
1269,4.75781250,4.76171875,3.90625000e-03,-117.18750000,-123.06250000,5.87500000e+00
1270,3.64453125,3.60156250,4.29687500e-02,445.25000000,421.75000000,2.35000000e+01
1271,2.49414062,2.47265625,2.14843750e-02,67.37500000,61.53125000,5.84375000e+00
1272,4.82812500,4.93750000,1.09375000e-01,144.50000000,142.62500000,1.87500000e+00
1273,4.14843750,4.17968750,3.12500000e-02,-7.81250000,-15.62500000,7.81250000e+00
1274,4.86718750,4.89062500,2.34375000e-02,128.87500000,126.93750000,1.93750000e+00
1275,3.38867188,3.39453125,5.85937500e-03,-243.12500000,-234.37500000,8.75000000e+00
1276,8.60937500,8.56250000,4.68750000e-02,478.50000000,468.75000000,9.75000000e+00
1277,6.43359375,6.53906250,1.05468750e-01,123.06250000,136.75000000,1.36875000e+01
1278,3.11523438,3.11914062,3.90625000e-03,100.56250000,114.25000000,1.36875000e+01
1279,3.05468750,3.06250000,7.81250000e-03,-156.25000000,-160.12500000,3.87500000e+00
1280,3.29492188,3.27929688,1.56250000e-02,79.12500000,84.93750000,5.81250000e+00
1281,4.11328125,4.16015625,4.68750000e-02,-97.62500000,-93.75000000,3.87500000e+00
1282,6.80468750,6.88281250,7.81250000e-02,125.00000000,128.87500000,3.87500000e+00
1283,4.79296875,4.83593750,4.29687500e-02,80.06250000,85.93750000,5.87500000e+00
1284,5.82421875,5.89843750,7.42187500e-02,357.50000000,355.50000000,2.00000000e+00
1285,4.23437500,4.24609375,1.17187500e-02,273.50000000,267.50000000,6.00000000e+00
1286,5.78125000,5.81250000,3.12500000e-02,-171.87500000,-171.87500000,0.00000000e+00
1287,3.47656250,3.51171875,3.51562500e-02,166.00000000,181.62500000,1.56250000e+01
1288,5.92968750,6.02343750,9.37500000e-02,-371.00000000,-359.25000000,1.17500000e+01
1289,4.73046875,4.80078125,7.03125000e-02,-84.00000000,-76.18750000,7.81250000e+00
1290,5.73046875,5.86718750,1.36718750e-01,-99.62500000,-82.00000000,1.76250000e+01
1291,3.15625000,3.13476562,2.14843750e-02,-91.81250000,-87.87500000,3.93750000e+00
1292,4.42968750,4.48046875,5.07812500e-02,-347.75000000,-345.75000000,2.00000000e+00
1293,4.01562500,4.06250000,4.68750000e-02,-46.87500000,-54.68750000,7.81250000e+00
1294,3.25000000,3.25195312,1.95312500e-03,-298.75000000,-331.00000000,3.22500000e+01
1295,4.11718750,4.16796875,5.07812500e-02,-136.75000000,-130.87500000,5.87500000e+00
1296,5.46875000,5.51171875,4.29687500e-02,113.25000000,111.31250000,1.93750000e+00
1297,5.67187500,5.75000000,7.81250000e-02,238.25000000,253.87500000,1.56250000e+01
1298,4.18359375,4.21875000,3.51562500e-02,21.48437500,27.34375000,5.85937500e+00
1299,5.26953125,5.30078125,3.12500000e-02,-7.81250000,-19.53125000,1.17187500e+01
1300,3.35937500,3.34375000,1.56250000e-02,-21.48437500,-27.34375000,5.85937500e+00
1301,3.30273438,3.27148438,3.12500000e-02,94.75000000,95.68750000,9.37500000e-01
1302,4.54296875,4.57031250,2.73437500e-02,54.68750000,48.81250000,5.87500000e+00
1303,3.47070312,3.47851562,7.81250000e-03,-51.75000000,-51.75000000,0.00000000e+00
1304,2.69531250,2.66796875,2.73437500e-02,-126.93750000,-119.12500000,7.81250000e+00
1305,2.98437500,2.96875000,1.56250000e-02,-2.92968750,3.90625000,6.83593750e+00
1306,3.89648438,3.86718750,2.92968750e-02,-81.06250000,-82.00000000,9.37500000e-01
1307,5.57031250,5.60937500,3.90625000e-02,-175.75000000,-171.87500000,3.87500000e+00
1308,4.42968750,4.48828125,5.85937500e-02,261.75000000,261.75000000,0.00000000e+00
1309,5.03125000,5.11718750,8.59375000e-02,93.75000000,109.37500000,1.56250000e+01
1310,6.32812500,6.37890625,5.07812500e-02,-62.50000000,-60.53125000,1.96875000e+00
1311,3.84765625,3.86718750,1.95312500e-02,231.50000000,250.00000000,1.85000000e+01
1312,4.59375000,4.55078125,4.29687500e-02,39.06250000,37.09375000,1.96875000e+00
1313,4.59765625,4.62500000,2.73437500e-02,-199.25000000,-197.25000000,2.00000000e+00
1314,4.92578125,4.92578125,0.00000000e+00,169.87500000,183.62500000,1.37500000e+01
1315,5.78906250,5.88281250,9.37500000e-02,-97.62500000,-93.75000000,3.87500000e+00
1316,2.93554688,2.89257812,4.29687500e-02,-43.93750000,-47.84375000,3.90625000e+00
1317,2.90625000,2.89453125,1.17187500e-02,2.92968750,9.76562500,6.83593750e+00
1318,4.07031250,4.08593750,1.56250000e-02,-242.12500000,-246.12500000,4.00000000e+00
1319,4.91406250,4.93750000,2.34375000e-02,97.62500000,107.43750000,9.81250000e+00
1320,3.14648438,3.12695312,1.95312500e-02,94.75000000,99.62500000,4.87500000e+00
1321,2.36718750,2.36328125,3.90625000e-03,46.87500000,48.81250000,1.93750000e+00
1322,4.81250000,4.91015625,9.76562500e-02,246.12500000,244.12500000,2.00000000e+00
1323,3.89453125,3.94335938,4.88281250e-02,-236.37500000,-229.50000000,6.87500000e+00
1324,4.52734375,4.55468750,2.73437500e-02,-103.50000000,-93.75000000,9.75000000e+00
1325,3.47265625,3.46875000,3.90625000e-03,-85.93750000,-87.87500000,1.93750000e+00
1326,7.56250000,7.54687500,1.56250000e-02,-433.50000000,-425.75000000,7.75000000e+00
1327,6.16406250,6.26562500,1.01562500e-01,-25.39062500,-15.62500000,9.76562500e+00
1328,2.76171875,2.74609375,1.56250000e-02,-92.75000000,-99.62500000,6.87500000e+00
1329,3.00585938,3.01562500,9.76562500e-03,-47.84375000,-50.78125000,2.93750000e+00
1330,3.33007812,3.29687500,3.32031250e-02,230.50000000,220.75000000,9.75000000e+00
1331,4.04296875,4.10156250,5.85937500e-02,109.37500000,117.18750000,7.81250000e+00
1332,6.31640625,6.41406250,9.76562500e-02,-162.12500000,-144.50000000,1.76250000e+01
1333,4.40234375,4.44140625,3.90625000e-02,-166.00000000,-169.87500000,3.87500000e+00
1334,4.94531250,5.01171875,6.64062500e-02,-390.50000000,-420.00000000,2.95000000e+01
1335,3.78320312,3.82226562,3.90625000e-02,-49.81250000,-42.96875000,6.84375000e+00
1336,5.91406250,5.95312500,3.90625000e-02,46.87500000,50.78125000,3.90625000e+00
1337,3.41992188,3.44140625,2.14843750e-02,231.50000000,248.00000000,1.65000000e+01
1338,6.10937500,6.17578125,6.64062500e-02,-113.25000000,-136.75000000,2.35000000e+01
1339,4.48046875,4.55468750,7.42187500e-02,-263.75000000,-263.75000000,0.00000000e+00
1340,5.64062500,5.75781250,1.17187500e-01,-103.50000000,-111.31250000,7.81250000e+00
1341,3.26757812,3.23437500,3.32031250e-02,45.90625000,42.00000000,3.90625000e+00
1342,4.77343750,4.85156250,7.81250000e-02,117.18750000,136.75000000,1.95625000e+01
1343,4.10546875,4.16796875,6.25000000e-02,134.75000000,144.50000000,9.75000000e+00
1344,3.34960938,3.35156250,1.95312500e-03,-64.43750000,-57.62500000,6.81250000e+00
1345,4.05468750,4.08984375,3.51562500e-02,-85.93750000,-95.68750000,9.75000000e+00
1346,5.74218750,5.80468750,6.25000000e-02,435.50000000,435.50000000,0.00000000e+00
1347,5.35156250,5.43750000,8.59375000e-02,113.25000000,130.87500000,1.76250000e+01
1348,4.07031250,4.11718750,4.68750000e-02,0.00000000,7.81250000,7.81250000e+00
1349,5.17578125,5.26562500,8.98437500e-02,-66.37500000,-39.06250000,2.73125000e+01
1350,3.37109375,3.37500000,3.90625000e-03,72.25000000,87.87500000,1.56250000e+01
1351,3.14453125,3.10351562,4.10156250e-02,96.68750000,77.12500000,1.95625000e+01
1352,4.36328125,4.39843750,3.51562500e-02,15.62500000,7.81250000,7.81250000e+00
1353,3.44921875,3.47656250,2.73437500e-02,32.21875000,33.18750000,9.68750000e-01
1354,2.88671875,2.85156250,3.51562500e-02,107.43750000,91.81250000,1.56250000e+01
1355,3.24218750,3.21875000,2.34375000e-02,277.25000000,267.50000000,9.75000000e+00
1356,3.94921875,3.93554688,1.36718750e-02,33.18750000,40.03125000,6.84375000e+00
1357,5.38281250,5.45312500,7.03125000e-02,-248.00000000,-230.50000000,1.75000000e+01
1358,4.21093750,4.28125000,7.03125000e-02,99.62500000,97.62500000,2.00000000e+00
1359,5.00390625,5.09375000,8.98437500e-02,138.62500000,150.37500000,1.17500000e+01
1360,6.53515625,6.58593750,5.07812500e-02,173.87500000,171.87500000,2.00000000e+00
1361,3.58203125,3.57031250,1.17187500e-02,38.09375000,30.26562500,7.82812500e+00
1362,4.40234375,4.38281250,1.95312500e-02,-85.93750000,-68.37500000,1.75625000e+01
1363,4.50000000,4.52343750,2.34375000e-02,-148.37500000,-154.25000000,5.87500000e+00
1364,4.57421875,4.57031250,3.90625000e-03,-113.25000000,-125.00000000,1.17500000e+01
1365,5.84375000,5.94531250,1.01562500e-01,46.87500000,42.96875000,3.90625000e+00
1366,2.90625000,2.86328125,4.29687500e-02,-122.06250000,-123.06250000,1.00000000e+00
1367,3.03515625,3.01953125,1.56250000e-02,185.50000000,176.75000000,8.75000000e+00
1368,4.19140625,4.21484375,2.34375000e-02,-23.43750000,-21.48437500,1.95312500e+00
1369,4.73437500,4.77343750,3.90625000e-02,17.57812500,27.34375000,9.76562500e+00
1370,2.99023438,2.97851562,1.17187500e-02,6.83593750,8.78906250,1.95312500e+00
1371,2.31250000,2.30273438,9.76562500e-03,24.40625000,18.54687500,5.85937500e+00
1372,4.83593750,4.95312500,1.17187500e-01,304.75000000,318.25000000,1.35000000e+01
1373,4.08984375,4.12109375,3.12500000e-02,54.68750000,48.81250000,5.87500000e+00
1374,4.59375000,4.61328125,1.95312500e-02,3.90625000,-5.85937500,9.76562500e+00
1375,3.83984375,3.82617188,1.36718750e-02,302.75000000,295.00000000,7.75000000e+00
1376,7.60156250,7.59375000,7.81250000e-03,-214.87500000,-242.12500000,2.72500000e+01
1377,6.50781250,6.62500000,1.17187500e-01,300.75000000,320.25000000,1.95000000e+01
1378,2.89843750,2.87500000,2.34375000e-02,23.43750000,1.95312500,2.14843750e+01
1379,3.32031250,3.33007812,9.76562500e-03,216.75000000,219.75000000,3.00000000e+00
1380,2.88281250,2.86718750,1.56250000e-02,-155.25000000,-152.37500000,2.87500000e+00
1381,3.96093750,3.98828125,2.73437500e-02,-80.06250000,-91.81250000,1.17500000e+01
1382,6.67578125,6.77343750,9.76562500e-02,228.50000000,250.00000000,2.15000000e+01
1383,4.85156250,4.87890625,2.73437500e-02,263.75000000,252.00000000,1.17500000e+01
1384,5.68750000,5.73437500,4.68750000e-02,250.00000000,236.37500000,1.36250000e+01
1385,3.74609375,3.78710938,4.10156250e-02,-99.62500000,-88.87500000,1.07500000e+01
1386,5.75781250,5.78906250,3.12500000e-02,0.00000000,-3.90625000,3.90625000e+00
1387,3.24218750,3.25000000,7.81250000e-03,50.78125000,66.37500000,1.55937500e+01
1388,6.05468750,6.14062500,8.59375000e-02,-210.87500000,-203.12500000,7.75000000e+00
1389,4.64843750,4.73828125,8.98437500e-02,-46.87500000,-41.00000000,5.87500000e+00
1390,5.46484375,5.57031250,1.05468750e-01,-248.00000000,-261.75000000,1.37500000e+01
1391,3.26171875,3.23242188,2.92968750e-02,19.53125000,22.45312500,2.92187500e+00
1392,4.80078125,4.85156250,5.07812500e-02,126.93750000,125.00000000,1.93750000e+00
1393,3.75781250,3.79492188,3.71093750e-02,-289.00000000,-305.75000000,1.67500000e+01
1394,3.17187500,3.17187500,0.00000000e+00,-192.37500000,-199.25000000,6.87500000e+00
1395,3.84765625,3.85937500,1.17187500e-02,-246.12500000,-255.87500000,9.75000000e+00
1396,5.12890625,5.17968750,5.07812500e-02,-119.12500000,-128.87500000,9.75000000e+00
1397,5.34375000,5.41015625,6.64062500e-02,109.37500000,121.06250000,1.16875000e+01
1398,3.97070312,3.99609375,2.53906250e-02,-16.59375000,-19.53125000,2.93750000e+00
1399,5.11718750,5.17187500,5.46875000e-02,-126.93750000,-121.06250000,5.87500000e+00
1400,3.23828125,3.23046875,7.81250000e-03,-37.09375000,-39.06250000,1.96875000e+00
1401,2.93750000,2.91015625,2.73437500e-02,-80.06250000,-83.00000000,2.93750000e+00
1402,4.28125000,4.31250000,3.12500000e-02,-50.78125000,-58.59375000,7.81250000e+00
1403,3.21875000,3.20312500,1.56250000e-02,-149.37500000,-156.25000000,6.87500000e+00
1404,2.68750000,2.64843750,3.90625000e-02,6.83593750,-1.95312500,8.78906250e+00
1405,3.06835938,3.04492188,2.34375000e-02,127.93750000,126.00000000,1.93750000e+00
1406,3.95703125,3.93164062,2.53906250e-02,33.18750000,18.54687500,1.46406250e+01
1407,5.76562500,5.82031250,5.46875000e-02,138.62500000,136.75000000,1.87500000e+00
1408,4.00390625,4.05859375,5.46875000e-02,-85.93750000,-95.68750000,9.75000000e+00
1409,4.98828125,5.05468750,6.64062500e-02,148.37500000,148.37500000,0.00000000e+00
1410,6.42187500,6.46875000,4.68750000e-02,191.37500000,189.50000000,1.87500000e+00
1411,3.30859375,3.28906250,1.95312500e-02,-140.62500000,-156.25000000,1.56250000e+01
1412,4.02343750,4.00390625,1.95312500e-02,-371.00000000,-357.50000000,1.35000000e+01
1413,4.61718750,4.66796875,5.07812500e-02,17.57812500,35.15625000,1.75781250e+01
1414,4.33593750,4.32031250,1.56250000e-02,-257.75000000,-265.50000000,7.75000000e+00
1415,5.97656250,6.08593750,1.09375000e-01,269.50000000,273.50000000,4.00000000e+00
1416,2.91796875,2.87109375,4.68750000e-02,-31.25000000,-32.21875000,9.68750000e-01
1417,2.91992188,2.90234375,1.75781250e-02,152.37500000,150.37500000,2.00000000e+00
1418,4.11718750,4.12890625,1.17187500e-02,-117.18750000,-111.31250000,5.87500000e+00
1419,4.42187500,4.44531250,2.34375000e-02,-209.00000000,-214.87500000,5.87500000e+00
1420,3.08007812,3.05859375,2.14843750e-02,136.75000000,130.87500000,5.87500000e+00
1421,2.14453125,2.14257812,1.95312500e-03,-130.87500000,-122.06250000,8.81250000e+00
1422,4.63281250,4.72656250,9.37500000e-02,168.00000000,156.25000000,1.17500000e+01
1423,3.94531250,3.99023438,4.49218750e-02,-9.76562500,-6.83593750,2.92968750e+00
1424,4.53125000,4.55859375,2.73437500e-02,15.62500000,19.53125000,3.90625000e+00
1425,3.43359375,3.42187500,1.17187500e-02,-4.88281250,2.92968750,7.81250000e+00
1426,7.45312500,7.44531250,7.81250000e-03,-312.50000000,-347.75000000,3.52500000e+01
1427,6.33984375,6.43359375,9.37500000e-02,212.87500000,216.75000000,3.87500000e+00
1428,2.88281250,2.88085938,1.95312500e-03,68.37500000,65.43750000,2.93750000e+00
1429,2.78710938,2.77734375,9.76562500e-03,-181.62500000,-191.37500000,9.75000000e+00
1430,2.85156250,2.81250000,3.90625000e-02,-78.12500000,-100.56250000,2.24375000e+01
1431,3.92187500,3.95703125,3.51562500e-02,48.81250000,43.93750000,4.87500000e+00
1432,6.88281250,6.97265625,8.98437500e-02,382.75000000,388.75000000,6.00000000e+00
1433,4.50000000,4.53125000,3.12500000e-02,0.00000000,-11.71875000,1.17187500e+01
1434,5.58203125,5.64843750,6.64062500e-02,312.50000000,281.25000000,3.12500000e+01
1435,3.85156250,3.87109375,1.95312500e-02,109.37500000,107.43750000,1.93750000e+00
1436,5.69140625,5.73437500,4.29687500e-02,33.18750000,31.25000000,1.93750000e+00
1437,3.44921875,3.46875000,1.95312500e-02,295.00000000,309.50000000,1.45000000e+01
1438,6.15625000,6.24609375,8.98437500e-02,35.15625000,33.18750000,1.96875000e+00
1439,4.40625000,4.46875000,6.25000000e-02,-230.50000000,-230.50000000,0.00000000e+00
1440,5.71093750,5.82421875,1.13281250e-01,31.25000000,15.62500000,1.56250000e+01
1441,2.65234375,2.63085938,2.14843750e-02,-476.50000000,-463.75000000,1.27500000e+01
1442,4.45703125,4.52734375,7.03125000e-02,-111.31250000,-99.62500000,1.16875000e+01
1443,4.08593750,4.15234375,6.64062500e-02,142.62500000,156.25000000,1.36250000e+01
1444,3.24609375,3.25390625,7.81250000e-03,-130.87500000,-118.18750000,1.26875000e+01
1445,4.28515625,4.29687500,1.17187500e-02,229.50000000,216.75000000,1.27500000e+01
1446,5.04687500,5.10937500,6.25000000e-02,-105.43750000,-97.62500000,7.81250000e+00
1447,5.20312500,5.30859375,1.05468750e-01,82.00000000,105.43750000,2.34375000e+01
1448,4.12109375,4.16406250,4.29687500e-02,172.87500000,184.62500000,1.17500000e+01
1449,5.07031250,5.11328125,4.29687500e-02,-74.18750000,-72.25000000,1.93750000e+00
1450,3.23046875,3.21484375,1.56250000e-02,-3.90625000,-5.85937500,1.95312500e+00
1451,3.03906250,3.01953125,1.95312500e-02,62.50000000,58.59375000,3.90625000e+00
1452,4.39062500,4.44531250,5.46875000e-02,111.31250000,126.93750000,1.56250000e+01
1453,3.31640625,3.30078125,1.56250000e-02,-23.43750000,-31.25000000,7.81250000e+00
1454,2.39453125,2.37890625,1.56250000e-02,-248.00000000,-242.12500000,5.87500000e+00
1455,2.94726562,2.92578125,2.14843750e-02,69.31250000,69.31250000,0.00000000e+00
1456,3.84375000,3.82421875,1.95312500e-02,41.00000000,39.06250000,1.93750000e+00
1457,5.49218750,5.51953125,2.73437500e-02,-23.43750000,-33.18750000,9.75000000e+00
1458,4.17578125,4.23437500,5.85937500e-02,119.12500000,109.37500000,9.75000000e+00
1459,4.73828125,4.80468750,6.64062500e-02,-35.15625000,-35.15625000,0.00000000e+00
1460,6.27343750,6.31250000,3.90625000e-02,85.93750000,84.00000000,1.93750000e+00
1461,3.18750000,3.19140625,3.90625000e-03,-127.93750000,-116.18750000,1.17500000e+01
1462,3.82031250,3.80078125,1.95312500e-02,-492.25000000,-490.25000000,2.00000000e+00
1463,4.40625000,4.41796875,1.17187500e-02,-82.00000000,-91.81250000,9.81250000e+00
1464,4.57812500,4.58593750,7.81250000e-03,78.12500000,97.62500000,1.95000000e+01
1465,5.96875000,6.05468750,8.59375000e-02,279.25000000,277.25000000,2.00000000e+00
1466,3.09765625,3.05078125,4.68750000e-02,151.37500000,143.50000000,7.87500000e+00
1467,2.47265625,2.45898438,1.36718750e-02,-173.87500000,-174.75000000,8.75000000e-01
1468,4.33984375,4.33984375,0.00000000e+00,196.25000000,179.62500000,1.66250000e+01
1469,4.44531250,4.46093750,1.56250000e-02,-93.75000000,-95.68750000,1.93750000e+00
1470,2.82031250,2.81250000,7.81250000e-03,-44.90625000,-33.18750000,1.17187500e+01
1471,2.20312500,2.19921875,3.90625000e-03,-25.39062500,-25.39062500,0.00000000e+00
1472,4.14062500,4.25000000,1.09375000e-01,-281.25000000,-277.25000000,4.00000000e+00
1473,3.60742188,3.63281250,2.53906250e-02,-251.00000000,-253.87500000,2.87500000e+00
1474,4.70312500,4.72656250,2.34375000e-02,234.37500000,238.25000000,3.87500000e+00
1475,3.19921875,3.18359375,1.56250000e-02,-95.68750000,-84.00000000,1.16875000e+01
1476,8.16406250,8.25781250,9.37500000e-02,519.50000000,562.50000000,4.30000000e+01
1477,5.84375000,5.94531250,1.01562500e-01,-140.62500000,-136.75000000,3.87500000e+00
1478,2.43750000,2.43554688,1.95312500e-03,-224.62500000,-228.50000000,3.87500000e+00
1479,2.99609375,3.00390625,7.81250000e-03,95.68750000,98.62500000,2.93750000e+00
1480,2.89062500,2.85546875,3.51562500e-02,-14.64843750,-37.09375000,2.24453125e+01
1481,3.69531250,3.74023438,4.49218750e-02,-124.00000000,-122.06250000,1.93750000e+00
1482,6.36718750,6.46093750,9.37500000e-02,-29.29687500,-11.71875000,1.75781250e+01
1483,4.61328125,4.64843750,3.51562500e-02,218.75000000,228.50000000,9.75000000e+00
1484,5.28125000,5.39062500,1.09375000e-01,66.37500000,89.81250000,2.34375000e+01
1485,3.66015625,3.69726562,3.71093750e-02,-36.12500000,-20.50000000,1.56250000e+01
1486,5.47656250,5.52343750,4.68750000e-02,-148.37500000,-136.75000000,1.16250000e+01
1487,3.16406250,3.15625000,7.81250000e-03,189.50000000,172.87500000,1.66250000e+01
1488,5.88671875,5.96484375,7.81250000e-02,-285.25000000,-283.25000000,2.00000000e+00
1489,4.49218750,4.53125000,3.90625000e-02,-44.90625000,-58.59375000,1.36875000e+01
1490,5.76171875,5.86718750,1.05468750e-01,152.37500000,146.50000000,5.87500000e+00
1491,2.68945312,2.66406250,2.53906250e-02,-263.75000000,-253.87500000,9.87500000e+00
1492,4.45312500,4.50390625,5.07812500e-02,9.76562500,0.00000000,9.76562500e+00
1493,3.98046875,4.03125000,5.07812500e-02,101.56250000,97.62500000,3.93750000e+00
1494,3.44335938,3.47265625,2.92968750e-02,223.62500000,237.25000000,1.36250000e+01
1495,3.81445312,3.83593750,2.14843750e-02,-137.75000000,-144.50000000,6.75000000e+00
1496,5.21875000,5.28515625,6.64062500e-02,140.62500000,148.37500000,7.75000000e+00
1497,5.07031250,5.12890625,5.85937500e-02,19.53125000,21.48437500,1.95312500e+00
1498,3.84179688,3.89453125,5.27343750e-02,-50.78125000,-37.09375000,1.36875000e+01
1499,5.24609375,5.27343750,2.73437500e-02,150.37500000,148.37500000,2.00000000e+00
1500,3.11914062,3.11328125,5.85937500e-03,17.57812500,17.57812500,0.00000000e+00
1501,2.80078125,2.76953125,3.12500000e-02,-15.62500000,-23.43750000,7.81250000e+00
1502,4.36718750,4.39062500,2.34375000e-02,209.00000000,193.37500000,1.56250000e+01
1503,3.21289062,3.20117188,1.17187500e-02,-28.31250000,-55.65625000,2.73437500e+01
1504,2.46289062,2.43164062,3.12500000e-02,-83.00000000,-91.81250000,8.81250000e+00
1505,2.83203125,2.80859375,2.34375000e-02,104.50000000,104.50000000,0.00000000e+00
1506,3.76757812,3.76171875,5.85937500e-03,100.56250000,111.31250000,1.07500000e+01
1507,5.62500000,5.67187500,4.68750000e-02,183.62500000,185.50000000,1.87500000e+00
1508,4.09765625,4.16015625,6.25000000e-02,102.56250000,103.50000000,9.37500000e-01
1509,4.65625000,4.71875000,6.25000000e-02,-29.29687500,-52.71875000,2.34218750e+01
1510,5.92968750,5.97656250,4.68750000e-02,-181.62500000,-175.75000000,5.87500000e+00
1511,3.59570312,3.58398438,1.17187500e-02,338.75000000,333.00000000,5.75000000e+00
1512,3.92578125,3.91601562,9.76562500e-03,-355.50000000,-335.00000000,2.05000000e+01
1513,4.48046875,4.50781250,2.73437500e-02,-15.62500000,-13.67187500,1.95312500e+00
1514,4.32421875,4.30468750,1.95312500e-02,-103.50000000,-107.43750000,3.93750000e+00
1515,5.42187500,5.53125000,1.09375000e-01,-105.43750000,-109.37500000,3.93750000e+00
1516,2.80078125,2.76562500,3.51562500e-02,5.85937500,11.71875000,5.85937500e+00
1517,2.37500000,2.35351562,2.14843750e-02,-242.12500000,-242.12500000,0.00000000e+00
1518,4.03906250,4.04687500,7.81250000e-03,-23.43750000,-29.29687500,5.85937500e+00
1519,4.53515625,4.55078125,1.56250000e-02,7.81250000,0.00000000,7.81250000e+00
1520,2.98046875,2.97070312,9.76562500e-03,126.00000000,118.18750000,7.81250000e+00
1521,2.14062500,2.15234375,1.17187500e-02,29.29687500,29.29687500,0.00000000e+00
1522,4.32812500,4.43359375,1.05468750e-01,-70.31250000,-80.06250000,9.75000000e+00
1523,4.00390625,4.05468750,5.07812500e-02,154.25000000,164.00000000,9.75000000e+00
1524,4.21484375,4.23046875,1.56250000e-02,-154.25000000,-150.37500000,3.87500000e+00
1525,2.95898438,2.94531250,1.36718750e-02,-249.00000000,-248.00000000,1.00000000e+00
1526,7.64062500,7.64843750,7.81250000e-03,46.87500000,64.43750000,1.75625000e+01
1527,6.11718750,6.21093750,9.37500000e-02,140.62500000,136.75000000,3.87500000e+00
1528,2.63671875,2.64257812,5.85937500e-03,76.18750000,79.12500000,2.93750000e+00
1529,2.80664062,2.83203125,2.53906250e-02,-63.46875000,-52.71875000,1.07500000e+01
1530,2.69531250,2.70312500,7.81250000e-03,-119.12500000,-103.50000000,1.56250000e+01
1531,3.87109375,3.90234375,3.12500000e-02,78.12500000,74.18750000,3.93750000e+00
1532,6.10937500,6.18750000,7.81250000e-02,-214.87500000,-216.75000000,1.87500000e+00
1533,4.44531250,4.46875000,2.34375000e-02,19.53125000,15.62500000,3.90625000e+00
1534,5.04687500,5.12109375,7.42187500e-02,-52.71875000,-60.53125000,7.81250000e+00
1535,3.71289062,3.73437500,2.14843750e-02,75.18750000,72.25000000,2.93750000e+00
1536,5.49218750,5.53125000,3.90625000e-02,-203.12500000,-205.12500000,2.00000000e+00
1537,2.71093750,2.71875000,7.81250000e-03,-210.87500000,-211.87500000,1.00000000e+00
1538,6.09375000,6.17968750,8.59375000e-02,23.43750000,21.48437500,1.95312500e+00
1539,4.46484375,4.54687500,8.20312500e-02,-23.43750000,-23.43750000,0.00000000e+00
1540,5.48437500,5.61718750,1.32812500e-01,-105.43750000,-97.62500000,7.81250000e+00
1541,2.91796875,2.87500000,4.29687500e-02,-25.39062500,-27.34375000,1.95312500e+00
1542,4.61328125,4.65625000,4.29687500e-02,158.25000000,148.37500000,9.87500000e+00
1543,3.65625000,3.71289062,5.66406250e-02,-183.62500000,-186.50000000,2.87500000e+00
1544,3.07617188,3.06250000,1.36718750e-02,-86.93750000,-121.06250000,3.41250000e+01
1545,4.00000000,4.05859375,5.85937500e-02,36.12500000,50.78125000,1.46562500e+01
1546,5.15234375,5.21875000,6.64062500e-02,168.00000000,166.00000000,2.00000000e+00
1547,5.14843750,5.18750000,3.90625000e-02,171.87500000,142.62500000,2.92500000e+01
1548,3.80468750,3.84570312,4.10156250e-02,-88.87500000,-83.00000000,5.87500000e+00
1549,4.69531250,4.72656250,3.12500000e-02,-316.50000000,-347.75000000,3.12500000e+01
1550,3.00781250,2.99218750,1.56250000e-02,-42.96875000,-28.31250000,1.46562500e+01
1551,3.12109375,3.08984375,3.12500000e-02,233.37500000,223.62500000,9.75000000e+00
1552,4.07031250,4.11718750,4.68750000e-02,-33.18750000,-27.34375000,5.84375000e+00
1553,3.02539062,3.00781250,1.75781250e-02,-133.75000000,-147.50000000,1.37500000e+01
1554,2.36718750,2.31640625,5.07812500e-02,-184.62500000,-205.12500000,2.05000000e+01
1555,2.60156250,2.56835938,3.32031250e-02,-132.75000000,-142.62500000,9.87500000e+00
1556,3.65234375,3.60937500,4.29687500e-02,52.71875000,31.25000000,2.14687500e+01
1557,5.57031250,5.57031250,0.00000000e+00,168.00000000,150.37500000,1.76250000e+01
1558,3.93554688,4.01953125,8.39843750e-02,-0.97656250,15.62500000,1.66015625e+01
1559,4.82812500,4.88281250,5.46875000e-02,195.25000000,187.50000000,7.75000000e+00
1560,5.85937500,5.89062500,3.12500000e-02,-234.37500000,-242.12500000,7.75000000e+00
1561,3.11914062,3.09765625,2.14843750e-02,-46.87500000,-67.37500000,2.05000000e+01
1562,4.03125000,4.00000000,3.12500000e-02,-99.62500000,-105.43750000,5.81250000e+00
1563,4.46484375,4.48828125,2.34375000e-02,-5.85937500,-23.43750000,1.75781250e+01
1564,4.26171875,4.24609375,1.56250000e-02,-154.25000000,-150.37500000,3.87500000e+00
1565,5.54296875,5.63281250,8.98437500e-02,-5.85937500,-11.71875000,5.85937500e+00
1566,2.84765625,2.80273438,4.49218750e-02,72.25000000,66.37500000,5.87500000e+00
1567,2.64453125,2.63476562,9.76562500e-03,157.25000000,174.75000000,1.75000000e+01
1568,4.09375000,4.10937500,1.56250000e-02,65.43750000,70.31250000,4.87500000e+00
1569,4.60156250,4.63281250,3.12500000e-02,56.62500000,58.59375000,1.96875000e+00
1570,2.91210938,2.88671875,2.53906250e-02,121.06250000,115.25000000,5.81250000e+00
1571,2.19531250,2.18750000,7.81250000e-03,88.87500000,83.00000000,5.87500000e+00
1572,4.37890625,4.46875000,8.98437500e-02,60.53125000,46.87500000,1.36562500e+01
1573,3.89453125,3.92187500,2.73437500e-02,137.75000000,130.87500000,6.87500000e+00
1574,4.50390625,4.51562500,1.17187500e-02,158.25000000,154.25000000,4.00000000e+00
1575,3.04882812,3.01562500,3.32031250e-02,-196.25000000,-199.25000000,3.00000000e+00
1576,7.74218750,7.71093750,3.12500000e-02,82.00000000,52.71875000,2.92812500e+01
1577,5.87890625,5.98437500,1.05468750e-01,29.29687500,35.15625000,5.85937500e+00
1578,2.49609375,2.49218750,3.90625000e-03,-95.68750000,-97.62500000,1.93750000e+00
1579,2.78515625,2.79492188,9.76562500e-03,-77.12500000,-67.37500000,9.75000000e+00
1580,2.96679688,2.96093750,5.85937500e-03,155.25000000,150.37500000,4.87500000e+00
1581,3.69140625,3.73828125,4.68750000e-02,-88.87500000,-82.00000000,6.87500000e+00
1582,6.03125000,6.12109375,8.98437500e-02,-214.87500000,-201.12500000,1.37500000e+01
1583,4.10937500,4.12500000,1.56250000e-02,-210.87500000,-216.75000000,5.87500000e+00
1584,5.13281250,5.24218750,1.09375000e-01,132.75000000,140.62500000,7.87500000e+00
1585,3.64062500,3.65820312,1.75781250e-02,72.25000000,71.31250000,9.37500000e-01
1586,5.72656250,5.75781250,3.12500000e-02,210.87500000,210.87500000,0.00000000e+00
1587,2.95703125,2.93164062,2.53906250e-02,97.62500000,81.06250000,1.65625000e+01
1588,6.08593750,6.16406250,7.81250000e-02,107.43750000,109.37500000,1.93750000e+00
1589,4.60546875,4.68359375,7.81250000e-02,144.50000000,152.37500000,7.87500000e+00
1590,5.38281250,5.46875000,8.59375000e-02,-142.62500000,-158.25000000,1.56250000e+01
1591,2.83203125,2.77929688,5.27343750e-02,-48.81250000,-53.71875000,4.90625000e+00
1592,4.37109375,4.43359375,6.25000000e-02,-13.67187500,-5.85937500,7.81250000e+00
1593,3.94726562,4.00781250,6.05468750e-02,161.12500000,158.25000000,2.87500000e+00
1594,3.07812500,3.06054688,1.75781250e-02,5.85937500,-14.64843750,2.05078125e+01
1595,4.05859375,4.08593750,2.73437500e-02,88.87500000,84.00000000,4.87500000e+00
1596,4.87890625,4.93359375,5.46875000e-02,-171.87500000,-171.87500000,0.00000000e+00
1597,4.98046875,5.06250000,8.20312500e-02,33.18750000,39.06250000,5.87500000e+00
1598,4.06250000,4.10156250,3.90625000e-02,205.12500000,213.87500000,8.75000000e+00
1599,5.03515625,5.07421875,3.90625000e-02,62.50000000,68.37500000,5.87500000e+00
1600,3.03515625,3.03320312,1.95312500e-03,-68.37500000,-42.00000000,2.63750000e+01
1601,2.89453125,2.86132812,3.32031250e-02,74.18750000,70.31250000,3.87500000e+00
1602,3.68359375,3.75585938,7.22656250e-02,-423.75000000,-399.50000000,2.42500000e+01
1603,3.06054688,3.04492188,1.56250000e-02,-100.56250000,-100.56250000,0.00000000e+00
1604,2.55078125,2.51171875,3.90625000e-02,103.50000000,103.50000000,0.00000000e+00
1605,2.70703125,2.67968750,2.73437500e-02,-19.53125000,-27.34375000,7.81250000e+00
1606,3.43945312,3.42187500,1.75781250e-02,-117.18750000,-117.18750000,0.00000000e+00
1607,5.57812500,5.62500000,4.68750000e-02,242.12500000,248.00000000,5.87500000e+00
1608,3.68164062,3.72851562,4.68750000e-02,-119.12500000,-134.75000000,1.56250000e+01
1609,4.42578125,4.50390625,7.81250000e-02,-173.87500000,-168.00000000,5.87500000e+00
1610,6.09375000,6.10937500,1.56250000e-02,89.81250000,74.18750000,1.56250000e+01
1611,3.43554688,3.40429688,3.12500000e-02,249.00000000,221.62500000,2.73750000e+01
1612,3.86523438,3.83593750,2.92968750e-02,-239.25000000,-222.62500000,1.66250000e+01
1613,4.18750000,4.20312500,1.56250000e-02,-181.62500000,-177.75000000,3.87500000e+00
1614,4.50000000,4.48437500,1.56250000e-02,138.62500000,128.87500000,9.75000000e+00
1615,5.56640625,5.66406250,9.76562500e-02,46.87500000,50.78125000,3.90625000e+00
1616,2.95703125,2.90625000,5.07812500e-02,234.37500000,230.50000000,3.87500000e+00
1617,2.53125000,2.50000000,3.12500000e-02,60.53125000,66.37500000,5.84375000e+00
1618,3.99609375,4.00390625,7.81250000e-03,-78.12500000,-74.18750000,3.93750000e+00
1619,4.38671875,4.41796875,3.12500000e-02,-60.53125000,-44.90625000,1.56250000e+01
1620,2.55664062,2.53906250,1.75781250e-02,-221.62500000,-215.87500000,5.75000000e+00
1621,2.02539062,2.03125000,5.85937500e-03,-25.39062500,-6.83593750,1.85546875e+01
1622,4.48437500,4.58593750,1.01562500e-01,144.50000000,140.62500000,3.87500000e+00
1623,3.71093750,3.75000000,3.90625000e-02,-70.31250000,-54.68750000,1.56250000e+01
1624,4.39062500,4.39843750,7.81250000e-03,142.62500000,128.87500000,1.37500000e+01
1625,3.00781250,2.99218750,1.56250000e-02,-168.00000000,-162.12500000,5.87500000e+00
1626,7.57031250,7.47656250,9.37500000e-02,-93.75000000,-126.93750000,3.31875000e+01
1627,5.85937500,5.93750000,7.81250000e-02,23.43750000,19.53125000,3.90625000e+00
1628,2.75390625,2.75781250,3.90625000e-03,163.12500000,162.12500000,1.00000000e+00
1629,2.78125000,2.76953125,1.17187500e-02,-3.90625000,-7.81250000,3.90625000e+00
1630,2.77343750,2.76171875,1.17187500e-02,54.68750000,58.59375000,3.90625000e+00
1631,3.65234375,3.68554688,3.32031250e-02,-9.76562500,-2.92968750,6.83593750e+00
1632,6.16015625,6.23437500,7.42187500e-02,9.76562500,15.62500000,5.85937500e+00
1633,3.91015625,3.92773438,1.75781250e-02,-318.25000000,-325.25000000,7.00000000e+00
1634,5.01562500,5.17578125,1.60156250e-01,101.56250000,142.62500000,4.10625000e+01
1635,3.30078125,3.33789062,3.71093750e-02,-271.50000000,-247.12500000,2.43750000e+01
1636,5.11328125,5.15625000,4.29687500e-02,-396.50000000,-392.50000000,4.00000000e+00
1637,2.80859375,2.79687500,1.17187500e-02,-19.53125000,-29.29687500,9.76562500e+00
1638,5.84375000,5.93750000,9.37500000e-02,-74.18750000,-58.59375000,1.55937500e+01
1639,4.32031250,4.39062500,7.03125000e-02,-66.37500000,-68.37500000,2.00000000e+00
1640,5.41406250,5.53906250,1.25000000e-01,-82.00000000,-76.18750000,5.81250000e+00
1641,2.78125000,2.74609375,3.51562500e-02,-144.50000000,-144.50000000,0.00000000e+00
1642,4.28125000,4.31640625,3.51562500e-02,-52.71875000,-66.37500000,1.36562500e+01
1643,3.55078125,3.58593750,3.51562500e-02,-275.50000000,-281.25000000,5.75000000e+00
1644,2.97656250,2.98632812,9.76562500e-03,25.39062500,30.26562500,4.87500000e+00
1645,3.75585938,3.80273438,4.68750000e-02,-110.37500000,-96.68750000,1.36875000e+01
1646,4.83593750,4.89453125,5.85937500e-02,-56.62500000,-58.59375000,1.96875000e+00
1647,4.79687500,4.86718750,7.03125000e-02,-62.50000000,-66.37500000,3.87500000e+00
1648,3.75781250,3.80468750,4.68750000e-02,-10.74218750,-1.95312500,8.78906250e+00
1649,4.63281250,4.65625000,2.34375000e-02,-304.75000000,-310.50000000,5.75000000e+00
1650,3.05078125,3.03125000,1.95312500e-02,57.62500000,60.53125000,2.90625000e+00
1651,3.09570312,3.04492188,5.07812500e-02,344.75000000,324.25000000,2.05000000e+01
1652,3.91601562,3.97265625,5.66406250e-02,-149.37500000,-142.62500000,6.75000000e+00
1653,3.32031250,3.31250000,7.81250000e-03,230.50000000,218.75000000,1.17500000e+01
1654,2.35937500,2.32812500,3.12500000e-02,-91.81250000,-85.93750000,5.87500000e+00
1655,2.75000000,2.72851562,2.14843750e-02,209.00000000,204.12500000,4.87500000e+00
1656,3.51367188,3.51367188,0.00000000e+00,49.81250000,55.65625000,5.84375000e+00
1657,5.39843750,5.41406250,1.56250000e-02,164.00000000,154.25000000,9.75000000e+00
1658,3.86328125,3.92968750,6.64062500e-02,53.71875000,52.71875000,1.00000000e+00
1659,4.46093750,4.51953125,5.85937500e-02,-17.57812500,-29.29687500,1.17187500e+01
1660,5.88671875,5.92187500,3.51562500e-02,-162.12500000,-175.75000000,1.36250000e+01
1661,3.07421875,3.12500000,5.07812500e-02,64.43750000,84.00000000,1.95625000e+01
1662,4.04687500,4.02734375,1.95312500e-02,-31.25000000,-48.81250000,1.75625000e+01
1663,4.18750000,4.21093750,2.34375000e-02,-146.50000000,-146.50000000,0.00000000e+00
1664,4.10156250,4.10156250,0.00000000e+00,-281.25000000,-265.50000000,1.57500000e+01
1665,5.44140625,5.52734375,8.59375000e-02,72.25000000,72.25000000,0.00000000e+00
1666,2.80078125,2.75781250,4.29687500e-02,153.37500000,150.37500000,3.00000000e+00
1667,2.49609375,2.48437500,1.17187500e-02,53.71875000,60.53125000,6.81250000e+00
1668,3.83398438,3.84570312,1.17187500e-02,-131.87500000,-124.00000000,7.87500000e+00
1669,4.44531250,4.46093750,1.56250000e-02,87.87500000,82.00000000,5.87500000e+00
1670,2.61132812,2.60937500,1.95312500e-03,-14.64843750,-11.71875000,2.92968750e+00
1671,2.19531250,2.20117188,5.85937500e-03,150.37500000,152.37500000,2.00000000e+00
1672,4.21484375,4.29687500,8.20312500e-02,-44.90625000,-62.50000000,1.75937500e+01
1673,3.72265625,3.75195312,2.92968750e-02,-12.69531250,-8.78906250,3.90625000e+00
1674,4.15625000,4.17578125,1.95312500e-02,-91.81250000,-89.81250000,2.00000000e+00
1675,3.02343750,3.01562500,7.81250000e-03,-0.97656250,1.95312500,2.92968750e+00
1676,7.30468750,7.24218750,6.25000000e-02,-328.00000000,-357.50000000,2.95000000e+01
1677,5.49609375,5.57812500,8.20312500e-02,-269.50000000,-277.25000000,7.75000000e+00
1678,2.44140625,2.47656250,3.51562500e-02,-91.81250000,-70.31250000,2.15000000e+01
1679,2.93554688,2.94140625,5.85937500e-03,174.75000000,181.62500000,6.87500000e+00
1680,2.80859375,2.81640625,7.81250000e-03,191.37500000,209.00000000,1.76250000e+01
1681,3.64843750,3.68750000,3.90625000e-02,42.96875000,52.71875000,9.75000000e+00
1682,6.05468750,6.14062500,8.59375000e-02,-119.12500000,-103.50000000,1.56250000e+01
1683,4.40625000,4.41406250,7.81250000e-03,144.50000000,140.62500000,3.87500000e+00
1684,5.17187500,5.31250000,1.40625000e-01,295.00000000,320.25000000,2.52500000e+01
1685,3.45312500,3.45312500,0.00000000e+00,-15.62500000,-27.34375000,1.17187500e+01
1686,5.22656250,5.25781250,3.12500000e-02,-179.62500000,-183.62500000,4.00000000e+00
1687,2.84375000,2.84375000,0.00000000e+00,67.37500000,78.12500000,1.07500000e+01
1688,6.09375000,6.16015625,6.64062500e-02,242.12500000,236.37500000,5.75000000e+00
1689,4.25000000,4.30468750,5.46875000e-02,-113.25000000,-119.12500000,5.87500000e+00
1690,5.62890625,5.75000000,1.21093750e-01,154.25000000,150.37500000,3.87500000e+00
1691,2.79296875,2.76171875,3.12500000e-02,-56.62500000,-42.96875000,1.36562500e+01
1692,4.32812500,4.39453125,6.64062500e-02,15.62500000,19.53125000,3.90625000e+00
1693,3.93164062,3.96875000,3.71093750e-02,213.87500000,199.25000000,1.46250000e+01
1694,2.60937500,2.58398438,2.53906250e-02,-371.00000000,-385.75000000,1.47500000e+01
1695,4.22656250,4.25000000,2.34375000e-02,398.50000000,395.50000000,3.00000000e+00
1696,4.64453125,4.69531250,5.07812500e-02,-228.50000000,-228.50000000,0.00000000e+00
1697,4.72656250,4.79296875,6.64062500e-02,-109.37500000,-95.68750000,1.36875000e+01
1698,3.85546875,3.86718750,1.17187500e-02,115.25000000,107.43750000,7.81250000e+00
1699,4.90625000,4.94531250,3.90625000e-02,46.87500000,52.71875000,5.84375000e+00
1700,3.00000000,2.98632812,1.36718750e-02,62.50000000,63.46875000,9.68750000e-01
1701,2.84179688,2.79492188,4.68750000e-02,221.62500000,213.87500000,7.75000000e+00
1702,4.11718750,4.14062500,2.34375000e-02,148.37500000,144.50000000,3.87500000e+00
1703,3.07617188,3.06054688,1.56250000e-02,43.93750000,51.75000000,7.81250000e+00
1704,2.40234375,2.37500000,2.73437500e-02,21.48437500,23.43750000,1.95312500e+00
1705,2.52734375,2.51171875,1.56250000e-02,43.93750000,42.96875000,9.68750000e-01
1706,3.68750000,3.66796875,1.95312500e-02,271.50000000,279.25000000,7.75000000e+00
1707,5.20703125,5.22265625,1.56250000e-02,33.18750000,33.18750000,0.00000000e+00
1708,3.81054688,3.88281250,7.22656250e-02,10.74218750,6.83593750,3.90625000e+00
1709,4.59765625,4.64843750,5.07812500e-02,95.68750000,93.75000000,1.93750000e+00
1710,5.86718750,5.89843750,3.12500000e-02,-130.87500000,-125.00000000,5.87500000e+00
1711,3.25976562,3.26171875,1.95312500e-03,166.00000000,158.25000000,7.75000000e+00
1712,4.06250000,4.04687500,1.56250000e-02,91.81250000,121.06250000,2.92500000e+01
1713,4.46484375,4.48046875,1.56250000e-02,152.37500000,158.25000000,5.87500000e+00
1714,4.32031250,4.32031250,0.00000000e+00,95.68750000,105.43750000,9.75000000e+00
1715,5.47265625,5.56640625,9.37500000e-02,130.87500000,128.87500000,2.00000000e+00
1716,2.50585938,2.44921875,5.66406250e-02,-45.90625000,-66.37500000,2.04687500e+01
1717,2.47851562,2.45507812,2.34375000e-02,143.50000000,146.50000000,3.00000000e+00
1718,3.92187500,3.93359375,1.17187500e-02,35.15625000,36.12500000,9.68750000e-01
1719,4.10156250,4.12500000,2.34375000e-02,-209.00000000,-203.12500000,5.87500000e+00
1720,2.49609375,2.50390625,7.81250000e-03,-84.00000000,-78.12500000,5.87500000e+00
1721,2.03125000,2.04687500,1.56250000e-02,98.12500000,107.43750000,9.31250000e+00
1722,4.26562500,4.33984375,7.42187500e-02,27.34375000,1.95312500,2.53906250e+01
1723,3.72460938,3.75390625,2.92968750e-02,78.12500000,78.12500000,0.00000000e+00
1724,4.11718750,4.13281250,1.56250000e-02,19.53125000,23.43750000,3.90625000e+00
1725,2.89062500,2.85546875,3.51562500e-02,-32.21875000,-44.90625000,1.26875000e+01
1726,6.77343750,6.69921875,7.42187500e-02,-801.00000000,-830.00000000,2.90000000e+01
1727,5.89062500,6.00781250,1.17187500e-01,257.75000000,275.50000000,1.77500000e+01
1728,2.50000000,2.49609375,3.90625000e-03,111.31250000,99.62500000,1.16875000e+01
1729,2.61718750,2.61328125,3.90625000e-03,9.76562500,8.78906250,9.76562500e-01
1730,2.63281250,2.62109375,1.17187500e-02,96.68750000,94.75000000,1.93750000e+00
1731,3.46875000,3.50195312,3.32031250e-02,-19.53125000,-12.69531250,6.83593750e+00
1732,6.32421875,6.42187500,9.76562500e-02,228.50000000,250.00000000,2.15000000e+01
1733,4.06250000,4.08593750,2.34375000e-02,-80.06250000,-80.06250000,0.00000000e+00
1734,4.91796875,4.97656250,5.85937500e-02,-42.96875000,-66.37500000,2.34062500e+01
1735,3.33984375,3.35546875,1.56250000e-02,-1.95312500,-4.88281250,2.92968750e+00
1736,5.79687500,5.85937500,6.25000000e-02,351.50000000,363.25000000,1.17500000e+01
1737,2.63671875,2.62500000,1.17187500e-02,-38.09375000,-37.09375000,1.00000000e+00
1738,5.66406250,5.78125000,1.17187500e-01,-156.25000000,-125.00000000,3.12500000e+01
1739,4.30468750,4.34375000,3.90625000e-02,72.25000000,50.78125000,2.14687500e+01
1740,5.37890625,5.52343750,1.44531250e-01,-21.48437500,-3.90625000,1.75781250e+01
1741,2.53320312,2.49609375,3.71093750e-02,-241.25000000,-238.25000000,3.00000000e+00
1742,3.92187500,3.96484375,4.29687500e-02,-173.87500000,-189.50000000,1.56250000e+01
1743,3.81250000,3.84375000,3.12500000e-02,224.62500000,200.25000000,2.43750000e+01
1744,2.98242188,2.97070312,1.17187500e-02,126.00000000,116.18750000,9.81250000e+00
1745,3.78515625,3.83789062,5.27343750e-02,66.37500000,83.00000000,1.66250000e+01
1746,4.75390625,4.82031250,6.64062500e-02,21.48437500,27.34375000,5.85937500e+00
1747,4.66015625,4.71875000,5.85937500e-02,-82.00000000,-97.62500000,1.56250000e+01
1748,3.76171875,3.79296875,3.12500000e-02,57.62500000,52.71875000,4.90625000e+00
1749,4.87500000,4.90625000,3.12500000e-02,66.37500000,60.53125000,5.84375000e+00
1750,2.58007812,2.52929688,5.07812500e-02,-284.25000000,-295.00000000,1.07500000e+01
1751,2.50390625,2.46093750,4.29687500e-02,-20.50000000,-27.34375000,6.84375000e+00
1752,3.84179688,3.88476562,4.29687500e-02,-18.54687500,-25.39062500,6.84375000e+00
1753,2.97851562,2.98046875,1.95312500e-03,20.50000000,27.34375000,6.84375000e+00
1754,2.14648438,2.11718750,2.92968750e-02,-149.37500000,-153.37500000,4.00000000e+00
1755,2.50976562,2.50390625,5.85937500e-03,79.12500000,86.93750000,7.81250000e+00
1756,2.96093750,2.94921875,1.17187500e-02,-331.00000000,-338.00000000,7.00000000e+00
1757,5.27343750,5.28906250,1.56250000e-02,171.87500000,171.87500000,0.00000000e+00
1758,3.83398438,3.90234375,6.83593750e-02,140.62500000,140.62500000,0.00000000e+00
1759,4.61718750,4.68359375,6.64062500e-02,162.12500000,166.00000000,3.87500000e+00
1760,5.94921875,6.00000000,5.07812500e-02,130.87500000,150.37500000,1.95000000e+01
1761,2.90234375,2.91210938,9.76562500e-03,2.92968750,2.92968750,0.00000000e+00
1762,3.71875000,3.68945312,2.92968750e-02,-185.50000000,-176.75000000,8.75000000e+00
1763,4.26562500,4.27734375,1.17187500e-02,62.50000000,64.43750000,1.93750000e+00
1764,3.96289062,3.94921875,1.36718750e-02,-184.62500000,-179.62500000,5.00000000e+00
1765,5.61718750,5.72656250,1.09375000e-01,289.00000000,293.00000000,4.00000000e+00
1766,2.27148438,2.21679688,5.46875000e-02,-126.00000000,-141.62500000,1.56250000e+01
1767,2.44140625,2.43359375,7.81250000e-03,143.50000000,154.25000000,1.07500000e+01
1768,3.68359375,3.67968750,3.90625000e-03,-234.37500000,-238.25000000,3.87500000e+00
1769,4.30078125,4.33203125,3.12500000e-02,97.62500000,107.43750000,9.81250000e+00
1770,2.43164062,2.42382812,7.81250000e-03,-49.81250000,-49.81250000,0.00000000e+00
1771,1.80468750,1.80664062,1.95312500e-03,-62.50000000,-69.31250000,6.81250000e+00
1772,4.32812500,4.41015625,8.20312500e-02,140.62500000,119.12500000,2.15000000e+01
1773,3.61718750,3.63867188,2.14843750e-02,-36.12500000,-36.12500000,0.00000000e+00
1774,4.14062500,4.14843750,7.81250000e-03,109.37500000,99.62500000,9.75000000e+00
1775,3.27734375,3.23046875,4.68750000e-02,421.75000000,400.50000000,2.12500000e+01
1776,7.24218750,7.14062500,1.01562500e-01,-283.25000000,-341.75000000,5.85000000e+01
1777,5.64843750,5.75390625,1.05468750e-01,-33.18750000,-15.62500000,1.75625000e+01
1778,2.29687500,2.30859375,1.17187500e-02,-5.85937500,0.00000000,5.85937500e+00
1779,2.85156250,2.86328125,1.17187500e-02,285.25000000,289.00000000,3.75000000e+00
1780,2.53125000,2.50390625,2.73437500e-02,29.29687500,21.48437500,7.81250000e+00
1781,3.15625000,3.17578125,1.95312500e-02,-340.75000000,-343.75000000,3.00000000e+00
1782,6.08984375,6.14062500,5.07812500e-02,23.43750000,23.43750000,0.00000000e+00
1783,3.96484375,3.98632812,2.14843750e-02,-103.50000000,-102.56250000,9.37500000e-01
1784,4.89843750,4.96093750,6.25000000e-02,154.25000000,156.25000000,2.00000000e+00
1785,3.42187500,3.45312500,3.12500000e-02,88.87500000,91.81250000,2.93750000e+00
1786,5.39062500,5.41796875,2.73437500e-02,25.39062500,3.90625000,2.14843750e+01
1787,2.50390625,2.51562500,1.17187500e-02,-138.62500000,-124.00000000,1.46250000e+01
1788,5.98437500,6.06250000,7.81250000e-02,121.06250000,121.06250000,0.00000000e+00
1789,4.21875000,4.24218750,2.34375000e-02,7.81250000,-13.67187500,2.14843750e+01
1790,5.40625000,5.51562500,1.09375000e-01,39.06250000,35.15625000,3.90625000e+00
1791,2.61718750,2.59765625,1.95312500e-02,-84.93750000,-74.18750000,1.07500000e+01
1792,4.00781250,4.04687500,3.90625000e-02,-130.87500000,-140.62500000,9.75000000e+00
1793,3.82226562,3.88281250,6.05468750e-02,303.75000000,305.75000000,2.00000000e+00
1794,2.83593750,2.81250000,2.34375000e-02,14.64843750,9.76562500,4.88281250e+00
1795,3.68554688,3.72656250,4.10156250e-02,-10.74218750,-13.67187500,2.92968750e+00
1796,5.00000000,5.08203125,8.20312500e-02,210.87500000,222.62500000,1.17500000e+01
1797,4.73437500,4.79296875,5.85937500e-02,21.48437500,19.53125000,1.95312500e+00
1798,3.40625000,3.44921875,4.29687500e-02,-216.75000000,-210.00000000,6.75000000e+00
1799,4.83984375,4.85156250,1.17187500e-02,93.75000000,93.75000000,0.00000000e+00
1800,2.77343750,2.71484375,5.85937500e-02,36.12500000,33.18750000,2.93750000e+00
1801,2.76562500,2.74218750,2.34375000e-02,187.50000000,201.12500000,1.36250000e+01
1802,3.93359375,4.00000000,6.64062500e-02,140.62500000,144.50000000,3.87500000e+00
1803,2.76171875,2.74218750,1.95312500e-02,-101.56250000,-104.50000000,2.93750000e+00
1804,2.37500000,2.35937500,1.56250000e-02,63.46875000,65.43750000,1.96875000e+00
1805,2.28515625,2.26953125,1.56250000e-02,-82.00000000,-84.00000000,2.00000000e+00
1806,3.11718750,3.12109375,3.90625000e-03,-189.50000000,-187.50000000,2.00000000e+00
1807,5.09375000,5.11718750,2.34375000e-02,-3.90625000,0.00000000,3.90625000e+00
1808,3.66015625,3.71679688,5.66406250e-02,-32.21875000,-34.18750000,1.96875000e+00
1809,4.37890625,4.45703125,7.81250000e-02,-1.95312500,11.71875000,1.36718750e+01
1810,5.98437500,5.99609375,1.17187500e-02,128.87500000,123.06250000,5.81250000e+00
1811,2.80664062,2.83203125,2.53906250e-02,-80.06250000,-64.43750000,1.56250000e+01
1812,3.33984375,3.32421875,1.56250000e-02,-468.75000000,-439.50000000,2.92500000e+01
1813,4.27734375,4.28906250,1.17187500e-02,155.25000000,156.25000000,1.00000000e+00
1814,4.30078125,4.27734375,2.34375000e-02,142.62500000,152.37500000,9.75000000e+00
1815,5.19921875,5.30468750,1.05468750e-01,-44.90625000,-31.25000000,1.36562500e+01
1816,2.38085938,2.32421875,5.66406250e-02,-22.45312500,-27.34375000,4.89062500e+00
1817,2.46093750,2.42773438,3.32031250e-02,203.12500000,190.37500000,1.27500000e+01
1818,3.58984375,3.58593750,3.90625000e-03,-216.75000000,-220.75000000,4.00000000e+00
1819,4.21484375,4.25000000,3.51562500e-02,60.53125000,62.50000000,1.96875000e+00
1820,2.27343750,2.26953125,3.90625000e-03,-281.25000000,-271.50000000,9.75000000e+00
1821,1.94921875,1.94042969,8.78906250e-03,75.18750000,62.00000000,1.31875000e+01
1822,4.16015625,4.26171875,1.01562500e-01,39.06250000,37.09375000,1.96875000e+00
1823,3.77343750,3.81445312,4.10156250e-02,179.62500000,192.37500000,1.27500000e+01
1824,4.25000000,4.24218750,7.81250000e-03,257.75000000,242.12500000,1.56250000e+01
1825,2.74414062,2.71484375,2.92968750e-02,-67.37500000,-67.37500000,0.00000000e+00
1826,7.37109375,7.35937500,1.17187500e-02,5.85937500,11.71875000,5.85937500e+00
1827,5.53515625,5.64843750,1.13281250e-01,-48.81250000,-42.96875000,5.84375000e+00
1828,2.32812500,2.32226562,5.85937500e-03,39.06250000,33.18750000,5.87500000e+00
1829,2.58593750,2.60156250,1.56250000e-02,-9.76562500,5.85937500,1.56250000e+01
1830,2.60156250,2.59570312,5.85937500e-03,128.87500000,135.75000000,6.87500000e+00
1831,3.35742188,3.39648438,3.90625000e-02,-49.81250000,-57.62500000,7.81250000e+00
1832,6.10546875,6.17187500,6.64062500e-02,150.37500000,140.62500000,9.75000000e+00
1833,3.98437500,4.00390625,1.95312500e-02,-70.31250000,-72.25000000,1.93750000e+00
1834,4.64062500,4.71875000,7.81250000e-02,-66.37500000,-42.96875000,2.34062500e+01
1835,3.42382812,3.45312500,2.92968750e-02,176.75000000,169.87500000,6.87500000e+00
1836,5.34375000,5.42187500,7.81250000e-02,89.81250000,93.75000000,3.93750000e+00
1837,2.80859375,2.79101562,1.75781250e-02,165.00000000,164.00000000,1.00000000e+00
1838,5.88281250,5.96875000,8.59375000e-02,97.62500000,101.56250000,3.93750000e+00
1839,4.51562500,4.57812500,6.25000000e-02,367.25000000,367.25000000,0.00000000e+00
1840,5.48437500,5.58593750,1.01562500e-01,195.25000000,175.75000000,1.95000000e+01
1841,2.64453125,2.58593750,5.85937500e-02,-26.35937500,-44.90625000,1.85468750e+01
1842,4.10156250,4.16015625,5.85937500e-02,39.06250000,41.00000000,1.93750000e+00
1843,3.53515625,3.58789062,5.27343750e-02,70.31250000,60.53125000,9.78125000e+00
1844,2.89453125,2.90429688,9.76562500e-03,46.87500000,57.62500000,1.07500000e+01
1845,3.66601562,3.70312500,3.71093750e-02,-33.18750000,-33.18750000,0.00000000e+00
1846,4.94140625,4.97265625,3.12500000e-02,222.62500000,199.25000000,2.33750000e+01
1847,4.80078125,4.87890625,7.81250000e-02,166.00000000,162.12500000,3.87500000e+00
1848,3.75390625,3.80859375,5.46875000e-02,100.56250000,110.37500000,9.81250000e+00
1849,4.67578125,4.70312500,2.73437500e-02,-5.85937500,1.95312500,7.81250000e+00
1850,2.91796875,2.87500000,4.29687500e-02,154.25000000,152.37500000,1.87500000e+00
1851,2.46093750,2.41406250,4.68750000e-02,-33.18750000,-42.96875000,9.78125000e+00
1852,3.82226562,3.85937500,3.71093750e-02,84.93750000,74.18750000,1.07500000e+01
1853,2.99218750,2.97460938,1.75781250e-02,95.68750000,101.56250000,5.87500000e+00
1854,2.28710938,2.26562500,2.14843750e-02,18.54687500,23.43750000,4.89062500e+00
1855,2.65820312,2.64453125,1.36718750e-02,291.00000000,291.00000000,0.00000000e+00
1856,3.28515625,3.28906250,3.90625000e-03,50.78125000,62.50000000,1.17187500e+01
1857,4.97656250,4.98437500,7.81250000e-03,50.78125000,42.96875000,7.81250000e+00
1858,3.57031250,3.65234375,8.20312500e-02,-44.90625000,-34.18750000,1.07187500e+01
1859,4.26953125,4.33984375,7.03125000e-02,-87.87500000,-80.06250000,7.81250000e+00
1860,6.06640625,6.09375000,2.73437500e-02,240.25000000,230.50000000,9.75000000e+00
1861,2.85351562,2.84375000,9.76562500e-03,-0.97656250,-10.74218750,9.76562500e+00
1862,3.91796875,3.89257812,2.53906250e-02,275.50000000,299.75000000,2.42500000e+01
1863,3.94531250,3.95117188,5.85937500e-03,-183.62500000,-184.62500000,1.00000000e+00
1864,4.12500000,4.07031250,5.46875000e-02,15.62500000,-5.85937500,2.14843750e+01
1865,5.25781250,5.32421875,6.64062500e-02,103.50000000,84.00000000,1.95000000e+01
1866,2.57421875,2.50781250,6.64062500e-02,253.87500000,236.37500000,1.75000000e+01
1867,2.21484375,2.20117188,1.36718750e-02,7.81250000,13.67187500,5.85937500e+00
1868,3.85937500,3.86523438,5.85937500e-03,43.93750000,50.78125000,6.84375000e+00
1869,4.01562500,4.06250000,4.68750000e-02,-72.25000000,-60.53125000,1.17187500e+01
1870,2.61328125,2.58007812,3.32031250e-02,203.12500000,189.50000000,1.36250000e+01
1871,1.57031250,1.57812500,7.81250000e-03,-236.37500000,-235.37500000,1.00000000e+00
1872,4.10937500,4.19921875,8.98437500e-02,72.25000000,70.31250000,1.93750000e+00
1873,3.52734375,3.54882812,2.14843750e-02,-30.26562500,-38.09375000,7.82812500e+00
1874,4.09375000,4.08593750,7.81250000e-03,103.50000000,97.62500000,5.87500000e+00
1875,3.08984375,3.06054688,2.92968750e-02,347.75000000,339.75000000,8.00000000e+00
1876,7.76562500,7.74218750,2.34375000e-02,289.00000000,295.00000000,6.00000000e+00
1877,5.58984375,5.66406250,7.42187500e-02,33.18750000,17.57812500,1.56093750e+01
1878,2.19140625,2.20117188,9.76562500e-03,-25.39062500,-25.39062500,0.00000000e+00
1879,2.50390625,2.50000000,3.90625000e-03,7.81250000,0.97656250,6.83593750e+00
1880,2.44921875,2.44140625,7.81250000e-03,44.90625000,55.65625000,1.07500000e+01
1881,3.42578125,3.45312500,2.73437500e-02,126.93750000,116.18750000,1.07500000e+01
1882,6.51562500,6.57812500,6.25000000e-02,543.00000000,535.00000000,8.00000000e+00
1883,4.12500000,4.13281250,7.81250000e-03,160.12500000,142.62500000,1.75000000e+01
1884,4.51171875,4.56250000,5.07812500e-02,-123.06250000,-117.18750000,5.87500000e+00
1885,3.09179688,3.10546875,1.36718750e-02,-73.25000000,-85.93750000,1.26875000e+01
1886,5.20312500,5.22656250,2.34375000e-02,0.00000000,-27.34375000,2.73437500e+01
1887,2.55468750,2.54687500,7.81250000e-03,84.00000000,85.93750000,1.93750000e+00
1888,5.55468750,5.62109375,6.64062500e-02,-193.37500000,-191.37500000,2.00000000e+00
1889,4.25781250,4.33984375,8.20312500e-02,230.50000000,248.00000000,1.75000000e+01
1890,5.13281250,5.24218750,1.09375000e-01,-119.12500000,-113.25000000,5.87500000e+00
1891,2.50781250,2.46679688,4.10156250e-02,-126.93750000,-138.62500000,1.16875000e+01
1892,4.23437500,4.25390625,1.95312500e-02,277.25000000,258.75000000,1.85000000e+01
1893,3.39843750,3.43359375,3.51562500e-02,17.57812500,3.90625000,1.36718750e+01
1894,2.78906250,2.78515625,3.90625000e-03,108.37500000,110.37500000,2.00000000e+00
1895,3.54687500,3.58984375,4.29687500e-02,-57.62500000,-51.75000000,5.87500000e+00
1896,4.75390625,4.82421875,7.03125000e-02,119.12500000,123.06250000,3.93750000e+00
1897,4.41406250,4.46875000,5.46875000e-02,-173.87500000,-183.62500000,9.75000000e+00
1898,3.71484375,3.72851562,1.36718750e-02,146.50000000,124.00000000,2.25000000e+01
1899,4.65625000,4.66406250,7.81250000e-03,42.96875000,46.87500000,3.90625000e+00
1900,2.68750000,2.64062500,4.68750000e-02,11.71875000,21.48437500,9.76562500e+00
1901,2.37109375,2.33984375,3.12500000e-02,-13.67187500,-5.85937500,7.81250000e+00
1902,3.98632812,4.01562500,2.92968750e-02,203.12500000,195.25000000,7.87500000e+00
1903,2.82421875,2.80664062,1.75781250e-02,72.25000000,68.37500000,3.87500000e+00
1904,2.29296875,2.26953125,2.34375000e-02,113.25000000,113.25000000,0.00000000e+00
1905,2.36718750,2.36718750,0.00000000e+00,14.64843750,21.48437500,6.83593750e+00
1906,3.11328125,3.10156250,1.17187500e-02,-11.71875000,-13.67187500,1.95312500e+00
1907,4.60937500,4.65625000,4.68750000e-02,-279.25000000,-261.75000000,1.75000000e+01
1908,3.40625000,3.47265625,6.64062500e-02,-126.93750000,-126.93750000,0.00000000e+00
1909,4.45312500,4.51171875,5.85937500e-02,158.25000000,166.00000000,7.75000000e+00
1910,5.78906250,5.80468750,1.56250000e-02,62.50000000,62.50000000,0.00000000e+00
1911,3.02929688,3.01562500,1.36718750e-02,270.50000000,258.75000000,1.17500000e+01
1912,3.53125000,3.48437500,4.68750000e-02,-21.48437500,-1.95312500,1.95312500e+01
1913,4.14062500,4.15234375,1.17187500e-02,101.56250000,93.75000000,7.81250000e+00
1914,4.11328125,4.07812500,3.51562500e-02,71.31250000,74.18750000,2.87500000e+00
1915,5.00000000,5.10156250,1.01562500e-01,-93.75000000,-82.00000000,1.17500000e+01
1916,2.10742188,2.06640625,4.10156250e-02,-140.62500000,-142.62500000,2.00000000e+00
1917,2.09179688,2.08593750,5.85937500e-03,-22.45312500,-20.50000000,1.95312500e+00
1918,3.71484375,3.71484375,0.00000000e+00,-55.65625000,-52.71875000,2.93750000e+00
1919,4.27343750,4.29296875,1.95312500e-02,179.62500000,173.87500000,5.75000000e+00
1920,2.40429688,2.38085938,2.34375000e-02,-2.92968750,-7.81250000,4.88281250e+00
1921,1.61425781,1.60351562,1.07421875e-02,-188.00000000,-207.00000000,1.90000000e+01
1922,4.09375000,4.18750000,9.37500000e-02,66.37500000,56.62500000,9.75000000e+00
1923,3.51757812,3.53125000,1.36718750e-02,12.69531250,3.90625000,8.78906250e+00
1924,3.82031250,3.81835938,1.95312500e-03,-97.62500000,-110.37500000,1.27500000e+01
1925,2.80078125,2.76562500,3.51562500e-02,113.25000000,107.43750000,5.81250000e+00
1926,6.77734375,6.79687500,1.95312500e-02,-549.00000000,-535.00000000,1.40000000e+01
1927,5.41406250,5.51562500,1.01562500e-01,-7.81250000,0.00000000,7.81250000e+00
1928,2.38671875,2.39062500,3.90625000e-03,223.12500000,218.75000000,4.37500000e+00
1929,2.42578125,2.43359375,7.81250000e-03,-42.96875000,-41.00000000,1.96875000e+00
1930,2.29687500,2.28515625,1.17187500e-02,-10.74218750,-9.76562500,9.76562500e-01
1931,3.33007812,3.37304688,4.29687500e-02,126.00000000,131.87500000,5.87500000e+00
1932,5.83593750,5.90625000,7.03125000e-02,-39.06250000,-25.39062500,1.36718750e+01
1933,3.99218750,4.00781250,1.56250000e-02,88.87500000,93.75000000,4.87500000e+00
1934,4.49609375,4.55859375,6.25000000e-02,-85.93750000,-84.00000000,1.93750000e+00
1935,3.08007812,3.10156250,2.14843750e-02,-50.78125000,-47.84375000,2.93750000e+00
1936,5.15234375,5.21093750,5.85937500e-02,-76.18750000,-62.50000000,1.36875000e+01
1937,2.55468750,2.57031250,1.56250000e-02,103.50000000,119.12500000,1.56250000e+01
1938,5.62890625,5.68750000,5.85937500e-02,-74.18750000,-84.00000000,9.81250000e+00
1939,3.72851562,3.77343750,4.49218750e-02,-272.50000000,-277.25000000,4.75000000e+00
1940,5.31250000,5.42968750,1.17187500e-01,117.18750000,125.00000000,7.81250000e+00
1941,2.75000000,2.72070312,2.92968750e-02,189.50000000,177.75000000,1.17500000e+01
1942,4.00781250,4.04687500,3.90625000e-02,42.96875000,45.90625000,2.93750000e+00
1943,3.39843750,3.46093750,6.25000000e-02,74.18750000,83.00000000,8.81250000e+00
1944,2.60156250,2.57421875,2.73437500e-02,-93.75000000,-106.43750000,1.26875000e+01
1945,3.35937500,3.38867188,2.92968750e-02,-173.87500000,-180.62500000,6.75000000e+00
1946,4.46093750,4.57031250,1.09375000e-01,-41.00000000,-11.71875000,2.92812500e+01
1947,4.53125000,4.58203125,5.07812500e-02,-19.53125000,-23.43750000,3.90625000e+00
1948,3.47070312,3.51171875,4.10156250e-02,-12.69531250,-22.45312500,9.75781250e+00
1949,4.57031250,4.56640625,3.90625000e-03,-31.25000000,-56.62500000,2.53750000e+01
1950,2.39843750,2.34570312,5.27343750e-02,-205.12500000,-217.75000000,1.26250000e+01
1951,2.40429688,2.38281250,2.14843750e-02,70.31250000,75.18750000,4.87500000e+00
1952,3.46484375,3.50390625,3.90625000e-02,-189.50000000,-197.25000000,7.75000000e+00
1953,2.69531250,2.66796875,2.73437500e-02,-23.43750000,-42.96875000,1.95312500e+01
1954,1.94531250,1.93945312,5.85937500e-03,-164.00000000,-151.37500000,1.26250000e+01
1955,2.29296875,2.30273438,9.76562500e-03,2.92968750,4.88281250,1.95312500e+00
1956,2.91015625,2.92968750,1.95312500e-02,-167.00000000,-156.25000000,1.07500000e+01
1957,4.77734375,4.80468750,2.73437500e-02,-70.31250000,-70.31250000,0.00000000e+00
1958,3.36914062,3.43359375,6.44531250e-02,-102.56250000,-99.62500000,2.93750000e+00
1959,4.48437500,4.51953125,3.51562500e-02,253.87500000,244.12500000,9.75000000e+00
1960,5.81250000,5.83593750,2.34375000e-02,105.43750000,93.75000000,1.16875000e+01
1961,2.51171875,2.51171875,0.00000000e+00,-218.75000000,-234.37500000,1.56250000e+01
1962,3.16406250,3.14062500,2.34375000e-02,-358.50000000,-345.75000000,1.27500000e+01
1963,3.79687500,3.80273438,5.85937500e-03,-175.75000000,-184.62500000,8.87500000e+00
1964,3.78710938,3.78125000,5.85937500e-03,-159.12500000,-148.37500000,1.07500000e+01
1965,4.86718750,4.96875000,1.01562500e-01,-201.12500000,-203.12500000,2.00000000e+00
1966,1.87500000,1.85058594,2.44140625e-02,-361.25000000,-346.25000000,1.50000000e+01
1967,2.04296875,2.02734375,1.56250000e-02,-14.64843750,-16.59375000,1.94531250e+00
1968,3.56250000,3.56835938,5.85937500e-03,-86.93750000,-90.81250000,3.87500000e+00
1969,4.06250000,4.10156250,3.90625000e-02,78.12500000,73.25000000,4.87500000e+00
1970,2.56640625,2.55468750,1.17187500e-02,262.75000000,261.75000000,1.00000000e+00
1971,1.57812500,1.59179688,1.36718750e-02,-129.87500000,-127.43750000,2.43750000e+00
1972,3.98046875,4.07421875,9.37500000e-02,-21.48437500,-13.67187500,7.81250000e+00
1973,3.52539062,3.54101562,1.56250000e-02,55.65625000,41.00000000,1.46562500e+01
1974,3.69531250,3.73046875,3.51562500e-02,-177.75000000,-150.37500000,2.73750000e+01
1975,2.46484375,2.45312500,1.17187500e-02,-65.43750000,-62.50000000,2.93750000e+00
1976,6.89062500,6.89062500,0.00000000e+00,-357.50000000,-324.25000000,3.32500000e+01
1977,5.69531250,5.81640625,1.21093750e-01,300.75000000,310.50000000,9.75000000e+00
1978,1.95703125,1.98242188,2.53906250e-02,-170.87500000,-164.00000000,6.87500000e+00
1979,2.53710938,2.55468750,1.75781250e-02,75.18750000,68.37500000,6.81250000e+00
1980,2.27148438,2.25390625,1.75781250e-02,26.35937500,35.15625000,8.79687500e+00
1981,3.09960938,3.16796875,6.83593750e-02,-70.31250000,-48.81250000,2.15000000e+01
1982,5.77343750,5.85156250,7.81250000e-02,29.29687500,33.18750000,3.89062500e+00
1983,3.72656250,3.73437500,7.81250000e-03,-126.93750000,-124.00000000,2.93750000e+00
1984,4.81250000,4.84375000,3.12500000e-02,289.00000000,277.25000000,1.17500000e+01
1985,3.29296875,3.33203125,3.90625000e-02,252.00000000,263.75000000,1.17500000e+01
1986,5.17968750,5.21484375,3.51562500e-02,72.25000000,58.59375000,1.36562500e+01
1987,2.48632812,2.48046875,5.85937500e-03,99.62500000,99.62500000,0.00000000e+00
1988,5.63281250,5.69531250,6.25000000e-02,41.00000000,33.18750000,7.81250000e+00
1989,3.78125000,3.84179688,6.05468750e-02,-38.09375000,-32.21875000,5.87500000e+00
1990,4.86328125,4.96875000,1.05468750e-01,-248.00000000,-257.75000000,9.75000000e+00
1991,2.36914062,2.33789062,3.12500000e-02,-137.75000000,-159.12500000,2.13750000e+01
1992,3.78125000,3.83203125,5.07812500e-02,-61.53125000,-61.53125000,0.00000000e+00
1993,3.43945312,3.49218750,5.27343750e-02,183.62500000,193.37500000,9.75000000e+00
1994,2.47265625,2.45312500,1.95312500e-02,-60.53125000,-47.84375000,1.26875000e+01
1995,3.52343750,3.54687500,2.34375000e-02,-30.26562500,-29.29687500,9.68750000e-01
1996,4.43750000,4.50000000,6.25000000e-02,-84.00000000,-82.00000000,2.00000000e+00
1997,4.50000000,4.53125000,3.12500000e-02,25.39062500,5.85937500,1.95312500e+01
1998,3.64453125,3.69726562,5.27343750e-02,194.37500000,194.37500000,0.00000000e+00
1999,4.33593750,4.35156250,1.56250000e-02,-162.12500000,-162.12500000,0.00000000e+00
2000,2.53125000,2.45703125,7.42187500e-02,-48.81250000,-62.50000000,1.36875000e+01
2001,2.21484375,2.19335938,2.14843750e-02,-25.39062500,-21.48437500,3.90625000e+00
2002,3.68554688,3.72460938,3.90625000e-02,104.50000000,90.81250000,1.36875000e+01
2003,2.52734375,2.49609375,3.12500000e-02,-46.87500000,-54.68750000,7.81250000e+00
2004,2.03125000,2.01367188,1.75781250e-02,-9.76562500,-13.67187500,3.90625000e+00
2005,2.47656250,2.49609375,1.95312500e-02,252.87500000,264.75000000,1.18750000e+01
2006,3.13281250,3.14062500,7.81250000e-03,74.18750000,84.00000000,9.81250000e+00
2007,4.74609375,4.77343750,2.73437500e-02,37.09375000,27.34375000,9.75000000e+00
2008,3.37890625,3.44921875,7.03125000e-02,-44.90625000,-46.87500000,1.96875000e+00
2009,4.17578125,4.22656250,5.07812500e-02,9.76562500,0.00000000,9.76562500e+00
2010,5.46484375,5.47656250,1.17187500e-02,-107.43750000,-121.06250000,1.36250000e+01
2011,2.47656250,2.48437500,7.81250000e-03,-89.81250000,-97.62500000,7.81250000e+00
2012,3.80273438,3.74609375,5.66406250e-02,278.25000000,260.75000000,1.75000000e+01
2013,3.86718750,3.88085938,1.36718750e-02,-21.48437500,-22.45312500,9.68750000e-01
2014,3.84960938,3.83984375,9.76562500e-03,-104.50000000,-115.25000000,1.07500000e+01
2015,5.09375000,5.18750000,9.37500000e-02,103.50000000,123.06250000,1.95625000e+01
2016,2.02343750,1.99121094,3.22265625e-02,-136.75000000,-134.25000000,2.50000000e+00
2017,2.14453125,2.12890625,1.56250000e-02,126.93750000,128.37500000,1.43750000e+00
2018,3.51562500,3.51757812,1.95312500e-03,-117.18750000,-118.18750000,1.00000000e+00
2019,3.73828125,3.76953125,3.12500000e-02,-177.75000000,-187.50000000,9.75000000e+00
2020,2.40625000,2.40625000,0.00000000e+00,209.50000000,217.25000000,7.75000000e+00
2021,1.72265625,1.72656250,3.90625000e-03,78.62500000,76.68750000,1.93750000e+00
2022,3.95703125,4.06640625,1.09375000e-01,-2.92968750,3.90625000,6.83593750e+00
2023,3.46093750,3.49218750,3.12500000e-02,59.56250000,58.59375000,9.68750000e-01
2024,3.81250000,3.82421875,1.17187500e-02,44.90625000,46.87500000,1.96875000e+00
2025,2.54101562,2.53906250,1.95312500e-03,40.03125000,54.68750000,1.46562500e+01
2026,7.07812500,7.08593750,7.81250000e-03,-234.37500000,-199.25000000,3.51250000e+01
2027,5.48437500,5.59375000,1.09375000e-01,144.50000000,152.37500000,7.87500000e+00
2028,2.07226562,2.08398438,1.17187500e-02,10.74218750,4.88281250,5.85937500e+00
2029,2.59375000,2.62500000,3.12500000e-02,232.37500000,242.12500000,9.75000000e+00
2030,1.94531250,1.93750000,7.81250000e-03,-353.50000000,-355.50000000,2.00000000e+00
2031,3.13476562,3.16210938,2.73437500e-02,32.21875000,22.45312500,9.76562500e+00
2032,5.66406250,5.72656250,6.25000000e-02,-97.62500000,-97.62500000,0.00000000e+00
2033,3.99609375,3.99218750,3.90625000e-03,232.37500000,224.62500000,7.75000000e+00
2034,4.50781250,4.60156250,9.37500000e-02,44.90625000,44.90625000,0.00000000e+00
2035,2.98046875,3.00000000,1.95312500e-02,-29.29687500,-37.09375000,7.79687500e+00
2036,4.92968750,5.01171875,8.20312500e-02,-119.12500000,-101.56250000,1.75625000e+01
2037,2.38281250,2.38281250,0.00000000e+00,57.62500000,60.53125000,2.90625000e+00
2038,5.41015625,5.48437500,7.42187500e-02,-117.18750000,-123.06250000,5.87500000e+00
2039,3.67578125,3.74218750,6.64062500e-02,-56.62500000,-54.68750000,1.93750000e+00
2040,5.00000000,5.14062500,1.40625000e-01,-25.39062500,-11.71875000,1.36718750e+01
2041,2.47656250,2.46484375,1.17187500e-02,11.71875000,15.62500000,3.90625000e+00
2042,3.82226562,3.85546875,3.32031250e-02,30.26562500,27.34375000,2.92187500e+00
2043,3.35937500,3.41210938,5.27343750e-02,151.37500000,161.12500000,9.75000000e+00
2044,2.67773438,2.66992188,7.81250000e-03,156.25000000,141.62500000,1.46250000e+01
2045,3.45117188,3.47070312,1.95312500e-02,-68.37500000,-83.00000000,1.46250000e+01
2046,4.42578125,4.50000000,7.42187500e-02,23.43750000,15.62500000,7.81250000e+00
2047,4.67968750,4.75781250,7.81250000e-02,183.62500000,191.37500000,7.75000000e+00
2048,3.34179688,3.38085938,3.90625000e-02,-102.56250000,-112.31250000,9.75000000e+00
2049,4.42187500,4.44531250,2.34375000e-02,-84.00000000,-68.37500000,1.56250000e+01
2050,2.59179688,2.53320312,5.85937500e-02,98.62500000,87.87500000,1.07500000e+01
2051,2.19335938,2.15429688,3.90625000e-02,-56.62500000,-62.50000000,5.87500000e+00
2052,3.82421875,3.88671875,6.25000000e-02,263.75000000,275.50000000,1.17500000e+01
2053,2.38281250,2.37304688,9.76562500e-03,-210.87500000,-210.00000000,8.75000000e-01
2054,2.24218750,2.20703125,3.51562500e-02,234.37500000,231.50000000,2.87500000e+00
2055,2.17187500,2.17578125,3.90625000e-03,-25.39062500,-22.45312500,2.93750000e+00
2056,3.07421875,3.06640625,7.81250000e-03,89.81250000,97.62500000,7.81250000e+00
2057,4.67968750,4.71093750,3.12500000e-02,35.15625000,27.34375000,7.81250000e+00
2058,3.31640625,3.40234375,8.59375000e-02,60.53125000,78.12500000,1.75937500e+01
2059,4.19531250,4.25781250,6.25000000e-02,120.12500000,125.00000000,4.87500000e+00
2060,5.71093750,5.72656250,1.56250000e-02,168.00000000,158.25000000,9.75000000e+00
2061,2.66406250,2.67187500,7.81250000e-03,117.18750000,124.00000000,6.81250000e+00
2062,3.25390625,3.19921875,5.46875000e-02,-238.25000000,-242.12500000,3.87500000e+00
2063,3.61328125,3.62695312,1.36718750e-02,-220.75000000,-217.75000000,3.00000000e+00
2064,3.65234375,3.62695312,2.53906250e-02,-228.50000000,-233.37500000,4.87500000e+00
2065,4.65625000,4.75000000,9.37500000e-02,-296.75000000,-289.00000000,7.75000000e+00
2066,2.32812500,2.29687500,3.12500000e-02,203.12500000,215.87500000,1.27500000e+01
2067,2.02343750,2.00195312,2.14843750e-02,66.37500000,67.37500000,1.00000000e+00
2068,3.50000000,3.52343750,2.34375000e-02,-78.12500000,-72.25000000,5.87500000e+00
2069,3.93750000,3.95703125,1.95312500e-02,39.06250000,21.48437500,1.75781250e+01
2070,2.45703125,2.43359375,2.34375000e-02,206.00000000,207.00000000,1.00000000e+00
2071,1.66210938,1.68164062,1.95312500e-02,21.00000000,32.21875000,1.12187500e+01
2072,3.95507812,4.08593750,1.30859375e-01,46.87500000,63.46875000,1.65937500e+01
2073,3.31640625,3.33789062,2.14843750e-02,-44.90625000,-48.81250000,3.90625000e+00
2074,3.57617188,3.58203125,5.85937500e-03,-169.87500000,-173.87500000,4.00000000e+00
2075,2.78515625,2.73828125,4.68750000e-02,285.25000000,259.75000000,2.55000000e+01
2076,7.33593750,7.32812500,7.81250000e-03,89.81250000,93.75000000,3.93750000e+00
2077,5.30468750,5.43750000,1.32812500e-01,-11.71875000,5.85937500,1.75781250e+01
2078,2.04687500,2.06640625,1.95312500e-02,39.06250000,43.93750000,4.87500000e+00
2079,2.20312500,2.20312500,0.00000000e+00,-52.71875000,-60.53125000,7.81250000e+00
2080,1.79101562,1.78613281,4.88281250e-03,-407.25000000,-399.00000000,8.25000000e+00
2081,2.79296875,2.82617188,3.32031250e-02,-253.87500000,-254.87500000,1.00000000e+00
2082,5.78906250,5.83593750,4.68750000e-02,62.50000000,52.71875000,9.78125000e+00
2083,3.80468750,3.81445312,9.76562500e-03,79.12500000,81.06250000,1.93750000e+00
2084,4.12109375,4.19140625,7.03125000e-02,-259.75000000,-252.00000000,7.75000000e+00
2085,3.03515625,3.05859375,2.34375000e-02,50.78125000,44.90625000,5.87500000e+00
2086,5.26953125,5.33593750,6.64062500e-02,285.25000000,289.00000000,3.75000000e+00
2087,2.34179688,2.32031250,2.14843750e-02,-6.83593750,-17.57812500,1.07421875e+01
2088,5.35546875,5.42968750,7.42187500e-02,-173.87500000,-171.87500000,2.00000000e+00
2089,3.80468750,3.87695312,7.22656250e-02,61.53125000,83.00000000,2.14687500e+01
2090,5.00000000,5.10937500,1.09375000e-01,-46.87500000,-50.78125000,3.90625000e+00
2091,2.24218750,2.25195312,9.76562500e-03,-193.37500000,-163.12500000,3.02500000e+01
2092,3.71679688,3.76562500,4.88281250e-02,32.21875000,28.31250000,3.90625000e+00
2093,3.34179688,3.40625000,6.44531250e-02,200.25000000,201.12500000,8.75000000e-01
2094,2.76562500,2.76562500,0.00000000e+00,269.50000000,279.25000000,9.75000000e+00
2095,3.51171875,3.54882812,3.71093750e-02,50.78125000,47.84375000,2.93750000e+00
2096,4.24609375,4.30859375,6.25000000e-02,-181.62500000,-189.50000000,7.87500000e+00
2097,4.30859375,4.34765625,3.90625000e-02,-56.62500000,-80.06250000,2.34375000e+01
2098,2.92968750,2.97851562,4.88281250e-02,-408.25000000,-405.25000000,3.00000000e+00
2099,4.49218750,4.50000000,7.81250000e-03,125.00000000,128.87500000,3.87500000e+00
2100,2.52734375,2.46679688,6.05468750e-02,78.12500000,67.37500000,1.07500000e+01
2101,2.03906250,2.02148438,1.75781250e-02,-78.12500000,-76.18750000,1.93750000e+00
2102,3.51562500,3.57617188,6.05468750e-02,85.93750000,86.93750000,1.00000000e+00
2103,2.30273438,2.29296875,9.76562500e-03,-233.37500000,-226.50000000,6.87500000e+00
2104,2.01171875,2.00585938,5.85937500e-03,22.45312500,30.26562500,7.81250000e+00
2105,2.04687500,2.04296875,3.90625000e-03,-70.31250000,-82.00000000,1.16875000e+01
2106,3.08203125,3.06250000,1.95312500e-02,166.00000000,158.25000000,7.75000000e+00
2107,4.67968750,4.72656250,4.68750000e-02,95.68750000,103.50000000,7.81250000e+00
2108,3.17968750,3.23437500,5.46875000e-02,-51.75000000,-55.65625000,3.90625000e+00
2109,3.87500000,3.93164062,5.66406250e-02,-187.50000000,-188.50000000,1.00000000e+00
2110,5.50000000,5.53906250,3.90625000e-02,95.68750000,93.75000000,1.93750000e+00
2111,2.54687500,2.55859375,1.17187500e-02,-17.57812500,-5.85937500,1.17187500e+01
2112,3.37890625,3.30468750,7.42187500e-02,85.93750000,74.18750000,1.17500000e+01
2113,3.80273438,3.82421875,2.14843750e-02,0.00000000,-3.90625000,3.90625000e+00
2114,3.58007812,3.56250000,1.75781250e-02,-178.75000000,-175.75000000,3.00000000e+00
2115,4.82421875,4.91406250,8.98437500e-02,-25.39062500,-31.25000000,5.85937500e+00
2116,2.32226562,2.25585938,6.64062500e-02,231.00000000,210.00000000,2.10000000e+01
2117,1.90039062,1.89062500,9.76562500e-03,-4.39453125,-0.97656250,3.41796875e+00
2118,3.47851562,3.50000000,2.14843750e-02,-29.29687500,-23.43750000,5.85937500e+00
2119,3.88476562,3.92968750,4.49218750e-02,32.21875000,41.00000000,8.78125000e+00
2120,2.14453125,2.10156250,4.29687500e-02,31.25000000,22.45312500,8.79687500e+00
2121,1.40429688,1.40527344,9.76562500e-04,-159.12500000,-164.50000000,5.37500000e+00
2122,3.67187500,3.77539062,1.03515625e-01,-210.87500000,-208.00000000,2.87500000e+00
2123,3.32617188,3.35546875,2.92968750e-02,14.64843750,11.71875000,2.92968750e+00
2124,3.59570312,3.60937500,1.36718750e-02,-75.18750000,-70.31250000,4.87500000e+00
2125,2.37109375,2.35937500,1.17187500e-02,-35.15625000,-41.00000000,5.84375000e+00
2126,7.29687500,7.28125000,1.56250000e-02,379.00000000,398.50000000,1.95000000e+01
2127,5.10156250,5.21093750,1.09375000e-01,-138.62500000,-121.06250000,1.75625000e+01
2128,1.78027344,1.78710938,6.83593750e-03,-193.87500000,-191.37500000,2.50000000e+00
2129,2.28125000,2.27343750,7.81250000e-03,76.18750000,66.37500000,9.81250000e+00
2130,1.94921875,1.95019531,9.76562500e-04,-120.12500000,-118.62500000,1.50000000e+00
2131,2.79296875,2.84375000,5.07812500e-02,-201.12500000,-190.37500000,1.07500000e+01
2132,5.68750000,5.75781250,7.03125000e-02,7.81250000,11.71875000,3.90625000e+00
2133,3.70312500,3.71875000,1.56250000e-02,121.06250000,126.00000000,4.93750000e+00
2134,4.06640625,4.12500000,5.85937500e-02,-279.25000000,-300.75000000,2.15000000e+01
2135,2.82812500,2.87890625,5.07812500e-02,-91.81250000,-83.00000000,8.81250000e+00
2136,4.56250000,4.62500000,6.25000000e-02,-312.50000000,-295.00000000,1.75000000e+01
2137,2.26562500,2.22851562,3.71093750e-02,15.62500000,0.00000000,1.56250000e+01
2138,5.92187500,5.99218750,7.03125000e-02,392.50000000,398.50000000,6.00000000e+00
2139,3.57421875,3.64843750,7.42187500e-02,-91.81250000,-64.43750000,2.73750000e+01
2140,5.09765625,5.19531250,9.76562500e-02,119.12500000,111.31250000,7.81250000e+00
2141,2.29296875,2.27148438,2.14843750e-02,-26.35937500,-28.31250000,1.95312500e+00
2142,3.49609375,3.54492188,4.88281250e-02,-154.25000000,-151.37500000,2.87500000e+00
2143,3.17773438,3.23632812,5.85937500e-02,84.00000000,98.62500000,1.46250000e+01
2144,2.34765625,2.37109375,2.34375000e-02,-78.12500000,-48.81250000,2.93125000e+01
2145,3.32617188,3.34375000,1.75781250e-02,-82.00000000,-88.87500000,6.87500000e+00
2146,4.41796875,4.46875000,5.07812500e-02,82.00000000,78.12500000,3.87500000e+00
2147,3.90625000,3.96093750,5.46875000e-02,-453.00000000,-455.00000000,2.00000000e+00
2148,3.40820312,3.47070312,6.25000000e-02,86.93750000,90.81250000,3.87500000e+00
2149,4.30078125,4.30078125,0.00000000e+00,-107.43750000,-111.31250000,3.87500000e+00
2150,2.28515625,2.24609375,3.90625000e-02,-173.87500000,-169.87500000,4.00000000e+00
2151,2.13476562,2.10546875,2.92968750e-02,37.09375000,36.12500000,9.68750000e-01
2152,3.39257812,3.45898438,6.64062500e-02,1.95312500,4.88281250,2.92968750e+00
2153,2.70703125,2.67968750,2.73437500e-02,303.75000000,288.00000000,1.57500000e+01
2154,1.76855469,1.75781250,1.07421875e-02,-153.75000000,-155.25000000,1.50000000e+00
2155,1.82128906,1.83105469,9.76562500e-03,-300.25000000,-299.25000000,1.00000000e+00
2156,3.08984375,3.10156250,1.17187500e-02,275.50000000,281.25000000,5.75000000e+00
2157,4.53515625,4.57812500,4.29687500e-02,-13.67187500,-7.81250000,5.85937500e+00
2158,2.83984375,2.94140625,1.01562500e-01,-302.75000000,-282.25000000,2.05000000e+01
2159,4.22656250,4.28906250,6.25000000e-02,225.62500000,232.37500000,6.75000000e+00
2160,5.37500000,5.39843750,2.34375000e-02,11.71875000,3.90625000,7.81250000e+00
2161,2.08984375,2.07421875,1.56250000e-02,-308.50000000,-324.25000000,1.57500000e+01
2162,3.64062500,3.60937500,3.12500000e-02,381.75000000,392.50000000,1.07500000e+01
2163,3.64257812,3.64257812,0.00000000e+00,-69.31250000,-71.31250000,2.00000000e+00
2164,3.72265625,3.70117188,2.14843750e-02,70.31250000,71.31250000,1.00000000e+00
2165,4.92968750,5.02343750,9.37500000e-02,99.62500000,95.68750000,3.93750000e+00
2166,1.52246094,1.49609375,2.63671875e-02,-445.75000000,-427.75000000,1.80000000e+01
2167,1.65917969,1.65625000,2.92968750e-03,-128.37500000,-124.00000000,4.37500000e+00
2168,3.71093750,3.73437500,2.34375000e-02,238.25000000,245.12500000,6.87500000e+00
2169,3.68164062,3.70703125,2.53906250e-02,-75.18750000,-81.06250000,5.87500000e+00
2170,2.14453125,2.11132812,3.32031250e-02,213.87500000,203.12500000,1.07500000e+01
2171,1.61718750,1.65039062,3.32031250e-02,122.06250000,134.75000000,1.26875000e+01
2172,3.56640625,3.66406250,9.76562500e-02,-252.00000000,-244.12500000,7.87500000e+00
2173,3.15429688,3.17382812,1.95312500e-02,-111.31250000,-120.12500000,8.81250000e+00
2174,3.38085938,3.36914062,1.17187500e-02,-143.50000000,-159.12500000,1.56250000e+01
2175,2.28125000,2.26171875,1.95312500e-02,-52.71875000,-51.75000000,9.68750000e-01
2176,6.71875000,6.69921875,1.95312500e-02,-179.62500000,-193.37500000,1.37500000e+01
2177,4.92968750,5.02734375,9.76562500e-02,-169.87500000,-179.62500000,9.75000000e+00
2178,1.84570312,1.86132812,1.56250000e-02,-63.96875000,-59.56250000,4.40625000e+00
2179,2.25781250,2.26562500,7.81250000e-03,69.31250000,73.25000000,3.93750000e+00
2180,1.94140625,1.94824219,6.83593750e-03,-16.10937500,-8.29687500,7.81250000e+00
2181,2.67773438,2.72070312,4.29687500e-02,-211.87500000,-213.87500000,2.00000000e+00
2182,5.27343750,5.32812500,5.46875000e-02,-328.00000000,-336.00000000,8.00000000e+00
2183,3.33203125,3.32617188,5.85937500e-03,-226.50000000,-223.62500000,2.87500000e+00
2184,3.97656250,4.03125000,5.46875000e-02,-203.12500000,-207.00000000,3.87500000e+00
2185,2.88281250,2.90625000,2.34375000e-02,39.06250000,30.26562500,8.79687500e+00
2186,4.75781250,4.80468750,4.68750000e-02,-140.62500000,-144.50000000,3.87500000e+00
2187,2.07812500,2.08203125,3.90625000e-03,-95.68750000,-90.81250000,4.87500000e+00
2188,5.67968750,5.77343750,9.37500000e-02,285.25000000,308.50000000,2.32500000e+01
2189,3.34570312,3.41601562,7.03125000e-02,-192.37500000,-174.75000000,1.76250000e+01
2190,4.68750000,4.76562500,7.81250000e-02,-302.75000000,-316.50000000,1.37500000e+01
2191,2.18554688,2.20898438,2.34375000e-02,-192.37500000,-170.87500000,2.15000000e+01
2192,3.72265625,3.77734375,5.46875000e-02,134.75000000,142.62500000,7.87500000e+00
2193,3.02343750,3.07421875,5.07812500e-02,29.29687500,33.18750000,3.89062500e+00
2194,2.34179688,2.34765625,5.85937500e-03,41.00000000,50.78125000,9.78125000e+00
2195,3.52929688,3.54296875,1.36718750e-02,168.00000000,165.00000000,3.00000000e+00
2196,4.17968750,4.24609375,6.64062500e-02,23.43750000,21.48437500,1.95312500e+00
2197,4.34765625,4.38281250,3.51562500e-02,210.87500000,201.12500000,9.75000000e+00
2198,3.44531250,3.50781250,6.25000000e-02,168.00000000,175.75000000,7.75000000e+00
2199,4.28906250,4.29296875,3.90625000e-03,-3.90625000,-7.81250000,3.90625000e+00
2200,2.53710938,2.50000000,3.71093750e-02,213.87500000,204.12500000,9.75000000e+00
2201,1.92089844,1.89257812,2.83203125e-02,-64.93750000,-73.25000000,8.31250000e+00
2202,3.14648438,3.21093750,6.44531250e-02,-181.62500000,-179.62500000,2.00000000e+00
2203,2.29101562,2.28906250,1.95312500e-03,33.18750000,46.87500000,1.36875000e+01
2204,2.21875000,2.19531250,2.34375000e-02,299.75000000,293.00000000,6.75000000e+00
2205,2.00781250,1.99609375,1.17187500e-02,6.34765625,-7.81250000,1.41601562e+01
2206,2.66992188,2.67773438,7.81250000e-03,-112.31250000,-106.43750000,5.87500000e+00
2207,4.26562500,4.30859375,4.29687500e-02,-158.25000000,-166.00000000,7.75000000e+00
2208,3.03515625,3.10937500,7.42187500e-02,-105.43750000,-102.56250000,2.87500000e+00
2209,3.87109375,3.92773438,5.66406250e-02,-46.87500000,-36.12500000,1.07500000e+01
2210,5.32812500,5.34375000,1.56250000e-02,7.81250000,1.95312500,5.85937500e+00
2211,2.06445312,2.06640625,1.95312500e-03,-272.50000000,-271.50000000,1.00000000e+00
2212,3.47851562,3.45312500,2.53906250e-02,344.75000000,351.50000000,6.75000000e+00
2213,3.47460938,3.49414062,1.95312500e-02,-199.25000000,-184.62500000,1.46250000e+01
2214,3.56835938,3.56445312,3.90625000e-03,-94.75000000,-86.93750000,7.81250000e+00
2215,4.22656250,4.32031250,9.37500000e-02,-504.00000000,-504.00000000,0.00000000e+00
2216,2.09765625,2.05078125,4.68750000e-02,225.62500000,211.37500000,1.42500000e+01
2217,1.88671875,1.86816406,1.85546875e-02,136.75000000,130.87500000,5.87500000e+00
2218,3.33789062,3.34179688,3.90625000e-03,7.81250000,2.92968750,4.88281250e+00
2219,3.63867188,3.67187500,3.32031250e-02,10.74218750,7.81250000,2.92968750e+00
2220,1.81250000,1.78320312,2.92968750e-02,-169.00000000,-174.75000000,5.75000000e+00
2221,1.50000000,1.49804688,1.95312500e-03,44.90625000,40.03125000,4.87500000e+00
2222,3.97265625,4.03125000,5.85937500e-02,243.12500000,235.37500000,7.75000000e+00
2223,3.13476562,3.15820312,2.34375000e-02,56.62500000,58.59375000,1.96875000e+00
2224,3.62109375,3.62890625,7.81250000e-03,110.37500000,117.18750000,6.81250000e+00
2225,2.37109375,2.34960938,2.14843750e-02,117.18750000,119.12500000,1.93750000e+00
2226,6.95312500,6.91406250,3.90625000e-02,74.18750000,54.68750000,1.95000000e+01
2227,5.08984375,5.18750000,9.76562500e-02,50.78125000,35.15625000,1.56250000e+01
2228,2.14453125,2.15625000,1.17187500e-02,304.75000000,301.75000000,3.00000000e+00
2229,2.30468750,2.31054688,5.85937500e-03,247.12500000,250.50000000,3.37500000e+00
2230,1.77734375,1.76367188,1.36718750e-02,-89.37500000,-89.81250000,4.37500000e-01
2231,2.45703125,2.47656250,1.95312500e-02,-300.75000000,-315.50000000,1.47500000e+01
2232,5.28125000,5.37109375,8.98437500e-02,-191.37500000,-177.75000000,1.36250000e+01
2233,3.41796875,3.43359375,1.56250000e-02,-128.87500000,-114.25000000,1.46250000e+01
2234,3.82226562,3.90234375,8.00781250e-02,-311.50000000,-293.00000000,1.85000000e+01
2235,2.75585938,2.78125000,2.53906250e-02,80.06250000,72.25000000,7.81250000e+00
2236,4.77343750,4.80468750,3.12500000e-02,76.18750000,58.59375000,1.75937500e+01
2237,1.97656250,1.96289062,1.36718750e-02,-101.56250000,-101.56250000,0.00000000e+00
2238,5.53906250,5.59765625,5.85937500e-02,275.50000000,275.50000000,0.00000000e+00
2239,3.56054688,3.61914062,5.85937500e-02,90.81250000,108.37500000,1.75625000e+01
2240,4.75390625,4.86718750,1.13281250e-01,-171.87500000,-168.00000000,3.87500000e+00
2241,2.06640625,2.06054688,5.85937500e-03,-202.12500000,-197.25000000,4.87500000e+00
2242,3.31250000,3.36328125,5.07812500e-02,-136.75000000,-125.00000000,1.17500000e+01
2243,3.03515625,3.09570312,6.05468750e-02,91.81250000,112.31250000,2.05000000e+01
2244,2.23828125,2.20898438,2.92968750e-02,1.95312500,-7.81250000,9.76562500e+00
2245,3.23828125,3.25390625,1.56250000e-02,-70.31250000,-77.12500000,6.81250000e+00
2246,4.03906250,4.10546875,6.64062500e-02,-97.62500000,-97.62500000,0.00000000e+00
2247,3.98632812,4.05468750,6.83593750e-02,34.18750000,47.84375000,1.36562500e+01
2248,3.12500000,3.17968750,5.46875000e-02,-9.76562500,-7.81250000,1.95312500e+00
2249,4.08984375,4.10156250,1.17187500e-02,-160.12500000,-160.12500000,0.00000000e+00
2250,2.10742188,2.07617188,3.12500000e-02,-129.87500000,-127.93750000,1.93750000e+00
2251,2.00000000,1.95703125,4.29687500e-02,42.96875000,37.59375000,5.37500000e+00
2252,3.35937500,3.40625000,4.68750000e-02,60.53125000,51.75000000,8.78125000e+00
2253,2.42773438,2.38281250,4.49218750e-02,153.37500000,135.75000000,1.76250000e+01
2254,1.78125000,1.72851562,5.27343750e-02,33.18750000,16.10937500,1.70781250e+01
2255,2.23437500,2.22851562,5.85937500e-03,235.37500000,239.25000000,3.87500000e+00
2256,2.76171875,2.76171875,0.00000000e+00,28.31250000,37.09375000,8.78125000e+00
2257,4.39843750,4.42187500,2.34375000e-02,31.25000000,31.25000000,0.00000000e+00
2258,3.08789062,3.16406250,7.61718750e-02,27.34375000,40.03125000,1.26875000e+01
2259,3.93359375,3.99414062,6.05468750e-02,-15.62500000,6.83593750,2.24609375e+01
2260,5.17968750,5.20312500,2.34375000e-02,35.15625000,31.25000000,3.90625000e+00
2261,2.53515625,2.54296875,7.81250000e-03,217.75000000,234.37500000,1.66250000e+01
2262,2.98828125,2.94531250,4.29687500e-02,-87.87500000,-77.12500000,1.07500000e+01
2263,3.47656250,3.49414062,1.75781250e-02,-66.37500000,-61.53125000,4.84375000e+00
2264,3.63671875,3.64062500,3.90625000e-03,17.57812500,44.90625000,2.73281250e+01
2265,4.49218750,4.58593750,9.37500000e-02,-58.59375000,-66.37500000,7.78125000e+00
2266,1.91699219,1.86718750,4.98046875e-02,87.87500000,93.75000000,5.87500000e+00
2267,1.82421875,1.80761719,1.66015625e-02,37.09375000,47.37500000,1.02812500e+01
2268,3.15625000,3.17773438,2.14843750e-02,-125.00000000,-111.31250000,1.36875000e+01
2269,3.65234375,3.67187500,1.95312500e-02,-29.29687500,-28.31250000,9.84375000e-01
2270,2.12109375,2.08593750,3.51562500e-02,163.12500000,157.25000000,5.87500000e+00
2271,1.57226562,1.56933594,2.92968750e-03,146.50000000,143.12500000,3.37500000e+00
2272,3.82031250,3.90234375,8.20312500e-02,127.93750000,131.87500000,3.93750000e+00
2273,3.03515625,3.07421875,3.90625000e-02,-31.25000000,-19.53125000,1.17187500e+01
2274,3.28906250,3.32617188,3.71093750e-02,-135.75000000,-126.93750000,8.81250000e+00
2275,2.23828125,2.20312500,3.51562500e-02,55.65625000,58.59375000,2.93750000e+00
2276,6.57031250,6.52343750,4.68750000e-02,-164.00000000,-197.25000000,3.32500000e+01
2277,5.17187500,5.27343750,1.01562500e-01,168.00000000,168.00000000,0.00000000e+00
2278,1.77343750,1.78710938,1.36718750e-02,-10.25000000,-5.37109375,4.87890625e+00
2279,2.01171875,2.01757812,5.85937500e-03,30.26562500,27.34375000,2.92187500e+00
2280,1.91992188,1.95312500,3.32031250e-02,79.12500000,100.12500000,2.10000000e+01
2281,2.82226562,2.86523438,4.29687500e-02,105.43750000,118.18750000,1.27500000e+01
2282,5.22656250,5.29687500,7.03125000e-02,-156.25000000,-140.62500000,1.56250000e+01
2283,3.33203125,3.33789062,5.85937500e-03,-135.75000000,-131.87500000,3.87500000e+00
2284,4.10156250,4.19140625,8.98437500e-02,181.62500000,185.50000000,3.87500000e+00
2285,2.83789062,2.87890625,4.10156250e-02,168.00000000,175.75000000,7.75000000e+00
2286,4.91406250,4.96875000,5.46875000e-02,232.37500000,218.75000000,1.36250000e+01
2287,2.13281250,2.11523438,1.75781250e-02,91.31250000,82.50000000,8.81250000e+00
2288,4.92968750,4.98046875,5.07812500e-02,-257.75000000,-275.50000000,1.77500000e+01
2289,3.33984375,3.39257812,5.27343750e-02,-88.87500000,-81.06250000,7.81250000e+00
2290,4.75000000,4.86328125,1.13281250e-01,27.34375000,33.18750000,5.84375000e+00
2291,2.07812500,2.08593750,7.81250000e-03,-198.25000000,-182.62500000,1.56250000e+01
2292,3.01953125,3.07031250,5.07812500e-02,-416.00000000,-404.25000000,1.17500000e+01
2293,2.85546875,2.91992188,6.44531250e-02,-28.31250000,-19.53125000,8.78125000e+00
2294,2.19921875,2.18554688,1.36718750e-02,-27.34375000,-26.35937500,9.84375000e-01
2295,3.26367188,3.29882812,3.51562500e-02,12.69531250,16.59375000,3.89843750e+00
2296,3.96875000,4.03515625,6.64062500e-02,-46.87500000,-41.00000000,5.87500000e+00
2297,3.99023438,4.05468750,6.44531250e-02,55.65625000,60.53125000,4.87500000e+00
2298,3.32421875,3.37500000,5.07812500e-02,147.50000000,150.37500000,2.87500000e+00
2299,4.28125000,4.28125000,0.00000000e+00,39.06250000,33.18750000,5.87500000e+00
2300,2.10546875,2.07421875,3.12500000e-02,-37.09375000,-46.87500000,9.78125000e+00
2301,1.98046875,1.94531250,3.51562500e-02,104.50000000,89.81250000,1.46875000e+01
2302,3.34960938,3.42187500,7.22656250e-02,84.93750000,93.75000000,8.81250000e+00
2303,2.13281250,2.10937500,2.34375000e-02,31.25000000,18.54687500,1.27031250e+01
2304,1.93359375,1.92187500,1.17187500e-02,162.12500000,179.62500000,1.75000000e+01
2305,2.08593750,2.07421875,1.17187500e-02,115.25000000,108.37500000,6.87500000e+00
2306,2.66992188,2.64843750,2.14843750e-02,-37.09375000,-38.09375000,1.00000000e+00
2307,4.33203125,4.38281250,5.07812500e-02,87.87500000,93.75000000,5.87500000e+00
2308,2.89062500,2.94921875,5.85937500e-02,-168.00000000,-170.87500000,2.87500000e+00
2309,3.94531250,4.00000000,5.46875000e-02,91.81250000,94.75000000,2.93750000e+00
2310,5.12500000,5.12890625,3.90625000e-03,-3.90625000,-7.81250000,3.90625000e+00
2311,2.28710938,2.28125000,5.85937500e-03,47.84375000,55.65625000,7.81250000e+00
2312,2.81054688,2.75000000,6.05468750e-02,-262.75000000,-281.25000000,1.85000000e+01
2313,3.42578125,3.44335938,1.75781250e-02,-62.50000000,-60.53125000,1.96875000e+00
2314,3.27734375,3.28320312,5.85937500e-03,-306.75000000,-303.75000000,3.00000000e+00
2315,4.57031250,4.69531250,1.25000000e-01,39.06250000,54.68750000,1.56250000e+01
2316,1.76367188,1.71191406,5.17578125e-02,-46.87500000,-51.75000000,4.87500000e+00
2317,1.77246094,1.74902344,2.34375000e-02,42.00000000,53.21875000,1.12187500e+01
2318,3.47265625,3.50195312,2.92968750e-02,164.00000000,172.87500000,8.87500000e+00
2319,3.58789062,3.61718750,2.92968750e-02,-84.93750000,-85.93750000,1.00000000e+00
2320,1.87695312,1.84179688,3.51562500e-02,36.12500000,31.73437500,4.39062500e+00
2321,1.24316406,1.23437500,8.78906250e-03,-147.00000000,-146.50000000,5.00000000e-01
2322,3.56054688,3.63671875,7.61718750e-02,-53.71875000,-54.68750000,9.68750000e-01
2323,3.04687500,3.08203125,3.51562500e-02,51.75000000,50.78125000,9.68750000e-01
2324,3.40234375,3.40820312,5.85937500e-03,12.69531250,0.00000000,1.26953125e+01
2325,2.20703125,2.17187500,3.51562500e-02,48.81250000,44.90625000,3.90625000e+00
2326,6.03125000,6.01562500,1.56250000e-02,-629.00000000,-640.50000000,1.15000000e+01
2327,5.22265625,5.32812500,1.05468750e-01,302.75000000,287.00000000,1.57500000e+01
2328,1.67187500,1.68164062,9.76562500e-03,-65.43750000,-63.46875000,1.96875000e+00
2329,1.99023438,1.97070312,1.95312500e-02,-3.41796875,-12.69531250,9.27734375e+00
2330,1.53710938,1.52148438,1.56250000e-02,-227.50000000,-235.37500000,7.87500000e+00
2331,2.62109375,2.66015625,3.90625000e-02,-56.62500000,-56.62500000,0.00000000e+00
2332,5.25781250,5.35937500,1.01562500e-01,-158.25000000,-148.37500000,9.87500000e+00
2333,3.43359375,3.46484375,3.12500000e-02,-42.96875000,-36.12500000,6.84375000e+00
2334,4.24218750,4.35156250,1.09375000e-01,285.25000000,302.75000000,1.75000000e+01
2335,2.65039062,2.68359375,3.32031250e-02,-12.69531250,-23.43750000,1.07421875e+01
2336,4.42968750,4.50781250,7.81250000e-02,-109.37500000,-95.68750000,1.36875000e+01
2337,2.06054688,2.01757812,4.29687500e-02,-10.74218750,-38.09375000,2.73515625e+01
2338,4.93359375,5.00781250,7.42187500e-02,-277.25000000,-273.50000000,3.75000000e+00
2339,3.41796875,3.48242188,6.44531250e-02,64.43750000,89.81250000,2.53750000e+01
2340,4.89843750,5.01562500,1.17187500e-01,123.06250000,136.75000000,1.36875000e+01
2341,2.54882812,2.53125000,1.75781250e-02,318.25000000,308.50000000,9.75000000e+00
2342,3.49804688,3.54101562,4.29687500e-02,210.00000000,222.62500000,1.26250000e+01
2343,2.66210938,2.71289062,5.07812500e-02,-234.37500000,-226.50000000,7.87500000e+00
2344,2.48828125,2.48437500,3.90625000e-03,299.75000000,300.25000000,5.00000000e-01
2345,3.00781250,3.04492188,3.71093750e-02,-173.87500000,-150.37500000,2.35000000e+01
2346,3.87890625,3.95507812,7.61718750e-02,-15.62500000,1.95312500,1.75781250e+01
2347,3.85156250,3.89648438,4.49218750e-02,-64.43750000,-77.12500000,1.26875000e+01
2348,3.03125000,3.07812500,4.68750000e-02,-55.65625000,-56.62500000,9.68750000e-01
2349,3.88281250,3.89062500,7.81250000e-03,-287.00000000,-293.00000000,6.00000000e+00
2350,1.92871094,1.87890625,4.98046875e-02,-211.37500000,-236.37500000,2.50000000e+01
2351,1.70410156,1.68652344,1.75781250e-02,-148.00000000,-139.12500000,8.87500000e+00
2352,3.36914062,3.41406250,4.49218750e-02,127.93750000,121.06250000,6.87500000e+00
2353,2.37890625,2.33984375,3.90625000e-02,296.50000000,287.50000000,9.00000000e+00
2354,1.59960938,1.57031250,2.92968750e-02,-73.25000000,-66.37500000,6.87500000e+00
2355,1.86718750,1.88476562,1.75781250e-02,-6.83593750,13.67187500,2.05078125e+01
2356,2.71093750,2.69921875,1.17187500e-02,52.71875000,55.65625000,2.93750000e+00
2357,4.11328125,4.13671875,2.34375000e-02,-128.87500000,-121.06250000,7.81250000e+00
2358,3.01562500,3.08398438,6.83593750e-02,13.67187500,26.35937500,1.26875000e+01
2359,3.66601562,3.73828125,7.22656250e-02,-81.06250000,-60.53125000,2.05312500e+01
2360,5.10156250,5.11718750,1.56250000e-02,-5.85937500,-1.95312500,3.90625000e+00
2361,2.28515625,2.27929688,5.85937500e-03,48.81250000,41.00000000,7.81250000e+00
2362,2.79101562,2.76953125,2.14843750e-02,-161.12500000,-142.62500000,1.85000000e+01
2363,3.37500000,3.39062500,1.56250000e-02,-120.12500000,-113.25000000,6.87500000e+00
2364,3.25976562,3.23046875,2.92968750e-02,-313.50000000,-326.25000000,1.27500000e+01
2365,4.48046875,4.56250000,8.20312500e-02,7.81250000,7.81250000,0.00000000e+00
2366,1.75585938,1.70214844,5.37109375e-02,45.90625000,42.46875000,3.43750000e+00
2367,1.57910156,1.53906250,4.00390625e-02,-94.25000000,-97.62500000,3.37500000e+00
2368,3.10937500,3.11132812,1.95312500e-03,-117.18750000,-122.06250000,4.87500000e+00
2369,3.67968750,3.69335938,1.36718750e-02,25.39062500,33.18750000,7.79687500e+00
2370,1.63867188,1.60546875,3.32031250e-02,-211.87500000,-213.87500000,2.00000000e+00
2371,1.36718750,1.36523438,1.95312500e-03,-6.34765625,-4.88281250,1.46484375e+00
2372,3.54687500,3.60546875,5.85937500e-02,7.81250000,0.00000000,7.81250000e+00
2373,3.00390625,3.03515625,3.12500000e-02,-24.40625000,-16.59375000,7.81250000e+00
2374,3.44921875,3.44726562,1.95312500e-03,46.87500000,47.84375000,9.68750000e-01
2375,2.24609375,2.20312500,4.29687500e-02,135.75000000,126.93750000,8.81250000e+00
2376,6.57031250,6.50781250,6.25000000e-02,-181.62500000,-210.87500000,2.92500000e+01
2377,5.14843750,5.23046875,8.20312500e-02,261.75000000,246.12500000,1.56250000e+01
2378,1.65917969,1.66015625,9.76562500e-04,-76.18750000,-81.06250000,4.87500000e+00
2379,1.74804688,1.73632812,1.17187500e-02,-192.37500000,-198.25000000,5.87500000e+00
2380,2.11328125,2.10937500,3.90625000e-03,383.75000000,384.75000000,1.00000000e+00
2381,2.72265625,2.74023438,1.75781250e-02,107.43750000,104.50000000,2.93750000e+00
2382,5.17187500,5.21875000,4.68750000e-02,-191.37500000,-203.12500000,1.17500000e+01
2383,3.79492188,3.78320312,1.17187500e-02,333.00000000,326.25000000,6.75000000e+00
2384,3.75781250,3.83789062,8.00781250e-02,-156.25000000,-133.75000000,2.25000000e+01
2385,2.37500000,2.40820312,3.32031250e-02,-234.37500000,-236.37500000,2.00000000e+00
2386,4.68750000,4.75000000,6.25000000e-02,128.87500000,130.87500000,2.00000000e+00
2387,1.81347656,1.78320312,3.02734375e-02,-102.06250000,-108.37500000,6.31250000e+00
2388,5.24218750,5.31640625,7.42187500e-02,105.43750000,111.31250000,5.87500000e+00
2389,3.48046875,3.48828125,7.81250000e-03,179.62500000,150.37500000,2.92500000e+01
2390,4.67968750,4.77734375,9.76562500e-02,-95.68750000,-84.00000000,1.16875000e+01
2391,2.31054688,2.28320312,2.73437500e-02,84.93750000,81.06250000,3.87500000e+00
2392,3.27734375,3.29687500,1.95312500e-02,-52.71875000,-39.06250000,1.36562500e+01
2393,2.69531250,2.74218750,4.68750000e-02,-68.37500000,-75.18750000,6.81250000e+00
2394,2.08593750,2.06250000,2.34375000e-02,-14.64843750,-16.59375000,1.94531250e+00
2395,3.02929688,3.04296875,1.36718750e-02,-75.18750000,-76.18750000,1.00000000e+00
2396,3.84765625,3.92382812,7.61718750e-02,-1.95312500,12.69531250,1.46484375e+01
2397,4.08984375,4.14062500,5.07812500e-02,210.87500000,207.00000000,3.87500000e+00
2398,2.89843750,2.93164062,3.32031250e-02,-153.37500000,-161.12500000,7.75000000e+00
2399,4.15625000,4.18750000,3.12500000e-02,68.37500000,87.87500000,1.95000000e+01
2400,1.79687500,1.74609375,5.07812500e-02,-275.50000000,-293.00000000,1.75000000e+01
2401,1.50292969,1.48437500,1.85546875e-02,-265.25000000,-252.00000000,1.32500000e+01
2402,3.28125000,3.32421875,4.29687500e-02,54.68750000,59.56250000,4.87500000e+00
2403,1.91406250,1.88964844,2.44140625e-02,-86.93750000,-89.37500000,2.43750000e+00
2404,1.45312500,1.41992188,3.32031250e-02,-137.75000000,-137.75000000,0.00000000e+00
2405,1.82812500,1.80273438,2.53906250e-02,15.62500000,17.57812500,1.95312500e+00
2406,2.63281250,2.58593750,4.68750000e-02,-15.62500000,-38.09375000,2.24687500e+01
2407,4.32031250,4.34765625,2.73437500e-02,107.43750000,107.43750000,0.00000000e+00
2408,2.98828125,3.04296875,5.46875000e-02,47.84375000,56.62500000,8.78125000e+00
2409,3.79296875,3.81640625,2.34375000e-02,70.31250000,66.37500000,3.93750000e+00
2410,5.17578125,5.19921875,2.34375000e-02,64.43750000,76.18750000,1.17500000e+01
2411,2.44140625,2.43359375,7.81250000e-03,224.12500000,216.75000000,7.37500000e+00
2412,3.05859375,3.01171875,4.68750000e-02,64.43750000,56.62500000,7.81250000e+00
2413,3.49218750,3.51171875,1.95312500e-02,128.87500000,130.87500000,2.00000000e+00
2414,3.13671875,3.08789062,4.88281250e-02,-416.00000000,-439.50000000,2.35000000e+01
2415,4.19531250,4.27343750,7.81250000e-02,-253.87500000,-257.75000000,3.87500000e+00
2416,1.72656250,1.67187500,5.46875000e-02,84.00000000,84.93750000,9.37500000e-01
2417,1.51171875,1.47851562,3.32031250e-02,-67.37500000,-67.87500000,5.00000000e-01
2418,3.19335938,3.20703125,1.36718750e-02,12.69531250,14.64843750,1.95312500e+00
2419,3.61718750,3.62109375,3.90625000e-03,86.93750000,82.00000000,4.93750000e+00
2420,1.66406250,1.64453125,1.95312500e-02,-96.68750000,-86.43750000,1.02500000e+01
2421,1.35742188,1.34960938,7.81250000e-03,36.62500000,40.03125000,3.40625000e+00
2422,3.57421875,3.62890625,5.46875000e-02,60.53125000,50.78125000,9.75000000e+00
2423,3.07812500,3.09960938,2.14843750e-02,159.12500000,157.25000000,1.87500000e+00
2424,3.25781250,3.28515625,2.73437500e-02,1.95312500,14.64843750,1.26953125e+01
2425,2.19531250,2.14062500,5.46875000e-02,185.50000000,182.62500000,2.87500000e+00
2426,6.83203125,6.89062500,5.85937500e-02,173.87500000,234.37500000,6.05000000e+01
2427,4.74218750,4.83593750,9.37500000e-02,-50.78125000,-66.37500000,1.55937500e+01
2428,1.63476562,1.63476562,0.00000000e+00,-2.92968750,0.97656250,3.90625000e+00
2429,1.71875000,1.71289062,5.85937500e-03,-170.87500000,-167.00000000,3.87500000e+00
2430,1.65234375,1.61718750,3.51562500e-02,10.25000000,-11.71875000,2.19687500e+01
2431,2.56250000,2.58203125,1.95312500e-02,-38.09375000,-48.81250000,1.07187500e+01
2432,5.11328125,5.19921875,8.59375000e-02,-166.00000000,-158.25000000,7.75000000e+00
2433,3.56445312,3.56835938,3.90625000e-03,218.75000000,213.87500000,4.87500000e+00
2434,3.99218750,4.05468750,6.25000000e-02,128.87500000,115.25000000,1.36250000e+01
2435,2.47656250,2.50390625,2.73437500e-02,-45.90625000,-48.81250000,2.90625000e+00
2436,4.43750000,4.48437500,4.68750000e-02,-27.34375000,-31.25000000,3.90625000e+00
2437,2.21679688,2.18359375,3.32031250e-02,282.25000000,274.00000000,8.25000000e+00
2438,5.30468750,5.37500000,7.03125000e-02,285.25000000,283.25000000,2.00000000e+00
2439,3.09960938,3.15820312,5.85937500e-02,-92.75000000,-98.62500000,5.87500000e+00
2440,4.55468750,4.66015625,1.05468750e-01,-132.75000000,-134.75000000,2.00000000e+00
2441,2.05859375,2.03125000,2.73437500e-02,-117.18750000,-115.25000000,1.93750000e+00
2442,2.96093750,2.97265625,1.17187500e-02,-252.00000000,-266.50000000,1.45000000e+01
2443,2.71484375,2.76562500,5.07812500e-02,-66.37500000,-64.43750000,1.93750000e+00
2444,2.08398438,2.04687500,3.71093750e-02,-6.83593750,-12.69531250,5.85937500e+00
2445,3.18359375,3.20898438,2.53906250e-02,96.68750000,87.87500000,8.81250000e+00
2446,3.84960938,3.93554688,8.59375000e-02,30.26562500,44.90625000,1.46406250e+01
2447,3.66210938,3.74023438,7.81250000e-02,-129.87500000,-109.37500000,2.05000000e+01
2448,3.12304688,3.17382812,5.07812500e-02,123.06250000,140.62500000,1.75625000e+01
2449,4.07812500,4.09375000,1.56250000e-02,40.03125000,42.96875000,2.93750000e+00
2450,2.07031250,2.03515625,3.51562500e-02,46.87500000,44.90625000,1.96875000e+00
2451,1.48046875,1.44531250,3.51562500e-02,-273.50000000,-276.25000000,2.75000000e+00
2452,3.38671875,3.42187500,3.51562500e-02,210.87500000,207.00000000,3.87500000e+00
2453,2.03125000,2.00195312,2.92968750e-02,42.46875000,35.15625000,7.31250000e+00
2454,1.67578125,1.62988281,4.58984375e-02,89.37500000,80.56250000,8.81250000e+00
2455,1.93554688,1.91992188,1.56250000e-02,124.00000000,110.37500000,1.36250000e+01
2456,2.83789062,2.81250000,2.53906250e-02,282.25000000,279.25000000,3.00000000e+00
2457,4.45312500,4.47265625,1.95312500e-02,345.75000000,332.00000000,1.37500000e+01
2458,2.86132812,2.91992188,5.85937500e-02,11.71875000,5.85937500,5.85937500e+00
2459,3.78320312,3.83398438,5.07812500e-02,100.56250000,94.75000000,5.81250000e+00
2460,4.83203125,4.82812500,3.90625000e-03,-181.62500000,-191.37500000,9.75000000e+00
2461,2.18945312,2.18945312,0.00000000e+00,71.31250000,65.43750000,5.87500000e+00
2462,2.94335938,2.90234375,4.10156250e-02,34.18750000,41.00000000,6.81250000e+00
2463,3.32421875,3.34960938,2.53906250e-02,-31.25000000,-33.18750000,1.93750000e+00
2464,3.19140625,3.14453125,4.68750000e-02,-199.25000000,-222.62500000,2.33750000e+01
2465,4.38281250,4.49218750,1.09375000e-01,-66.37500000,-54.68750000,1.16875000e+01
2466,1.65625000,1.58007812,7.61718750e-02,-3.90625000,-9.27343750,5.36718750e+00
2467,1.53125000,1.50390625,2.73437500e-02,-21.00000000,-17.09375000,3.90625000e+00
2468,3.25390625,3.26562500,1.17187500e-02,143.50000000,136.75000000,6.75000000e+00
2469,3.52343750,3.55468750,3.12500000e-02,20.50000000,25.39062500,4.89062500e+00
2470,1.63281250,1.59960938,3.32031250e-02,-154.25000000,-151.37500000,2.87500000e+00
2471,1.30761719,1.29199219,1.56250000e-02,31.73437500,34.18750000,2.45312500e+00
2472,3.53906250,3.62890625,8.98437500e-02,50.78125000,46.87500000,3.90625000e+00
2473,2.94531250,2.98828125,4.29687500e-02,51.75000000,59.56250000,7.81250000e+00
2474,3.20507812,3.23828125,3.32031250e-02,-38.09375000,-20.50000000,1.75937500e+01
2475,2.08593750,2.04687500,3.90625000e-02,139.12500000,136.75000000,2.37500000e+00
2476,6.85937500,6.92968750,7.03125000e-02,136.75000000,191.37500000,5.46250000e+01
2477,4.85937500,4.96484375,1.05468750e-01,39.06250000,37.09375000,1.96875000e+00
2478,1.58300781,1.58105469,1.95312500e-03,-41.50000000,-44.43750000,2.93750000e+00
2479,1.80859375,1.79101562,1.75781250e-02,-96.68750000,-94.25000000,2.43750000e+00
2480,1.68847656,1.65820312,3.02734375e-02,68.87500000,58.59375000,1.02812500e+01
2481,2.60937500,2.62695312,1.75781250e-02,66.37500000,50.78125000,1.55937500e+01
2482,5.57812500,5.67187500,9.37500000e-02,296.75000000,304.75000000,8.00000000e+00
2483,3.27148438,3.29101562,1.95312500e-02,0.00000000,9.76562500,9.76562500e+00
2484,3.59765625,3.69921875,1.01562500e-01,-140.62500000,-126.93750000,1.36875000e+01
2485,2.73242188,2.72851562,3.90625000e-03,232.37500000,210.00000000,2.23750000e+01
2486,4.17187500,4.23437500,6.25000000e-02,-318.25000000,-326.25000000,8.00000000e+00
2487,1.86718750,1.86328125,3.90625000e-03,28.31250000,45.40625000,1.70937500e+01
2488,5.07812500,5.16406250,8.59375000e-02,58.59375000,50.78125000,7.81250000e+00
2489,3.08789062,3.14453125,5.66406250e-02,-129.87500000,-126.00000000,3.87500000e+00
2490,4.53906250,4.63671875,9.76562500e-02,-115.25000000,-125.00000000,9.75000000e+00
2491,2.02148438,1.99023438,3.12500000e-02,-31.25000000,-38.09375000,6.84375000e+00
2492,2.96484375,2.99609375,3.12500000e-02,-156.25000000,-160.12500000,3.87500000e+00
2493,2.60156250,2.66406250,6.25000000e-02,-54.68750000,-40.03125000,1.46562500e+01
2494,2.27734375,2.27148438,5.85937500e-03,256.75000000,265.25000000,8.50000000e+00
2495,2.93359375,2.95507812,2.14843750e-02,-127.93750000,-128.87500000,9.37500000e-01
2496,3.90429688,3.94531250,4.10156250e-02,152.37500000,122.06250000,3.03125000e+01
2497,3.68164062,3.75976562,7.81250000e-02,-131.87500000,-122.06250000,9.81250000e+00
2498,3.08203125,3.11718750,3.51562500e-02,87.87500000,87.87500000,0.00000000e+00
2499,4.10546875,4.11718750,1.17187500e-02,91.81250000,89.81250000,2.00000000e+00
2500,1.90820312,1.87011719,3.80859375e-02,-49.81250000,-51.75000000,1.93750000e+00
2501,1.30957031,1.28222656,2.73437500e-02,-333.50000000,-324.75000000,8.75000000e+00
2502,3.21484375,3.26171875,4.68750000e-02,44.90625000,44.90625000,0.00000000e+00
2503,1.77734375,1.74707031,3.02734375e-02,-149.37500000,-157.75000000,8.37500000e+00
2504,1.60937500,1.58007812,2.92968750e-02,93.75000000,105.43750000,1.16875000e+01
2505,1.54882812,1.53027344,1.85546875e-02,-176.75000000,-169.00000000,7.75000000e+00
2506,2.57812500,2.53906250,3.90625000e-02,94.75000000,90.81250000,3.93750000e+00
2507,4.20312500,4.20703125,3.90625000e-03,125.00000000,115.25000000,9.75000000e+00
2508,2.85937500,2.90625000,4.68750000e-02,30.26562500,29.29687500,9.68750000e-01
2509,3.66406250,3.70703125,4.29687500e-02,3.90625000,6.83593750,2.92968750e+00
2510,4.89843750,4.92187500,2.34375000e-02,1.95312500,3.90625000,1.95312500e+00
2511,2.02929688,2.03515625,5.85937500e-03,-18.54687500,-5.85937500,1.26875000e+01
2512,3.23046875,3.19335938,3.71093750e-02,363.25000000,365.25000000,2.00000000e+00
2513,3.03515625,3.05859375,2.34375000e-02,-279.25000000,-280.25000000,1.00000000e+00
2514,3.33984375,3.32421875,1.56250000e-02,-42.96875000,-33.18750000,9.78125000e+00
2515,4.46484375,4.56250000,9.76562500e-02,126.93750000,121.06250000,5.87500000e+00
2516,1.49023438,1.42382812,6.64062500e-02,-92.31250000,-93.75000000,1.43750000e+00
2517,1.48046875,1.43847656,4.19921875e-02,-3.41796875,-5.37109375,1.95312500e+00
2518,2.87304688,2.89062500,1.75781250e-02,-152.37500000,-157.25000000,4.87500000e+00
2519,3.54687500,3.58593750,3.90625000e-02,93.75000000,93.75000000,0.00000000e+00
2520,1.57617188,1.55859375,1.75781250e-02,-97.62500000,-81.56250000,1.60625000e+01
2521,1.37500000,1.36132812,1.36718750e-02,77.12500000,75.18750000,1.93750000e+00
2522,3.55273438,3.63671875,8.39843750e-02,16.59375000,15.62500000,9.68750000e-01
2523,2.94921875,2.96875000,1.95312500e-02,85.93750000,80.06250000,5.87500000e+00
2524,3.27734375,3.29687500,1.95312500e-02,70.31250000,79.12500000,8.81250000e+00
2525,2.20898438,2.15625000,5.27343750e-02,309.50000000,296.75000000,1.27500000e+01
2526,6.38671875,6.34765625,3.90625000e-02,-279.25000000,-324.25000000,4.50000000e+01
2527,4.77343750,4.89062500,1.17187500e-01,29.29687500,31.25000000,1.95312500e+00
2528,1.89453125,1.88671875,7.81250000e-03,333.00000000,327.25000000,5.75000000e+00
2529,1.65429688,1.63281250,2.14843750e-02,-204.12500000,-204.12500000,0.00000000e+00
2530,1.40332031,1.39941406,3.90625000e-03,-94.75000000,-98.62500000,3.87500000e+00
2531,2.42187500,2.44140625,1.95312500e-02,-27.34375000,-28.31250000,9.68750000e-01
2532,5.10156250,5.17187500,7.03125000e-02,-195.25000000,-195.25000000,0.00000000e+00
2533,3.41796875,3.41015625,7.81250000e-03,191.37500000,178.75000000,1.26250000e+01
2534,3.48046875,3.57421875,9.37500000e-02,-228.50000000,-218.75000000,9.75000000e+00
2535,2.25000000,2.27734375,2.73437500e-02,-163.12500000,-168.00000000,4.87500000e+00
2536,4.53125000,4.61328125,8.20312500e-02,31.25000000,39.06250000,7.81250000e+00
2537,1.80468750,1.77832031,2.63671875e-02,21.48437500,19.04687500,2.43750000e+00
2538,4.98046875,5.05468750,7.42187500e-02,-44.90625000,-56.62500000,1.17187500e+01
2539,3.12890625,3.19531250,6.64062500e-02,23.43750000,41.00000000,1.75625000e+01
2540,4.55859375,4.68750000,1.28906250e-01,-123.06250000,-113.25000000,9.81250000e+00
2541,1.86132812,1.84765625,1.36718750e-02,-199.25000000,-188.50000000,1.07500000e+01
2542,2.87890625,2.91015625,3.12500000e-02,-158.25000000,-162.12500000,3.87500000e+00
2543,2.61132812,2.65234375,4.10156250e-02,-36.12500000,-31.25000000,4.87500000e+00
2544,2.12500000,2.10546875,1.95312500e-02,170.87500000,177.25000000,6.37500000e+00
2545,2.93750000,2.97851562,4.10156250e-02,-103.50000000,-94.75000000,8.75000000e+00
2546,3.77734375,3.84179688,6.44531250e-02,42.96875000,47.84375000,4.87500000e+00
2547,3.79101562,3.84375000,5.27343750e-02,88.87500000,101.56250000,1.26875000e+01
2548,3.07812500,3.09765625,1.95312500e-02,110.37500000,105.43750000,4.93750000e+00
2549,4.07031250,4.08593750,1.56250000e-02,158.25000000,158.25000000,0.00000000e+00
2550,1.73828125,1.70019531,3.80859375e-02,-142.62500000,-151.87500000,9.25000000e+00
2551,1.53320312,1.50781250,2.53906250e-02,-40.53125000,-41.50000000,9.68750000e-01
2552,3.05078125,3.09179688,4.10156250e-02,-64.43750000,-59.56250000,4.87500000e+00
2553,1.84960938,1.82031250,2.92968750e-02,11.71875000,12.69531250,9.76562500e-01
2554,1.60351562,1.57421875,2.92968750e-02,82.50000000,79.12500000,3.37500000e+00
2555,1.49804688,1.48437500,1.36718750e-02,-204.62500000,-205.12500000,5.00000000e-01
2556,2.40625000,2.37109375,3.51562500e-02,-16.59375000,-13.67187500,2.92187500e+00
2557,3.84765625,3.84765625,0.00000000e+00,-169.87500000,-185.50000000,1.56250000e+01
2558,3.13867188,3.19140625,5.27343750e-02,321.25000000,334.00000000,1.27500000e+01
2559,3.57421875,3.60546875,3.12500000e-02,17.57812500,3.90625000,1.36718750e+01
2560,4.92187500,4.90625000,1.56250000e-02,82.00000000,70.31250000,1.16875000e+01
2561,2.01562500,2.02343750,7.81250000e-03,59.56250000,76.18750000,1.66250000e+01
2562,2.94140625,2.91406250,2.73437500e-02,267.50000000,261.75000000,5.75000000e+00
2563,3.29101562,3.31445312,2.34375000e-02,57.62500000,61.53125000,3.90625000e+00
2564,3.46093750,3.45898438,1.95312500e-03,166.00000000,175.75000000,9.75000000e+00
2565,4.63281250,4.69531250,6.25000000e-02,296.75000000,267.50000000,2.92500000e+01
2566,1.45214844,1.38476562,6.73828125e-02,-96.18750000,-85.93750000,1.02500000e+01
2567,1.47460938,1.41796875,5.66406250e-02,5.85937500,-9.76562500,1.56250000e+01
2568,3.25585938,3.26757812,1.17187500e-02,241.25000000,231.50000000,9.75000000e+00
2569,3.41796875,3.42187500,3.90625000e-03,-52.71875000,-68.37500000,1.56562500e+01
2570,1.60546875,1.57421875,3.12500000e-02,44.90625000,44.90625000,0.00000000e+00
2571,1.22656250,1.20703125,1.95312500e-02,7.81250000,8.29687500,4.84375000e-01
2572,3.58398438,3.65820312,7.42187500e-02,144.50000000,130.87500000,1.36250000e+01
2573,2.88281250,2.91015625,2.73437500e-02,90.81250000,92.75000000,1.93750000e+00
2574,3.26562500,3.29101562,2.53906250e-02,115.25000000,131.87500000,1.66250000e+01
2575,1.95117188,1.89453125,5.66406250e-02,137.25000000,112.31250000,2.49375000e+01
2576,6.41796875,6.41406250,3.90625000e-03,-60.53125000,-42.96875000,1.75625000e+01
2577,4.58593750,4.67578125,8.98437500e-02,-144.50000000,-166.00000000,2.15000000e+01
2578,1.53320312,1.52246094,1.07421875e-02,19.04687500,17.57812500,1.46875000e+00
2579,1.62500000,1.61328125,1.17187500e-02,-115.25000000,-105.43750000,9.81250000e+00
2580,1.38281250,1.38085938,1.95312500e-03,-115.25000000,-111.31250000,3.93750000e+00
2581,2.35156250,2.39257812,4.10156250e-02,-50.78125000,-47.84375000,2.93750000e+00
2582,5.39843750,5.44921875,5.07812500e-02,101.56250000,84.00000000,1.75625000e+01
2583,3.17578125,3.17968750,3.90625000e-03,-38.09375000,-37.09375000,1.00000000e+00
2584,3.63281250,3.71484375,8.20312500e-02,62.50000000,70.31250000,7.81250000e+00
2585,2.39843750,2.42773438,2.92968750e-02,11.71875000,24.40625000,1.26875000e+01
2586,4.30078125,4.36718750,6.64062500e-02,-191.37500000,-187.50000000,3.87500000e+00
2587,1.58984375,1.57421875,1.56250000e-02,-108.87500000,-109.37500000,5.00000000e-01
2588,4.89062500,4.94531250,5.46875000e-02,-93.75000000,-109.37500000,1.56250000e+01
2589,2.98242188,3.01953125,3.71093750e-02,-24.40625000,-13.67187500,1.07343750e+01
2590,4.72656250,4.81250000,8.59375000e-02,91.81250000,82.00000000,9.81250000e+00
2591,2.06835938,2.04687500,2.14843750e-02,120.12500000,129.87500000,9.75000000e+00
2592,3.23437500,3.24218750,7.81250000e-03,199.25000000,191.37500000,7.87500000e+00
2593,2.66601562,2.71679688,5.07812500e-02,-42.96875000,-35.15625000,7.81250000e+00
2594,2.02343750,2.00390625,1.95312500e-02,115.25000000,114.25000000,1.00000000e+00
2595,2.86523438,2.90039062,3.51562500e-02,-117.18750000,-110.37500000,6.81250000e+00
2596,3.58203125,3.61914062,3.71093750e-02,-68.37500000,-86.93750000,1.85625000e+01
2597,3.75000000,3.78906250,3.90625000e-02,93.75000000,90.81250000,2.93750000e+00
2598,2.86523438,2.89257812,2.73437500e-02,-58.59375000,-40.03125000,1.85625000e+01
2599,4.08593750,4.07812500,7.81250000e-03,169.00000000,154.25000000,1.47500000e+01
2600,1.58007812,1.54687500,3.32031250e-02,-280.25000000,-271.50000000,8.75000000e+00
2601,1.46777344,1.43652344,3.12500000e-02,-116.68750000,-119.12500000,2.43750000e+00
2602,2.83593750,2.87109375,3.51562500e-02,-200.25000000,-206.00000000,5.75000000e+00
2603,1.72656250,1.69726562,2.92968750e-02,-86.93750000,-77.12500000,9.81250000e+00
2604,1.38867188,1.32519531,6.34765625e-02,-61.53125000,-74.68750000,1.31562500e+01
2605,1.32617188,1.32324219,2.92968750e-03,-286.50000000,-288.50000000,2.00000000e+00
2606,2.30859375,2.27734375,3.12500000e-02,-46.87500000,-50.78125000,3.90625000e+00
2607,3.82226562,3.84765625,2.53906250e-02,-186.50000000,-166.00000000,2.05000000e+01
2608,2.89062500,2.95117188,6.05468750e-02,95.68750000,106.43750000,1.07500000e+01
2609,3.43359375,3.48437500,5.07812500e-02,-99.62500000,-95.68750000,3.93750000e+00
2610,4.96093750,4.94531250,1.56250000e-02,185.50000000,177.75000000,7.75000000e+00
2611,1.91406250,1.91015625,3.90625000e-03,-6.83593750,-8.78906250,1.95312500e+00
2612,2.82421875,2.79296875,3.12500000e-02,175.75000000,189.50000000,1.37500000e+01
2613,3.17578125,3.19531250,1.95312500e-02,-44.90625000,-49.81250000,4.90625000e+00
2614,3.23828125,3.22460938,1.36718750e-02,0.00000000,11.71875000,1.17187500e+01
2615,4.63281250,4.71875000,8.59375000e-02,296.75000000,300.75000000,4.00000000e+00
2616,1.53906250,1.48144531,5.76171875e-02,40.53125000,42.46875000,1.93750000e+00
2617,1.62500000,1.58789062,3.71093750e-02,199.25000000,192.37500000,6.87500000e+00
2618,2.85937500,2.88281250,2.34375000e-02,-87.87500000,-85.93750000,1.93750000e+00
2619,3.50781250,3.52929688,2.14843750e-02,66.37500000,81.06250000,1.46875000e+01
2620,1.29492188,1.25097656,4.39453125e-02,-229.50000000,-236.87500000,7.37500000e+00
2621,1.16015625,1.13281250,2.73437500e-02,-30.26562500,-29.78125000,4.84375000e-01
2622,3.25000000,3.32226562,7.22656250e-02,-161.12500000,-166.00000000,4.87500000e+00
2623,2.80078125,2.82617188,2.53906250e-02,25.39062500,28.31250000,2.92187500e+00
2624,2.99023438,3.00195312,1.17187500e-02,-136.75000000,-134.75000000,2.00000000e+00
2625,1.69335938,1.66406250,2.92968750e-02,-66.37500000,-59.09375000,7.28125000e+00
2626,6.50781250,6.47656250,3.12500000e-02,125.00000000,132.75000000,7.75000000e+00
2627,4.50390625,4.61718750,1.13281250e-01,-209.00000000,-195.25000000,1.37500000e+01
2628,1.48437500,1.47460938,9.76562500e-03,50.28125000,51.75000000,1.46875000e+00
2629,1.63574219,1.61230469,2.34375000e-02,-74.68750000,-70.81250000,3.87500000e+00
2630,1.57226562,1.55371094,1.85546875e-02,89.81250000,90.31250000,5.00000000e-01
2631,2.32812500,2.37109375,4.29687500e-02,-119.12500000,-108.37500000,1.07500000e+01
2632,5.21875000,5.27343750,5.46875000e-02,50.78125000,41.00000000,9.78125000e+00
2633,3.14257812,3.14257812,0.00000000e+00,-18.54687500,-13.67187500,4.87500000e+00
2634,3.59960938,3.62890625,2.92968750e-02,-16.59375000,-57.62500000,4.10312500e+01
2635,2.30468750,2.32617188,2.14843750e-02,-74.18750000,-77.12500000,2.93750000e+00
2636,4.66796875,4.73046875,6.25000000e-02,275.50000000,277.25000000,1.75000000e+00
2637,1.73437500,1.71679688,1.75781250e-02,42.46875000,43.93750000,1.46875000e+00
2638,4.83593750,4.90625000,7.03125000e-02,-144.50000000,-148.37500000,3.87500000e+00
2639,2.98828125,3.01562500,2.73437500e-02,13.67187500,15.62500000,1.95312500e+00
2640,4.45703125,4.55468750,9.76562500e-02,-173.87500000,-168.00000000,5.87500000e+00
2641,2.08398438,2.03515625,4.88281250e-02,154.25000000,134.25000000,2.00000000e+01
2642,2.81054688,2.84960938,3.90625000e-02,-175.75000000,-156.25000000,1.95000000e+01
2643,2.56250000,2.60156250,3.90625000e-02,-44.90625000,-43.93750000,9.68750000e-01
2644,2.29687500,2.23437500,6.25000000e-02,376.00000000,359.25000000,1.67500000e+01
2645,2.81250000,2.83203125,1.95312500e-02,-148.37500000,-146.50000000,1.87500000e+00
2646,3.49218750,3.55273438,6.05468750e-02,-175.75000000,-169.00000000,6.75000000e+00
2647,3.52539062,3.55859375,3.32031250e-02,-81.06250000,-84.00000000,2.93750000e+00
2648,2.79687500,2.81054688,1.36718750e-02,-99.62500000,-98.62500000,1.00000000e+00
2649,3.91992188,3.91406250,5.85937500e-03,13.67187500,13.67187500,0.00000000e+00
2650,1.86035156,1.82421875,3.61328125e-02,73.75000000,68.37500000,5.37500000e+00
2651,1.59375000,1.56640625,2.73437500e-02,33.18750000,33.18750000,0.00000000e+00
2652,3.26562500,3.30859375,4.29687500e-02,220.75000000,231.50000000,1.07500000e+01
2653,1.69140625,1.66796875,2.34375000e-02,-110.37500000,-104.50000000,5.87500000e+00
2654,1.54882812,1.50390625,4.49218750e-02,118.18750000,118.18750000,0.00000000e+00
2655,1.91015625,1.88281250,2.73437500e-02,299.75000000,295.00000000,4.75000000e+00
2656,2.42968750,2.40820312,2.14843750e-02,107.43750000,96.68750000,1.07500000e+01
2657,3.91601562,3.91992188,3.90625000e-03,-26.35937500,-26.35937500,0.00000000e+00
2658,3.01757812,3.05859375,4.10156250e-02,225.62500000,228.50000000,2.87500000e+00
2659,3.60742188,3.64062500,3.32031250e-02,32.21875000,27.34375000,4.87500000e+00
2660,4.72656250,4.69531250,3.12500000e-02,-82.00000000,-91.81250000,9.81250000e+00
2661,1.87402344,1.87695312,2.92968750e-03,30.76562500,28.81250000,1.95312500e+00
2662,2.21484375,2.18750000,2.73437500e-02,-334.00000000,-324.25000000,9.75000000e+00
2663,3.17578125,3.19921875,2.34375000e-02,-33.18750000,-16.59375000,1.65937500e+01
2664,3.15234375,3.14453125,7.81250000e-03,20.50000000,22.45312500,1.95312500e+00
2665,4.41796875,4.44921875,3.12500000e-02,97.62500000,68.37500000,2.92500000e+01
2666,1.29492188,1.21289062,8.20312500e-02,-204.12500000,-223.62500000,1.95000000e+01
2667,1.25000000,1.21191406,3.80859375e-02,-97.62500000,-99.62500000,2.00000000e+00
2668,2.91015625,2.92382812,1.36718750e-02,-55.65625000,-66.37500000,1.07187500e+01
2669,3.39062500,3.37890625,1.17187500e-02,-75.18750000,-94.75000000,1.95625000e+01
2670,1.31250000,1.28417969,2.83203125e-02,-130.87500000,-130.37500000,5.00000000e-01
2671,1.17285156,1.15039062,2.24609375e-02,0.48828125,3.41796875,2.92968750e+00
2672,3.14843750,3.23046875,8.20312500e-02,-328.00000000,-320.25000000,7.75000000e+00
2673,2.61914062,2.64843750,2.92968750e-02,-116.18750000,-101.56250000,1.46250000e+01
2674,3.03320312,3.04101562,7.81250000e-03,-10.74218750,-2.92968750,7.81250000e+00
2675,1.73046875,1.70507812,2.53906250e-02,41.50000000,46.87500000,5.37500000e+00
2676,6.35546875,6.34375000,1.17187500e-02,150.37500000,197.25000000,4.68750000e+01
2677,5.12890625,5.22656250,9.76562500e-02,423.75000000,435.50000000,1.17500000e+01
2678,1.33593750,1.33203125,3.90625000e-03,-79.12500000,-90.31250000,1.11875000e+01
2679,1.55957031,1.55468750,4.88281250e-03,-90.31250000,-72.75000000,1.75625000e+01
2680,1.26855469,1.24804688,2.05078125e-02,-164.50000000,-162.62500000,1.87500000e+00
2681,2.41992188,2.46093750,4.10156250e-02,9.76562500,23.43750000,1.36718750e+01
2682,5.34375000,5.35937500,1.56250000e-02,134.75000000,117.18750000,1.75625000e+01
2683,3.17578125,3.17187500,3.90625000e-03,-1.95312500,0.00000000,1.95312500e+00
2684,3.56445312,3.66992188,1.05468750e-01,51.75000000,63.46875000,1.17187500e+01
2685,2.18750000,2.22070312,3.32031250e-02,-163.12500000,-158.25000000,4.87500000e+00
2686,4.24218750,4.32421875,8.20312500e-02,-121.06250000,-97.62500000,2.34375000e+01
2687,1.66113281,1.67773438,1.66015625e-02,42.46875000,66.37500000,2.39062500e+01
2688,4.93750000,5.00000000,6.25000000e-02,0.00000000,-7.81250000,7.81250000e+00
2689,2.91601562,2.94140625,2.53906250e-02,11.71875000,11.71875000,0.00000000e+00
2690,4.66406250,4.74218750,7.81250000e-02,144.50000000,138.62500000,5.87500000e+00
2691,2.07031250,2.07226562,1.95312500e-03,202.12500000,215.87500000,1.37500000e+01
2692,3.12500000,3.15429688,2.92968750e-02,162.12500000,167.00000000,4.87500000e+00
2693,2.46875000,2.53906250,7.03125000e-02,-23.43750000,0.00000000,2.34375000e+01
2694,1.89843750,1.88085938,1.75781250e-02,133.25000000,131.87500000,1.37500000e+00
2695,2.91796875,2.96679688,4.88281250e-02,13.67187500,37.09375000,2.34218750e+01
2696,3.72265625,3.77929688,5.66406250e-02,143.50000000,146.50000000,3.00000000e+00
2697,3.35351562,3.38671875,3.32031250e-02,-239.25000000,-255.87500000,1.66250000e+01
2698,2.95898438,2.97070312,1.17187500e-02,106.43750000,106.43750000,0.00000000e+00
2699,3.87890625,3.87695312,1.95312500e-03,70.31250000,69.31250000,1.00000000e+00
2700,1.60937500,1.58496094,2.44140625e-02,-83.00000000,-88.37500000,5.37500000e+00
2701,1.24218750,1.21875000,2.34375000e-02,-212.37500000,-205.62500000,6.75000000e+00
2702,2.94921875,2.98828125,3.90625000e-02,-15.62500000,-9.76562500,5.85937500e+00
2703,1.39355469,1.36914062,2.44140625e-02,-270.50000000,-263.75000000,6.75000000e+00
2704,1.38867188,1.35351562,3.51562500e-02,68.37500000,68.37500000,0.00000000e+00
2705,1.40234375,1.41406250,1.17187500e-02,-146.50000000,-132.75000000,1.37500000e+01
2706,2.22460938,2.24804688,2.34375000e-02,-2.92968750,22.45312500,2.53828125e+01
2707,3.84765625,3.88085938,3.32031250e-02,-23.43750000,-0.97656250,2.24609375e+01
2708,2.53125000,2.58203125,5.07812500e-02,-158.25000000,-148.37500000,9.87500000e+00
2709,3.77343750,3.81445312,4.10156250e-02,304.75000000,309.50000000,4.75000000e+00
2710,4.67968750,4.70312500,2.34375000e-02,-7.81250000,7.81250000,1.56250000e+01
2711,2.04492188,2.03906250,5.85937500e-03,254.87500000,252.00000000,2.87500000e+00
2712,2.33203125,2.31640625,1.56250000e-02,-173.87500000,-166.00000000,7.87500000e+00
2713,3.16406250,3.16796875,3.90625000e-03,-9.76562500,-15.62500000,5.85937500e+00
2714,3.04101562,3.02929688,1.17187500e-02,-88.87500000,-102.56250000,1.36875000e+01
2715,3.91406250,3.97265625,5.85937500e-02,-293.00000000,-310.50000000,1.75000000e+01
2716,1.38085938,1.32226562,5.85937500e-02,-17.57812500,-25.87500000,8.29687500e+00
2717,1.47460938,1.43945312,3.51562500e-02,157.25000000,154.25000000,3.00000000e+00
2718,2.68359375,2.71093750,2.73437500e-02,-207.00000000,-198.25000000,8.75000000e+00
2719,3.22265625,3.24414062,2.14843750e-02,-132.75000000,-127.93750000,4.81250000e+00
2720,1.40917969,1.39648438,1.26953125e-02,-12.20312500,-1.95312500,1.02500000e+01
2721,1.09179688,1.08593750,5.85937500e-03,-18.06250000,-9.76562500,8.29687500e+00
2722,3.32031250,3.34765625,2.73437500e-02,-11.71875000,-37.09375000,2.53750000e+01
2723,2.60156250,2.60937500,7.81250000e-03,-125.00000000,-132.75000000,7.75000000e+00
2724,2.91015625,2.93945312,2.92968750e-02,11.71875000,28.31250000,1.65937500e+01
2725,1.67968750,1.63964844,4.00390625e-02,5.37109375,-7.32421875,1.26953125e+01
2726,5.64062500,5.59375000,4.68750000e-02,-441.50000000,-408.25000000,3.32500000e+01
2727,4.51562500,4.60937500,9.37500000e-02,-78.12500000,-74.18750000,3.93750000e+00
2728,1.15820312,1.15820312,0.00000000e+00,-187.00000000,-188.50000000,1.50000000e+00
2729,1.50976562,1.48828125,2.14843750e-02,-142.62500000,-146.00000000,3.37500000e+00
2730,1.48144531,1.45312500,2.83203125e-02,117.68750000,106.93750000,1.07500000e+01
2731,2.31250000,2.34570312,3.32031250e-02,-26.35937500,-21.48437500,4.87500000e+00
2732,5.49218750,5.52343750,3.12500000e-02,320.25000000,316.50000000,3.75000000e+00
2733,3.22851562,3.22656250,1.95312500e-03,144.50000000,138.62500000,5.87500000e+00
2734,3.73437500,3.79492188,6.05468750e-02,284.25000000,290.00000000,5.75000000e+00
2735,2.21875000,2.23828125,1.95312500e-02,-87.87500000,-85.93750000,1.93750000e+00
2736,4.36328125,4.42187500,5.85937500e-02,13.67187500,25.39062500,1.17187500e+01
2737,1.68457031,1.66503906,1.95312500e-02,89.37500000,80.06250000,9.31250000e+00
2738,4.91015625,4.95312500,4.29687500e-02,44.90625000,35.15625000,9.75000000e+00
2739,2.75000000,2.79101562,4.10156250e-02,-95.68750000,-74.18750000,2.15000000e+01
2740,4.53125000,4.62109375,8.98437500e-02,85.93750000,97.62500000,1.16875000e+01
2741,1.84375000,1.83007812,1.36718750e-02,29.29687500,38.09375000,8.79687500e+00
2742,2.89648438,2.90820312,1.17187500e-02,10.74218750,10.74218750,0.00000000e+00
2743,2.40234375,2.43750000,3.51562500e-02,-140.62500000,-133.75000000,6.87500000e+00
2744,1.57617188,1.56445312,1.17187500e-02,-203.12500000,-173.87500000,2.92500000e+01
2745,2.82812500,2.82812500,0.00000000e+00,-37.09375000,-44.90625000,7.81250000e+00
2746,3.53125000,3.57421875,4.29687500e-02,-37.09375000,-33.18750000,3.90625000e+00
2747,3.61132812,3.65234375,4.10156250e-02,83.00000000,90.81250000,7.81250000e+00
2748,2.78515625,2.81640625,3.12500000e-02,-12.69531250,-6.83593750,5.85937500e+00
2749,3.81250000,3.77734375,3.51562500e-02,42.96875000,9.76562500,3.32031250e+01
2750,1.73828125,1.70312500,3.51562500e-02,28.31250000,17.57812500,1.07343750e+01
2751,1.50000000,1.47070312,2.92968750e-02,87.87500000,84.50000000,3.37500000e+00
2752,2.94531250,2.98046875,3.51562500e-02,40.03125000,35.15625000,4.87500000e+00
2753,1.55468750,1.53320312,2.14843750e-02,-139.62500000,-137.25000000,2.37500000e+00
2754,1.34179688,1.30761719,3.41796875e-02,26.35937500,24.90625000,1.45312500e+00
2755,1.58398438,1.55273438,3.12500000e-02,66.37500000,51.28125000,1.50937500e+01
2756,1.85253906,1.85937500,6.83593750e-03,-347.25000000,-352.50000000,5.25000000e+00
2757,3.98046875,3.98046875,0.00000000e+00,109.37500000,120.12500000,1.07500000e+01
2758,2.83789062,2.89062500,5.27343750e-02,138.62500000,163.12500000,2.45000000e+01
2759,3.50781250,3.52343750,1.56250000e-02,92.75000000,82.00000000,1.07500000e+01
2760,4.82031250,4.81250000,7.81250000e-03,82.00000000,89.81250000,7.81250000e+00
2761,1.59765625,1.58105469,1.66015625e-02,-186.50000000,-199.25000000,1.27500000e+01
2762,2.65820312,2.63671875,2.14843750e-02,232.37500000,243.12500000,1.07500000e+01
2763,3.02148438,3.03320312,1.17187500e-02,-78.12500000,-83.00000000,4.87500000e+00
2764,3.04687500,3.02734375,1.95312500e-02,-1.95312500,-17.57812500,1.56250000e+01
2765,3.90429688,3.96484375,6.05468750e-02,-262.75000000,-267.50000000,4.75000000e+00
2766,1.45312500,1.39648438,5.66406250e-02,65.93750000,70.81250000,4.87500000e+00
2767,1.12109375,1.10156250,1.95312500e-02,-198.25000000,-186.50000000,1.17500000e+01
2768,3.07421875,3.08007812,5.85937500e-03,197.25000000,191.37500000,5.87500000e+00
2769,3.18554688,3.21875000,3.32031250e-02,-91.81250000,-90.81250000,1.00000000e+00
2770,1.48828125,1.44921875,3.90625000e-02,39.56250000,37.09375000,2.46875000e+00
2771,1.05859375,1.04492188,1.36718750e-02,-30.76562500,-36.12500000,5.35937500e+00
2772,3.49218750,3.52734375,3.51562500e-02,146.50000000,148.37500000,1.87500000e+00
2773,2.67187500,2.70898438,3.71093750e-02,-1.95312500,20.50000000,2.24531250e+01
2774,2.83203125,2.84765625,1.56250000e-02,-171.87500000,-154.25000000,1.76250000e+01
2775,1.68554688,1.64648438,3.90625000e-02,88.87500000,85.43750000,3.43750000e+00
2776,5.76562500,5.74218750,2.34375000e-02,-332.00000000,-343.75000000,1.17500000e+01
2777,4.55468750,4.66015625,1.05468750e-01,-33.18750000,-25.39062500,7.79687500e+00
2778,1.30468750,1.30664062,1.95312500e-03,26.35937500,25.39062500,9.68750000e-01
2779,1.93066406,1.89453125,3.61328125e-02,292.50000000,286.50000000,6.00000000e+00
2780,1.41992188,1.39648438,2.34375000e-02,138.12500000,137.75000000,3.75000000e-01
2781,2.29296875,2.31835938,2.53906250e-02,-58.59375000,-62.50000000,3.90625000e+00
2782,5.09375000,5.12109375,2.73437500e-02,-103.50000000,-105.43750000,1.93750000e+00
2783,2.88671875,2.92578125,3.90625000e-02,-145.50000000,-125.00000000,2.05000000e+01
2784,3.23437500,3.28515625,5.07812500e-02,-209.00000000,-214.87500000,5.87500000e+00
2785,2.43359375,2.45312500,1.95312500e-02,144.50000000,138.62500000,5.87500000e+00
2786,4.57812500,4.64062500,6.25000000e-02,353.50000000,355.50000000,2.00000000e+00
2787,1.38476562,1.39746094,1.26953125e-02,-162.12500000,-140.62500000,2.15000000e+01
2788,4.89062500,4.96875000,7.81250000e-02,113.25000000,123.06250000,9.81250000e+00
2789,2.67578125,2.68164062,5.85937500e-03,-110.37500000,-110.37500000,0.00000000e+00
2790,4.30468750,4.36328125,5.85937500e-02,-113.25000000,-117.18750000,3.93750000e+00
2791,1.64453125,1.63085938,1.36718750e-02,-119.12500000,-126.93750000,7.81250000e+00
2792,2.78515625,2.78125000,3.90625000e-03,-74.18750000,-80.06250000,5.87500000e+00
2793,2.46484375,2.48046875,1.56250000e-02,-50.78125000,-67.37500000,1.65937500e+01
2794,1.45410156,1.43066406,2.34375000e-02,-211.37500000,-204.62500000,6.75000000e+00
2795,2.72851562,2.77343750,4.49218750e-02,-88.87500000,-83.00000000,5.87500000e+00
2796,3.23242188,3.27343750,4.10156250e-02,-270.50000000,-261.75000000,8.75000000e+00
2797,3.37500000,3.42187500,4.68750000e-02,-143.50000000,-134.75000000,8.75000000e+00
2798,2.76757812,2.76562500,1.95312500e-03,0.00000000,-25.39062500,2.53906250e+01
2799,3.91406250,3.89843750,1.56250000e-02,145.50000000,130.87500000,1.46250000e+01
2800,1.71093750,1.68457031,2.63671875e-02,48.81250000,52.25000000,3.43750000e+00
2801,1.63671875,1.60546875,3.12500000e-02,257.25000000,252.87500000,4.37500000e+00
2802,2.82812500,2.84960938,2.14843750e-02,-42.96875000,-42.96875000,0.00000000e+00
2803,1.54003906,1.51757812,2.24609375e-02,-68.87500000,-47.84375000,2.10312500e+01
2804,1.28320312,1.25781250,2.53906250e-02,2.92968750,15.62500000,1.26953125e+01
2805,1.80078125,1.80273438,1.95312500e-03,249.00000000,263.75000000,1.47500000e+01
2806,2.02539062,2.03320312,7.81250000e-03,-112.31250000,-114.25000000,1.93750000e+00
2807,3.75000000,3.76953125,1.95312500e-02,-60.53125000,-54.68750000,5.84375000e+00
2808,2.74414062,2.77929688,3.51562500e-02,94.75000000,91.81250000,2.93750000e+00
2809,3.39843750,3.42968750,3.12500000e-02,49.81250000,57.62500000,7.81250000e+00
2810,4.51171875,4.52343750,1.17187500e-02,-78.12500000,-82.00000000,3.87500000e+00
2811,1.58203125,1.57617188,5.85937500e-03,-91.81250000,-99.62500000,7.81250000e+00
2812,2.60937500,2.58593750,2.34375000e-02,232.37500000,235.37500000,3.00000000e+00
2813,2.91796875,2.93164062,1.36718750e-02,-114.25000000,-123.06250000,8.81250000e+00
2814,3.23632812,3.22265625,1.36718750e-02,197.25000000,199.25000000,2.00000000e+00
2815,4.39843750,4.47656250,7.81250000e-02,310.50000000,320.25000000,9.75000000e+00
2816,1.57421875,1.51757812,5.66406250e-02,174.75000000,183.12500000,8.37500000e+00
2817,1.26855469,1.23632812,3.22265625e-02,-5.85937500,-5.37109375,4.88281250e-01
2818,2.82617188,2.82812500,1.95312500e-03,45.90625000,31.25000000,1.46562500e+01
2819,3.27148438,3.28906250,1.75781250e-02,77.12500000,74.18750000,2.93750000e+00
2820,1.40625000,1.38476562,2.14843750e-02,-0.97656250,14.64843750,1.56250000e+01
2821,1.05078125,1.04785156,2.92968750e-03,0.97656250,8.29687500,7.32031250e+00
2822,2.84375000,2.90234375,5.85937500e-02,-390.50000000,-380.00000000,1.05000000e+01
2823,2.66601562,2.69921875,3.32031250e-02,22.45312500,33.18750000,1.07343750e+01
2824,2.91796875,2.91796875,0.00000000e+00,64.43750000,62.50000000,1.93750000e+00
2825,1.70117188,1.65820312,4.29687500e-02,99.12500000,97.62500000,1.50000000e+00
2826,6.31250000,6.31640625,3.90625000e-03,343.75000000,375.00000000,3.12500000e+01
2827,4.53515625,4.65625000,1.21093750e-01,-91.81250000,-78.12500000,1.36875000e+01
2828,1.38281250,1.38085938,1.95312500e-03,127.93750000,127.93750000,0.00000000e+00
2829,1.79882812,1.78320312,1.56250000e-02,252.00000000,254.87500000,2.87500000e+00
2830,1.30078125,1.27539062,2.53906250e-02,27.82812500,26.85937500,9.68750000e-01
2831,2.24609375,2.27343750,2.73437500e-02,21.48437500,14.64843750,6.83593750e+00
2832,5.04687500,5.05468750,7.81250000e-03,-29.29687500,-42.96875000,1.36718750e+01
2833,3.14453125,3.14062500,3.90625000e-03,103.50000000,100.56250000,2.93750000e+00
2834,3.12500000,3.16210938,3.71093750e-02,-197.25000000,-218.75000000,2.15000000e+01
2835,2.06250000,2.10742188,4.49218750e-02,-145.50000000,-131.87500000,1.36250000e+01
2836,3.98632812,4.02734375,4.10156250e-02,-206.00000000,-222.62500000,1.66250000e+01
2837,1.35449219,1.34375000,1.07421875e-02,-118.18750000,-111.31250000,6.87500000e+00
2838,4.80468750,4.90625000,1.01562500e-01,-33.18750000,-7.81250000,2.53750000e+01
2839,2.77148438,2.76757812,3.90625000e-03,-18.54687500,-15.62500000,2.92187500e+00
2840,4.21875000,4.28906250,7.03125000e-02,-238.25000000,-238.25000000,0.00000000e+00
2841,1.91601562,1.89843750,1.75781250e-02,199.25000000,208.00000000,8.75000000e+00
2842,2.58984375,2.59960938,9.76562500e-03,-193.37500000,-192.37500000,1.00000000e+00
2843,2.59375000,2.62109375,2.73437500e-02,162.12500000,162.12500000,0.00000000e+00
2844,1.64062500,1.61328125,2.73437500e-02,25.39062500,19.53125000,5.85937500e+00
2845,2.60742188,2.64257812,3.51562500e-02,-153.37500000,-151.37500000,2.00000000e+00
2846,3.51562500,3.54296875,2.73437500e-02,68.37500000,65.43750000,2.93750000e+00
2847,3.43750000,3.44335938,5.85937500e-03,10.74218750,-0.97656250,1.17187500e+01
2848,2.74609375,2.76757812,2.14843750e-02,-5.85937500,-4.88281250,9.76562500e-01
2849,3.37109375,3.34765625,2.34375000e-02,-310.50000000,-328.00000000,1.75000000e+01
2850,1.60937500,1.57226562,3.71093750e-02,25.39062500,17.57812500,7.81250000e+00
2851,1.47265625,1.43750000,3.51562500e-02,159.12500000,151.37500000,7.75000000e+00
2852,2.77343750,2.80468750,3.12500000e-02,-64.43750000,-60.53125000,3.90625000e+00
2853,1.51757812,1.48632812,3.12500000e-02,-38.09375000,-23.43750000,1.46562500e+01
2854,1.56542969,1.50781250,5.76171875e-02,270.00000000,256.25000000,1.37500000e+01
2855,1.51855469,1.51171875,6.83593750e-03,112.81250000,120.12500000,7.31250000e+00
2856,1.90429688,1.91601562,1.17187500e-02,-215.87500000,-217.75000000,1.87500000e+00
2857,3.56640625,3.55468750,1.17187500e-02,-220.75000000,-224.62500000,3.87500000e+00
2858,2.89453125,2.91992188,2.53906250e-02,283.25000000,289.00000000,5.75000000e+00
2859,3.05468750,3.06250000,7.81250000e-03,-267.50000000,-279.25000000,1.17500000e+01
2860,4.31640625,4.29296875,2.34375000e-02,-257.75000000,-265.50000000,7.75000000e+00
2861,1.82128906,1.81542969,5.85937500e-03,195.75000000,201.62500000,5.87500000e+00
2862,2.30468750,2.25390625,5.07812500e-02,-3.90625000,-22.45312500,1.85468750e+01
2863,3.14062500,3.13281250,7.81250000e-03,147.50000000,126.93750000,2.05625000e+01
2864,2.72265625,2.69140625,3.12500000e-02,-232.37500000,-240.25000000,7.87500000e+00
2865,4.09765625,4.12500000,2.73437500e-02,-25.39062500,-46.87500000,2.14843750e+01
2866,1.09375000,1.03906250,5.46875000e-02,-175.75000000,-174.75000000,1.00000000e+00
2867,1.14843750,1.10742188,4.10156250e-02,-65.93750000,-64.93750000,1.00000000e+00
2868,2.64062500,2.66210938,2.14843750e-02,-132.75000000,-127.93750000,4.81250000e+00
2869,3.31250000,3.32421875,1.17187500e-02,75.18750000,84.00000000,8.81250000e+00
2870,1.61523438,1.57324219,4.19921875e-02,298.75000000,293.50000000,5.25000000e+00
2871,1.03125000,1.01757812,1.36718750e-02,24.65625000,26.12500000,1.46875000e+00
2872,3.19140625,3.24218750,5.07812500e-02,-7.81250000,5.85937500,1.36718750e+01
2873,2.39843750,2.40820312,9.76562500e-03,-152.37500000,-164.00000000,1.16250000e+01
2874,2.76367188,2.75195312,1.17187500e-02,-81.06250000,-92.75000000,1.16875000e+01
2875,1.47070312,1.44531250,2.53906250e-02,-112.31250000,-105.43750000,6.87500000e+00
2876,6.32031250,6.26562500,5.46875000e-02,498.00000000,496.00000000,2.00000000e+00
2877,4.60546875,4.70312500,9.76562500e-02,52.71875000,62.50000000,9.78125000e+00
2878,1.17773438,1.17382812,3.90625000e-03,-10.74218750,-15.62500000,4.88281250e+00
2879,1.70605469,1.67773438,2.83203125e-02,211.37500000,212.87500000,1.50000000e+00
2880,1.18457031,1.17089844,1.36718750e-02,-9.27343750,-8.29687500,9.76562500e-01
2881,2.20312500,2.23828125,3.51562500e-02,59.56250000,56.62500000,2.93750000e+00
2882,4.99609375,5.03515625,3.90625000e-02,-60.53125000,-46.87500000,1.36562500e+01
2883,3.11718750,3.12890625,1.17187500e-02,153.37500000,146.50000000,6.87500000e+00
2884,3.50000000,3.52929688,2.92968750e-02,279.25000000,273.50000000,5.75000000e+00
2885,2.03515625,2.05859375,2.34375000e-02,-101.56250000,-105.43750000,3.87500000e+00
2886,4.11718750,4.16796875,5.07812500e-02,-117.18750000,-107.43750000,9.75000000e+00
2887,1.28710938,1.26855469,1.85546875e-02,-125.00000000,-119.62500000,5.37500000e+00
2888,4.94531250,5.02343750,7.81250000e-02,144.50000000,162.12500000,1.76250000e+01
2889,2.88281250,2.90625000,2.34375000e-02,196.25000000,227.50000000,3.12500000e+01
2890,4.66406250,4.74218750,7.81250000e-02,253.87500000,253.87500000,0.00000000e+00
2891,1.73632812,1.71679688,1.95312500e-02,57.62500000,60.53125000,2.90625000e+00
2892,2.88476562,2.90820312,2.34375000e-02,163.12500000,179.62500000,1.65000000e+01
2893,2.53906250,2.58593750,4.68750000e-02,120.12500000,134.75000000,1.46250000e+01
2894,1.26367188,1.24121094,2.24609375e-02,-318.25000000,-306.25000000,1.20000000e+01
2895,2.67187500,2.71289062,4.10156250e-02,-33.18750000,-20.50000000,1.26875000e+01
2896,3.45703125,3.49023438,3.32031250e-02,54.68750000,49.81250000,4.87500000e+00
2897,3.38281250,3.42187500,3.90625000e-02,30.26562500,29.29687500,9.68750000e-01
2898,2.57812500,2.57226562,5.85937500e-03,-97.62500000,-108.37500000,1.07500000e+01
2899,3.53906250,3.54492188,5.85937500e-03,-45.90625000,-32.21875000,1.36875000e+01
2900,1.52734375,1.50195312,2.53906250e-02,42.00000000,42.00000000,0.00000000e+00
2901,1.40527344,1.37207031,3.32031250e-02,121.06250000,115.75000000,5.31250000e+00
2902,2.75195312,2.77929688,2.73437500e-02,4.88281250,8.78906250,3.90625000e+00
2903,1.48632812,1.45117188,3.51562500e-02,21.00000000,20.01562500,9.84375000e-01
2904,1.30468750,1.25000000,5.46875000e-02,156.50000000,138.12500000,1.83750000e+01
2905,1.41601562,1.40820312,7.81250000e-03,91.81250000,88.37500000,3.43750000e+00
2906,2.20703125,2.21289062,5.85937500e-03,183.62500000,186.50000000,2.87500000e+00
2907,3.57031250,3.58984375,1.95312500e-02,-91.81250000,-77.12500000,1.46875000e+01
2908,2.54296875,2.54882812,5.85937500e-03,-28.31250000,-47.84375000,1.95312500e+01
2909,3.37500000,3.40234375,2.73437500e-02,115.25000000,124.00000000,8.75000000e+00
2910,4.21875000,4.20312500,1.56250000e-02,-250.00000000,-261.75000000,1.17500000e+01
2911,1.52148438,1.52343750,1.95312500e-03,-15.62500000,-5.85937500,9.76562500e+00
2912,2.31445312,2.28125000,3.32031250e-02,120.12500000,117.18750000,2.93750000e+00
2913,2.92382812,2.92578125,1.95312500e-03,-57.62500000,-66.37500000,8.75000000e+00
2914,3.19335938,3.19335938,0.00000000e+00,324.25000000,329.00000000,4.75000000e+00
2915,3.96484375,4.00390625,3.90625000e-02,-128.87500000,-150.37500000,2.15000000e+01
2916,1.23437500,1.18554688,4.88281250e-02,-17.57812500,-13.67187500,3.90625000e+00
2917,1.22265625,1.20312500,1.95312500e-02,60.53125000,80.06250000,1.95312500e+01
2918,2.80273438,2.82617188,2.34375000e-02,15.62500000,22.45312500,6.82812500e+00
2919,3.09960938,3.11718750,1.75781250e-02,-43.93750000,-35.15625000,8.78125000e+00
2920,1.16210938,1.11718750,4.49218750e-02,-129.87500000,-137.75000000,7.87500000e+00
2921,0.87207031,0.85546875,1.66015625e-02,-112.81250000,-117.18750000,4.37500000e+00
2922,3.42578125,3.46875000,4.29687500e-02,220.75000000,210.87500000,9.87500000e+00
2923,2.65429688,2.68164062,2.73437500e-02,70.31250000,76.18750000,5.87500000e+00
2924,2.69531250,2.69531250,0.00000000e+00,-94.75000000,-87.87500000,6.87500000e+00
2925,1.34863281,1.32031250,2.83203125e-02,-103.00000000,-103.50000000,5.00000000e-01
2926,6.31250000,6.28906250,2.34375000e-02,361.25000000,377.00000000,1.57500000e+01
2927,4.02343750,4.10937500,8.59375000e-02,-504.00000000,-511.75000000,7.75000000e+00
2928,1.17675781,1.17968750,2.92968750e-03,11.71875000,14.15625000,2.43750000e+00
2929,1.33300781,1.30078125,3.22265625e-02,-41.50000000,-57.62500000,1.61250000e+01
2930,0.97656250,0.96679688,9.76562500e-03,-165.00000000,-167.00000000,2.00000000e+00
2931,1.99121094,2.03515625,4.39453125e-02,-145.00000000,-136.75000000,8.25000000e+00
2932,5.10937500,5.13281250,2.34375000e-02,117.18750000,109.37500000,7.81250000e+00
2933,3.21484375,3.23046875,1.56250000e-02,178.75000000,184.62500000,5.87500000e+00
2934,2.87109375,2.96289062,9.17968750e-02,-325.25000000,-305.75000000,1.95000000e+01
2935,2.01953125,2.04492188,2.53906250e-02,-128.87500000,-126.93750000,1.93750000e+00
2936,3.90429688,3.96875000,6.44531250e-02,-186.50000000,-168.00000000,1.85000000e+01
2937,1.40917969,1.38671875,2.24609375e-02,32.71875000,25.39062500,7.32812500e+00
2938,4.81640625,4.86718750,5.07812500e-02,76.18750000,68.37500000,7.81250000e+00
2939,2.57421875,2.58593750,1.17187500e-02,-58.59375000,-78.12500000,1.95312500e+01
2940,4.21093750,4.27734375,6.64062500e-02,-171.87500000,-177.75000000,5.87500000e+00
2941,1.79589844,1.72460938,7.12890625e-02,116.68750000,69.31250000,4.73750000e+01
2942,2.55273438,2.56250000,9.76562500e-03,-87.87500000,-86.93750000,9.37500000e-01
2943,2.32031250,2.34375000,2.34375000e-02,-100.56250000,-121.06250000,2.05000000e+01
2944,1.60546875,1.59375000,1.17187500e-02,132.75000000,127.43750000,5.31250000e+00
2945,2.59765625,2.63671875,3.90625000e-02,-117.18750000,-88.87500000,2.83125000e+01
2946,3.35351562,3.40234375,4.88281250e-02,-21.48437500,-6.83593750,1.46484375e+01
2947,3.36523438,3.41601562,5.07812500e-02,81.06250000,84.93750000,3.87500000e+00
2948,2.75781250,2.77539062,1.75781250e-02,100.56250000,96.68750000,3.87500000e+00
2949,3.54687500,3.56640625,1.95312500e-02,-17.57812500,-7.81250000,9.76562500e+00
2950,1.48437500,1.46484375,1.95312500e-02,7.81250000,9.76562500,1.95312500e+00
2951,1.07226562,1.04980469,2.24609375e-02,-173.87500000,-171.87500000,2.00000000e+00
2952,2.49609375,2.52343750,2.73437500e-02,-229.50000000,-228.50000000,1.00000000e+00
2953,1.60742188,1.58300781,2.44140625e-02,156.75000000,152.87500000,3.87500000e+00
2954,1.07324219,1.05859375,1.46484375e-02,-38.56250000,-22.95312500,1.56093750e+01
2955,1.37500000,1.38085938,5.85937500e-03,79.12500000,91.81250000,1.26875000e+01
2956,1.89648438,1.92578125,2.92968750e-02,-36.12500000,-28.31250000,7.81250000e+00
2957,3.60156250,3.61718750,1.56250000e-02,-2.92968750,-5.85937500,2.92968750e+00
2958,2.28320312,2.32421875,4.10156250e-02,-206.00000000,-198.25000000,7.75000000e+00
2959,3.27929688,3.29296875,1.36718750e-02,124.00000000,115.25000000,8.75000000e+00
2960,4.14062500,4.12890625,1.17187500e-02,-234.37500000,-246.12500000,1.17500000e+01
2961,1.71484375,1.74414062,2.92968750e-02,207.50000000,215.87500000,8.37500000e+00
2962,2.14062500,2.14062500,0.00000000e+00,23.43750000,37.09375000,1.36562500e+01
2963,2.96093750,2.98046875,1.95312500e-02,-26.35937500,-17.57812500,8.78125000e+00
2964,2.78515625,2.78125000,3.90625000e-03,-23.43750000,-32.21875000,8.78125000e+00
2965,3.67968750,3.70312500,2.34375000e-02,-214.87500000,-226.50000000,1.16250000e+01
2966,1.47558594,1.41796875,5.76171875e-02,253.62500000,245.62500000,8.00000000e+00
2967,0.98535156,0.95019531,3.51562500e-02,-102.06250000,-105.00000000,2.93750000e+00
2968,2.64648438,2.65820312,1.17187500e-02,-17.57812500,-26.35937500,8.78125000e+00
2969,3.03515625,3.04101562,5.85937500e-03,-35.15625000,-43.93750000,8.78125000e+00
2970,1.21875000,1.19140625,2.73437500e-02,9.27343750,0.48828125,8.78515625e+00
2971,0.84716797,0.85546875,8.30078125e-03,-121.31250000,-107.43750000,1.38750000e+01
2972,3.17187500,3.21289062,4.10156250e-02,44.90625000,55.65625000,1.07500000e+01
2973,2.56640625,2.57812500,1.17187500e-02,55.65625000,49.81250000,5.84375000e+00
2974,2.82421875,2.81640625,7.81250000e-03,95.68750000,94.75000000,9.37500000e-01
2975,1.27343750,1.25976562,1.36718750e-02,-205.62500000,-197.75000000,7.87500000e+00
2976,5.36718750,5.26171875,1.05468750e-01,-398.50000000,-392.50000000,6.00000000e+00
2977,4.16796875,4.22656250,5.85937500e-02,-224.62500000,-222.62500000,2.00000000e+00
2978,1.11718750,1.13085938,1.36718750e-02,-6.83593750,5.37109375,1.22070312e+01
2979,1.43164062,1.42187500,9.76562500e-03,-0.97656250,-6.34765625,5.37109375e+00
2980,1.09082031,1.09960938,8.78906250e-03,-13.17968750,-2.92968750,1.02500000e+01
2981,1.90820312,1.91992188,1.17187500e-02,-195.25000000,-204.12500000,8.87500000e+00
2982,4.80468750,4.80468750,0.00000000e+00,-117.18750000,-123.06250000,5.87500000e+00
2983,2.94921875,2.97460938,2.53906250e-02,112.31250000,108.37500000,3.93750000e+00
2984,2.95703125,3.03515625,7.81250000e-02,-103.50000000,-82.00000000,2.15000000e+01
2985,2.03710938,2.07031250,3.32031250e-02,-53.71875000,-50.78125000,2.93750000e+00
2986,3.90625000,3.95312500,4.68750000e-02,-164.00000000,-175.75000000,1.17500000e+01
2987,1.35937500,1.35156250,7.81250000e-03,0.00000000,3.90625000,3.90625000e+00
2988,4.57421875,4.64062500,6.64062500e-02,-121.06250000,-113.25000000,7.81250000e+00
2989,2.43359375,2.43554688,1.95312500e-03,-136.75000000,-132.75000000,4.00000000e+00
2990,4.01171875,4.06640625,5.46875000e-02,-310.50000000,-314.50000000,4.00000000e+00
2991,1.57910156,1.54492188,3.41796875e-02,-19.53125000,-32.71875000,1.31875000e+01
2992,2.75781250,2.76562500,7.81250000e-03,134.75000000,132.75000000,2.00000000e+00
2993,2.44726562,2.48632812,3.90625000e-02,111.31250000,119.12500000,7.81250000e+00
2994,1.39062500,1.39355469,2.92968750e-03,-114.25000000,-105.93750000,8.31250000e+00
2995,2.82617188,2.85156250,2.53906250e-02,185.50000000,193.37500000,7.87500000e+00
2996,3.33789062,3.37304688,3.51562500e-02,-57.62500000,-66.37500000,8.75000000e+00
2997,3.27929688,3.32226562,4.29687500e-02,61.53125000,50.78125000,1.07500000e+01
2998,2.62695312,2.65429688,2.73437500e-02,14.64843750,16.59375000,1.94531250e+00
2999,3.28710938,3.28515625,1.95312500e-03,-245.12500000,-250.00000000,4.87500000e+00
3000,1.40820312,1.35937500,4.88281250e-02,-44.90625000,-67.37500000,2.24687500e+01
3001,1.07617188,1.04101562,3.51562500e-02,-115.25000000,-119.62500000,4.37500000e+00
3002,2.66601562,2.68945312,2.34375000e-02,72.25000000,76.18750000,3.93750000e+00
3003,1.37792969,1.38671875,8.78906250e-03,-36.62500000,-18.54687500,1.80781250e+01
3004,0.90234375,0.88085938,2.14843750e-02,-194.37500000,-183.62500000,1.07500000e+01
3005,1.24414062,1.22265625,2.14843750e-02,-41.50000000,-41.00000000,5.00000000e-01
3006,1.82617188,1.83300781,6.83593750e-03,-70.81250000,-79.12500000,8.31250000e+00
3007,3.46093750,3.47265625,1.17187500e-02,-77.12500000,-71.31250000,5.81250000e+00
3008,2.46875000,2.50585938,3.71093750e-02,57.62500000,73.25000000,1.56250000e+01
3009,2.83593750,2.86718750,3.12500000e-02,-295.00000000,-279.25000000,1.57500000e+01
3010,4.31640625,4.29687500,1.95312500e-02,-46.87500000,-74.18750000,2.73125000e+01
3011,1.51171875,1.50195312,9.76562500e-03,-14.64843750,-24.40625000,9.75781250e+00
3012,2.00000000,1.98046875,1.95312500e-02,-201.12500000,-198.25000000,2.87500000e+00
3013,2.90625000,2.90429688,1.95312500e-03,-14.64843750,-39.06250000,2.44140625e+01
3014,2.44140625,2.46289062,2.14843750e-02,-347.75000000,-336.00000000,1.17500000e+01
3015,3.71875000,3.74414062,2.53906250e-02,-152.37500000,-184.62500000,3.22500000e+01
3016,1.22851562,1.19628906,3.22265625e-02,35.15625000,41.50000000,6.34375000e+00
3017,1.22070312,1.19921875,2.14843750e-02,76.18750000,84.50000000,8.31250000e+00
3018,2.66796875,2.69335938,2.53906250e-02,-28.31250000,-13.67187500,1.46406250e+01
3019,3.00781250,3.00781250,0.00000000e+00,-42.96875000,-52.71875000,9.75000000e+00
3020,1.22656250,1.18847656,3.80859375e-02,23.43750000,5.37109375,1.80664062e+01
3021,0.95117188,0.93457031,1.66015625e-02,16.84375000,12.69531250,4.14843750e+00
3022,3.08593750,3.14453125,5.85937500e-02,33.18750000,35.15625000,1.96875000e+00
3023,2.43750000,2.47265625,3.51562500e-02,15.62500000,19.53125000,3.90625000e+00
3024,2.72656250,2.71679688,9.76562500e-03,44.90625000,41.00000000,3.90625000e+00
3025,1.29492188,1.26171875,3.32031250e-02,-95.18750000,-105.43750000,1.02500000e+01
3026,5.82031250,5.76562500,5.46875000e-02,68.37500000,123.06250000,5.46875000e+01
3027,4.13671875,4.21875000,8.20312500e-02,-111.31250000,-117.18750000,5.87500000e+00
3028,1.06250000,1.06640625,3.90625000e-03,-97.62500000,-94.75000000,2.87500000e+00
3029,1.48828125,1.47851562,9.76562500e-03,122.56250000,119.62500000,2.93750000e+00
3030,1.12304688,1.11132812,1.17187500e-02,18.06250000,14.64843750,3.41406250e+00
3031,2.06054688,2.10937500,4.88281250e-02,-8.78906250,1.95312500,1.07421875e+01
3032,4.75781250,4.82421875,6.64062500e-02,-70.31250000,-41.00000000,2.93125000e+01
3033,2.96875000,2.97851562,9.76562500e-03,69.31250000,59.56250000,9.75000000e+00
3034,2.78710938,2.84765625,6.05468750e-02,-405.25000000,-400.50000000,4.75000000e+00
3035,2.15234375,2.18359375,3.12500000e-02,93.75000000,103.00000000,9.25000000e+00
3036,4.19531250,4.25000000,5.46875000e-02,143.50000000,142.62500000,8.75000000e-01
3037,1.62988281,1.61718750,1.26953125e-02,234.87500000,238.25000000,3.37500000e+00
3038,4.43750000,4.48437500,4.68750000e-02,-132.75000000,-144.50000000,1.17500000e+01
3039,2.32421875,2.32031250,3.90625000e-03,-169.87500000,-170.87500000,1.00000000e+00
3040,4.17187500,4.25000000,7.81250000e-02,3.90625000,7.81250000,3.90625000e+00
3041,1.56445312,1.53417969,3.02734375e-02,-57.62500000,-68.87500000,1.12500000e+01
3042,2.62890625,2.64648438,1.75781250e-02,50.78125000,53.71875000,2.93750000e+00
3043,2.19921875,2.21875000,1.95312500e-02,-97.62500000,-100.56250000,2.93750000e+00
3044,1.41406250,1.40625000,7.81250000e-03,-56.15625000,-45.90625000,1.02500000e+01
3045,2.60937500,2.63671875,2.73437500e-02,48.81250000,61.53125000,1.27187500e+01
3046,3.37500000,3.44140625,6.64062500e-02,16.59375000,28.31250000,1.17187500e+01
3047,3.47851562,3.52343750,4.49218750e-02,262.75000000,260.75000000,2.00000000e+00
3048,2.62109375,2.64648438,2.53906250e-02,119.12500000,119.12500000,0.00000000e+00
3049,3.37890625,3.38281250,3.90625000e-03,-116.18750000,-109.37500000,6.81250000e+00
3050,1.63964844,1.62695312,1.26953125e-02,153.37500000,155.25000000,1.87500000e+00
3051,1.37500000,1.35156250,2.34375000e-02,215.37500000,212.87500000,2.50000000e+00
3052,2.39062500,2.41796875,2.73437500e-02,-121.06250000,-126.93750000,5.87500000e+00
3053,1.02343750,1.01660156,6.83593750e-03,-384.25000000,-366.75000000,1.75000000e+01
3054,1.17382812,1.13867188,3.51562500e-02,102.06250000,100.31250000,1.75000000e+00
3055,1.32617188,1.31640625,9.76562500e-03,85.93750000,79.12500000,6.81250000e+00
3056,2.10156250,2.11328125,1.17187500e-02,259.75000000,250.00000000,9.75000000e+00
3057,3.39843750,3.43359375,3.51562500e-02,-164.00000000,-147.50000000,1.65000000e+01
3058,2.57031250,2.58593750,1.56250000e-02,165.00000000,153.37500000,1.16250000e+01
3059,3.06640625,3.08203125,1.56250000e-02,-31.25000000,-27.34375000,3.90625000e+00
3060,4.14843750,4.15234375,3.90625000e-03,-58.59375000,-56.62500000,1.96875000e+00
3061,1.29882812,1.32421875,2.53906250e-02,-191.37500000,-174.75000000,1.66250000e+01
3062,2.19335938,2.17968750,1.36718750e-02,69.31250000,81.06250000,1.17500000e+01
3063,3.08007812,3.10937500,2.92968750e-02,237.25000000,236.37500000,8.75000000e-01
3064,2.67968750,2.69921875,1.95312500e-02,9.76562500,15.62500000,5.85937500e+00
3065,3.85546875,3.90234375,4.68750000e-02,-23.43750000,-25.39062500,1.95312500e+00
3066,1.09960938,1.05273438,4.68750000e-02,-120.12500000,-120.12500000,0.00000000e+00
3067,1.14648438,1.10449219,4.19921875e-02,25.39062500,13.67187500,1.17187500e+01
3068,2.71484375,2.73046875,1.56250000e-02,115.25000000,117.18750000,1.93750000e+00
3069,3.22070312,3.24023438,1.95312500e-02,184.62500000,187.50000000,2.87500000e+00
3070,1.17773438,1.17089844,6.83593750e-03,-21.48437500,-13.17968750,8.30468750e+00
3071,0.91796875,0.91894531,9.76562500e-04,13.67187500,16.35937500,2.68750000e+00
3072,3.03125000,3.08789062,5.66406250e-02,-46.87500000,-24.40625000,2.24687500e+01
3073,2.28906250,2.33203125,4.29687500e-02,-114.25000000,-112.31250000,1.93750000e+00
3074,2.64453125,2.66406250,1.95312500e-02,21.48437500,37.09375000,1.56093750e+01
3075,1.23828125,1.22460938,1.36718750e-02,-72.25000000,-75.18750000,2.93750000e+00
3076,5.90234375,5.78906250,1.13281250e-01,125.00000000,105.43750000,1.95625000e+01
3077,4.04296875,4.14062500,9.76562500e-02,-257.75000000,-253.87500000,3.87500000e+00
3078,1.09960938,1.08593750,1.36718750e-02,-4.88281250,-9.27343750,4.39062500e+00
3079,1.48046875,1.45800781,2.24609375e-02,98.62500000,101.56250000,2.93750000e+00
3080,1.07812500,1.05371094,2.44140625e-02,22.45312500,2.92968750,1.95234375e+01
3081,1.81640625,1.86132812,4.49218750e-02,-285.25000000,-272.50000000,1.27500000e+01
3082,4.76171875,4.78125000,1.95312500e-02,-1.95312500,-13.67187500,1.17187500e+01
3083,2.84179688,2.87500000,3.32031250e-02,39.06250000,47.84375000,8.78125000e+00
3084,3.09960938,3.17578125,7.61718750e-02,75.18750000,99.62500000,2.44375000e+01
3085,1.98925781,2.00000000,1.07421875e-02,-13.17968750,-25.39062500,1.22109375e+01
3086,3.57421875,3.64062500,6.64062500e-02,-384.75000000,-377.00000000,7.75000000e+00
3087,1.33105469,1.32714844,3.90625000e-03,-24.40625000,-26.85937500,2.45312500e+00
3088,4.75000000,4.81250000,6.25000000e-02,248.00000000,236.37500000,1.16250000e+01
3089,2.55664062,2.57812500,2.14843750e-02,28.31250000,17.57812500,1.07343750e+01
3090,4.38281250,4.46875000,8.59375000e-02,309.50000000,287.00000000,2.25000000e+01
3091,1.71484375,1.70117188,1.36718750e-02,124.00000000,132.75000000,8.75000000e+00
3092,2.38867188,2.40234375,1.36718750e-02,-117.18750000,-122.06250000,4.87500000e+00
3093,2.43554688,2.44726562,1.17187500e-02,243.12500000,236.37500000,6.75000000e+00
3094,1.51953125,1.50390625,1.56250000e-02,101.56250000,97.18750000,4.37500000e+00
3095,2.76171875,2.79492188,3.32031250e-02,230.50000000,237.25000000,6.75000000e+00
3096,3.32031250,3.38281250,6.25000000e-02,95.68750000,103.50000000,7.81250000e+00
3097,3.05078125,3.09375000,4.29687500e-02,-13.67187500,-16.59375000,2.92187500e+00
3098,2.38867188,2.43164062,4.29687500e-02,-93.75000000,-79.12500000,1.46250000e+01
3099,3.43359375,3.46093750,2.73437500e-02,90.81250000,103.50000000,1.26875000e+01
3100,1.43750000,1.42871094,8.78906250e-03,-26.35937500,-17.57812500,8.78125000e+00
3101,0.89160156,0.86425781,2.73437500e-02,-207.50000000,-220.25000000,1.27500000e+01
3102,2.65625000,2.68359375,2.73437500e-02,156.25000000,152.37500000,3.87500000e+00
3103,1.26757812,1.24609375,2.14843750e-02,-167.00000000,-169.87500000,2.87500000e+00
3104,0.97656250,0.94042969,3.61328125e-02,-114.25000000,-124.50000000,1.02500000e+01
3105,1.18164062,1.17968750,1.95312500e-03,9.76562500,7.81250000,1.95312500e+00
3106,1.90234375,1.90917969,6.83593750e-03,56.62500000,53.21875000,3.40625000e+00
3107,3.67773438,3.70898438,3.12500000e-02,231.50000000,244.12500000,1.26250000e+01
3108,2.33203125,2.36132812,2.92968750e-02,5.85937500,0.00000000,5.85937500e+00
3109,3.06640625,3.09570312,2.92968750e-02,17.57812500,17.57812500,0.00000000e+00
3110,4.29687500,4.32421875,2.73437500e-02,85.93750000,99.62500000,1.36875000e+01
3111,1.71679688,1.72460938,7.81250000e-03,275.00000000,277.75000000,2.75000000e+00
3112,2.14453125,2.09570312,4.88281250e-02,111.31250000,98.62500000,1.26875000e+01
3113,2.84179688,2.87304688,3.12500000e-02,95.68750000,94.75000000,9.37500000e-01
3114,2.71875000,2.75000000,3.12500000e-02,101.56250000,111.31250000,9.75000000e+00
3115,3.59960938,3.65234375,5.27343750e-02,-184.62500000,-191.37500000,6.75000000e+00
3116,1.18554688,1.12890625,5.66406250e-02,30.26562500,26.35937500,3.90625000e+00
3117,0.97558594,0.95214844,2.34375000e-02,-77.12500000,-62.00000000,1.51250000e+01
3118,2.40820312,2.43945312,3.12500000e-02,-126.93750000,-117.18750000,9.75000000e+00
3119,2.84570312,2.86328125,1.75781250e-02,-90.81250000,-83.00000000,7.81250000e+00
3120,1.02148438,1.00781250,1.36718750e-02,-141.12500000,-142.62500000,1.50000000e+00
3121,0.82568359,0.82128906,4.39453125e-03,-64.68750000,-61.53125000,3.15625000e+00
3122,3.10156250,3.12500000,2.34375000e-02,87.87500000,79.12500000,8.75000000e+00
3123,2.25781250,2.27734375,1.95312500e-02,-72.25000000,-84.00000000,1.17500000e+01
3124,2.63476562,2.63281250,1.95312500e-03,58.59375000,57.62500000,9.68750000e-01
3125,1.35156250,1.31250000,3.90625000e-02,3.90625000,-4.39453125,8.30078125e+00
3126,5.68750000,5.64453125,4.29687500e-02,123.06250000,123.06250000,0.00000000e+00
3127,4.57031250,4.67187500,1.01562500e-01,261.75000000,281.25000000,1.95000000e+01
3128,0.86132812,0.86425781,2.92968750e-03,-216.75000000,-209.50000000,7.25000000e+00
3129,1.27539062,1.25976562,1.56250000e-02,-81.06250000,-74.18750000,6.87500000e+00
3130,1.05175781,1.05175781,0.00000000e+00,32.71875000,30.76562500,1.95312500e+00
3131,2.04296875,2.06250000,1.95312500e-02,69.81250000,61.53125000,8.28125000e+00
3132,4.95312500,4.96093750,7.81250000e-03,277.25000000,261.75000000,1.55000000e+01
3133,2.76171875,2.78710938,2.53906250e-02,-39.06250000,-24.40625000,1.46562500e+01
3134,3.02734375,3.09179688,6.44531250e-02,94.75000000,114.25000000,1.95000000e+01
3135,1.89843750,1.89941406,9.76562500e-04,-89.81250000,-100.12500000,1.03125000e+01
3136,3.88281250,3.93750000,5.46875000e-02,8.78906250,18.54687500,9.75781250e+00
3137,1.29492188,1.29101562,3.90625000e-03,-49.31250000,-41.00000000,8.31250000e+00
3138,4.50000000,4.54687500,4.68750000e-02,-56.62500000,-80.06250000,2.34375000e+01
3139,2.49023438,2.50195312,1.17187500e-02,-44.90625000,-36.12500000,8.78125000e+00
3140,4.16796875,4.24218750,7.42187500e-02,35.15625000,35.15625000,0.00000000e+00
3141,1.71484375,1.66601562,4.88281250e-02,126.00000000,110.81250000,1.51875000e+01
3142,2.54882812,2.55078125,1.95312500e-03,18.54687500,24.40625000,5.85937500e+00
3143,2.25976562,2.32617188,6.64062500e-02,22.45312500,55.65625000,3.32031250e+01
3144,1.16210938,1.16210938,0.00000000e+00,-180.12500000,-175.75000000,4.37500000e+00
3145,2.68554688,2.69140625,5.85937500e-03,168.00000000,156.25000000,1.17500000e+01
3146,3.38671875,3.43359375,4.68750000e-02,161.12500000,154.25000000,6.87500000e+00
3147,3.31640625,3.35742188,4.10156250e-02,221.62500000,222.62500000,1.00000000e+00
3148,2.48437500,2.49218750,7.81250000e-03,-13.67187500,-20.50000000,6.82812500e+00
3149,3.48242188,3.50195312,1.95312500e-02,51.75000000,59.56250000,7.81250000e+00
3150,1.43554688,1.40039062,3.51562500e-02,48.81250000,42.96875000,5.84375000e+00
3151,0.94042969,0.91796875,2.24609375e-02,-169.00000000,-170.87500000,1.87500000e+00
3152,2.50585938,2.54882812,4.29687500e-02,51.75000000,67.37500000,1.56250000e+01
3153,1.33886719,1.32031250,1.85546875e-02,10.25000000,16.59375000,6.34375000e+00
3154,1.16406250,1.12109375,4.29687500e-02,111.31250000,101.06250000,1.02500000e+01
3155,1.17773438,1.17285156,4.88281250e-03,-5.85937500,4.88281250,1.07421875e+01
3156,1.51855469,1.52539062,6.83593750e-03,-311.00000000,-315.50000000,4.50000000e+00
3157,3.25976562,3.26562500,5.85937500e-03,-90.81250000,-107.43750000,1.66250000e+01
3158,2.59570312,2.61718750,2.14843750e-02,223.62500000,220.75000000,2.87500000e+00
3159,2.98046875,3.00781250,2.73437500e-02,-46.87500000,-49.81250000,2.93750000e+00
3160,4.02343750,4.04687500,2.34375000e-02,-140.62500000,-117.18750000,2.34375000e+01
3161,1.38085938,1.38476562,3.90625000e-03,8.78906250,14.64843750,5.85937500e+00
3162,1.86425781,1.82812500,3.61328125e-02,-143.12500000,-149.37500000,6.25000000e+00
3163,2.76757812,2.80664062,3.90625000e-02,-3.90625000,4.88281250,8.78906250e+00
3164,2.53710938,2.56054688,2.34375000e-02,-108.37500000,-104.50000000,3.87500000e+00
3165,3.74414062,3.82421875,8.00781250e-02,-63.46875000,-53.71875000,9.75000000e+00
3166,1.19531250,1.14746094,4.78515625e-02,80.06250000,75.68750000,4.37500000e+00
3167,0.92773438,0.90771484,2.00195312e-02,-123.06250000,-110.12500000,1.29375000e+01
3168,2.60742188,2.62500000,1.75781250e-02,31.25000000,30.26562500,9.84375000e-01
3169,2.90234375,2.91015625,7.81250000e-03,-71.31250000,-80.06250000,8.75000000e+00
3170,1.15234375,1.12304688,2.92968750e-02,66.87500000,63.00000000,3.87500000e+00
3171,0.83300781,0.83789062,4.88281250e-03,-52.25000000,-38.81250000,1.34375000e+01
3172,2.95703125,3.00781250,5.07812500e-02,-11.71875000,-14.64843750,2.92968750e+00
3173,2.34765625,2.39453125,4.68750000e-02,4.88281250,13.67187500,8.78906250e+00
3174,2.44531250,2.44921875,3.90625000e-03,-84.00000000,-84.00000000,0.00000000e+00
3175,1.36718750,1.33984375,2.73437500e-02,90.81250000,84.93750000,5.87500000e+00
3176,5.78125000,5.65234375,1.28906250e-01,31.25000000,-5.85937500,3.71093750e+01
3177,3.94921875,4.03906250,8.98437500e-02,-382.75000000,-384.75000000,2.00000000e+00
3178,0.98144531,0.98730469,5.85937500e-03,-26.85937500,-22.95312500,3.90625000e+00
3179,1.21289062,1.17480469,3.80859375e-02,-114.75000000,-128.37500000,1.36250000e+01
3180,1.02636719,1.02246094,3.90625000e-03,-14.64843750,-12.69531250,1.95312500e+00
3181,1.57812500,1.61816406,4.00390625e-02,-366.25000000,-364.75000000,1.50000000e+00
3182,5.07812500,5.13281250,5.46875000e-02,375.00000000,386.75000000,1.17500000e+01
3183,2.86328125,2.89062500,2.73437500e-02,153.37500000,159.12500000,5.75000000e+00
3184,2.75000000,2.81445312,6.44531250e-02,-85.93750000,-84.93750000,1.00000000e+00
3185,2.00195312,2.03710938,3.51562500e-02,33.68750000,51.75000000,1.80625000e+01
3186,3.88281250,3.96875000,8.59375000e-02,33.18750000,54.68750000,2.15000000e+01
3187,1.33593750,1.32226562,1.36718750e-02,48.81250000,42.00000000,6.81250000e+00
3188,4.56250000,4.64843750,8.59375000e-02,13.67187500,41.00000000,2.73281250e+01
3189,2.59179688,2.60351562,1.17187500e-02,141.62500000,137.75000000,3.87500000e+00
3190,3.61718750,3.71093750,9.37500000e-02,-390.50000000,-382.75000000,7.75000000e+00
3191,1.62207031,1.58984375,3.22265625e-02,84.50000000,85.93750000,1.43750000e+00
3192,2.23828125,2.23828125,0.00000000e+00,-129.87500000,-142.62500000,1.27500000e+01
3193,2.00390625,2.03906250,3.51562500e-02,-85.93750000,-82.00000000,3.93750000e+00
3194,1.30859375,1.28320312,2.53906250e-02,-66.37500000,-81.56250000,1.51875000e+01
3195,2.49023438,2.47656250,1.36718750e-02,2.92968750,-14.64843750,1.75781250e+01
3196,3.19726562,3.24804688,5.07812500e-02,43.93750000,28.31250000,1.56250000e+01
3197,3.09765625,3.15625000,5.85937500e-02,10.74218750,20.50000000,9.75781250e+00
3198,2.65625000,2.66406250,7.81250000e-03,171.87500000,163.12500000,8.75000000e+00
3199,3.10351562,3.11328125,9.76562500e-03,-203.12500000,-200.25000000,2.87500000e+00
3200,1.50097656,1.48437500,1.66015625e-02,165.50000000,177.75000000,1.22500000e+01
3201,1.18359375,1.14746094,3.61328125e-02,158.25000000,152.87500000,5.37500000e+00
3202,2.33984375,2.37109375,3.12500000e-02,-43.93750000,-45.90625000,1.96875000e+00
3203,1.22558594,1.22851562,2.92968750e-03,-37.59375000,-22.95312500,1.46406250e+01
3204,0.96777344,0.95019531,1.75781250e-02,1.46484375,1.46484375,0.00000000e+00
3205,1.22656250,1.21093750,1.56250000e-02,75.18750000,63.46875000,1.17187500e+01
3206,1.66796875,1.67187500,3.90625000e-03,-61.53125000,-67.37500000,5.84375000e+00
3207,3.45312500,3.45898438,5.85937500e-03,111.31250000,98.62500000,1.26875000e+01
3208,2.13281250,2.14062500,7.81250000e-03,-169.00000000,-188.50000000,1.95000000e+01
3209,2.80273438,2.82421875,2.14843750e-02,-196.25000000,-190.37500000,5.87500000e+00
3210,4.00781250,4.03906250,3.12500000e-02,-150.37500000,-128.87500000,2.15000000e+01
3211,1.46093750,1.44824219,1.26953125e-02,132.75000000,121.56250000,1.11875000e+01
3212,2.22460938,2.14062500,8.39843750e-02,209.50000000,167.00000000,4.25000000e+01
3213,2.58984375,2.63281250,4.29687500e-02,-95.68750000,-82.00000000,1.36875000e+01
3214,2.49218750,2.48046875,1.17187500e-02,-98.62500000,-119.12500000,2.05000000e+01
3215,3.85937500,3.90234375,4.29687500e-02,94.75000000,91.81250000,2.93750000e+00
3216,1.11914062,1.06250000,5.66406250e-02,62.50000000,49.56250000,1.29375000e+01
3217,0.91210938,0.87500000,3.71093750e-02,-94.25000000,-93.75000000,5.00000000e-01
3218,2.57421875,2.61132812,3.71093750e-02,2.92968750,14.64843750,1.17187500e+01
3219,2.76367188,2.77734375,1.36718750e-02,-120.12500000,-126.00000000,5.87500000e+00
3220,1.09277344,1.07519531,1.75781250e-02,-2.44140625,15.13281250,1.75742188e+01
3221,0.99511719,1.00585938,1.07421875e-02,139.12500000,150.62500000,1.15000000e+01
3222,2.77148438,2.81250000,4.10156250e-02,-149.37500000,-141.62500000,7.75000000e+00
3223,2.41406250,2.43945312,2.53906250e-02,109.37500000,106.43750000,2.93750000e+00
3224,2.49609375,2.50195312,5.85937500e-03,-42.96875000,-29.29687500,1.36718750e+01
3225,1.32031250,1.29687500,2.34375000e-02,81.06250000,75.18750000,5.87500000e+00
3226,5.78125000,5.71093750,7.03125000e-02,-39.06250000,-42.96875000,3.90625000e+00
3227,3.93359375,4.05078125,1.17187500e-01,-275.50000000,-259.75000000,1.57500000e+01
3228,1.10546875,1.08203125,2.34375000e-02,83.00000000,73.25000000,9.75000000e+00
3229,1.28515625,1.26953125,1.56250000e-02,19.53125000,21.48437500,1.95312500e+00
3230,0.72412109,0.72656250,2.44140625e-03,-225.87500000,-219.25000000,6.62500000e+00
3231,1.91796875,1.94726562,2.92968750e-02,-56.62500000,-63.46875000,6.84375000e+00
3232,4.75000000,4.75781250,7.81250000e-03,58.59375000,50.78125000,7.81250000e+00
3233,2.62695312,2.64062500,1.36718750e-02,-102.56250000,-108.37500000,5.81250000e+00
3234,3.02734375,3.09375000,6.64062500e-02,-95.68750000,-107.43750000,1.17500000e+01
3235,1.75097656,1.75097656,0.00000000e+00,-209.50000000,-231.00000000,2.15000000e+01
3236,3.48437500,3.57031250,8.59375000e-02,-330.00000000,-300.75000000,2.92500000e+01
3237,1.41015625,1.40234375,7.81250000e-03,133.75000000,136.75000000,3.00000000e+00
3238,4.86718750,4.94531250,7.81250000e-02,341.75000000,349.50000000,7.75000000e+00
3239,2.07421875,2.05273438,2.14843750e-02,-328.00000000,-359.25000000,3.12500000e+01
3240,3.87109375,3.93359375,6.25000000e-02,-103.50000000,-119.12500000,1.56250000e+01
3241,1.35742188,1.33886719,1.85546875e-02,-156.25000000,-155.25000000,1.00000000e+00
3242,2.37695312,2.37304688,3.90625000e-03,-26.35937500,-36.12500000,9.76562500e+00
3243,2.21875000,2.23828125,1.95312500e-02,58.59375000,54.68750000,3.90625000e+00
3244,1.31250000,1.30664062,5.85937500e-03,17.57812500,19.53125000,1.95312500e+00
3245,2.43554688,2.46093750,2.53906250e-02,-44.90625000,-42.96875000,1.93750000e+00
3246,3.20507812,3.27539062,7.03125000e-02,23.43750000,34.18750000,1.07500000e+01
3247,3.21484375,3.23632812,2.14843750e-02,171.87500000,162.12500000,9.75000000e+00
3248,2.47265625,2.46875000,3.90625000e-03,31.25000000,17.57812500,1.36718750e+01
3249,3.35742188,3.36328125,5.85937500e-03,39.06250000,46.87500000,7.81250000e+00
3250,1.24902344,1.23242188,1.66015625e-02,-52.71875000,-50.28125000,2.43750000e+00
3251,1.04882812,1.02343750,2.53906250e-02,14.15625000,9.27343750,4.88281250e+00
3252,2.40625000,2.44140625,3.51562500e-02,-17.57812500,-6.83593750,1.07421875e+01
3253,1.35644531,1.32812500,2.83203125e-02,95.68750000,79.56250000,1.61250000e+01
3254,0.98535156,0.94921875,3.61328125e-02,-0.48828125,-9.76562500,9.27734375e+00
3255,1.11523438,1.10058594,1.46484375e-02,11.71875000,0.48828125,1.12304688e+01
3256,1.68164062,1.73144531,4.98046875e-02,-7.32421875,11.22656250,1.85507812e+01
3257,3.27734375,3.28125000,3.90625000e-03,-76.18750000,-97.62500000,2.14375000e+01
3258,2.25781250,2.29296875,3.51562500e-02,-41.00000000,-27.34375000,1.36562500e+01
3259,2.93945312,2.94921875,9.76562500e-03,-60.53125000,-65.43750000,4.90625000e+00
3260,4.26171875,4.25000000,1.17187500e-02,168.00000000,150.37500000,1.76250000e+01
3261,1.31347656,1.33007812,1.66015625e-02,18.06250000,17.09375000,9.68750000e-01
3262,1.68164062,1.65136719,3.02734375e-02,-159.12500000,-150.87500000,8.25000000e+00
3263,2.84179688,2.84960938,7.81250000e-03,170.87500000,153.37500000,1.75000000e+01
3264,2.49218750,2.49414062,1.95312500e-03,-16.59375000,-14.64843750,1.94531250e+00
3265,3.90625000,3.96093750,5.46875000e-02,140.62500000,148.37500000,7.75000000e+00
3266,1.22949219,1.17675781,5.27343750e-02,136.75000000,130.37500000,6.37500000e+00
3267,1.06640625,1.04785156,1.85546875e-02,85.43750000,88.37500000,2.93750000e+00
3268,2.39843750,2.41992188,2.14843750e-02,-77.12500000,-74.18750000,2.93750000e+00
3269,2.82812500,2.85742188,2.92968750e-02,-15.62500000,-14.64843750,9.76562500e-01
3270,1.02441406,0.99902344,2.53906250e-02,9.27343750,-9.27343750,1.85468750e+01
3271,0.79882812,0.80517578,6.34765625e-03,-3.90625000,0.48828125,4.39453125e+00
3272,2.92968750,2.94335938,1.36718750e-02,-42.96875000,-55.65625000,1.26875000e+01
3273,2.21484375,2.24804688,3.32031250e-02,-84.00000000,-87.87500000,3.87500000e+00
3274,2.39648438,2.40234375,5.85937500e-03,-93.75000000,-94.75000000,1.00000000e+00
3275,1.10449219,1.08789062,1.66015625e-02,-106.93750000,-113.25000000,6.31250000e+00
3276,5.63281250,5.47265625,1.60156250e-01,-66.37500000,-91.81250000,2.54375000e+01
3277,4.07031250,4.18359375,1.13281250e-01,-54.68750000,-41.00000000,1.36875000e+01
3278,1.19726562,1.18750000,9.76562500e-03,235.37500000,226.12500000,9.25000000e+00
3279,1.38867188,1.36914062,1.95312500e-02,85.93750000,76.68750000,9.25000000e+00
3280,0.87011719,0.88134766,1.12304688e-02,-110.81250000,-107.18750000,3.62500000e+00
3281,1.86328125,1.89843750,3.51562500e-02,-13.17968750,-8.29687500,4.88281250e+00
3282,4.12500000,4.14843750,2.34375000e-02,-558.50000000,-568.50000000,1.00000000e+01
3283,2.95703125,2.94726562,9.76562500e-03,247.12500000,224.62500000,2.25000000e+01
3284,2.81054688,2.85742188,4.68750000e-02,-60.53125000,-83.00000000,2.24687500e+01
3285,1.65429688,1.68164062,2.73437500e-02,-188.50000000,-190.37500000,1.87500000e+00
3286,3.80078125,3.83593750,3.51562500e-02,-11.71875000,-3.90625000,7.81250000e+00
3287,0.99511719,1.00195312,6.83593750e-03,-218.25000000,-213.87500000,4.37500000e+00
3288,4.41406250,4.48437500,7.03125000e-02,-7.81250000,-11.71875000,3.90625000e+00
3289,2.52343750,2.52929688,5.85937500e-03,167.00000000,163.12500000,3.87500000e+00
3290,3.91210938,3.96289062,5.07812500e-02,-53.71875000,-65.43750000,1.17187500e+01
3291,1.22656250,1.20117188,2.53906250e-02,-274.50000000,-283.75000000,9.25000000e+00
3292,2.24609375,2.27148438,2.53906250e-02,-99.62500000,-86.93750000,1.26875000e+01
3293,1.94140625,1.97753906,3.61328125e-02,-164.00000000,-164.50000000,5.00000000e-01
3294,1.52636719,1.47167969,5.46875000e-02,237.25000000,204.62500000,3.26250000e+01
3295,2.39062500,2.40429688,1.36718750e-02,-10.74218750,-2.92968750,7.81250000e+00
3296,2.91796875,2.95703125,3.90625000e-02,-214.87500000,-224.62500000,9.75000000e+00
3297,2.83789062,2.84765625,9.76562500e-03,-157.25000000,-167.00000000,9.75000000e+00
3298,2.26367188,2.26367188,0.00000000e+00,-91.81250000,-93.75000000,1.93750000e+00
3299,3.32617188,3.33203125,5.85937500e-03,86.93750000,88.87500000,1.93750000e+00
3300,1.35644531,1.33593750,2.05078125e-02,60.06250000,59.09375000,9.68750000e-01
3301,0.76953125,0.75927734,1.02539062e-02,-186.50000000,-183.87500000,2.62500000e+00
3302,2.48632812,2.51953125,3.32031250e-02,155.25000000,155.25000000,0.00000000e+00
3303,1.07519531,1.07421875,9.76562500e-04,-172.37500000,-156.25000000,1.61250000e+01
3304,0.84619141,0.83349609,1.26953125e-02,-129.62500000,-129.12500000,5.00000000e-01
3305,1.06445312,1.04882812,1.56250000e-02,-43.93750000,-50.78125000,6.84375000e+00
3306,1.59179688,1.63085938,3.90625000e-02,-58.09375000,-53.71875000,4.37500000e+00
3307,3.30468750,3.33203125,2.73437500e-02,0.97656250,21.48437500,2.05078125e+01
3308,2.06445312,2.10156250,3.71093750e-02,-193.37500000,-179.62500000,1.37500000e+01
3309,2.89453125,2.90820312,1.36718750e-02,-25.39062500,-21.48437500,3.90625000e+00
3310,4.02343750,4.00390625,1.95312500e-02,24.40625000,9.76562500,1.46406250e+01
3311,1.23730469,1.23437500,2.92968750e-03,-42.46875000,-48.81250000,6.34375000e+00
3312,1.99804688,1.97265625,2.53906250e-02,152.37500000,167.00000000,1.46250000e+01
3313,2.63476562,2.65234375,1.75781250e-02,37.09375000,25.39062500,1.17031250e+01
3314,2.52343750,2.53515625,1.17187500e-02,1.95312500,2.92968750,9.76562500e-01
3315,3.56640625,3.62890625,6.25000000e-02,-85.93750000,-89.81250000,3.87500000e+00
3316,0.98046875,0.94873047,3.17382812e-02,-91.81250000,-85.68750000,6.12500000e+00
3317,0.86425781,0.84326172,2.09960938e-02,-110.37500000,-102.81250000,7.56250000e+00
3318,2.29296875,2.30468750,1.17187500e-02,-145.50000000,-153.37500000,7.87500000e+00
3319,3.01562500,3.05859375,4.29687500e-02,260.75000000,262.75000000,2.00000000e+00
3320,1.01074219,0.99951172,1.12304688e-02,-27.34375000,-25.14062500,2.20312500e+00
3321,0.72656250,0.71679688,9.76562500e-03,-57.87500000,-76.18750000,1.83125000e+01
3322,2.99609375,3.03515625,3.90625000e-02,185.50000000,183.62500000,1.87500000e+00
3323,2.25976562,2.30078125,4.10156250e-02,-15.62500000,-4.88281250,1.07421875e+01
3324,2.41015625,2.41406250,3.90625000e-03,-47.84375000,-39.06250000,8.78125000e+00
3325,1.10351562,1.09375000,9.76562500e-03,-92.31250000,-89.81250000,2.50000000e+00
3326,6.28515625,6.20312500,8.20312500e-02,592.00000000,562.50000000,2.95000000e+01
3327,4.22656250,4.30859375,8.20312500e-02,114.25000000,117.18750000,2.93750000e+00
3328,0.90869141,0.90429688,4.39453125e-03,3.17382812,0.97656250,2.19726562e+00
3329,1.32031250,1.28906250,3.12500000e-02,49.81250000,51.75000000,1.93750000e+00
3330,0.91113281,0.89990234,1.12304688e-02,-41.50000000,-55.40625000,1.39062500e+01
3331,2.05468750,2.05859375,3.90625000e-03,190.87500000,159.62500000,3.12500000e+01
3332,4.92187500,4.92968750,7.81250000e-03,304.75000000,293.00000000,1.17500000e+01
3333,2.47851562,2.53515625,5.66406250e-02,-169.00000000,-168.00000000,1.00000000e+00
3334,2.68750000,2.72851562,4.10156250e-02,-21.48437500,-37.09375000,1.56093750e+01
3335,1.86816406,1.88476562,1.66015625e-02,-23.43750000,-14.64843750,8.78906250e+00
3336,3.65625000,3.69140625,3.51562500e-02,-164.00000000,-146.50000000,1.75000000e+01
3337,1.02929688,1.01757812,1.17187500e-02,-112.81250000,-111.31250000,1.50000000e+00
3338,4.64843750,4.71093750,6.25000000e-02,193.37500000,191.37500000,2.00000000e+00
3339,2.32031250,2.33593750,1.56250000e-02,78.12500000,89.81250000,1.16875000e+01
3340,3.90039062,3.96093750,6.05468750e-02,49.81250000,40.03125000,9.78125000e+00
3341,1.60546875,1.56445312,4.10156250e-02,51.75000000,34.18750000,1.75625000e+01
3342,2.32812500,2.34179688,1.36718750e-02,-1.95312500,-8.78906250,6.83593750e+00
3343,2.06640625,2.11132812,4.49218750e-02,-6.83593750,-13.67187500,6.83593750e+00
3344,1.33984375,1.33007812,9.76562500e-03,128.87500000,130.87500000,2.00000000e+00
3345,2.41015625,2.40820312,1.95312500e-03,-4.88281250,-4.88281250,0.00000000e+00
3346,3.10156250,3.17968750,7.81250000e-02,11.71875000,19.53125000,7.81250000e+00
3347,2.84570312,2.87109375,2.53906250e-02,-91.81250000,-104.50000000,1.26875000e+01
3348,2.42382812,2.46093750,3.71093750e-02,78.12500000,90.81250000,1.26875000e+01
3349,3.35156250,3.34960938,1.95312500e-03,185.50000000,176.75000000,8.75000000e+00
3350,1.12792969,1.10351562,2.44140625e-02,-113.25000000,-118.18750000,4.93750000e+00
3351,1.07226562,1.05371094,1.85546875e-02,146.50000000,142.37500000,4.12500000e+00
3352,2.05273438,2.07617188,2.34375000e-02,-243.12500000,-252.87500000,9.75000000e+00
3353,1.13769531,1.13378906,3.90625000e-03,-99.62500000,-89.37500000,1.02500000e+01
3354,1.02636719,0.99414062,3.22265625e-02,109.87500000,98.62500000,1.12500000e+01
3355,0.99316406,0.97753906,1.56250000e-02,-85.93750000,-103.00000000,1.70625000e+01
3356,1.44531250,1.47656250,3.12500000e-02,-183.62500000,-183.62500000,0.00000000e+00
3357,3.10546875,3.12304688,1.75781250e-02,-158.25000000,-144.50000000,1.37500000e+01
3358,2.32226562,2.35546875,3.32031250e-02,107.43750000,118.18750000,1.07500000e+01
3359,2.95703125,2.98437500,2.73437500e-02,89.81250000,109.37500000,1.95625000e+01
3360,3.82031250,3.83984375,1.95312500e-02,-142.62500000,-123.06250000,1.95625000e+01
3361,1.36328125,1.37207031,8.78906250e-03,87.87500000,92.31250000,4.43750000e+00
3362,1.75976562,1.71191406,4.78515625e-02,-49.81250000,-71.75000000,2.19375000e+01
3363,2.43945312,2.48242188,4.29687500e-02,-133.75000000,-129.87500000,3.87500000e+00
3364,2.57226562,2.58789062,1.56250000e-02,84.93750000,84.00000000,9.37500000e-01
3365,3.58593750,3.63281250,4.68750000e-02,-11.71875000,-31.25000000,1.95312500e+01
3366,0.98046875,0.96093750,1.95312500e-02,-19.53125000,-9.27343750,1.02578125e+01
3367,0.92529297,0.89453125,3.07617188e-02,-1.22070312,-7.32421875,6.10351562e+00
3368,2.35546875,2.36718750,1.17187500e-02,-37.09375000,-42.96875000,5.87500000e+00
3369,2.77929688,2.81054688,3.12500000e-02,4.88281250,0.97656250,3.90625000e+00
3370,0.94238281,0.93554688,6.83593750e-03,-70.81250000,-79.56250000,8.75000000e+00
3371,0.65917969,0.66699219,7.81250000e-03,-150.87500000,-144.50000000,6.37500000e+00
3372,2.64843750,2.70117188,5.27343750e-02,-115.25000000,-90.81250000,2.44375000e+01
3373,2.12304688,2.18945312,6.64062500e-02,-52.71875000,-39.06250000,1.36562500e+01
3374,2.48828125,2.49804688,9.76562500e-03,60.53125000,64.43750000,3.90625000e+00
3375,1.17968750,1.16992188,9.76562500e-03,39.06250000,43.46875000,4.40625000e+00
3376,5.81250000,5.75781250,5.46875000e-02,355.50000000,410.25000000,5.47500000e+01
3377,4.04687500,4.15234375,1.05468750e-01,3.90625000,3.90625000,0.00000000e+00
3378,0.73486328,0.73339844,1.46484375e-03,-171.62500000,-168.00000000,3.62500000e+00
3379,1.61132812,1.57031250,4.10156250e-02,358.00000000,346.75000000,1.12500000e+01
3380,0.86328125,0.85937500,3.90625000e-03,-44.90625000,-57.12500000,1.22187500e+01
3381,1.75390625,1.79785156,4.39453125e-02,-86.93750000,-79.12500000,7.81250000e+00
3382,4.63281250,4.66406250,3.12500000e-02,68.37500000,60.53125000,7.84375000e+00
3383,2.70117188,2.73828125,3.71093750e-02,41.00000000,37.09375000,3.90625000e+00
3384,2.42187500,2.46875000,4.68750000e-02,-338.00000000,-341.75000000,3.75000000e+00
3385,1.74902344,1.76757812,1.85546875e-02,-112.81250000,-108.37500000,4.43750000e+00
3386,3.72460938,3.74609375,2.14843750e-02,21.48437500,9.76562500,1.17187500e+01
3387,1.18945312,1.18164062,7.81250000e-03,90.31250000,94.75000000,4.43750000e+00
3388,4.39453125,4.45703125,6.25000000e-02,41.00000000,33.18750000,7.81250000e+00
3389,2.24609375,2.25781250,1.17187500e-02,30.26562500,32.21875000,1.95312500e+00
3390,3.83203125,3.88867188,5.66406250e-02,18.54687500,2.92968750,1.56171875e+01
3391,1.37500000,1.36035156,1.46484375e-02,5.37109375,6.34765625,9.76562500e-01
3392,2.36523438,2.38867188,2.34375000e-02,66.37500000,81.06250000,1.46875000e+01
3393,1.99316406,2.03515625,4.19921875e-02,-1.46484375,-4.88281250,3.41796875e+00
3394,1.25390625,1.25292969,9.76562500e-04,89.81250000,94.75000000,4.93750000e+00
3395,2.31835938,2.31835938,0.00000000e+00,-56.62500000,-49.81250000,6.81250000e+00
3396,3.07617188,3.13476562,5.85937500e-02,59.56250000,65.43750000,5.87500000e+00
3397,2.86718750,2.87109375,3.90625000e-03,-28.31250000,-45.90625000,1.75937500e+01
3398,2.18750000,2.21679688,2.92968750e-02,-46.87500000,-48.81250000,1.93750000e+00
3399,3.22460938,3.21093750,1.36718750e-02,41.00000000,29.29687500,1.17031250e+01
3400,1.29394531,1.27246094,2.14843750e-02,89.81250000,88.37500000,1.43750000e+00
3401,1.00781250,0.97460938,3.32031250e-02,83.25000000,74.18750000,9.06250000e+00
3402,2.38085938,2.39843750,1.75781250e-02,72.25000000,59.56250000,1.26875000e+01
3403,1.22265625,1.22363281,9.76562500e-04,57.12500000,71.75000000,1.46250000e+01
3404,0.90820312,0.88916016,1.90429688e-02,-14.40625000,-12.93750000,1.46875000e+00
3405,1.03320312,1.03613281,2.92968750e-03,-14.64843750,-5.37109375,9.27734375e+00
3406,1.55664062,1.57812500,2.14843750e-02,-71.31250000,-70.31250000,1.00000000e+00
3407,3.09179688,3.11132812,1.95312500e-02,-99.62500000,-106.43750000,6.81250000e+00
3408,2.24218750,2.26171875,1.95312500e-02,83.00000000,77.12500000,5.87500000e+00
3409,3.00585938,3.01953125,1.36718750e-02,172.87500000,179.62500000,6.75000000e+00
3410,3.88867188,3.89648438,7.81250000e-03,-63.46875000,-55.65625000,7.81250000e+00
3411,1.21191406,1.21484375,2.92968750e-03,-31.25000000,-29.29687500,1.95312500e+00
3412,1.70410156,1.66699219,3.71093750e-02,-116.68750000,-115.75000000,9.37500000e-01
3413,2.41992188,2.47070312,5.07812500e-02,-67.37500000,-57.62500000,9.75000000e+00
3414,2.40820312,2.43359375,2.53906250e-02,-51.75000000,-33.18750000,1.85625000e+01
3415,3.38281250,3.43359375,5.07812500e-02,-126.93750000,-154.25000000,2.73125000e+01
3416,0.88281250,0.85937500,2.34375000e-02,-72.25000000,-60.53125000,1.17187500e+01
3417,0.90869141,0.86914062,3.95507812e-02,18.31250000,7.07812500,1.12343750e+01
3418,2.33203125,2.34960938,1.75781250e-02,-57.62500000,-64.43750000,6.81250000e+00
3419,2.89843750,2.91406250,1.56250000e-02,129.87500000,114.25000000,1.56250000e+01
3420,0.88671875,0.86474609,2.19726562e-02,-43.93750000,-57.37500000,1.34375000e+01
3421,0.76025391,0.76074219,4.88281250e-04,-16.84375000,-7.07812500,9.76562500e+00
3422,2.71875000,2.77148438,5.27343750e-02,22.45312500,33.18750000,1.07343750e+01
3423,2.14648438,2.20312500,5.66406250e-02,-52.71875000,-41.00000000,1.17187500e+01
3424,2.49414062,2.50390625,9.76562500e-03,153.37500000,152.37500000,1.00000000e+00
3425,0.99707031,0.99316406,3.90625000e-03,-116.18750000,-108.87500000,7.31250000e+00
3426,5.50781250,5.23828125,2.69531250e-01,68.37500000,-5.85937500,7.42343750e+01
3427,3.91406250,4.04687500,1.32812500e-01,-154.25000000,-126.93750000,2.73125000e+01
3428,1.00097656,1.00000000,9.76562500e-04,135.75000000,139.62500000,3.87500000e+00
3429,1.15917969,1.14257812,1.66015625e-02,-25.87500000,-39.06250000,1.31875000e+01
3430,0.79980469,0.80371094,3.90625000e-03,-45.90625000,-41.50000000,4.40625000e+00
3431,1.65820312,1.66601562,7.81250000e-03,-103.50000000,-125.50000000,2.20000000e+01
3432,4.48437500,4.53125000,4.68750000e-02,-109.37500000,-85.93750000,2.34375000e+01
3433,2.77539062,2.83984375,6.44531250e-02,153.37500000,159.12500000,5.75000000e+00
3434,2.75781250,2.83593750,7.81250000e-02,44.90625000,53.71875000,8.81250000e+00
3435,1.76367188,1.79199219,2.83203125e-02,-49.31250000,-58.59375000,9.28125000e+00
3436,3.95898438,3.99609375,3.71093750e-02,335.00000000,320.25000000,1.47500000e+01
3437,1.09960938,1.12304688,2.34375000e-02,-30.76562500,-6.83593750,2.39296875e+01
3438,4.19531250,4.26953125,7.42187500e-02,-82.00000000,-84.00000000,2.00000000e+00
3439,1.86132812,1.86914062,7.81250000e-03,-317.50000000,-328.00000000,1.05000000e+01
3440,3.69140625,3.79296875,1.01562500e-01,-57.62500000,-48.81250000,8.81250000e+00
3441,1.63671875,1.59375000,4.29687500e-02,187.00000000,177.75000000,9.25000000e+00
3442,2.34960938,2.35546875,5.85937500e-03,163.12500000,158.25000000,4.87500000e+00
3443,2.21289062,2.25000000,3.71093750e-02,203.12500000,207.00000000,3.87500000e+00
3444,1.13671875,1.13281250,3.90625000e-03,-20.50000000,-22.45312500,1.95312500e+00
3445,2.32617188,2.32226562,3.90625000e-03,5.85937500,5.85937500,0.00000000e+00
3446,3.04296875,3.11523438,7.22656250e-02,39.06250000,49.81250000,1.07500000e+01
3447,2.64843750,2.68164062,3.32031250e-02,-197.25000000,-203.12500000,5.87500000e+00
3448,2.28320312,2.32031250,3.71093750e-02,20.50000000,18.54687500,1.95312500e+00
3449,3.05859375,3.07617188,1.75781250e-02,-116.18750000,-104.50000000,1.16875000e+01
3450,1.38378906,1.35742188,2.63671875e-02,180.12500000,184.62500000,4.50000000e+00
3451,0.99609375,0.95019531,4.58984375e-02,61.03125000,43.46875000,1.75625000e+01
3452,2.10156250,2.13671875,3.51562500e-02,-115.25000000,-118.18750000,2.93750000e+00
3453,1.14355469,1.12890625,1.46484375e-02,-3.41796875,-5.85937500,2.44140625e+00
3454,0.90625000,0.87060547,3.56445312e-02,19.53125000,10.25000000,9.28125000e+00
3455,0.86132812,0.85839844,2.92968750e-03,-133.75000000,-127.43750000,6.31250000e+00
3456,1.41406250,1.42285156,8.78906250e-03,-243.12500000,-252.00000000,8.87500000e+00
3457,3.04687500,3.03710938,9.76562500e-03,-169.87500000,-173.87500000,4.00000000e+00
3458,2.25585938,2.30468750,4.88281250e-02,78.12500000,105.43750000,2.73125000e+01
3459,3.03125000,3.01171875,1.95312500e-02,172.87500000,150.37500000,2.25000000e+01
3460,3.99414062,3.97460938,1.95312500e-02,120.12500000,105.43750000,1.46875000e+01
3461,1.47851562,1.49804688,1.95312500e-02,270.50000000,284.75000000,1.42500000e+01
3462,1.92871094,1.90820312,2.05078125e-02,157.75000000,160.62500000,2.87500000e+00
3463,2.42773438,2.47460938,4.68750000e-02,-59.56250000,-45.90625000,1.36562500e+01
3464,2.27929688,2.27539062,3.90625000e-03,-65.43750000,-72.25000000,6.81250000e+00
3465,3.41992188,3.49609375,7.61718750e-02,-22.45312500,-11.71875000,1.07343750e+01
3466,1.12695312,1.07031250,5.66406250e-02,148.62500000,139.12500000,9.50000000e+00
3467,0.99023438,0.94335938,4.68750000e-02,105.25000000,95.68750000,9.56250000e+00
3468,2.21289062,2.22656250,1.36718750e-02,-92.75000000,-95.68750000,2.93750000e+00
3469,2.68945312,2.73828125,4.88281250e-02,-70.31250000,-53.71875000,1.65937500e+01
3470,0.90332031,0.89355469,9.76562500e-03,-37.59375000,-32.21875000,5.37500000e+00
3471,0.63378906,0.62060547,1.31835938e-02,-146.00000000,-145.25000000,7.50000000e-01
3472,2.94531250,2.96093750,1.56250000e-02,352.50000000,338.00000000,1.45000000e+01
3473,2.24609375,2.29687500,5.07812500e-02,88.87500000,100.56250000,1.16875000e+01
3474,2.26171875,2.27343750,1.17187500e-02,-50.78125000,-38.09375000,1.26875000e+01
3475,0.95800781,0.92578125,3.22265625e-02,-137.25000000,-151.87500000,1.46250000e+01
3476,5.55468750,5.44921875,1.05468750e-01,82.00000000,64.43750000,1.75625000e+01
3477,4.24218750,4.35937500,1.17187500e-01,248.00000000,267.50000000,1.95000000e+01
3478,0.79199219,0.78613281,5.85937500e-03,-55.90625000,-49.31250000,6.59375000e+00
3479,1.27539062,1.24218750,3.32031250e-02,98.12500000,92.75000000,5.37500000e+00
3480,0.83691406,0.82958984,7.32421875e-03,-9.03125000,-18.31250000,9.28125000e+00
3481,1.95996094,2.00390625,4.39453125e-02,228.50000000,235.37500000,6.87500000e+00
3482,4.38671875,4.39062500,3.90625000e-03,-48.81250000,-66.37500000,1.75625000e+01
3483,2.70507812,2.75000000,4.49218750e-02,72.25000000,75.18750000,2.93750000e+00
3484,2.57031250,2.60546875,3.51562500e-02,-113.25000000,-121.06250000,7.81250000e+00
3485,1.67382812,1.70019531,2.63671875e-02,-110.37500000,-117.68750000,7.31250000e+00
3486,3.60937500,3.69140625,8.20312500e-02,43.93750000,82.00000000,3.80625000e+01
3487,1.18750000,1.18457031,2.92968750e-03,103.00000000,105.68750000,2.68750000e+00
3488,4.52343750,4.60546875,8.20312500e-02,347.75000000,352.50000000,4.75000000e+00
3489,2.15625000,2.17187500,1.56250000e-02,14.64843750,25.39062500,1.07421875e+01
3490,3.76953125,3.86718750,9.76562500e-02,44.90625000,56.62500000,1.17187500e+01
3491,1.39453125,1.34277344,5.17578125e-02,-37.09375000,-47.37500000,1.02812500e+01
3492,2.37695312,2.38281250,5.85937500e-03,178.75000000,175.75000000,3.00000000e+00
3493,2.00000000,2.03125000,3.12500000e-02,25.39062500,32.21875000,6.82812500e+00
3494,1.23339844,1.19433594,3.90625000e-02,77.62500000,67.87500000,9.75000000e+00
3495,2.25781250,2.26953125,1.17187500e-02,-38.09375000,-30.26562500,7.82812500e+00
3496,3.02734375,3.09179688,6.44531250e-02,100.56250000,102.56250000,2.00000000e+00
3497,2.69726562,2.71093750,1.36718750e-02,-115.25000000,-118.18750000,2.93750000e+00
3498,2.16406250,2.20312500,3.90625000e-02,-69.31250000,-59.56250000,9.75000000e+00
3499,3.27343750,3.26171875,1.17187500e-02,118.18750000,116.18750000,2.00000000e+00
3500,1.06640625,1.04394531,2.24609375e-02,-109.37500000,-105.00000000,4.37500000e+00
3501,0.72412109,0.69384766,3.02734375e-02,-165.75000000,-167.75000000,2.00000000e+00
3502,2.48046875,2.51562500,3.51562500e-02,241.25000000,251.00000000,9.75000000e+00
3503,1.13085938,1.09375000,3.71093750e-02,5.85937500,-15.13281250,2.09921875e+01
3504,0.76269531,0.73632812,2.63671875e-02,-85.93750000,-84.25000000,1.68750000e+00
3505,0.92578125,0.91894531,6.83593750e-03,-65.93750000,-59.56250000,6.37500000e+00
3506,1.70898438,1.74414062,3.51562500e-02,60.53125000,74.18750000,1.36562500e+01
3507,3.11718750,3.11914062,1.95312500e-03,-93.75000000,-84.93750000,8.81250000e+00
3508,2.08984375,2.13281250,4.29687500e-02,-29.29687500,-7.81250000,2.14843750e+01
3509,2.69726562,2.70507812,7.81250000e-03,-104.50000000,-102.56250000,1.93750000e+00
3510,3.86328125,3.85156250,1.17187500e-02,-58.59375000,-59.56250000,9.68750000e-01
3511,1.27734375,1.25390625,2.34375000e-02,73.25000000,65.93750000,7.31250000e+00
3512,1.75585938,1.75585938,0.00000000e+00,22.95312500,32.21875000,9.26562500e+00
3513,2.58984375,2.60937500,1.95312500e-02,82.00000000,87.87500000,5.87500000e+00
3514,2.25781250,2.25390625,3.90625000e-03,-155.25000000,-162.12500000,6.87500000e+00
3515,3.49609375,3.56640625,7.03125000e-02,18.54687500,21.48437500,2.93750000e+00
3516,0.95898438,0.92968750,2.92968750e-02,26.85937500,27.34375000,4.84375000e-01
3517,0.87744141,0.83740234,4.00390625e-02,18.06250000,16.84375000,1.21875000e+00
3518,2.25000000,2.25195312,1.95312500e-03,-70.31250000,-76.18750000,5.87500000e+00
3519,2.73828125,2.78320312,4.49218750e-02,46.87500000,55.65625000,8.78125000e+00
3520,1.15039062,1.14453125,5.85937500e-03,213.62500000,219.00000000,5.37500000e+00
3521,0.61425781,0.60253906,1.17187500e-02,-136.75000000,-128.37500000,8.37500000e+00
3522,2.51562500,2.53515625,1.95312500e-02,-121.06250000,-133.75000000,1.26875000e+01
3523,2.09765625,2.12890625,3.12500000e-02,-12.69531250,-12.69531250,0.00000000e+00
3524,2.26367188,2.25781250,5.85937500e-03,-67.37500000,-72.25000000,4.87500000e+00
3525,1.07226562,1.03320312,3.90625000e-02,12.69531250,-6.83593750,1.95312500e+01
3526,5.96875000,5.80468750,1.64062500e-01,379.00000000,355.50000000,2.35000000e+01
3527,3.83984375,3.96093750,1.21093750e-01,-158.25000000,-136.75000000,2.15000000e+01
3528,1.08886719,1.06738281,2.14843750e-02,198.00000000,189.75000000,8.25000000e+00
3529,1.04296875,1.04199219,9.76562500e-04,-144.50000000,-133.25000000,1.12500000e+01
3530,0.85839844,0.83789062,2.05078125e-02,22.21875000,10.98437500,1.12343750e+01
3531,1.76562500,1.78320312,1.75781250e-02,26.35937500,13.67187500,1.26875000e+01
3532,4.45312500,4.46875000,1.56250000e-02,35.15625000,17.57812500,1.75781250e+01
3533,2.54882812,2.59179688,4.29687500e-02,-2.92968750,-19.53125000,1.66015625e+01
3534,2.74609375,2.77734375,3.12500000e-02,60.53125000,46.87500000,1.36562500e+01
3535,1.70117188,1.73535156,3.41796875e-02,-45.40625000,-43.93750000,1.46875000e+00
3536,3.39062500,3.46093750,7.03125000e-02,-128.87500000,-126.93750000,1.93750000e+00
3537,1.30859375,1.29492188,1.36718750e-02,204.87500000,207.00000000,2.12500000e+00
3538,4.39062500,4.44531250,5.46875000e-02,160.12500000,152.37500000,7.75000000e+00
3539,2.01757812,2.05468750,3.71093750e-02,-168.00000000,-142.62500000,2.53750000e+01
3540,3.80468750,3.89453125,8.98437500e-02,62.50000000,65.43750000,2.93750000e+00
3541,1.61523438,1.58789062,2.73437500e-02,227.50000000,223.12500000,4.37500000e+00
3542,2.35937500,2.37695312,1.75781250e-02,232.37500000,230.50000000,1.87500000e+00
3543,2.18945312,2.22070312,3.12500000e-02,237.75000000,231.50000000,6.25000000e+00
3544,1.33789062,1.34960938,1.17187500e-02,247.75000000,264.25000000,1.65000000e+01
3545,2.41210938,2.44335938,3.12500000e-02,99.62500000,123.06250000,2.34375000e+01
3546,3.23828125,3.27734375,3.90625000e-02,257.75000000,248.00000000,9.75000000e+00
3547,2.79296875,2.82812500,3.51562500e-02,-33.18750000,-24.40625000,8.78125000e+00
3548,2.28125000,2.29882812,1.75781250e-02,53.71875000,47.84375000,5.87500000e+00
3549,2.82031250,2.81640625,3.90625000e-03,-269.50000000,-270.50000000,1.00000000e+00
3550,1.12988281,1.10742188,2.24609375e-02,-6.34765625,-15.13281250,8.78515625e+00
3551,0.84667969,0.81298828,3.36914062e-02,23.43750000,10.74218750,1.26953125e+01
3552,2.29296875,2.33007812,3.71093750e-02,103.50000000,110.37500000,6.87500000e+00
3553,0.98144531,0.95703125,2.44140625e-02,-98.62500000,-109.87500000,1.12500000e+01
3554,0.66210938,0.63525391,2.68554688e-02,-129.87500000,-135.00000000,5.12500000e+00
3555,0.98486328,0.98388672,9.76562500e-04,44.90625000,57.87500000,1.29687500e+01
3556,1.46679688,1.48437500,1.75781250e-02,-141.62500000,-149.87500000,8.25000000e+00
3557,3.14843750,3.16992188,2.14843750e-02,66.37500000,76.18750000,9.81250000e+00
3558,2.19140625,2.18750000,3.90625000e-03,122.56250000,101.56250000,2.10000000e+01
3559,2.74218750,2.77343750,3.12500000e-02,-60.53125000,-36.12500000,2.44062500e+01
3560,3.90820312,3.89453125,1.36718750e-02,127.93750000,119.12500000,8.81250000e+00
3561,1.22460938,1.22851562,3.90625000e-03,79.12500000,90.31250000,1.11875000e+01
3562,1.58007812,1.57128906,8.78906250e-03,-71.75000000,-58.59375000,1.31562500e+01
3563,2.42578125,2.44335938,1.75781250e-02,-56.62500000,-68.37500000,1.17500000e+01
3564,2.26171875,2.27343750,1.17187500e-02,-75.18750000,-55.65625000,1.95312500e+01
3565,3.39257812,3.43945312,4.68750000e-02,-76.18750000,-86.93750000,1.07500000e+01
3566,0.92871094,0.88574219,4.29687500e-02,54.68750000,46.87500000,7.81250000e+00
3567,0.95800781,0.93359375,2.44140625e-02,102.81250000,103.00000000,1.87500000e-01
3568,2.24609375,2.25195312,5.85937500e-03,-95.68750000,-92.75000000,2.93750000e+00
3569,2.90234375,2.93164062,2.92968750e-02,182.62500000,190.37500000,7.75000000e+00
3570,0.96289062,0.96484375,1.95312500e-03,82.00000000,92.75000000,1.07500000e+01
3571,0.77832031,0.76660156,1.17187500e-02,42.46875000,40.53125000,1.93750000e+00
3572,2.69726562,2.73437500,3.71093750e-02,100.56250000,96.68750000,3.87500000e+00
3573,1.98046875,2.02539062,4.49218750e-02,-67.37500000,-62.50000000,4.87500000e+00
3574,2.11914062,2.10937500,9.76562500e-03,-119.12500000,-132.75000000,1.36250000e+01
3575,1.10742188,1.08886719,1.85546875e-02,43.93750000,41.00000000,2.93750000e+00
3576,5.15625000,4.90625000,2.50000000e-01,-265.50000000,-332.00000000,6.65000000e+01
3577,4.15625000,4.26953125,1.13281250e-01,234.37500000,237.25000000,2.87500000e+00
3578,0.71044922,0.69433594,1.61132812e-02,-107.93750000,-113.50000000,5.56250000e+00
3579,0.95996094,0.94238281,1.75781250e-02,-176.75000000,-165.00000000,1.17500000e+01
3580,0.77783203,0.77929688,1.46484375e-03,-29.29687500,-23.43750000,5.85937500e+00
3581,1.65917969,1.70410156,4.49218750e-02,-73.25000000,-79.12500000,5.87500000e+00
3582,4.55468750,4.56250000,7.81250000e-03,158.25000000,144.50000000,1.37500000e+01
3583,2.81054688,2.85351562,4.29687500e-02,276.25000000,276.25000000,0.00000000e+00
3584,2.60546875,2.65625000,5.07812500e-02,37.09375000,41.00000000,3.90625000e+00
3585,1.62402344,1.64550781,2.14843750e-02,-144.00000000,-139.12500000,4.87500000e+00
3586,3.64062500,3.68945312,4.88281250e-02,125.00000000,116.18750000,8.81250000e+00
3587,0.87939453,0.87988281,4.88281250e-04,-115.00000000,-111.81250000,3.18750000e+00
3588,4.47656250,4.50781250,3.12500000e-02,293.00000000,269.50000000,2.35000000e+01
3589,2.10546875,2.13281250,2.73437500e-02,69.81250000,77.62500000,7.81250000e+00
3590,3.73046875,3.83984375,1.09375000e-01,109.37500000,134.75000000,2.53750000e+01
3591,1.36132812,1.30273438,5.85937500e-02,40.03125000,15.62500000,2.44062500e+01
3592,2.02734375,2.05468750,2.73437500e-02,-87.87500000,-98.62500000,1.07500000e+01
3593,1.80078125,1.87109375,7.03125000e-02,-101.56250000,-74.18750000,2.73750000e+01
3594,1.08496094,1.06835938,1.66015625e-02,38.09375000,31.73437500,6.35937500e+00
3595,2.10937500,2.07031250,3.90625000e-02,-113.25000000,-143.50000000,3.02500000e+01
3596,3.04882812,3.10351562,5.46875000e-02,144.50000000,151.37500000,6.87500000e+00
3597,2.81835938,2.83398438,1.56250000e-02,37.09375000,37.09375000,0.00000000e+00
3598,1.98925781,2.02734375,3.80859375e-02,-177.25000000,-167.00000000,1.02500000e+01
3599,3.09375000,3.09179688,1.95312500e-03,21.48437500,16.59375000,4.89062500e+00
3600,1.04882812,1.02246094,2.63671875e-02,-45.40625000,-48.34375000,2.93750000e+00
3601,0.81250000,0.77832031,3.41796875e-02,-2.44140625,-12.20312500,9.76171875e+00
3602,1.87890625,1.89648438,1.75781250e-02,-230.50000000,-230.50000000,0.00000000e+00
3603,1.09765625,1.07910156,1.85546875e-02,57.12500000,56.40625000,7.18750000e-01
3604,0.86718750,0.85253906,1.46484375e-02,78.12500000,76.68750000,1.43750000e+00
3605,0.96142578,0.95507812,6.34765625e-03,45.65625000,48.34375000,2.68750000e+00
3606,1.32128906,1.30566406,1.56250000e-02,-259.75000000,-273.00000000,1.32500000e+01
3607,3.10156250,3.11132812,9.76562500e-03,44.90625000,38.09375000,6.81250000e+00
3608,2.13281250,2.15234375,1.95312500e-02,29.29687500,29.29687500,0.00000000e+00
3609,2.92578125,2.92968750,3.90625000e-03,216.75000000,207.00000000,9.75000000e+00
3610,3.69140625,3.66210938,2.92968750e-02,-89.81250000,-107.43750000,1.76250000e+01
3611,0.98925781,0.98437500,4.88281250e-03,-122.06250000,-126.00000000,3.93750000e+00
3612,1.44335938,1.47753906,3.41796875e-02,-208.00000000,-170.37500000,3.76250000e+01
3613,2.24804688,2.27343750,2.53906250e-02,-150.37500000,-156.25000000,5.87500000e+00
3614,2.09960938,2.11132812,1.17187500e-02,-285.25000000,-278.25000000,7.00000000e+00
3615,3.60546875,3.66796875,6.25000000e-02,181.62500000,176.75000000,4.87500000e+00
3616,0.82861328,0.78466797,4.39453125e-02,-44.18750000,-52.00000000,7.81250000e+00
3617,0.70214844,0.68066406,2.14843750e-02,-83.50000000,-78.12500000,5.37500000e+00
3618,2.30273438,2.29296875,9.76562500e-03,62.50000000,38.09375000,2.44062500e+01
3619,2.65039062,2.67968750,2.92968750e-02,56.62500000,54.68750000,1.93750000e+00
3620,0.76757812,0.76123047,6.34765625e-03,-128.87500000,-127.18750000,1.68750000e+00
3621,0.61718750,0.60595703,1.12304688e-02,-70.31250000,-72.00000000,1.68750000e+00
3622,2.73046875,2.75781250,2.73437500e-02,136.75000000,110.37500000,2.63750000e+01
3623,1.87207031,1.91015625,3.80859375e-02,-131.37500000,-135.75000000,4.37500000e+00
3624,2.26953125,2.26953125,0.00000000e+00,59.56250000,58.59375000,9.68750000e-01
3625,0.87988281,0.84960938,3.02734375e-02,-122.56250000,-143.50000000,2.09375000e+01
3626,5.74218750,5.62890625,1.13281250e-01,484.25000000,531.00000000,4.67500000e+01
3627,4.18359375,4.26562500,8.20312500e-02,273.50000000,255.87500000,1.76250000e+01
3628,0.69970703,0.69824219,1.46484375e-03,-126.68750000,-123.31250000,3.37500000e+00
3629,1.04101562,1.02929688,1.17187500e-02,-95.68750000,-88.87500000,6.81250000e+00
3630,0.66796875,0.65917969,8.78906250e-03,-111.31250000,-123.75000000,1.24375000e+01
3631,1.69726562,1.73828125,4.10156250e-02,-2.92968750,-10.25000000,7.32031250e+00
3632,4.10156250,4.12109375,1.95312500e-02,-279.25000000,-271.50000000,7.75000000e+00
3633,2.37109375,2.42773438,5.66406250e-02,-105.43750000,-97.62500000,7.81250000e+00
3634,2.66992188,2.70312500,3.32031250e-02,53.71875000,42.96875000,1.07500000e+01
3635,1.53320312,1.57812500,4.49218750e-02,-188.00000000,-163.12500000,2.48750000e+01
3636,3.53515625,3.59765625,6.25000000e-02,148.37500000,146.50000000,1.87500000e+00
3637,0.88476562,0.87695312,7.81250000e-03,-116.18750000,-118.62500000,2.43750000e+00
3638,4.01562500,4.05468750,3.90625000e-02,-93.75000000,-128.87500000,3.51250000e+01
3639,1.98730469,1.97949219,7.81250000e-03,-45.40625000,-73.75000000,2.83437500e+01
3640,3.63281250,3.71093750,7.81250000e-02,64.43750000,78.12500000,1.36875000e+01
3641,1.53906250,1.47851562,6.05468750e-02,201.62500000,174.37500000,2.72500000e+01
3642,1.99316406,2.02343750,3.02734375e-02,-89.37500000,-92.75000000,3.37500000e+00
3643,1.72558594,1.77734375,5.17578125e-02,-169.37500000,-163.12500000,6.25000000e+00
3644,1.01660156,1.00585938,1.07421875e-02,-19.53125000,-22.95312500,3.42187500e+00
3645,2.00390625,2.00585938,1.95312500e-03,-232.37500000,-223.62500000,8.75000000e+00
3646,2.74414062,2.78710938,4.29687500e-02,-59.56250000,-63.46875000,3.90625000e+00
3647,2.80273438,2.81445312,1.17187500e-02,111.31250000,115.25000000,3.93750000e+00
3648,2.16992188,2.20117188,3.12500000e-02,83.00000000,84.93750000,1.93750000e+00
3649,3.03320312,3.02343750,9.76562500e-03,-6.83593750,-8.78906250,1.95312500e+00
3650,1.17187500,1.15039062,2.14843750e-02,18.54687500,17.57812500,9.68750000e-01
3651,0.83300781,0.80761719,2.53906250e-02,45.90625000,38.81250000,7.09375000e+00
3652,2.12109375,2.13867188,1.75781250e-02,10.74218750,4.88281250,5.85937500e+00
3653,0.92675781,0.93701172,1.02539062e-02,-67.37500000,-56.87500000,1.05000000e+01
3654,0.84472656,0.82128906,2.34375000e-02,16.10937500,11.71875000,4.39062500e+00
3655,0.97460938,0.98681641,1.22070312e-02,44.90625000,55.65625000,1.07500000e+01
3656,1.39453125,1.39062500,3.90625000e-03,-210.00000000,-223.62500000,1.36250000e+01
3657,3.05078125,3.05468750,3.90625000e-03,-3.90625000,-16.59375000,1.26875000e+01
3658,2.08789062,2.10742188,1.95312500e-02,8.78906250,8.78906250,0.00000000e+00
3659,2.75390625,2.77539062,2.14843750e-02,42.00000000,49.81250000,7.81250000e+00
3660,3.65429688,3.62890625,2.53906250e-02,-52.71875000,-61.53125000,8.81250000e+00
3661,1.08203125,1.07324219,8.78906250e-03,-6.83593750,-19.53125000,1.26953125e+01
3662,1.44335938,1.43164062,1.17187500e-02,-171.87500000,-184.62500000,1.27500000e+01
3663,2.36718750,2.38671875,1.95312500e-02,38.09375000,35.15625000,2.93750000e+00
3664,2.01171875,2.00585938,5.85937500e-03,-318.25000000,-315.50000000,2.75000000e+00
3665,2.94921875,3.02734375,7.81250000e-02,-390.50000000,-382.75000000,7.75000000e+00
3666,0.78320312,0.75488281,2.83203125e-02,-62.25000000,-60.06250000,2.18750000e+00
3667,0.70947266,0.69042969,1.90429688e-02,-72.25000000,-73.75000000,1.50000000e+00
3668,2.08398438,2.07617188,7.81250000e-03,-153.37500000,-166.00000000,1.26250000e+01
3669,2.60156250,2.62890625,2.73437500e-02,48.81250000,45.90625000,2.90625000e+00
3670,0.81347656,0.80664062,6.83593750e-03,-56.15625000,-54.18750000,1.96875000e+00
3671,0.75439453,0.74023438,1.41601562e-02,99.37500000,85.93750000,1.34375000e+01
3672,2.54687500,2.61718750,7.03125000e-02,-8.78906250,16.59375000,2.53828125e+01
3673,2.02343750,2.05859375,3.51562500e-02,-5.85937500,1.95312500,7.81250000e+00
3674,2.38085938,2.37695312,3.90625000e-03,189.50000000,190.37500000,8.75000000e-01
3675,1.13867188,1.12500000,1.36718750e-02,154.25000000,152.87500000,1.37500000e+00
3676,5.15234375,5.07812500,7.42187500e-02,-105.43750000,17.57812500,1.23015625e+02
3677,3.81250000,3.89843750,8.59375000e-02,-44.90625000,-58.59375000,1.36875000e+01
3678,0.76171875,0.76171875,0.00000000e+00,-33.43750000,-30.76562500,2.67187500e+00
3679,1.06054688,1.04882812,1.17187500e-02,10.74218750,13.17968750,2.43750000e+00
3680,0.68359375,0.68554688,1.95312500e-03,-74.18750000,-75.18750000,1.00000000e+00
3681,1.53906250,1.57421875,3.51562500e-02,-125.00000000,-134.75000000,9.75000000e+00
3682,4.41406250,4.40625000,7.81250000e-03,109.37500000,89.81250000,1.95625000e+01
3683,2.49609375,2.55273438,5.66406250e-02,37.09375000,43.93750000,6.84375000e+00
3684,2.54296875,2.60156250,5.85937500e-02,-24.40625000,-5.85937500,1.85468750e+01
3685,1.40722656,1.42968750,2.24609375e-02,-237.75000000,-259.75000000,2.20000000e+01
3686,3.39648438,3.42968750,3.32031250e-02,6.83593750,-1.95312500,8.78906250e+00
3687,0.95996094,0.97265625,1.26953125e-02,-31.25000000,-29.78125000,1.46875000e+00
3688,3.95703125,4.04296875,8.59375000e-02,-87.87500000,-68.37500000,1.95000000e+01
3689,1.93457031,1.95507812,2.05078125e-02,-101.06250000,-101.56250000,5.00000000e-01
3690,3.49218750,3.55468750,6.25000000e-02,-134.75000000,-156.25000000,2.15000000e+01
3691,1.19433594,1.14941406,4.49218750e-02,-156.75000000,-157.75000000,1.00000000e+00
3692,2.15234375,2.20117188,4.88281250e-02,93.75000000,101.56250000,7.81250000e+00
3693,1.93554688,1.97949219,4.39453125e-02,92.75000000,81.56250000,1.11875000e+01
3694,0.93652344,0.93457031,1.95312500e-03,-96.18750000,-102.06250000,5.87500000e+00
3695,2.22265625,2.21289062,9.76562500e-03,-0.97656250,-4.88281250,3.90625000e+00
3696,2.88671875,2.92187500,3.51562500e-02,81.06250000,75.18750000,5.87500000e+00
3697,2.66406250,2.66601562,1.95312500e-03,-24.40625000,-42.00000000,1.75937500e+01
3698,2.31445312,2.33593750,2.14843750e-02,205.62500000,197.25000000,8.37500000e+00
3699,2.98242188,3.00781250,2.53906250e-02,-48.81250000,-31.25000000,1.75625000e+01
3700,1.04101562,1.02636719,1.46484375e-02,-29.29687500,-30.26562500,9.68750000e-01
3701,0.72949219,0.71582031,1.36718750e-02,-55.90625000,-66.87500000,1.09687500e+01
3702,2.08593750,2.12304688,3.71093750e-02,9.76562500,11.71875000,1.95312500e+00
3703,1.08691406,1.10449219,1.75781250e-02,75.43750000,86.68750000,1.12500000e+01
3704,0.61425781,0.59814453,1.61132812e-02,-167.00000000,-170.12500000,3.12500000e+00
3705,0.95312500,0.94091797,1.22070312e-02,57.62500000,41.75000000,1.58750000e+01
3706,1.55859375,1.57226562,1.36718750e-02,29.78125000,9.76562500,2.00156250e+01
3707,2.67968750,2.70898438,2.92968750e-02,-325.25000000,-301.75000000,2.35000000e+01
3708,2.26757812,2.28710938,1.95312500e-02,227.50000000,224.12500000,3.37500000e+00
3709,2.62304688,2.64257812,1.95312500e-02,-59.56250000,-52.71875000,6.84375000e+00
3710,3.85937500,3.83007812,2.92968750e-02,187.50000000,172.87500000,1.46250000e+01
3711,1.04492188,1.04199219,2.92968750e-03,-57.62500000,-55.65625000,1.96875000e+00
3712,1.56640625,1.56250000,3.90625000e-03,-34.18750000,-35.65625000,1.46875000e+00
3713,2.35351562,2.37890625,2.53906250e-02,0.00000000,1.95312500,1.95312500e+00
3714,2.27734375,2.27734375,0.00000000e+00,29.29687500,42.96875000,1.36718750e+01
3715,3.44140625,3.49218750,5.07812500e-02,152.37500000,140.62500000,1.17500000e+01
3716,0.88574219,0.85253906,3.32031250e-02,17.57812500,13.91406250,3.66406250e+00
3717,0.64746094,0.63232422,1.51367188e-02,-148.37500000,-144.75000000,3.62500000e+00
3718,2.05078125,2.07617188,2.53906250e-02,-158.25000000,-157.25000000,1.00000000e+00
3719,2.40625000,2.44140625,3.51562500e-02,-154.25000000,-160.12500000,5.87500000e+00
3720,0.80224609,0.78808594,1.41601562e-02,-51.03125000,-51.75000000,7.18750000e-01
3721,0.73144531,0.71582031,1.56250000e-02,66.37500000,56.62500000,9.75000000e+00
3722,2.45312500,2.48242188,2.92968750e-02,-66.37500000,-71.31250000,4.93750000e+00
3723,1.88574219,1.92871094,4.29687500e-02,-77.62500000,-73.75000000,3.87500000e+00
3724,2.20507812,2.18164062,2.34375000e-02,86.93750000,69.31250000,1.76250000e+01
3725,0.93945312,0.93017578,9.27734375e-03,-40.03125000,-34.43750000,5.59375000e+00
3726,4.90625000,4.82812500,7.81250000e-02,-250.00000000,-189.50000000,6.05000000e+01
3727,3.60351562,3.68359375,8.00781250e-02,-169.00000000,-185.50000000,1.65000000e+01
3728,0.87060547,0.87792969,7.32421875e-03,102.81250000,107.93750000,5.12500000e+00
3729,1.12109375,1.10156250,1.95312500e-02,69.81250000,62.75000000,7.06250000e+00
3730,0.78613281,0.79296875,6.83593750e-03,72.25000000,77.12500000,4.87500000e+00
3731,1.64648438,1.67871094,3.22265625e-02,37.09375000,24.90625000,1.21875000e+01
3732,4.02734375,4.03125000,3.90625000e-03,-197.25000000,-199.25000000,2.00000000e+00
3733,2.37500000,2.42578125,5.07812500e-02,-26.35937500,-31.25000000,4.89062500e+00
3734,2.37304688,2.42578125,5.27343750e-02,-106.43750000,-111.31250000,4.87500000e+00
3735,1.68164062,1.70703125,2.53906250e-02,26.35937500,21.48437500,4.87500000e+00
3736,3.55859375,3.59375000,3.51562500e-02,245.12500000,231.50000000,1.36250000e+01
3737,0.84814453,0.83593750,1.22070312e-02,-147.25000000,-166.50000000,1.92500000e+01
3738,3.60156250,3.68750000,8.59375000e-02,-390.50000000,-382.75000000,7.75000000e+00
3739,2.22656250,2.22851562,1.95312500e-03,221.62500000,205.62500000,1.60000000e+01
3740,3.46484375,3.58984375,1.25000000e-01,-43.93750000,-25.39062500,1.85468750e+01
3741,1.15625000,1.11328125,4.29687500e-02,-132.75000000,-147.50000000,1.47500000e+01
3742,1.84082031,1.89648438,5.56640625e-02,-176.25000000,-179.62500000,3.37500000e+00
3743,1.85546875,1.89550781,4.00390625e-02,33.18750000,27.82812500,5.35937500e+00
3744,1.16992188,1.16015625,9.76562500e-03,156.75000000,153.75000000,3.00000000e+00
3745,2.21679688,2.22851562,1.17187500e-02,35.15625000,46.87500000,1.17187500e+01
3746,2.83007812,2.85351562,2.34375000e-02,82.00000000,59.56250000,2.24375000e+01
3747,2.59375000,2.60937500,1.56250000e-02,-85.93750000,-91.81250000,5.87500000e+00
3748,2.15234375,2.18554688,3.32031250e-02,115.25000000,112.31250000,2.93750000e+00
3749,2.87890625,2.87890625,0.00000000e+00,-81.06250000,-84.93750000,3.87500000e+00
3750,1.08203125,1.06250000,1.95312500e-02,-15.13281250,-11.71875000,3.41406250e+00
3751,0.72363281,0.70507812,1.85546875e-02,-31.73437500,-40.28125000,8.54687500e+00
3752,1.90429688,1.92285156,1.85546875e-02,-147.50000000,-160.62500000,1.31250000e+01
3753,0.80566406,0.80859375,2.92968750e-03,-139.12500000,-136.75000000,2.37500000e+00
3754,0.74365234,0.73242188,1.12304688e-02,-25.14062500,-22.21875000,2.92187500e+00
3755,0.71582031,0.72265625,6.83593750e-03,-181.12500000,-176.75000000,4.37500000e+00
3756,1.52246094,1.53710938,1.46484375e-02,78.12500000,69.31250000,8.81250000e+00
3757,2.81054688,2.80859375,1.95312500e-03,-65.43750000,-60.53125000,4.90625000e+00
3758,2.00781250,2.02343750,1.56250000e-02,9.76562500,2.92968750,6.83593750e+00
3759,2.33593750,2.35937500,2.34375000e-02,-239.25000000,-244.12500000,4.87500000e+00
3760,3.88671875,3.89062500,3.90625000e-03,205.12500000,203.12500000,2.00000000e+00
3761,1.10253906,1.10156250,9.76562500e-04,23.43750000,28.31250000,4.87500000e+00
3762,1.57910156,1.60351562,2.44140625e-02,-42.96875000,-19.04687500,2.39218750e+01
3763,2.03515625,2.07617188,4.10156250e-02,-197.25000000,-195.25000000,2.00000000e+00
3764,2.13281250,2.16601562,3.32031250e-02,-125.00000000,-92.75000000,3.22500000e+01
3765,3.25390625,3.31640625,6.25000000e-02,-15.62500000,-19.53125000,3.90625000e+00
3766,0.67089844,0.64550781,2.53906250e-02,-220.25000000,-214.37500000,5.87500000e+00
3767,0.70410156,0.69628906,7.81250000e-03,-79.56250000,-68.87500000,1.06875000e+01
3768,2.40820312,2.40039062,7.81250000e-03,157.25000000,134.75000000,2.25000000e+01
3769,2.44140625,2.47656250,3.51562500e-02,-76.18750000,-85.93750000,9.75000000e+00
3770,0.86279297,0.85546875,7.32421875e-03,62.75000000,54.18750000,8.56250000e+00
3771,0.68505859,0.69189453,6.83593750e-03,23.43750000,30.26562500,6.82812500e+00
3772,2.31445312,2.35156250,3.71093750e-02,-203.12500000,-192.37500000,1.07500000e+01
3773,1.98144531,2.02148438,4.00390625e-02,0.48828125,-6.83593750,7.32421875e+00
3774,2.07421875,2.08007812,5.85937500e-03,-36.12500000,-35.15625000,9.68750000e-01
3775,1.20214844,1.19726562,4.88281250e-03,239.75000000,244.12500000,4.37500000e+00
3776,5.63281250,5.46093750,1.71875000e-01,521.50000000,461.00000000,6.05000000e+01
3777,3.81835938,3.93750000,1.19140625e-01,139.62500000,130.87500000,8.75000000e+00
3778,0.73583984,0.73535156,4.88281250e-04,0.24414062,-4.39453125,4.63867188e+00
3779,1.07617188,1.04296875,3.32031250e-02,4.39453125,-7.81250000,1.22070312e+01
3780,0.83886719,0.82714844,1.17187500e-02,79.12500000,75.68750000,3.43750000e+00
3781,1.52539062,1.59765625,7.22656250e-02,11.71875000,34.65625000,2.29375000e+01
3782,4.29687500,4.33203125,3.51562500e-02,85.93750000,107.43750000,2.15000000e+01
3783,2.43359375,2.48828125,5.46875000e-02,60.53125000,55.65625000,4.87500000e+00
3784,2.21875000,2.28710938,6.83593750e-02,-237.25000000,-219.75000000,1.75000000e+01
3785,1.59765625,1.60351562,5.85937500e-03,-56.62500000,-88.87500000,3.22500000e+01
3786,3.35742188,3.41015625,5.27343750e-02,119.12500000,107.43750000,1.16875000e+01
3787,0.87060547,0.88232422,1.17187500e-02,-89.12500000,-87.62500000,1.50000000e+00
3788,4.07031250,4.14843750,7.81250000e-02,82.00000000,84.00000000,2.00000000e+00
3789,1.91601562,1.93066406,1.46484375e-02,-81.06250000,-65.93750000,1.51250000e+01
3790,3.09375000,3.17578125,8.20312500e-02,-372.00000000,-384.75000000,1.27500000e+01
3791,1.30566406,1.27832031,2.73437500e-02,-27.82812500,-30.26562500,2.43750000e+00
3792,1.92675781,1.99804688,7.12890625e-02,-101.06250000,-77.12500000,2.39375000e+01
3793,1.70507812,1.75292969,4.78515625e-02,-51.75000000,-42.46875000,9.28125000e+00
3794,0.88769531,0.89794922,1.02539062e-02,-89.37500000,-78.87500000,1.05000000e+01
3795,2.24218750,2.24609375,3.90625000e-03,79.12500000,78.12500000,1.00000000e+00
3796,2.66210938,2.73046875,6.83593750e-02,-132.75000000,-109.37500000,2.33750000e+01
3797,2.60937500,2.65820312,4.88281250e-02,27.34375000,42.00000000,1.46562500e+01
3798,2.10351562,2.12109375,1.75781250e-02,67.37500000,57.62500000,9.75000000e+00
3799,3.00390625,3.01953125,1.56250000e-02,97.62500000,105.43750000,7.81250000e+00
3800,1.18554688,1.16406250,2.14843750e-02,86.43750000,88.87500000,2.43750000e+00
3801,0.84082031,0.83837891,2.44140625e-03,73.50000000,75.93750000,2.43750000e+00
3802,1.96777344,2.00781250,4.00390625e-02,5.37109375,7.81250000,2.44140625e+00
3803,0.90722656,0.90625000,9.76562500e-04,-61.53125000,-53.71875000,7.81250000e+00
3804,0.71582031,0.71337891,2.44140625e-03,-26.35937500,-14.15625000,1.22031250e+01
3805,0.80761719,0.80957031,1.95312500e-03,-99.62500000,-94.50000000,5.12500000e+00
3806,1.50000000,1.52148438,2.14843750e-02,32.71875000,35.15625000,2.43750000e+00
3807,2.84375000,2.86914062,2.53906250e-02,5.85937500,6.83593750,9.76562500e-01
3808,1.99121094,2.01757812,2.63671875e-02,42.96875000,53.21875000,1.02500000e+01
3809,2.36132812,2.38867188,2.73437500e-02,-181.62500000,-170.87500000,1.07500000e+01
3810,3.46093750,3.46093750,0.00000000e+00,-72.25000000,-68.37500000,3.87500000e+00
3811,1.16503906,1.15039062,1.46484375e-02,77.62500000,73.25000000,4.37500000e+00
3812,1.71679688,1.72167969,4.88281250e-03,157.25000000,159.62500000,2.37500000e+00
3813,2.22265625,2.26171875,3.90625000e-02,-27.34375000,-17.57812500,9.76562500e+00
3814,2.36328125,2.37109375,7.81250000e-03,164.00000000,164.00000000,0.00000000e+00
3815,3.49218750,3.59375000,1.01562500e-01,276.25000000,290.00000000,1.37500000e+01
3816,0.97216797,0.93554688,3.66210938e-02,104.25000000,105.00000000,7.50000000e-01
3817,0.75244141,0.73486328,1.75781250e-02,-32.96875000,-25.64062500,7.32812500e+00
3818,2.18359375,2.20117188,1.75781250e-02,37.09375000,36.12500000,9.68750000e-01
3819,2.46484375,2.50000000,3.51562500e-02,33.18750000,20.50000000,1.26875000e+01
3820,0.81494141,0.79980469,1.51367188e-02,-15.13281250,-26.12500000,1.09921875e+01
3821,0.53710938,0.51904297,1.80664062e-02,-132.62500000,-137.50000000,4.87500000e+00
3822,2.59375000,2.65625000,6.25000000e-02,162.12500000,166.00000000,3.87500000e+00
3823,2.01562500,2.09179688,7.61718750e-02,61.03125000,68.37500000,7.34375000e+00
3824,2.12109375,2.11328125,7.81250000e-03,51.75000000,38.09375000,1.36562500e+01
3825,1.10937500,1.08691406,2.24609375e-02,130.62500000,123.56250000,7.06250000e+00
3826,4.80468750,4.74609375,5.85937500e-02,-242.12500000,-146.50000000,9.56250000e+01
3827,3.79687500,3.92187500,1.25000000e-01,193.37500000,197.25000000,3.87500000e+00
3828,0.75000000,0.75976562,9.76562500e-03,3.90625000,14.89062500,1.09843750e+01
3829,1.13378906,1.11035156,2.34375000e-02,67.37500000,65.43750000,1.93750000e+00
3830,0.77148438,0.76074219,1.07421875e-02,9.52343750,2.44140625,7.08203125e+00
3831,1.47460938,1.54589844,7.12890625e-02,-32.21875000,-21.96875000,1.02500000e+01
3832,4.20703125,4.22656250,1.95312500e-02,58.59375000,62.50000000,3.90625000e+00
3833,2.56445312,2.63867188,7.42187500e-02,192.37500000,201.12500000,8.75000000e+00
3834,2.49609375,2.54687500,5.07812500e-02,-32.21875000,-46.87500000,1.46562500e+01
3835,1.58300781,1.60839844,2.53906250e-02,-53.71875000,-36.62500000,1.70937500e+01
3836,2.92382812,2.97460938,5.07812500e-02,-309.50000000,-333.00000000,2.35000000e+01
3837,0.87207031,0.85253906,1.95312500e-02,-118.62500000,-125.50000000,6.87500000e+00
3838,3.99023438,4.07031250,8.00781250e-02,58.59375000,58.59375000,0.00000000e+00
3839,1.79199219,1.80273438,1.07421875e-02,-112.81250000,-118.18750000,5.37500000e+00
3840,3.42773438,3.52343750,9.57031250e-02,18.54687500,11.71875000,6.82812500e+00
3841,1.21972656,1.18750000,3.22265625e-02,-43.46875000,-43.93750000,4.68750000e-01
3842,2.15234375,2.19531250,4.29687500e-02,183.12500000,182.62500000,5.00000000e-01
3843,1.99902344,2.07031250,7.12890625e-02,213.87500000,237.25000000,2.33750000e+01
3844,1.05468750,1.05664062,1.95312500e-03,62.00000000,65.93750000,3.93750000e+00
3845,2.16796875,2.18554688,1.75781250e-02,94.75000000,93.75000000,1.00000000e+00
3846,2.75781250,2.81054688,5.27343750e-02,64.43750000,63.46875000,9.68750000e-01
3847,2.59765625,2.62109375,2.34375000e-02,37.09375000,37.09375000,0.00000000e+00
3848,1.83789062,1.86328125,2.53906250e-02,-169.87500000,-169.00000000,8.75000000e-01
3849,2.89843750,2.93554688,3.71093750e-02,0.97656250,24.40625000,2.34296875e+01
3850,1.03320312,0.99218750,4.10156250e-02,-19.53125000,-35.15625000,1.56250000e+01
3851,0.78417969,0.77441406,9.76562500e-03,44.90625000,46.37500000,1.46875000e+00
3852,1.94921875,2.00585938,5.66406250e-02,-28.31250000,-8.78906250,1.95234375e+01
3853,1.03906250,1.02539062,1.36718750e-02,54.68750000,52.71875000,1.96875000e+00
3854,0.68457031,0.67578125,8.78906250e-03,-71.31250000,-64.43750000,6.87500000e+00
3855,0.85839844,0.86572266,7.32421875e-03,-1.46484375,2.19726562,3.66210938e+00
3856,1.21679688,1.23144531,1.46484375e-02,-307.50000000,-301.25000000,6.25000000e+00
3857,2.62304688,2.63281250,9.76562500e-03,-163.12500000,-166.00000000,2.87500000e+00
3858,2.02929688,2.06835938,3.90625000e-02,83.50000000,88.37500000,4.87500000e+00
3859,2.61328125,2.64062500,2.73437500e-02,116.18750000,115.25000000,9.37500000e-01
3860,3.49414062,3.49218750,1.95312500e-03,-32.21875000,-37.09375000,4.87500000e+00
3861,0.96923828,0.95703125,1.22070312e-02,-89.12500000,-98.62500000,9.50000000e+00
3862,1.46289062,1.45312500,9.76562500e-03,-91.31250000,-87.87500000,3.43750000e+00
3863,2.10546875,2.15039062,4.49218750e-02,-91.81250000,-71.31250000,2.05000000e+01
3864,1.84765625,1.85839844,1.07421875e-02,-337.00000000,-326.75000000,1.02500000e+01
3865,3.39062500,3.46875000,7.81250000e-02,292.00000000,290.00000000,2.00000000e+00
3866,0.69238281,0.66406250,2.83203125e-02,-172.87500000,-169.87500000,3.00000000e+00
3867,0.82666016,0.80664062,2.00195312e-02,72.25000000,80.31250000,8.06250000e+00
3868,1.99804688,2.02539062,2.73437500e-02,-145.50000000,-135.75000000,9.75000000e+00
3869,2.31250000,2.33789062,2.53906250e-02,-126.00000000,-139.62500000,1.36250000e+01
3870,0.70507812,0.71093750,5.85937500e-03,-49.81250000,-37.34375000,1.24687500e+01
3871,0.61816406,0.61230469,5.85937500e-03,-28.07812500,-29.78125000,1.70312500e+00
3872,2.31054688,2.38476562,7.42187500e-02,-77.12500000,-34.18750000,4.29375000e+01
3873,2.13476562,2.16210938,2.73437500e-02,220.75000000,206.00000000,1.47500000e+01
3874,2.00976562,2.01953125,9.76562500e-03,-57.62500000,-56.62500000,1.00000000e+00
3875,0.93115234,0.92187500,9.27734375e-03,6.58984375,5.37109375,1.21875000e+00
3876,5.71875000,5.46093750,2.57812500e-01,672.00000000,543.00000000,1.29000000e+02
3877,4.03125000,4.14843750,1.17187500e-01,406.25000000,394.50000000,1.17500000e+01
3878,0.65234375,0.65722656,4.88281250e-03,-81.56250000,-71.75000000,9.81250000e+00
3879,0.85351562,0.84912109,4.39453125e-03,-201.12500000,-189.75000000,1.13750000e+01
3880,0.56933594,0.57177734,2.44140625e-03,-114.25000000,-110.62500000,3.62500000e+00
3881,1.49414062,1.55957031,6.54296875e-02,-35.15625000,-33.18750000,1.96875000e+00
3882,4.01953125,4.03515625,1.56250000e-02,-58.59375000,-60.53125000,1.93750000e+00
3883,2.60156250,2.65039062,4.88281250e-02,264.75000000,256.75000000,8.00000000e+00
3884,2.34375000,2.41796875,7.42187500e-02,-1.95312500,10.74218750,1.26953125e+01
3885,1.45703125,1.48437500,2.73437500e-02,-88.37500000,-92.75000000,4.37500000e+00
3886,3.48242188,3.52734375,4.49218750e-02,256.75000000,257.75000000,1.00000000e+00
3887,1.07421875,1.07910156,4.88281250e-03,129.37500000,127.18750000,2.18750000e+00
3888,3.71484375,3.77734375,6.25000000e-02,-146.50000000,-160.12500000,1.36250000e+01
3889,1.89550781,1.91210938,1.66015625e-02,-9.76562500,-21.48437500,1.17187500e+01
3890,3.12500000,3.21875000,9.37500000e-02,-193.37500000,-187.50000000,5.87500000e+00
3891,1.13867188,1.08789062,5.07812500e-02,-155.25000000,-174.37500000,1.91250000e+01
3892,2.02343750,2.05273438,2.92968750e-02,32.21875000,24.40625000,7.81250000e+00
3893,1.71289062,1.74609375,3.32031250e-02,-17.57812500,-24.90625000,7.32812500e+00
3894,0.92480469,0.91308594,1.17187500e-02,-10.50000000,-11.47656250,9.76562500e-01
3895,2.07421875,2.09765625,2.34375000e-02,-36.12500000,-11.71875000,2.44062500e+01
3896,2.75781250,2.80468750,4.68750000e-02,84.93750000,98.62500000,1.36875000e+01
3897,2.51367188,2.53125000,1.75781250e-02,-97.62500000,-90.81250000,6.81250000e+00
3898,2.07617188,2.09570312,1.95312500e-02,62.00000000,63.46875000,1.46875000e+00
3899,2.80078125,2.81054688,9.76562500e-03,-60.53125000,-55.65625000,4.87500000e+00
3900,1.02929688,0.98535156,4.39453125e-02,-8.29687500,-18.06250000,9.76562500e+00
3901,0.76855469,0.75683594,1.17187500e-02,40.03125000,37.09375000,2.93750000e+00
3902,1.82812500,1.85839844,3.02734375e-02,-171.87500000,-160.62500000,1.12500000e+01
3903,0.94824219,0.93164062,1.66015625e-02,-10.25000000,-19.53125000,9.28125000e+00
3904,0.51074219,0.50830078,2.44140625e-03,-218.25000000,-206.25000000,1.20000000e+01
3905,0.87158203,0.87890625,7.32421875e-03,8.54687500,12.69531250,4.14843750e+00
3906,1.59960938,1.63574219,3.61328125e-02,178.25000000,186.00000000,7.75000000e+00
3907,2.75390625,2.75781250,3.90625000e-03,-56.62500000,-48.81250000,7.81250000e+00
3908,1.99609375,2.03515625,3.90625000e-02,63.00000000,68.37500000,5.37500000e+00
3909,2.67187500,2.70312500,3.12500000e-02,196.25000000,214.87500000,1.86250000e+01
3910,3.48046875,3.48046875,0.00000000e+00,-33.18750000,-29.29687500,3.89062500e+00
3911,0.90625000,0.90039062,5.85937500e-03,-118.18750000,-125.00000000,6.81250000e+00
3912,1.53125000,1.54296875,1.17187500e-02,43.93750000,59.56250000,1.56250000e+01
3913,2.03320312,2.04101562,7.81250000e-03,-107.43750000,-114.25000000,6.81250000e+00
3914,2.23828125,2.21484375,2.34375000e-02,107.43750000,112.31250000,4.87500000e+00
3915,3.16406250,3.26367188,9.96093750e-02,-9.76562500,8.78906250,1.85546875e+01
3916,0.77148438,0.73925781,3.22265625e-02,-19.04687500,-17.57812500,1.46875000e+00
3917,0.78906250,0.76855469,2.05078125e-02,33.68750000,35.65625000,1.96875000e+00
3918,2.08984375,2.10742188,1.75781250e-02,-13.67187500,-19.53125000,5.85937500e+00
3919,2.45312500,2.50195312,4.88281250e-02,25.39062500,24.40625000,9.84375000e-01
3920,0.87890625,0.86474609,1.41601562e-02,103.25000000,98.12500000,5.12500000e+00
3921,0.64501953,0.63183594,1.31835938e-02,19.28125000,14.15625000,5.12500000e+00
3922,2.41601562,2.44140625,2.53906250e-02,38.09375000,23.43750000,1.46562500e+01
3923,1.99707031,2.01171875,1.46484375e-02,167.00000000,157.25000000,9.75000000e+00
3924,2.03710938,2.03906250,1.95312500e-03,50.28125000,49.81250000,4.68750000e-01
3925,0.89746094,0.88281250,1.46484375e-02,-42.96875000,-43.46875000,5.00000000e-01
3926,4.64062500,4.56250000,7.81250000e-02,-203.12500000,-168.00000000,3.51250000e+01
3927,3.39453125,3.49218750,9.76562500e-02,-142.62500000,-143.50000000,8.75000000e-01
3928,0.60400391,0.60253906,1.46484375e-03,-91.56250000,-90.06250000,1.50000000e+00
3929,0.98486328,0.97363281,1.12304688e-02,-55.40625000,-38.56250000,1.68437500e+01
3930,0.84863281,0.83496094,1.36718750e-02,143.50000000,132.12500000,1.13750000e+01
3931,1.44531250,1.47851562,3.32031250e-02,-121.06250000,-140.62500000,1.95625000e+01
3932,4.56250000,4.57812500,1.56250000e-02,467.75000000,484.25000000,1.65000000e+01
3933,2.36132812,2.40820312,4.68750000e-02,60.53125000,59.56250000,9.68750000e-01
3934,2.47070312,2.53906250,6.83593750e-02,102.56250000,118.18750000,1.56250000e+01
3935,1.66796875,1.69824219,3.02734375e-02,134.25000000,135.75000000,1.50000000e+00
3936,3.20703125,3.27734375,7.03125000e-02,75.18750000,91.81250000,1.66250000e+01
3937,0.76562500,0.74121094,2.44140625e-02,-124.50000000,-141.12500000,1.66250000e+01
3938,4.14062500,4.18750000,4.68750000e-02,298.75000000,282.25000000,1.65000000e+01
3939,1.90429688,1.90039062,3.90625000e-03,-47.84375000,-52.71875000,4.87500000e+00
3940,3.24218750,3.34375000,1.01562500e-01,-89.81250000,-68.37500000,2.14375000e+01
3941,1.29882812,1.25781250,4.10156250e-02,95.68750000,76.18750000,1.95000000e+01
3942,1.85449219,1.88671875,3.22265625e-02,-101.06250000,-109.37500000,8.31250000e+00
3943,1.57910156,1.61132812,3.22265625e-02,-69.81250000,-80.06250000,1.02500000e+01
3944,0.97656250,0.96972656,6.83593750e-03,81.81250000,76.18750000,5.62500000e+00
3945,1.91503906,1.90625000,8.78906250e-03,-147.00000000,-153.37500000,6.37500000e+00
3946,2.63085938,2.64453125,1.36718750e-02,4.88281250,-8.78906250,1.36718750e+01
3947,2.65039062,2.65625000,5.85937500e-03,103.50000000,96.68750000,6.81250000e+00
3948,1.91796875,1.96777344,4.98046875e-02,-46.87500000,-15.13281250,3.17421875e+01
3949,2.84765625,2.86523438,1.75781250e-02,34.18750000,42.00000000,7.81250000e+00
3950,1.09082031,1.06640625,2.44140625e-02,72.00000000,77.37500000,5.37500000e+00
3951,0.54882812,0.53857422,1.02539062e-02,-172.12500000,-179.00000000,6.87500000e+00
3952,2.05859375,2.08984375,3.12500000e-02,133.25000000,136.25000000,3.00000000e+00
3953,0.85058594,0.83007812,2.05078125e-02,-66.37500000,-73.00000000,6.62500000e+00
3954,0.77246094,0.75585938,1.66015625e-02,72.25000000,67.62500000,4.62500000e+00
3955,0.85351562,0.83056641,2.29492188e-02,30.76562500,18.79687500,1.19687500e+01
3956,1.23339844,1.25292969,1.95312500e-02,-168.50000000,-179.25000000,1.07500000e+01
3957,2.78515625,2.78125000,3.90625000e-03,74.18750000,60.53125000,1.36562500e+01
3958,1.95898438,2.00000000,4.10156250e-02,-19.04687500,-25.39062500,6.34375000e+00
3959,2.53906250,2.52148438,1.75781250e-02,93.75000000,69.31250000,2.44375000e+01
3960,3.38671875,3.38476562,1.95312500e-03,-10.74218750,-1.95312500,8.78906250e+00
3961,1.12011719,1.12109375,9.76562500e-04,110.37500000,120.62500000,1.02500000e+01
3962,1.48925781,1.48632812,2.92968750e-03,-18.06250000,-17.57812500,4.84375000e-01
3963,2.24609375,2.25195312,5.85937500e-03,91.81250000,87.87500000,3.93750000e+00
3964,2.14453125,2.13281250,1.17187500e-02,92.75000000,100.12500000,7.37500000e+00
3965,3.49609375,3.57812500,8.20312500e-02,415.00000000,417.00000000,2.00000000e+00
3966,0.62500000,0.58837891,3.66210938e-02,-188.50000000,-193.12500000,4.62500000e+00
3967,0.72509766,0.71191406,1.31835938e-02,-7.07812500,0.48828125,7.56640625e+00
3968,2.01562500,2.03320312,1.75781250e-02,-53.71875000,-45.90625000,7.81250000e+00
3969,2.36328125,2.40625000,4.29687500e-02,3.90625000,-1.95312500,5.85937500e+00
3970,0.81347656,0.80273438,1.07421875e-02,30.03125000,31.25000000,1.21875000e+00
3971,0.56640625,0.56201172,4.39453125e-03,-41.25000000,-40.78125000,4.68750000e-01
3972,2.25000000,2.25585938,5.85937500e-03,-112.31250000,-135.75000000,2.34375000e+01
3973,1.78027344,1.79785156,1.75781250e-02,-100.12500000,-112.81250000,1.26875000e+01
3974,1.78027344,1.78808594,7.81250000e-03,-205.62500000,-194.87500000,1.07500000e+01
3975,0.84375000,0.83984375,3.90625000e-03,-14.15625000,-9.27343750,4.88281250e+00
3976,4.74218750,4.48046875,2.61718750e-01,-199.25000000,-314.50000000,1.15250000e+02
3977,3.15234375,3.24414062,9.17968750e-02,-336.00000000,-325.25000000,1.07500000e+01
3978,0.72119141,0.71875000,2.44140625e-03,43.21875000,40.53125000,2.68750000e+00
3979,0.92675781,0.90869141,1.80664062e-02,-81.56250000,-84.25000000,2.68750000e+00
3980,0.67041016,0.67333984,2.92968750e-03,14.89062500,21.96875000,7.07812500e+00
3981,1.39062500,1.45703125,6.64062500e-02,-96.68750000,-90.81250000,5.87500000e+00
3982,3.87695312,3.83398438,4.29687500e-02,-67.37500000,-96.68750000,2.93125000e+01
3983,2.19140625,2.22656250,3.51562500e-02,-54.68750000,-59.56250000,4.87500000e+00
3984,2.07617188,2.12695312,5.07812500e-02,-217.75000000,-208.00000000,9.75000000e+00
3985,1.43652344,1.45898438,2.24609375e-02,-49.31250000,-45.90625000,3.40625000e+00
3986,3.13281250,3.19140625,5.85937500e-02,-10.74218750,20.50000000,3.12421875e+01
3987,0.92871094,0.92431641,4.39453125e-03,35.40625000,36.12500000,7.18750000e-01
3988,4.04687500,4.08984375,4.29687500e-02,291.00000000,268.50000000,2.25000000e+01
3989,1.94628906,1.94433594,1.95312500e-03,43.93750000,35.15625000,8.78125000e+00
3990,3.17968750,3.26953125,8.98437500e-02,-62.50000000,-54.68750000,7.81250000e+00
3991,1.24414062,1.24023438,3.90625000e-03,101.56250000,116.18750000,1.46250000e+01
3992,1.91406250,1.97753906,6.34765625e-02,62.50000000,86.93750000,2.44375000e+01
3993,1.71484375,1.74414062,2.92968750e-02,34.65625000,35.65625000,1.00000000e+00
3994,0.87304688,0.87304688,0.00000000e+00,-35.15625000,-31.73437500,3.42187500e+00
3995,1.99609375,1.98925781,6.83593750e-03,-25.39062500,-30.76562500,5.37500000e+00
3996,2.47460938,2.52929688,5.46875000e-02,-51.75000000,-40.03125000,1.17187500e+01
3997,2.49218750,2.50976562,1.75781250e-02,-56.62500000,-52.71875000,3.90625000e+00
3998,1.88867188,1.90429688,1.56250000e-02,-46.37500000,-45.90625000,4.68750000e-01
3999,2.72070312,2.74609375,2.53906250e-02,-70.31250000,-50.78125000,1.95312500e+01
