step,baseline_loss,flat_buffer_loss,loss_diff,baseline_grad,flat_buffer_grad,grad_diff
0,4.23437500,4.23437500,0.00000000e+00,-74.18750000,-78.12500000,3.93750000e+00
1,5.44921875,5.45312500,3.90625000e-03,187.50000000,189.50000000,2.00000000e+00
2,6.70312500,6.69921875,3.90625000e-03,324.25000000,322.25000000,2.00000000e+00
3,5.21093750,5.20703125,3.90625000e-03,-168.00000000,-169.87500000,1.87500000e+00
4,4.46484375,4.46875000,3.90625000e-03,-111.31250000,-109.37500000,1.93750000e+00
5,4.37109375,4.37109375,0.00000000e+00,126.93750000,126.93750000,0.00000000e+00
6,6.15625000,6.15625000,0.00000000e+00,101.56250000,101.56250000,0.00000000e+00
7,7.82812500,7.82812500,0.00000000e+00,-66.37500000,-66.37500000,0.00000000e+00
8,6.39062500,6.39453125,3.90625000e-03,23.43750000,27.34375000,3.90625000e+00
9,6.88281250,6.88671875,3.90625000e-03,234.37500000,236.37500000,2.00000000e+00
10,7.78125000,7.78125000,0.00000000e+00,-140.62500000,-140.62500000,0.00000000e+00
11,5.89843750,5.89062500,7.81250000e-03,19.53125000,15.62500000,3.90625000e+00
12,6.88281250,6.88281250,0.00000000e+00,-87.87500000,-91.81250000,3.93750000e+00
13,7.73437500,7.73828125,3.90625000e-03,23.43750000,21.48437500,1.95312500e+00
14,7.11328125,7.10937500,3.90625000e-03,-72.25000000,-74.18750000,1.93750000e+00
15,7.18359375,7.17968750,3.90625000e-03,5.85937500,3.90625000,1.95312500e+00
16,5.46875000,5.46875000,0.00000000e+00,371.00000000,369.25000000,1.75000000e+00
17,4.71093750,4.71093750,0.00000000e+00,-9.76562500,-9.76562500,0.00000000e+00
18,5.90625000,5.90625000,0.00000000e+00,-574.00000000,-574.00000000,0.00000000e+00
19,6.73437500,6.72265625,1.17187500e-02,-85.93750000,-93.75000000,7.81250000e+00
20,5.31250000,5.32031250,7.81250000e-03,-91.81250000,-89.81250000,2.00000000e+00
21,4.19531250,4.19531250,0.00000000e+00,104.50000000,100.56250000,3.93750000e+00
22,6.09375000,6.09765625,3.90625000e-03,-56.62500000,-56.62500000,0.00000000e+00
23,6.25781250,6.25781250,0.00000000e+00,339.75000000,339.75000000,0.00000000e+00
24,6.36718750,6.37500000,7.81250000e-03,17.57812500,23.43750000,5.85937500e+00
25,5.08593750,5.07812500,7.81250000e-03,-355.50000000,-357.50000000,2.00000000e+00
26,10.43750000,10.43750000,0.00000000e+00,54.68750000,54.68750000,0.00000000e+00
27,7.78125000,7.78125000,0.00000000e+00,253.87500000,255.87500000,2.00000000e+00
28,4.20703125,4.21093750,3.90625000e-03,91.81250000,95.68750000,3.87500000e+00
29,4.34375000,4.34765625,3.90625000e-03,-54.68750000,-52.71875000,1.96875000e+00
30,5.69140625,5.69531250,3.90625000e-03,-37.09375000,-35.15625000,1.93750000e+00
31,5.92968750,5.92968750,0.00000000e+00,-52.71875000,-54.68750000,1.96875000e+00
32,7.35937500,7.36328125,3.90625000e-03,-144.50000000,-144.50000000,0.00000000e+00
33,7.09765625,7.10156250,3.90625000e-03,46.87500000,52.71875000,5.84375000e+00
34,6.01562500,6.01953125,3.90625000e-03,-574.00000000,-572.50000000,1.50000000e+00
35,4.90234375,4.91015625,7.81250000e-03,-175.75000000,-171.87500000,3.87500000e+00
36,6.51562500,6.51953125,3.90625000e-03,-117.18750000,-117.18750000,0.00000000e+00
37,4.78906250,4.78906250,0.00000000e+00,-58.59375000,-58.59375000,0.00000000e+00
38,6.40234375,6.40234375,0.00000000e+00,56.62500000,56.62500000,0.00000000e+00
39,6.21875000,6.21875000,0.00000000e+00,91.81250000,89.81250000,2.00000000e+00
40,7.45312500,7.45703125,3.90625000e-03,5.85937500,5.85937500,0.00000000e+00
41,4.71093750,4.71093750,0.00000000e+00,-50.78125000,-52.71875000,1.93750000e+00
42,6.42968750,6.43750000,7.81250000e-03,89.81250000,93.75000000,3.93750000e+00
43,5.61718750,5.61328125,3.90625000e-03,-445.25000000,-445.25000000,0.00000000e+00
44,5.10546875,5.10937500,3.90625000e-03,183.62500000,187.50000000,3.87500000e+00
45,6.18359375,6.18750000,3.90625000e-03,-267.50000000,-271.50000000,4.00000000e+00
46,7.34375000,7.35156250,7.81250000e-03,265.50000000,269.50000000,4.00000000e+00
47,6.58984375,6.58593750,3.90625000e-03,271.50000000,269.50000000,2.00000000e+00
48,5.57812500,5.57812500,0.00000000e+00,-78.12500000,-78.12500000,0.00000000e+00
49,6.20703125,6.21875000,1.17187500e-02,41.00000000,44.90625000,3.90625000e+00
50,4.45312500,4.45703125,3.90625000e-03,280.25000000,283.25000000,3.00000000e+00
51,5.35937500,5.35937500,0.00000000e+00,123.06250000,121.06250000,2.00000000e+00
52,6.21875000,6.21093750,7.81250000e-03,-27.34375000,-33.18750000,5.84375000e+00
53,5.10937500,5.10937500,0.00000000e+00,3.90625000,0.00000000,3.90625000e+00
54,4.42968750,4.43359375,3.90625000e-03,-44.90625000,-44.90625000,0.00000000e+00
55,4.59765625,4.60156250,3.90625000e-03,321.25000000,324.25000000,3.00000000e+00
56,5.81250000,5.81250000,0.00000000e+00,-117.18750000,-117.18750000,0.00000000e+00
57,7.89062500,7.88671875,3.90625000e-03,125.00000000,123.06250000,1.93750000e+00
58,6.28515625,6.28906250,3.90625000e-03,-60.53125000,-62.50000000,1.96875000e+00
59,6.31250000,6.31640625,3.90625000e-03,-123.06250000,-123.06250000,0.00000000e+00
60,7.95312500,7.94531250,7.81250000e-03,54.68750000,54.68750000,0.00000000e+00
61,5.77343750,5.77343750,0.00000000e+00,109.37500000,105.43750000,3.93750000e+00
62,6.46875000,6.46875000,0.00000000e+00,-338.00000000,-334.00000000,4.00000000e+00
63,7.85156250,7.85546875,3.90625000e-03,343.75000000,345.75000000,2.00000000e+00
64,7.07031250,7.08203125,1.17187500e-02,35.15625000,41.00000000,5.84375000e+00
65,7.09375000,7.08593750,7.81250000e-03,-132.75000000,-140.62500000,7.87500000e+00
66,5.47656250,5.46875000,7.81250000e-03,642.50000000,636.50000000,6.00000000e+00
67,4.80468750,4.80859375,3.90625000e-03,128.87500000,130.87500000,2.00000000e+00
68,6.79687500,6.79687500,0.00000000e+00,306.75000000,306.75000000,0.00000000e+00
69,6.57031250,6.56640625,3.90625000e-03,-214.87500000,-214.87500000,0.00000000e+00
70,5.58984375,5.58593750,3.90625000e-03,306.75000000,304.75000000,2.00000000e+00
71,3.91796875,3.91992188,1.95312500e-03,-166.00000000,-165.00000000,1.00000000e+00
72,5.89843750,5.89453125,3.90625000e-03,-304.75000000,-306.75000000,2.00000000e+00
73,5.81250000,5.81640625,3.90625000e-03,-134.75000000,-134.75000000,0.00000000e+00
74,6.17578125,6.17187500,3.90625000e-03,-168.00000000,-175.75000000,7.75000000e+00
75,5.51171875,5.51953125,7.81250000e-03,56.62500000,60.53125000,3.90625000e+00
76,8.95312500,8.95312500,0.00000000e+00,-699.00000000,-695.50000000,3.50000000e+00
77,7.64062500,7.64453125,3.90625000e-03,97.62500000,107.43750000,9.81250000e+00
78,3.88671875,3.89062500,3.90625000e-03,-212.87500000,-214.87500000,2.00000000e+00
79,4.71093750,4.71875000,7.81250000e-03,300.75000000,300.75000000,0.00000000e+00
80,5.28906250,5.28906250,0.00000000e+00,54.68750000,54.68750000,0.00000000e+00
81,6.52343750,6.52343750,0.00000000e+00,470.75000000,468.75000000,2.00000000e+00
82,7.42187500,7.42187500,0.00000000e+00,101.56250000,99.62500000,1.93750000e+00
83,7.31250000,7.32031250,7.81250000e-03,355.50000000,355.50000000,0.00000000e+00
84,5.83593750,5.82812500,7.81250000e-03,-441.50000000,-445.25000000,3.75000000e+00
85,5.19140625,5.19531250,3.90625000e-03,144.50000000,144.50000000,0.00000000e+00
86,6.48437500,6.48437500,0.00000000e+00,74.18750000,80.06250000,5.87500000e+00
87,4.95312500,4.95312500,0.00000000e+00,152.37500000,146.50000000,5.87500000e+00
88,6.21875000,6.21875000,0.00000000e+00,-93.75000000,-93.75000000,0.00000000e+00
89,5.83593750,5.84375000,7.81250000e-03,-138.62500000,-136.75000000,1.87500000e+00
90,7.09375000,7.09375000,0.00000000e+00,-191.37500000,-195.25000000,3.87500000e+00
91,4.60937500,4.60937500,0.00000000e+00,-33.18750000,-35.15625000,1.96875000e+00
92,6.13671875,6.13671875,0.00000000e+00,13.67187500,5.85937500,7.81250000e+00
93,5.92187500,5.92187500,0.00000000e+00,300.75000000,298.75000000,2.00000000e+00
94,4.90625000,4.90625000,0.00000000e+00,-220.75000000,-220.75000000,0.00000000e+00
95,6.48437500,6.48828125,3.90625000e-03,-152.37500000,-154.25000000,1.87500000e+00
96,6.86328125,6.86718750,3.90625000e-03,-166.00000000,-168.00000000,2.00000000e+00
97,6.38281250,6.37109375,1.17187500e-02,50.78125000,44.90625000,5.87500000e+00
98,5.53515625,5.53125000,3.90625000e-03,25.39062500,19.53125000,5.85937500e+00
99,6.20312500,6.21093750,7.81250000e-03,-35.15625000,-35.15625000,0.00000000e+00
100,4.39843750,4.40625000,7.81250000e-03,191.37500000,191.37500000,0.00000000e+00
101,5.46093750,5.46093750,0.00000000e+00,310.50000000,310.50000000,0.00000000e+00
102,6.28906250,6.28125000,7.81250000e-03,31.25000000,27.34375000,3.90625000e+00
103,5.29687500,5.29687500,0.00000000e+00,199.25000000,195.25000000,4.00000000e+00
104,4.61718750,4.62500000,7.81250000e-03,72.25000000,70.31250000,1.93750000e+00
105,4.00000000,4.00781250,7.81250000e-03,-468.75000000,-468.75000000,0.00000000e+00
106,5.77343750,5.77734375,3.90625000e-03,-15.62500000,-17.57812500,1.95312500e+00
107,7.33593750,7.33984375,3.90625000e-03,-310.50000000,-314.50000000,4.00000000e+00
108,6.56250000,6.57031250,7.81250000e-03,304.75000000,300.75000000,4.00000000e+00
109,6.37500000,6.39453125,1.95312500e-02,-107.43750000,-103.50000000,3.93750000e+00
110,7.61718750,7.62500000,7.81250000e-03,-285.25000000,-277.25000000,8.00000000e+00
111,5.58593750,5.59375000,7.81250000e-03,109.37500000,113.25000000,3.87500000e+00
112,6.35156250,6.35937500,7.81250000e-03,-210.87500000,-210.87500000,0.00000000e+00
113,7.14062500,7.14453125,3.90625000e-03,-199.25000000,-201.12500000,1.87500000e+00
114,7.38281250,7.39062500,7.81250000e-03,420.00000000,423.75000000,3.75000000e+00
115,6.98437500,6.99218750,7.81250000e-03,-160.12500000,-156.25000000,3.87500000e+00
116,4.79296875,4.80468750,1.17187500e-02,89.81250000,91.81250000,2.00000000e+00
117,4.77734375,4.78125000,3.90625000e-03,169.87500000,171.87500000,2.00000000e+00
118,6.35937500,6.35937500,0.00000000e+00,-218.75000000,-220.75000000,2.00000000e+00
119,6.89062500,6.90625000,1.56250000e-02,338.00000000,345.75000000,7.75000000e+00
120,5.52734375,5.53125000,3.90625000e-03,316.50000000,320.25000000,3.75000000e+00
121,3.71875000,3.71875000,0.00000000e+00,-175.75000000,-173.87500000,1.87500000e+00
122,5.92187500,5.92578125,3.90625000e-03,-80.06250000,-80.06250000,0.00000000e+00
123,5.43750000,5.44140625,3.90625000e-03,-240.25000000,-240.25000000,0.00000000e+00
124,6.29687500,6.30078125,3.90625000e-03,265.50000000,271.50000000,6.00000000e+00
125,5.19140625,5.20312500,1.17187500e-02,0.00000000,1.95312500,1.95312500e+00
126,8.64843750,8.65625000,7.81250000e-03,-1207.00000000,-1195.00000000,1.20000000e+01
127,7.24218750,7.23437500,7.81250000e-03,-152.37500000,-158.25000000,5.87500000e+00
128,3.75390625,3.74609375,7.81250000e-03,-224.62500000,-226.50000000,1.87500000e+00
129,4.25781250,4.25781250,0.00000000e+00,17.57812500,15.62500000,1.95312500e+00
130,5.30078125,5.28906250,1.17187500e-02,-64.43750000,-70.31250000,5.87500000e+00
131,6.04296875,6.04296875,0.00000000e+00,33.18750000,31.25000000,1.93750000e+00
132,7.00390625,7.00781250,3.90625000e-03,-162.12500000,-160.12500000,2.00000000e+00
133,6.90625000,6.90625000,0.00000000e+00,97.62500000,95.68750000,1.93750000e+00
134,6.53515625,6.54687500,1.17187500e-02,142.62500000,144.50000000,1.87500000e+00
135,4.95703125,4.96484375,7.81250000e-03,-3.90625000,-1.95312500,1.95312500e+00
136,6.38281250,6.38671875,3.90625000e-03,-46.87500000,-42.96875000,3.90625000e+00
137,4.63281250,4.64062500,7.81250000e-03,-46.87500000,-46.87500000,0.00000000e+00
138,6.06250000,6.06250000,0.00000000e+00,-246.12500000,-248.00000000,1.87500000e+00
139,5.85937500,5.85937500,0.00000000e+00,-304.75000000,-304.75000000,0.00000000e+00
140,7.07812500,7.08203125,3.90625000e-03,-78.12500000,-78.12500000,0.00000000e+00
141,4.26171875,4.26562500,3.90625000e-03,-210.87500000,-209.00000000,1.87500000e+00
142,6.08593750,6.09375000,7.81250000e-03,-39.06250000,-35.15625000,3.90625000e+00
143,5.21093750,5.20312500,7.81250000e-03,-117.18750000,-117.18750000,0.00000000e+00
144,4.42578125,4.43750000,1.17187500e-02,-338.00000000,-339.75000000,1.75000000e+00
145,6.89843750,6.89453125,3.90625000e-03,324.25000000,318.25000000,6.00000000e+00
146,7.33203125,7.34375000,1.17187500e-02,509.75000000,511.75000000,2.00000000e+00
147,6.84375000,6.83984375,3.90625000e-03,523.50000000,517.50000000,6.00000000e+00
148,5.21875000,5.21484375,3.90625000e-03,-212.87500000,-218.75000000,5.87500000e+00
149,6.13671875,6.14843750,1.17187500e-02,17.57812500,23.43750000,5.85937500e+00
150,4.43359375,4.43359375,0.00000000e+00,130.87500000,128.87500000,2.00000000e+00
151,4.95312500,4.96484375,1.17187500e-02,0.00000000,0.00000000,0.00000000e+00
152,5.92968750,5.93750000,7.81250000e-03,-175.75000000,-171.87500000,3.87500000e+00
153,4.94531250,4.94921875,3.90625000e-03,-62.50000000,-60.53125000,1.96875000e+00
154,4.28125000,4.28906250,7.81250000e-03,-91.81250000,-93.75000000,1.93750000e+00
155,3.69921875,3.70703125,7.81250000e-03,-482.50000000,-480.50000000,2.00000000e+00
156,5.29687500,5.28906250,7.81250000e-03,-257.75000000,-261.75000000,4.00000000e+00
157,7.35546875,7.36718750,1.17187500e-02,-60.53125000,-58.59375000,1.93750000e+00
158,6.33203125,6.33593750,3.90625000e-03,244.12500000,242.12500000,2.00000000e+00
159,6.48046875,6.48437500,3.90625000e-03,115.25000000,113.25000000,2.00000000e+00
160,7.74218750,7.74218750,0.00000000e+00,-70.31250000,-70.31250000,0.00000000e+00
161,4.57812500,4.57812500,0.00000000e+00,-775.50000000,-777.50000000,2.00000000e+00
162,6.22656250,6.23828125,1.17187500e-02,-144.50000000,-146.50000000,2.00000000e+00
163,7.83593750,7.85156250,1.56250000e-02,724.50000000,722.50000000,2.00000000e+00
164,6.92578125,6.93359375,7.81250000e-03,144.50000000,146.50000000,2.00000000e+00
165,6.92187500,6.92968750,7.81250000e-03,-212.87500000,-212.87500000,0.00000000e+00
166,4.27734375,4.27734375,0.00000000e+00,-369.25000000,-371.00000000,1.75000000e+00
167,4.47656250,4.48437500,7.81250000e-03,60.53125000,64.43750000,3.90625000e+00
168,6.24218750,6.24218750,0.00000000e+00,125.00000000,121.06250000,3.93750000e+00
169,6.56640625,6.58593750,1.95312500e-02,107.43750000,117.18750000,9.75000000e+00
170,5.24609375,5.24218750,3.90625000e-03,183.62500000,183.62500000,0.00000000e+00
171,3.72656250,3.72460938,1.95312500e-03,-156.25000000,-157.25000000,1.00000000e+00
172,6.02343750,6.01953125,3.90625000e-03,93.75000000,93.75000000,0.00000000e+00
173,5.66406250,5.67578125,1.17187500e-02,-132.75000000,-130.87500000,1.87500000e+00
174,6.04687500,6.05078125,3.90625000e-03,9.76562500,9.76562500,0.00000000e+00
175,4.87500000,4.88281250,7.81250000e-03,-255.87500000,-253.87500000,2.00000000e+00
176,9.23437500,9.22656250,7.81250000e-03,-425.75000000,-433.50000000,7.75000000e+00
177,7.89062500,7.89062500,0.00000000e+00,466.75000000,464.75000000,2.00000000e+00
178,3.96875000,3.97265625,3.90625000e-03,0.00000000,5.85937500,5.85937500e+00
179,4.18750000,4.18750000,0.00000000e+00,109.37500000,107.43750000,1.93750000e+00
180,5.50000000,5.50781250,7.81250000e-03,144.50000000,144.50000000,0.00000000e+00
181,5.79296875,5.77343750,1.95312500e-02,-87.87500000,-95.68750000,7.81250000e+00
182,7.29687500,7.29687500,0.00000000e+00,128.87500000,125.00000000,3.87500000e+00
183,6.34375000,6.33984375,3.90625000e-03,-265.50000000,-271.50000000,6.00000000e+00
184,6.19140625,6.19531250,3.90625000e-03,-158.25000000,-164.00000000,5.75000000e+00
185,4.71484375,4.72656250,1.17187500e-02,-193.37500000,-191.37500000,2.00000000e+00
186,6.25781250,6.25781250,0.00000000e+00,-160.12500000,-158.25000000,1.87500000e+00
187,4.57421875,4.57031250,3.90625000e-03,93.75000000,93.75000000,0.00000000e+00
188,6.60937500,6.60937500,0.00000000e+00,312.50000000,312.50000000,0.00000000e+00
189,5.70312500,5.71093750,7.81250000e-03,-121.06250000,-121.06250000,0.00000000e+00
190,7.05859375,7.06640625,7.81250000e-03,-52.71875000,-52.71875000,0.00000000e+00
191,4.08593750,4.08593750,0.00000000e+00,-394.50000000,-388.75000000,5.75000000e+00
192,5.91406250,5.92187500,7.81250000e-03,117.18750000,111.31250000,5.87500000e+00
193,5.17968750,5.16796875,1.17187500e-02,-128.87500000,-134.75000000,5.87500000e+00
194,5.10937500,5.11718750,7.81250000e-03,355.50000000,361.25000000,5.75000000e+00
195,6.73828125,6.73437500,3.90625000e-03,236.37500000,228.50000000,7.87500000e+00
196,6.78906250,6.79687500,7.81250000e-03,-54.68750000,-54.68750000,0.00000000e+00
197,6.21875000,6.20312500,1.56250000e-02,220.75000000,212.87500000,7.87500000e+00
198,5.18750000,5.17968750,7.81250000e-03,-169.87500000,-175.75000000,5.87500000e+00
199,5.91796875,5.92578125,7.81250000e-03,-232.37500000,-224.62500000,7.75000000e+00
200,4.08593750,4.08984375,3.90625000e-03,68.37500000,72.25000000,3.87500000e+00
201,4.60156250,4.60546875,3.90625000e-03,-203.12500000,-199.25000000,3.87500000e+00
202,5.84375000,5.85156250,7.81250000e-03,-78.12500000,-78.12500000,0.00000000e+00
203,4.96093750,4.95312500,7.81250000e-03,89.81250000,84.00000000,5.81250000e+00
204,4.25390625,4.26171875,7.81250000e-03,25.39062500,25.39062500,0.00000000e+00
205,4.28906250,4.28906250,0.00000000e+00,-126.93750000,-128.87500000,1.93750000e+00
206,5.65625000,5.64843750,7.81250000e-03,33.18750000,35.15625000,1.96875000e+00
207,7.64453125,7.64062500,3.90625000e-03,455.00000000,449.25000000,5.75000000e+00
208,6.21093750,6.21875000,7.81250000e-03,109.37500000,109.37500000,0.00000000e+00
209,6.34375000,6.34375000,0.00000000e+00,82.00000000,85.93750000,3.93750000e+00
210,7.46875000,7.47656250,7.81250000e-03,-255.87500000,-253.87500000,2.00000000e+00
211,4.97656250,4.98828125,1.17187500e-02,-78.12500000,-76.18750000,1.93750000e+00
212,6.53515625,6.53125000,3.90625000e-03,-33.18750000,-35.15625000,1.96875000e+00
213,7.15625000,7.14843750,7.81250000e-03,130.87500000,125.00000000,5.87500000e+00
214,7.07812500,7.08203125,3.90625000e-03,269.50000000,273.50000000,4.00000000e+00
215,7.06250000,7.07031250,7.81250000e-03,175.75000000,175.75000000,0.00000000e+00
216,4.77343750,4.78515625,1.17187500e-02,93.75000000,103.50000000,9.75000000e+00
217,4.39453125,4.39843750,3.90625000e-03,23.43750000,25.39062500,1.95312500e+00
218,5.80468750,5.81250000,7.81250000e-03,-130.87500000,-138.62500000,7.75000000e+00
219,6.62109375,6.61718750,3.90625000e-03,46.87500000,41.00000000,5.87500000e+00
220,5.31640625,5.31250000,3.90625000e-03,191.37500000,199.25000000,7.87500000e+00
221,3.62695312,3.61328125,1.36718750e-02,-112.31250000,-119.12500000,6.81250000e+00
222,6.12109375,6.12500000,3.90625000e-03,216.75000000,218.75000000,2.00000000e+00
223,5.40234375,5.40234375,0.00000000e+00,-146.50000000,-146.50000000,0.00000000e+00
224,6.01562500,6.01562500,0.00000000e+00,66.37500000,72.25000000,5.87500000e+00
225,4.87890625,4.88281250,3.90625000e-03,-17.57812500,-15.62500000,1.95312500e+00
226,10.61718750,10.61718750,0.00000000e+00,339.75000000,339.75000000,0.00000000e+00
227,7.41406250,7.41406250,0.00000000e+00,-162.12500000,-160.12500000,2.00000000e+00
228,4.08593750,4.08593750,0.00000000e+00,138.62500000,138.62500000,0.00000000e+00
229,3.99023438,3.99414062,3.90625000e-03,-24.40625000,-20.50000000,3.90625000e+00
230,5.07031250,5.05859375,1.17187500e-02,117.18750000,111.31250000,5.87500000e+00
231,5.88281250,5.88671875,3.90625000e-03,156.25000000,156.25000000,0.00000000e+00
232,7.13281250,7.14062500,7.81250000e-03,-3.90625000,-3.90625000,0.00000000e+00
233,7.14843750,7.14843750,0.00000000e+00,203.12500000,207.00000000,3.87500000e+00
234,6.58593750,6.58984375,3.90625000e-03,349.50000000,338.00000000,1.15000000e+01
235,4.84375000,4.85156250,7.81250000e-03,-97.62500000,-93.75000000,3.87500000e+00
236,6.29687500,6.29687500,0.00000000e+00,-74.18750000,-74.18750000,0.00000000e+00
237,4.39843750,4.39062500,7.81250000e-03,-117.18750000,-117.18750000,0.00000000e+00
238,6.21875000,6.21875000,0.00000000e+00,-74.18750000,-80.06250000,5.87500000e+00
239,5.87500000,5.88281250,7.81250000e-03,-29.29687500,-25.39062500,3.90625000e+00
240,6.89843750,6.90625000,7.81250000e-03,-253.87500000,-253.87500000,0.00000000e+00
241,4.29687500,4.29687500,0.00000000e+00,-128.87500000,-128.87500000,0.00000000e+00
242,5.75000000,5.77343750,2.34375000e-02,-154.25000000,-142.62500000,1.16250000e+01
243,5.25000000,5.23437500,1.56250000e-02,-125.00000000,-132.75000000,7.75000000e+00
244,5.22656250,5.23437500,7.81250000e-03,277.25000000,285.25000000,8.00000000e+00
245,6.53906250,6.54296875,3.90625000e-03,125.00000000,121.06250000,3.93750000e+00
246,6.77343750,6.77343750,0.00000000e+00,121.06250000,117.18750000,3.87500000e+00
247,6.07031250,6.07031250,0.00000000e+00,42.96875000,50.78125000,7.81250000e+00
248,5.20312500,5.20312500,0.00000000e+00,-101.56250000,-101.56250000,0.00000000e+00
249,6.03125000,6.02343750,7.81250000e-03,-281.25000000,-285.25000000,4.00000000e+00
250,4.01171875,4.00781250,3.90625000e-03,-46.87500000,-44.90625000,1.96875000e+00
251,4.89062500,4.88281250,7.81250000e-03,-91.81250000,-95.68750000,3.87500000e+00
252,6.16796875,6.17187500,3.90625000e-03,201.12500000,207.00000000,5.87500000e+00
253,4.96093750,4.96093750,0.00000000e+00,111.31250000,113.25000000,1.93750000e+00
254,4.29687500,4.29296875,3.90625000e-03,-5.85937500,-7.81250000,1.95312500e+00
255,3.92187500,3.91601562,5.85937500e-03,-285.25000000,-292.00000000,6.75000000e+00
256,5.72656250,5.72656250,0.00000000e+00,113.25000000,121.06250000,7.81250000e+00
257,7.34375000,7.34375000,0.00000000e+00,257.75000000,269.50000000,1.17500000e+01
258,6.14843750,6.16015625,1.17187500e-02,42.96875000,42.96875000,0.00000000e+00
259,5.98828125,5.98046875,7.81250000e-03,-255.87500000,-253.87500000,2.00000000e+00
260,7.45312500,7.44531250,7.81250000e-03,-177.75000000,-183.62500000,5.87500000e+00
261,5.75781250,5.75781250,0.00000000e+00,795.00000000,797.00000000,2.00000000e+00
262,6.67187500,6.66796875,3.90625000e-03,334.00000000,334.00000000,0.00000000e+00
263,7.57812500,7.58203125,3.90625000e-03,621.00000000,627.00000000,6.00000000e+00
264,7.11718750,7.10156250,1.56250000e-02,230.50000000,220.75000000,9.75000000e+00
265,6.74609375,6.75781250,1.17187500e-02,-150.37500000,-148.37500000,2.00000000e+00
266,4.52343750,4.52734375,3.90625000e-03,203.12500000,205.12500000,2.00000000e+00
267,4.31250000,4.31250000,0.00000000e+00,-11.71875000,-11.71875000,0.00000000e+00
268,6.54296875,6.56640625,2.34375000e-02,619.00000000,635.00000000,1.60000000e+01
269,6.05468750,6.07031250,1.56250000e-02,-273.50000000,-253.87500000,1.96250000e+01
270,4.69531250,4.67578125,1.95312500e-02,-89.81250000,-87.87500000,1.93750000e+00
271,3.52539062,3.52343750,1.95312500e-03,-192.37500000,-191.37500000,1.00000000e+00
272,5.68750000,5.67968750,7.81250000e-03,-41.00000000,-50.78125000,9.78125000e+00
273,5.37109375,5.37109375,0.00000000e+00,-189.50000000,-193.37500000,3.87500000e+00
274,6.10156250,6.10156250,0.00000000e+00,214.87500000,222.62500000,7.75000000e+00
275,4.71875000,4.71093750,7.81250000e-03,13.67187500,13.67187500,0.00000000e+00
276,9.36718750,9.37500000,7.81250000e-03,-457.00000000,-457.00000000,0.00000000e+00
277,7.46093750,7.46093750,0.00000000e+00,336.00000000,332.00000000,4.00000000e+00
278,3.87500000,3.86328125,1.17187500e-02,207.00000000,197.25000000,9.75000000e+00
279,4.09765625,4.10156250,3.90625000e-03,158.25000000,160.12500000,1.87500000e+00
280,5.46875000,5.46484375,3.90625000e-03,468.75000000,470.75000000,2.00000000e+00
281,5.09765625,5.09375000,3.90625000e-03,-517.50000000,-523.50000000,6.00000000e+00
282,7.32031250,7.32421875,3.90625000e-03,412.00000000,412.00000000,0.00000000e+00
283,6.69921875,6.68750000,1.17187500e-02,162.12500000,156.25000000,5.87500000e+00
284,5.51953125,5.51562500,3.90625000e-03,-353.50000000,-355.50000000,2.00000000e+00
285,4.69140625,4.68750000,3.90625000e-03,-93.75000000,-101.56250000,7.81250000e+00
286,6.25781250,6.26562500,7.81250000e-03,101.56250000,97.62500000,3.93750000e+00
287,4.27343750,4.28125000,7.81250000e-03,89.81250000,93.75000000,3.93750000e+00
288,6.05078125,6.06250000,1.17187500e-02,-113.25000000,-111.31250000,1.93750000e+00
289,6.44531250,6.44531250,0.00000000e+00,476.50000000,476.50000000,0.00000000e+00
290,6.92578125,6.92968750,3.90625000e-03,-13.67187500,-17.57812500,3.90625000e+00
291,4.21093750,4.21484375,3.90625000e-03,-101.56250000,-101.56250000,0.00000000e+00
292,5.78125000,5.78906250,7.81250000e-03,-66.37500000,-62.50000000,3.87500000e+00
293,5.15234375,5.15625000,3.90625000e-03,-48.81250000,-44.90625000,3.90625000e+00
294,4.39843750,4.39843750,0.00000000e+00,-179.62500000,-185.50000000,5.87500000e+00
295,6.56250000,6.57812500,1.56250000e-02,199.25000000,197.25000000,2.00000000e+00
296,6.56250000,6.56250000,0.00000000e+00,0.00000000,1.95312500,1.95312500e+00
297,6.14843750,6.13281250,1.56250000e-02,236.37500000,230.50000000,5.87500000e+00
298,4.96484375,4.97656250,1.17187500e-02,-218.75000000,-214.87500000,3.87500000e+00
299,6.26171875,6.26562500,3.90625000e-03,255.87500000,265.50000000,9.62500000e+00
300,3.99609375,3.98046875,1.56250000e-02,146.50000000,134.75000000,1.17500000e+01
301,4.66015625,4.65625000,3.90625000e-03,-201.12500000,-205.12500000,4.00000000e+00
302,5.82031250,5.82031250,0.00000000e+00,-62.50000000,-58.59375000,3.90625000e+00
303,4.67578125,4.67187500,3.90625000e-03,-37.09375000,-39.06250000,1.96875000e+00
304,4.32031250,4.31640625,3.90625000e-03,169.87500000,171.87500000,2.00000000e+00
305,3.94335938,3.94140625,1.95312500e-03,114.25000000,114.25000000,0.00000000e+00
306,5.19531250,5.18750000,7.81250000e-03,-179.62500000,-181.62500000,2.00000000e+00
307,7.55078125,7.53906250,1.17187500e-02,306.75000000,304.75000000,2.00000000e+00
308,6.17968750,6.18750000,7.81250000e-03,218.75000000,218.75000000,0.00000000e+00
309,6.19531250,6.19140625,3.90625000e-03,9.76562500,13.67187500,3.90625000e+00
310,7.17187500,7.17187500,0.00000000e+00,-226.50000000,-234.37500000,7.87500000e+00
311,4.80468750,4.80468750,0.00000000e+00,-31.25000000,-31.25000000,0.00000000e+00
312,6.50000000,6.50390625,3.90625000e-03,115.25000000,111.31250000,3.93750000e+00
313,6.42968750,6.42187500,7.81250000e-03,-306.75000000,-308.50000000,1.75000000e+00
314,6.52343750,6.52343750,0.00000000e+00,-54.68750000,-50.78125000,3.90625000e+00
315,6.52343750,6.53125000,7.81250000e-03,-216.75000000,-210.87500000,5.87500000e+00
316,4.56640625,4.57812500,1.17187500e-02,228.50000000,234.37500000,5.87500000e+00
317,4.53125000,4.54296875,1.17187500e-02,214.87500000,218.75000000,3.87500000e+00
318,5.51562500,5.50000000,1.56250000e-02,-521.50000000,-531.00000000,9.50000000e+00
319,6.47656250,6.48437500,7.81250000e-03,132.75000000,136.75000000,4.00000000e+00
320,4.50000000,4.47656250,2.34375000e-02,-363.25000000,-371.00000000,7.75000000e+00
321,3.61718750,3.61328125,3.90625000e-03,5.85937500,6.83593750,9.76562500e-01
322,6.04687500,6.04296875,3.90625000e-03,269.50000000,275.50000000,6.00000000e+00
323,5.54687500,5.55468750,7.81250000e-03,236.37500000,236.37500000,0.00000000e+00
324,6.00781250,6.00000000,7.81250000e-03,285.25000000,283.25000000,2.00000000e+00
325,4.60156250,4.60156250,0.00000000e+00,-152.37500000,-150.37500000,2.00000000e+00
326,9.87500000,9.89843750,2.34375000e-02,511.75000000,527.50000000,1.57500000e+01
327,7.06250000,7.07031250,7.81250000e-03,44.90625000,46.87500000,1.96875000e+00
328,3.42773438,3.41601562,1.17187500e-02,-280.25000000,-282.25000000,2.00000000e+00
329,3.85937500,3.87109375,1.17187500e-02,54.68750000,56.62500000,1.93750000e+00
330,5.02343750,5.01953125,3.90625000e-03,156.25000000,154.25000000,2.00000000e+00
331,5.75000000,5.75000000,0.00000000e+00,191.37500000,203.12500000,1.17500000e+01
332,6.95703125,6.96875000,1.17187500e-02,-21.48437500,-15.62500000,5.85937500e+00
333,6.21875000,6.21875000,0.00000000e+00,-228.50000000,-228.50000000,0.00000000e+00
334,5.17968750,5.17187500,7.81250000e-03,-720.50000000,-726.50000000,6.00000000e+00
335,4.79687500,4.80859375,1.17187500e-02,144.50000000,150.37500000,5.87500000e+00
336,6.39062500,6.39062500,0.00000000e+00,226.50000000,224.62500000,1.87500000e+00
337,4.13281250,4.12890625,3.90625000e-03,-261.75000000,-255.87500000,5.87500000e+00
338,5.98437500,5.98437500,0.00000000e+00,-115.25000000,-117.18750000,1.93750000e+00
339,6.06640625,6.07421875,7.81250000e-03,226.50000000,232.37500000,5.87500000e+00
340,6.89843750,6.91406250,1.56250000e-02,7.81250000,19.53125000,1.17187500e+01
341,3.83984375,3.85546875,1.56250000e-02,-402.25000000,-392.50000000,9.75000000e+00
342,5.74218750,5.75781250,1.56250000e-02,23.43750000,27.34375000,3.90625000e+00
343,4.75000000,4.74218750,7.81250000e-03,-70.31250000,-72.25000000,1.93750000e+00
344,4.60937500,4.60937500,0.00000000e+00,125.00000000,105.43750000,1.95625000e+01
345,6.50781250,6.51171875,3.90625000e-03,199.25000000,195.25000000,4.00000000e+00
346,6.01953125,6.02343750,3.90625000e-03,-435.50000000,-437.50000000,2.00000000e+00
347,5.97656250,5.99218750,1.56250000e-02,101.56250000,107.43750000,5.87500000e+00
348,5.13281250,5.13671875,3.90625000e-03,-62.50000000,-68.37500000,5.87500000e+00
349,5.94921875,5.96093750,1.17187500e-02,70.31250000,82.00000000,1.16875000e+01
350,3.74218750,3.73046875,1.17187500e-02,-116.18750000,-115.25000000,9.37500000e-01
351,4.42968750,4.41015625,1.95312500e-02,-177.75000000,-191.37500000,1.36250000e+01
352,5.90625000,5.90625000,0.00000000e+00,39.06250000,39.06250000,0.00000000e+00
353,4.68750000,4.68750000,0.00000000e+00,-168.00000000,-171.87500000,3.87500000e+00
354,4.12500000,4.12890625,3.90625000e-03,112.31250000,111.31250000,1.00000000e+00
355,3.20507812,3.20312500,1.95312500e-03,-743.00000000,-740.00000000,3.00000000e+00
356,5.18750000,5.18750000,0.00000000e+00,-117.18750000,-119.12500000,1.93750000e+00
357,6.75000000,6.74218750,7.81250000e-03,-42.96875000,-50.78125000,7.81250000e+00
358,5.82812500,5.83593750,7.81250000e-03,-46.87500000,-46.87500000,0.00000000e+00
359,6.23046875,6.23437500,3.90625000e-03,99.62500000,97.62500000,2.00000000e+00
360,7.81640625,7.81640625,0.00000000e+00,400.50000000,380.75000000,1.97500000e+01
361,4.14453125,4.15234375,7.81250000e-03,-619.00000000,-619.00000000,0.00000000e+00
362,5.94531250,5.93359375,1.17187500e-02,-152.37500000,-160.12500000,7.75000000e+00
363,6.97656250,6.98828125,1.17187500e-02,328.00000000,334.00000000,6.00000000e+00
364,6.26562500,6.26562500,0.00000000e+00,-218.75000000,-218.75000000,0.00000000e+00
365,6.66406250,6.68750000,2.34375000e-02,-42.96875000,-35.15625000,7.81250000e+00
366,4.46093750,4.46875000,7.81250000e-03,253.87500000,255.87500000,2.00000000e+00
367,4.36718750,4.37109375,3.90625000e-03,27.34375000,21.48437500,5.85937500e+00
368,5.28125000,5.28125000,0.00000000e+00,-476.50000000,-482.50000000,6.00000000e+00
369,6.75000000,6.76562500,1.56250000e-02,322.25000000,328.00000000,5.75000000e+00
370,4.58593750,4.57031250,1.56250000e-02,-207.00000000,-214.87500000,7.87500000e+00
371,3.29492188,3.29492188,0.00000000e+00,-161.12500000,-159.12500000,2.00000000e+00
372,5.50000000,5.49218750,7.81250000e-03,-207.00000000,-210.87500000,3.87500000e+00
373,5.35156250,5.35546875,3.90625000e-03,105.43750000,99.62500000,5.81250000e+00
374,5.89453125,5.89062500,3.90625000e-03,228.50000000,232.37500000,3.87500000e+00
375,4.41406250,4.41796875,3.90625000e-03,-187.50000000,-189.50000000,2.00000000e+00
376,9.23437500,9.23437500,0.00000000e+00,-7.81250000,-19.53125000,1.17187500e+01
377,7.00781250,7.00781250,0.00000000e+00,-257.75000000,-257.75000000,0.00000000e+00
378,3.59375000,3.57421875,1.95312500e-02,48.81250000,39.06250000,9.75000000e+00
379,3.89453125,3.90429688,9.76562500e-03,115.25000000,120.12500000,4.87500000e+00
380,4.29687500,4.29687500,0.00000000e+00,-261.75000000,-257.75000000,4.00000000e+00
381,5.11718750,5.12500000,7.81250000e-03,-214.87500000,-207.00000000,7.87500000e+00
382,7.05078125,7.06250000,1.17187500e-02,169.87500000,169.87500000,0.00000000e+00
383,5.85156250,5.86718750,1.56250000e-02,-470.75000000,-464.75000000,6.00000000e+00
384,5.42187500,5.43359375,1.17187500e-02,-125.00000000,-121.06250000,3.93750000e+00
385,4.68750000,4.70312500,1.56250000e-02,101.56250000,109.37500000,7.81250000e+00
386,5.87109375,5.86718750,3.90625000e-03,-21.48437500,-33.18750000,1.17031250e+01
387,4.17187500,4.16796875,3.90625000e-03,76.18750000,68.37500000,7.81250000e+00
388,6.26562500,6.26953125,3.90625000e-03,183.62500000,189.50000000,5.87500000e+00
389,5.74218750,5.74609375,3.90625000e-03,121.06250000,119.12500000,1.93750000e+00
390,6.96875000,6.97656250,7.81250000e-03,-54.68750000,-44.90625000,9.78125000e+00
391,4.30078125,4.30859375,7.81250000e-03,99.62500000,105.43750000,5.81250000e+00
392,5.79687500,5.80468750,7.81250000e-03,-62.50000000,-66.37500000,3.87500000e+00
393,4.98046875,4.99218750,1.17187500e-02,205.12500000,210.87500000,5.75000000e+00
394,4.41796875,4.42968750,1.17187500e-02,1.95312500,3.90625000,1.95312500e+00
395,6.34375000,6.34375000,0.00000000e+00,33.18750000,27.34375000,5.84375000e+00
396,6.38281250,6.37500000,7.81250000e-03,121.06250000,117.18750000,3.87500000e+00
397,5.82421875,5.82031250,3.90625000e-03,150.37500000,152.37500000,2.00000000e+00
398,5.43750000,5.44140625,3.90625000e-03,226.50000000,230.50000000,4.00000000e+00
399,6.00781250,6.02343750,1.56250000e-02,203.12500000,203.12500000,0.00000000e+00
400,4.08203125,4.07812500,3.90625000e-03,205.12500000,205.12500000,0.00000000e+00
401,4.26171875,4.27343750,1.17187500e-02,-320.25000000,-316.50000000,3.75000000e+00
402,5.85937500,5.86328125,3.90625000e-03,50.78125000,58.59375000,7.81250000e+00
403,4.84375000,4.84375000,0.00000000e+00,150.37500000,152.37500000,2.00000000e+00
404,4.32812500,4.32812500,0.00000000e+00,371.00000000,371.00000000,0.00000000e+00
405,3.68359375,3.68359375,0.00000000e+00,-228.50000000,-232.37500000,3.87500000e+00
406,5.08593750,5.07421875,1.17187500e-02,-11.71875000,-19.53125000,7.81250000e+00
407,6.00000000,6.01171875,1.17187500e-02,-685.50000000,-677.50000000,8.00000000e+00
408,5.74218750,5.74609375,3.90625000e-03,-150.37500000,-152.37500000,2.00000000e+00
409,6.36718750,6.36718750,0.00000000e+00,304.75000000,300.75000000,4.00000000e+00
410,7.28125000,7.25781250,2.34375000e-02,277.25000000,267.50000000,9.75000000e+00
411,4.84375000,4.84765625,3.90625000e-03,455.00000000,449.25000000,5.75000000e+00
412,6.49218750,6.53125000,3.90625000e-02,453.00000000,468.75000000,1.57500000e+01
413,6.44531250,6.44531250,0.00000000e+00,-62.50000000,-74.18750000,1.16875000e+01
414,6.53515625,6.53906250,3.90625000e-03,-99.62500000,-99.62500000,0.00000000e+00
415,6.58593750,6.60546875,1.95312500e-02,-97.62500000,-95.68750000,1.93750000e+00
416,3.82031250,3.81250000,7.81250000e-03,-277.25000000,-287.00000000,9.75000000e+00
417,4.13671875,4.14453125,7.81250000e-03,-64.43750000,-62.50000000,1.93750000e+00
418,5.87500000,5.87890625,3.90625000e-03,676.00000000,666.00000000,1.00000000e+01
419,6.12109375,6.12500000,3.90625000e-03,80.06250000,70.31250000,9.75000000e+00
420,5.21484375,5.20703125,7.81250000e-03,474.50000000,474.50000000,0.00000000e+00
421,3.44921875,3.44921875,0.00000000e+00,43.93750000,50.78125000,6.84375000e+00
422,5.30468750,5.29687500,7.81250000e-03,-218.75000000,-224.62500000,5.87500000e+00
423,5.08203125,5.09375000,1.17187500e-02,-166.00000000,-164.00000000,2.00000000e+00
424,5.41406250,5.42578125,1.17187500e-02,-191.37500000,-179.62500000,1.17500000e+01
425,4.86718750,4.88281250,1.56250000e-02,230.50000000,234.37500000,3.87500000e+00
426,9.32812500,9.39062500,6.25000000e-02,160.12500000,203.12500000,4.30000000e+01
427,6.91796875,6.92187500,3.90625000e-03,-169.87500000,-183.62500000,1.37500000e+01
428,3.16406250,3.16601562,1.95312500e-03,-239.25000000,-237.25000000,2.00000000e+00
429,3.69531250,3.70898438,1.36718750e-02,54.68750000,57.62500000,2.93750000e+00
430,4.15625000,4.15234375,3.90625000e-03,-238.25000000,-240.25000000,2.00000000e+00
431,5.58984375,5.57812500,1.17187500e-02,464.75000000,461.00000000,3.75000000e+00
432,7.05078125,7.06250000,1.17187500e-02,212.87500000,218.75000000,5.87500000e+00
433,6.37500000,6.37890625,3.90625000e-03,-19.53125000,-21.48437500,1.95312500e+00
434,5.82031250,5.82031250,0.00000000e+00,-9.76562500,-15.62500000,5.85937500e+00
435,4.37890625,4.39453125,1.56250000e-02,-39.06250000,-29.29687500,9.76562500e+00
436,5.47656250,5.48437500,7.81250000e-03,-402.25000000,-400.50000000,1.75000000e+00
437,4.14062500,4.13671875,3.90625000e-03,125.00000000,119.12500000,5.87500000e+00
438,6.07031250,6.07812500,7.81250000e-03,33.18750000,37.09375000,3.90625000e+00
439,5.46875000,5.47656250,7.81250000e-03,-19.53125000,-27.34375000,7.81250000e+00
440,6.65625000,6.63671875,1.95312500e-02,-175.75000000,-183.62500000,7.87500000e+00
441,4.17578125,4.16796875,7.81250000e-03,9.76562500,5.85937500,3.90625000e+00
442,5.43750000,5.43750000,0.00000000e+00,-68.37500000,-82.00000000,1.36250000e+01
443,4.33984375,4.34375000,3.90625000e-03,-123.06250000,-117.18750000,5.87500000e+00
444,4.44531250,4.43750000,7.81250000e-03,197.25000000,187.50000000,9.75000000e+00
445,6.43359375,6.43750000,3.90625000e-03,48.81250000,58.59375000,9.78125000e+00
446,6.69531250,6.69531250,0.00000000e+00,464.75000000,464.75000000,0.00000000e+00
447,5.43750000,5.44921875,1.17187500e-02,-418.00000000,-404.25000000,1.37500000e+01
448,5.00781250,5.01171875,3.90625000e-03,-156.25000000,-152.37500000,3.87500000e+00
449,5.76953125,5.76171875,7.81250000e-03,-72.25000000,-80.06250000,7.81250000e+00
450,3.75000000,3.74218750,7.81250000e-03,-33.18750000,-34.18750000,1.00000000e+00
451,4.50390625,4.51171875,7.81250000e-03,158.25000000,168.00000000,9.75000000e+00
452,5.53906250,5.54296875,3.90625000e-03,-203.12500000,-201.12500000,2.00000000e+00
453,4.66796875,4.67187500,3.90625000e-03,17.57812500,19.53125000,1.95312500e+00
454,4.16015625,4.15234375,7.81250000e-03,129.87500000,129.87500000,0.00000000e+00
455,3.72265625,3.71875000,3.90625000e-03,-92.75000000,-93.75000000,1.00000000e+00
456,5.51562500,5.51562500,0.00000000e+00,269.50000000,267.50000000,2.00000000e+00
457,6.70312500,6.71093750,7.81250000e-03,117.18750000,121.06250000,3.87500000e+00
458,6.09375000,6.10546875,1.17187500e-02,257.75000000,263.75000000,6.00000000e+00
459,6.12500000,6.11718750,7.81250000e-03,48.81250000,44.90625000,3.90625000e+00
460,6.55468750,6.54687500,7.81250000e-03,-295.00000000,-304.75000000,9.75000000e+00
461,4.25781250,4.27343750,1.56250000e-02,46.87500000,58.59375000,1.17187500e+01
462,5.44531250,5.44531250,0.00000000e+00,-406.25000000,-406.25000000,0.00000000e+00
463,7.25000000,7.25000000,0.00000000e+00,722.50000000,720.50000000,2.00000000e+00
464,5.77734375,5.78125000,3.90625000e-03,-420.00000000,-420.00000000,0.00000000e+00
465,6.45312500,6.47656250,2.34375000e-02,-82.00000000,-74.18750000,7.81250000e+00
466,3.85546875,3.85937500,3.90625000e-03,-136.75000000,-132.75000000,4.00000000e+00
467,4.15625000,4.17187500,1.56250000e-02,74.18750000,76.18750000,2.00000000e+00
468,5.96484375,5.99218750,2.73437500e-02,222.62500000,230.50000000,7.87500000e+00
469,5.81640625,5.80468750,1.17187500e-02,1.95312500,1.95312500,0.00000000e+00
470,4.20703125,4.18750000,1.95312500e-02,-212.87500000,-224.62500000,1.17500000e+01
471,3.01562500,3.00781250,7.81250000e-03,-277.25000000,-281.25000000,4.00000000e+00
472,5.71484375,5.69921875,1.56250000e-02,177.75000000,166.00000000,1.17500000e+01
473,4.97265625,4.97656250,3.90625000e-03,-156.25000000,-160.12500000,3.87500000e+00
474,5.75781250,5.75781250,0.00000000e+00,168.00000000,175.75000000,7.75000000e+00
475,4.66796875,4.68359375,1.56250000e-02,175.75000000,183.62500000,7.87500000e+00
476,8.41406250,8.42187500,7.81250000e-03,-488.25000000,-476.50000000,1.17500000e+01
477,6.82031250,6.82031250,0.00000000e+00,-144.50000000,-150.37500000,5.87500000e+00
478,3.55468750,3.53710938,1.75781250e-02,77.12500000,76.18750000,9.37500000e-01
479,3.61132812,3.61523438,3.90625000e-03,-37.09375000,-36.12500000,9.68750000e-01
480,4.49218750,4.50000000,7.81250000e-03,-125.00000000,-109.37500000,1.56250000e+01
481,5.58203125,5.56250000,1.95312500e-02,359.25000000,351.50000000,7.75000000e+00
482,6.81250000,6.83593750,2.34375000e-02,121.06250000,132.75000000,1.16875000e+01
483,6.46875000,6.47656250,7.81250000e-03,353.50000000,357.50000000,4.00000000e+00
484,5.70312500,5.71875000,1.56250000e-02,132.75000000,144.50000000,1.17500000e+01
485,4.43750000,4.44531250,7.81250000e-03,-29.29687500,-29.29687500,0.00000000e+00
486,5.67187500,5.67187500,0.00000000e+00,-238.25000000,-242.12500000,3.87500000e+00
487,3.74609375,3.73046875,1.56250000e-02,-169.87500000,-179.62500000,9.75000000e+00
488,5.94531250,5.96093750,1.56250000e-02,-39.06250000,-37.09375000,1.96875000e+00
489,5.82812500,5.84375000,1.56250000e-02,316.50000000,326.25000000,9.75000000e+00
490,6.08593750,6.08984375,3.90625000e-03,-445.25000000,-445.25000000,0.00000000e+00
491,4.24609375,4.26171875,1.56250000e-02,158.25000000,167.00000000,8.75000000e+00
492,5.65625000,5.67968750,2.34375000e-02,140.62500000,148.37500000,7.75000000e+00
493,4.69921875,4.69531250,3.90625000e-03,-72.25000000,-74.18750000,1.93750000e+00
494,4.37500000,4.37890625,3.90625000e-03,101.56250000,107.43750000,5.87500000e+00
495,6.35156250,6.34765625,3.90625000e-03,-95.68750000,-103.50000000,7.81250000e+00
496,6.02343750,6.02734375,3.90625000e-03,156.25000000,154.25000000,2.00000000e+00
497,5.66406250,5.66406250,0.00000000e+00,50.78125000,46.87500000,3.90625000e+00
498,4.91015625,4.90625000,3.90625000e-03,-130.87500000,-132.75000000,1.87500000e+00
499,5.67968750,5.68359375,3.90625000e-03,-95.68750000,-89.81250000,5.87500000e+00
500,3.63476562,3.62890625,5.85937500e-03,-33.18750000,-36.12500000,2.93750000e+00
501,4.73046875,4.73437500,3.90625000e-03,261.75000000,269.50000000,7.75000000e+00
502,5.75000000,5.73828125,1.17187500e-02,27.34375000,13.67187500,1.36718750e+01
503,4.46484375,4.46875000,3.90625000e-03,-82.00000000,-85.93750000,3.93750000e+00
504,3.74218750,3.73437500,7.81250000e-03,-207.00000000,-210.87500000,3.87500000e+00
505,3.51953125,3.50781250,1.17187500e-02,-220.75000000,-219.75000000,1.00000000e+00
506,5.12500000,5.11718750,7.81250000e-03,42.96875000,46.87500000,3.90625000e+00
507,6.23437500,6.23828125,3.90625000e-03,-367.25000000,-359.25000000,8.00000000e+00
508,5.79687500,5.80468750,7.81250000e-03,3.90625000,3.90625000,0.00000000e+00
509,5.78125000,5.78515625,3.90625000e-03,-171.87500000,-169.87500000,2.00000000e+00
510,7.03125000,7.03906250,7.81250000e-03,-93.75000000,-78.12500000,1.56250000e+01
511,3.99804688,3.99804688,0.00000000e+00,-135.75000000,-133.75000000,2.00000000e+00
512,5.79296875,5.78906250,3.90625000e-03,-84.00000000,-82.00000000,2.00000000e+00
513,6.12500000,6.12500000,0.00000000e+00,-156.25000000,-169.87500000,1.36250000e+01
514,6.10937500,6.10156250,7.81250000e-03,-7.81250000,-5.85937500,1.95312500e+00
515,6.38671875,6.39843750,1.17187500e-02,-99.62500000,-109.37500000,9.75000000e+00
516,3.82812500,3.82812500,0.00000000e+00,-9.76562500,-9.76562500,0.00000000e+00
517,4.19531250,4.19921875,3.90625000e-03,91.81250000,91.81250000,0.00000000e+00
518,5.85156250,5.83203125,1.95312500e-02,130.87500000,126.93750000,3.93750000e+00
519,5.83593750,5.83593750,0.00000000e+00,-210.87500000,-210.87500000,0.00000000e+00
520,4.67968750,4.67187500,7.81250000e-03,39.06250000,39.06250000,0.00000000e+00
521,3.43359375,3.41601562,1.75781250e-02,-9.76562500,-17.57812500,7.81250000e+00
522,5.50000000,5.50000000,0.00000000e+00,-42.96875000,-31.25000000,1.17187500e+01
523,5.09765625,5.10156250,3.90625000e-03,-15.62500000,-15.62500000,0.00000000e+00
524,5.50000000,5.49218750,7.81250000e-03,-5.85937500,-3.90625000,1.95312500e+00
525,4.60937500,4.61718750,7.81250000e-03,207.00000000,210.87500000,3.87500000e+00
526,8.82812500,8.77343750,5.46875000e-02,-636.50000000,-652.50000000,1.60000000e+01
527,6.96875000,6.97265625,3.90625000e-03,-35.15625000,-31.25000000,3.90625000e+00
528,3.35156250,3.33593750,1.56250000e-02,-205.12500000,-209.00000000,3.87500000e+00
529,3.33398438,3.33984375,5.85937500e-03,-323.25000000,-323.25000000,0.00000000e+00
530,4.06250000,4.04687500,1.56250000e-02,-132.75000000,-136.75000000,4.00000000e+00
531,4.71093750,4.69140625,1.95312500e-02,-298.75000000,-318.25000000,1.95000000e+01
532,6.28125000,6.28906250,7.81250000e-03,-543.00000000,-543.00000000,0.00000000e+00
533,6.59375000,6.58984375,3.90625000e-03,552.50000000,549.00000000,3.50000000e+00
534,5.83593750,5.85156250,1.56250000e-02,531.00000000,537.00000000,6.00000000e+00
535,4.41406250,4.41796875,3.90625000e-03,23.43750000,21.48437500,1.95312500e+00
536,5.72265625,5.73046875,7.81250000e-03,-72.25000000,-68.37500000,3.87500000e+00
537,3.99609375,3.99609375,0.00000000e+00,205.12500000,203.12500000,2.00000000e+00
538,5.66406250,5.66406250,0.00000000e+00,-230.50000000,-250.00000000,1.95000000e+01
539,5.03906250,5.04687500,7.81250000e-03,-353.50000000,-351.50000000,2.00000000e+00
540,6.44921875,6.43750000,1.17187500e-02,-162.12500000,-168.00000000,5.87500000e+00
541,3.84375000,3.84375000,0.00000000e+00,-109.37500000,-107.43750000,1.93750000e+00
542,5.44140625,5.44531250,3.90625000e-03,111.31250000,103.50000000,7.81250000e+00
543,4.74218750,4.75000000,7.81250000e-03,113.25000000,123.06250000,9.81250000e+00
544,4.43750000,4.45312500,1.56250000e-02,302.75000000,298.75000000,4.00000000e+00
545,6.47656250,6.49218750,1.56250000e-02,281.25000000,287.00000000,5.75000000e+00
546,6.10156250,6.10546875,3.90625000e-03,7.81250000,3.90625000,3.90625000e+00
547,5.40625000,5.39843750,7.81250000e-03,-347.75000000,-359.25000000,1.15000000e+01
548,5.15234375,5.14843750,3.90625000e-03,158.25000000,156.25000000,2.00000000e+00
549,5.63281250,5.63281250,0.00000000e+00,-85.93750000,-95.68750000,9.75000000e+00
550,3.78320312,3.76562500,1.75781250e-02,169.00000000,160.12500000,8.87500000e+00
551,4.16796875,4.16796875,0.00000000e+00,-125.00000000,-126.93750000,1.93750000e+00
552,5.55468750,5.55078125,3.90625000e-03,-93.75000000,-95.68750000,1.93750000e+00
553,4.24218750,4.25000000,7.81250000e-03,-205.12500000,-201.12500000,4.00000000e+00
554,4.16015625,4.16015625,0.00000000e+00,336.00000000,336.00000000,0.00000000e+00
555,3.36718750,3.37109375,3.90625000e-03,-269.50000000,-267.50000000,2.00000000e+00
556,5.23437500,5.22656250,7.81250000e-03,328.00000000,324.25000000,3.75000000e+00
557,6.37500000,6.39062500,1.56250000e-02,-27.34375000,-11.71875000,1.56250000e+01
558,5.90234375,5.89062500,1.17187500e-02,175.75000000,168.00000000,7.75000000e+00
559,5.81250000,5.82031250,7.81250000e-03,-19.53125000,-11.71875000,7.81250000e+00
560,7.02343750,7.00781250,1.56250000e-02,128.87500000,136.75000000,7.87500000e+00
561,4.16406250,4.17968750,1.56250000e-02,109.37500000,115.25000000,5.87500000e+00
562,5.25000000,5.25390625,3.90625000e-03,-566.50000000,-562.50000000,4.00000000e+00
563,6.00000000,6.00390625,3.90625000e-03,-7.81250000,-5.85937500,1.95312500e+00
564,5.96093750,5.96484375,3.90625000e-03,-54.68750000,-60.53125000,5.84375000e+00
565,5.99218750,5.98828125,3.90625000e-03,-480.50000000,-486.25000000,5.75000000e+00
566,3.83984375,3.85156250,1.17187500e-02,-21.48437500,-21.48437500,0.00000000e+00
567,3.81640625,3.83203125,1.56250000e-02,-138.62500000,-140.62500000,2.00000000e+00
568,5.20312500,5.17968750,2.34375000e-02,-105.43750000,-123.06250000,1.76250000e+01
569,5.67187500,5.67187500,0.00000000e+00,50.78125000,48.81250000,1.96875000e+00
570,4.90625000,4.89453125,1.17187500e-02,289.00000000,283.25000000,5.75000000e+00
571,3.24609375,3.22460938,2.14843750e-02,-37.09375000,-45.90625000,8.81250000e+00
572,5.39843750,5.39062500,7.81250000e-03,101.56250000,97.62500000,3.93750000e+00
573,4.80859375,4.82421875,1.56250000e-02,-226.50000000,-220.75000000,5.75000000e+00
574,5.45312500,5.43359375,1.95312500e-02,-23.43750000,-21.48437500,1.95312500e+00
575,4.09375000,4.09375000,0.00000000e+00,-244.12500000,-250.00000000,5.87500000e+00
576,8.53125000,8.53125000,0.00000000e+00,-593.50000000,-586.00000000,7.50000000e+00
577,6.76953125,6.77343750,3.90625000e-03,-76.18750000,-76.18750000,0.00000000e+00
578,3.44921875,3.43750000,1.17187500e-02,54.68750000,54.68750000,0.00000000e+00
579,3.43359375,3.44531250,1.17187500e-02,-148.37500000,-138.62500000,9.75000000e+00
580,4.58593750,4.58203125,3.90625000e-03,222.62500000,224.62500000,2.00000000e+00
581,4.92968750,4.92187500,7.81250000e-03,-113.25000000,-117.18750000,3.93750000e+00
582,6.36718750,6.37500000,7.81250000e-03,-326.25000000,-324.25000000,2.00000000e+00
583,5.85937500,5.89062500,3.12500000e-02,-62.50000000,-54.68750000,7.81250000e+00
584,5.49609375,5.50000000,3.90625000e-03,42.96875000,42.96875000,0.00000000e+00
585,4.46875000,4.46875000,0.00000000e+00,193.37500000,195.25000000,1.87500000e+00
586,5.54687500,5.54687500,0.00000000e+00,-177.75000000,-187.50000000,9.75000000e+00
587,3.62109375,3.63281250,1.17187500e-02,-189.50000000,-187.50000000,2.00000000e+00
588,5.77343750,5.76953125,3.90625000e-03,-60.53125000,-60.53125000,0.00000000e+00
589,5.46093750,5.47656250,1.56250000e-02,62.50000000,66.37500000,3.87500000e+00
590,6.51171875,6.53906250,2.73437500e-02,64.43750000,78.12500000,1.36875000e+01
591,4.00781250,4.01171875,3.90625000e-03,162.12500000,159.12500000,3.00000000e+00
592,5.36718750,5.37890625,1.17187500e-02,85.93750000,84.00000000,1.93750000e+00
593,4.43359375,4.42187500,1.17187500e-02,130.87500000,121.06250000,9.81250000e+00
594,3.84375000,3.84960938,5.85937500e-03,-37.09375000,-42.00000000,4.90625000e+00
595,6.13281250,6.15234375,1.95312500e-02,-5.85937500,3.90625000,9.76562500e+00
596,5.90625000,5.90625000,0.00000000e+00,-5.85937500,-11.71875000,5.85937500e+00
597,5.38671875,5.38281250,3.90625000e-03,3.90625000,7.81250000,3.90625000e+00
598,5.35156250,5.36328125,1.17187500e-02,287.00000000,291.00000000,4.00000000e+00
599,5.76562500,5.75781250,7.81250000e-03,105.43750000,99.62500000,5.81250000e+00
600,3.43750000,3.43750000,0.00000000e+00,-193.37500000,-191.37500000,2.00000000e+00
601,4.05078125,4.04296875,7.81250000e-03,-37.09375000,-42.96875000,5.87500000e+00
602,5.99609375,6.02343750,2.73437500e-02,371.00000000,379.00000000,8.00000000e+00
603,4.23046875,4.22656250,3.90625000e-03,-158.25000000,-164.00000000,5.75000000e+00
604,3.76953125,3.78125000,1.17187500e-02,-101.56250000,-95.68750000,5.87500000e+00
605,3.36132812,3.35937500,1.95312500e-03,-183.62500000,-185.50000000,1.87500000e+00
606,4.41015625,4.42187500,1.17187500e-02,-240.25000000,-234.37500000,5.87500000e+00
607,6.35156250,6.36718750,1.56250000e-02,-84.00000000,-74.18750000,9.81250000e+00
608,5.76562500,5.76171875,3.90625000e-03,78.12500000,80.06250000,1.93750000e+00
609,5.78125000,5.77343750,7.81250000e-03,-39.06250000,-46.87500000,7.81250000e+00
610,6.41015625,6.39062500,1.95312500e-02,-318.25000000,-320.25000000,2.00000000e+00
611,3.41015625,3.41015625,0.00000000e+00,-463.00000000,-470.75000000,7.75000000e+00
612,5.64843750,5.64843750,0.00000000e+00,31.25000000,58.59375000,2.73437500e+01
613,5.97656250,6.02343750,4.68750000e-02,-82.00000000,-66.37500000,1.56250000e+01
614,5.33984375,5.33203125,7.81250000e-03,-476.50000000,-484.25000000,7.75000000e+00
615,6.32421875,6.33203125,7.81250000e-03,21.48437500,27.34375000,5.85937500e+00
616,3.85156250,3.86718750,1.56250000e-02,162.12500000,168.00000000,5.87500000e+00
617,4.06640625,4.07812500,1.17187500e-02,74.18750000,80.06250000,5.87500000e+00
618,5.14062500,5.12500000,1.56250000e-02,-253.87500000,-261.75000000,7.87500000e+00
619,5.45703125,5.48437500,2.73437500e-02,-220.75000000,-197.25000000,2.35000000e+01
620,4.42187500,4.41796875,3.90625000e-03,-35.15625000,-37.09375000,1.93750000e+00
621,2.94531250,2.93945312,5.85937500e-03,-257.75000000,-260.75000000,3.00000000e+00
622,5.64062500,5.63281250,7.81250000e-03,175.75000000,177.75000000,2.00000000e+00
623,5.04687500,5.05468750,7.81250000e-03,85.93750000,93.75000000,7.81250000e+00
624,5.43359375,5.42968750,3.90625000e-03,158.25000000,158.25000000,0.00000000e+00
625,4.49218750,4.49218750,0.00000000e+00,109.37500000,107.43750000,1.93750000e+00
626,8.32812500,8.31250000,1.56250000e-02,-336.00000000,-347.75000000,1.17500000e+01
627,6.36718750,6.33593750,3.12500000e-02,-336.00000000,-351.50000000,1.55000000e+01
628,3.39648438,3.39843750,1.95312500e-03,191.37500000,191.37500000,0.00000000e+00
629,3.51562500,3.53125000,1.56250000e-02,-7.81250000,-6.83593750,9.76562500e-01
630,3.69726562,3.68554688,1.17187500e-02,-307.50000000,-309.50000000,2.00000000e+00
631,4.50390625,4.50000000,3.90625000e-03,-216.75000000,-207.00000000,9.75000000e+00
632,6.56250000,6.57031250,7.81250000e-03,-31.25000000,-17.57812500,1.36718750e+01
633,5.60937500,5.60156250,7.81250000e-03,-128.87500000,-136.75000000,7.87500000e+00
634,5.14843750,5.13281250,1.56250000e-02,-119.12500000,-132.75000000,1.36250000e+01
635,3.76367188,3.76171875,1.95312500e-03,-524.50000000,-521.50000000,3.00000000e+00
636,5.39843750,5.40625000,7.81250000e-03,-207.00000000,-210.87500000,3.87500000e+00
637,4.20312500,4.20312500,0.00000000e+00,364.25000000,363.25000000,1.00000000e+00
638,5.57812500,5.59375000,1.56250000e-02,-142.62500000,-134.75000000,7.87500000e+00
639,5.28125000,5.30859375,2.73437500e-02,39.06250000,48.81250000,9.75000000e+00
640,6.41796875,6.39062500,2.73437500e-02,-130.87500000,-138.62500000,7.75000000e+00
641,3.72656250,3.73437500,7.81250000e-03,-49.81250000,-41.00000000,8.81250000e+00
642,4.95703125,4.97265625,1.56250000e-02,-261.75000000,-267.50000000,5.75000000e+00
643,4.64843750,4.65234375,3.90625000e-03,253.87500000,261.75000000,7.87500000e+00
644,3.85937500,3.85937500,0.00000000e+00,-271.50000000,-273.50000000,2.00000000e+00
645,6.13671875,6.14062500,3.90625000e-03,162.12500000,162.12500000,0.00000000e+00
646,6.11718750,6.10937500,7.81250000e-03,238.25000000,234.37500000,3.87500000e+00
647,5.37500000,5.36718750,7.81250000e-03,-31.25000000,-37.09375000,5.84375000e+00
648,4.77343750,4.77343750,0.00000000e+00,-109.37500000,-115.25000000,5.87500000e+00
649,5.76953125,5.78906250,1.95312500e-02,177.75000000,181.62500000,3.87500000e+00
650,3.53515625,3.52734375,7.81250000e-03,5.85937500,1.95312500,3.90625000e+00
651,4.22265625,4.21875000,3.90625000e-03,-9.76562500,-19.53125000,9.76562500e+00
652,5.57031250,5.57031250,0.00000000e+00,44.90625000,39.06250000,5.84375000e+00
653,4.44531250,4.43750000,7.81250000e-03,199.25000000,187.50000000,1.17500000e+01
654,3.86914062,3.87304688,3.90625000e-03,51.75000000,55.65625000,3.90625000e+00
655,3.44921875,3.44921875,0.00000000e+00,-132.75000000,-136.75000000,4.00000000e+00
656,5.04296875,5.04296875,0.00000000e+00,271.50000000,271.50000000,0.00000000e+00
657,6.09765625,6.10937500,1.17187500e-02,-95.68750000,-93.75000000,1.93750000e+00
658,5.50781250,5.50781250,0.00000000e+00,-9.76562500,-7.81250000,1.95312500e+00
659,5.63281250,5.64062500,7.81250000e-03,-109.37500000,-107.43750000,1.93750000e+00
660,6.93750000,6.90625000,3.12500000e-02,345.75000000,336.00000000,9.75000000e+00
661,4.05468750,4.09375000,3.90625000e-02,119.12500000,138.62500000,1.95000000e+01
662,5.18750000,5.14453125,4.29687500e-02,-146.50000000,-158.25000000,1.17500000e+01
663,5.59765625,5.60546875,7.81250000e-03,-244.12500000,-250.00000000,5.87500000e+00
664,5.64843750,5.63671875,1.17187500e-02,-58.59375000,-68.37500000,9.78125000e+00
665,6.20312500,6.21875000,1.56250000e-02,-50.78125000,-42.96875000,7.81250000e+00
666,3.75781250,3.75781250,0.00000000e+00,24.40625000,22.45312500,1.95312500e+00
667,4.16406250,4.17968750,1.56250000e-02,195.25000000,207.00000000,1.17500000e+01
668,4.95312500,4.94531250,7.81250000e-03,-140.62500000,-144.50000000,3.87500000e+00
669,6.14843750,6.16406250,1.56250000e-02,502.00000000,527.50000000,2.55000000e+01
670,4.48046875,4.44921875,3.12500000e-02,62.50000000,46.87500000,1.56250000e+01
671,3.09179688,3.07812500,1.36718750e-02,-36.12500000,-42.96875000,6.84375000e+00
672,5.09375000,5.08984375,3.90625000e-03,-199.25000000,-199.25000000,0.00000000e+00
673,4.82812500,4.82812500,0.00000000e+00,-66.37500000,-70.31250000,3.93750000e+00
674,4.96484375,4.94531250,1.95312500e-02,-197.25000000,-207.00000000,9.75000000e+00
675,4.21093750,4.21875000,7.81250000e-03,19.53125000,17.57812500,1.95312500e+00
676,9.53125000,9.57812500,4.68750000e-02,355.50000000,390.50000000,3.50000000e+01
677,6.71875000,6.71093750,7.81250000e-03,33.18750000,27.34375000,5.84375000e+00
678,3.33593750,3.33203125,3.90625000e-03,125.00000000,126.93750000,1.93750000e+00
679,3.58203125,3.58984375,7.81250000e-03,84.00000000,84.93750000,9.37500000e-01
680,4.28906250,4.28125000,7.81250000e-03,171.87500000,169.87500000,2.00000000e+00
681,4.70312500,4.71093750,7.81250000e-03,-13.67187500,0.00000000,1.36718750e+01
682,6.34765625,6.35546875,7.81250000e-03,-275.50000000,-271.50000000,4.00000000e+00
683,5.73828125,5.72656250,1.17187500e-02,-1.95312500,-15.62500000,1.36718750e+01
684,5.22265625,5.21875000,3.90625000e-03,115.25000000,117.18750000,1.93750000e+00
685,4.17968750,4.18750000,7.81250000e-03,89.81250000,91.81250000,2.00000000e+00
686,5.71484375,5.71875000,3.90625000e-03,21.48437500,19.53125000,1.95312500e+00
687,3.58984375,3.60546875,1.56250000e-02,-59.56250000,-50.78125000,8.78125000e+00
688,5.46093750,5.46484375,3.90625000e-03,-326.25000000,-320.25000000,6.00000000e+00
689,5.04296875,5.05859375,1.56250000e-02,-193.37500000,-189.50000000,3.87500000e+00
690,6.45312500,6.44531250,7.81250000e-03,-105.43750000,-123.06250000,1.76250000e+01
691,3.80859375,3.81250000,3.90625000e-03,48.81250000,44.90625000,3.90625000e+00
692,5.49218750,5.50781250,1.56250000e-02,197.25000000,205.12500000,7.87500000e+00
693,4.53906250,4.54687500,7.81250000e-03,220.75000000,222.62500000,1.87500000e+00
694,4.01562500,4.03906250,2.34375000e-02,50.78125000,76.18750000,2.54062500e+01
695,5.73828125,5.75000000,1.17187500e-02,-128.87500000,-123.06250000,5.81250000e+00
696,5.83593750,5.83593750,0.00000000e+00,80.06250000,74.18750000,5.87500000e+00
697,5.61718750,5.61718750,0.00000000e+00,201.12500000,195.25000000,5.87500000e+00
698,5.11328125,5.11328125,0.00000000e+00,197.25000000,205.12500000,7.87500000e+00
699,5.57031250,5.58203125,1.17187500e-02,-117.18750000,-113.25000000,3.93750000e+00
700,3.56640625,3.55468750,1.17187500e-02,-74.18750000,-78.12500000,3.93750000e+00
701,4.08593750,4.08203125,3.90625000e-03,5.85937500,3.90625000,1.95312500e+00
702,5.95312500,5.97656250,2.34375000e-02,431.75000000,441.50000000,9.75000000e+00
703,4.40625000,4.41406250,7.81250000e-03,109.37500000,107.43750000,1.93750000e+00
704,3.76953125,3.76953125,0.00000000e+00,-115.25000000,-113.25000000,2.00000000e+00
705,3.21093750,3.20507812,5.85937500e-03,-433.50000000,-426.75000000,6.75000000e+00
706,4.67968750,4.68359375,3.90625000e-03,-58.59375000,-54.68750000,3.90625000e+00
707,6.06640625,6.07421875,7.81250000e-03,-138.62500000,-126.93750000,1.16875000e+01
708,5.44531250,5.44140625,3.90625000e-03,-35.15625000,-35.15625000,0.00000000e+00
709,5.78906250,5.78906250,0.00000000e+00,-11.71875000,-19.53125000,7.81250000e+00
710,6.97656250,6.96875000,7.81250000e-03,283.25000000,293.00000000,9.75000000e+00
711,3.72265625,3.73046875,7.81250000e-03,-205.12500000,-201.12500000,4.00000000e+00
712,4.78906250,4.74609375,4.29687500e-02,-511.75000000,-525.50000000,1.37500000e+01
713,5.82812500,5.83984375,1.17187500e-02,-136.75000000,-138.62500000,1.87500000e+00
714,5.90625000,5.90625000,0.00000000e+00,-35.15625000,-31.25000000,3.90625000e+00
715,5.79296875,5.79687500,3.90625000e-03,-429.75000000,-429.75000000,0.00000000e+00
716,3.58203125,3.58203125,0.00000000e+00,-172.87500000,-181.62500000,8.75000000e+00
717,4.20703125,4.23828125,3.12500000e-02,256.75000000,266.50000000,9.75000000e+00
718,5.20312500,5.19531250,7.81250000e-03,207.00000000,191.37500000,1.56250000e+01
719,6.02343750,6.02343750,0.00000000e+00,488.25000000,496.00000000,7.75000000e+00
720,4.12500000,4.14453125,1.95312500e-02,-212.87500000,-201.12500000,1.17500000e+01
721,3.19531250,3.20312500,7.81250000e-03,78.12500000,78.12500000,0.00000000e+00
722,5.51562500,5.50781250,7.81250000e-03,224.62500000,218.75000000,5.87500000e+00
723,4.99218750,5.01171875,1.95312500e-02,158.25000000,169.87500000,1.16250000e+01
724,5.01562500,5.00390625,1.17187500e-02,-101.56250000,-103.50000000,1.93750000e+00
725,4.19531250,4.20312500,7.81250000e-03,31.25000000,39.06250000,7.81250000e+00
726,8.78125000,8.79687500,1.56250000e-02,-179.62500000,-179.62500000,0.00000000e+00
727,6.67968750,6.66406250,1.56250000e-02,101.56250000,103.50000000,1.93750000e+00
728,3.11718750,3.10937500,7.81250000e-03,-95.68750000,-103.50000000,7.81250000e+00
729,3.57421875,3.58593750,1.17187500e-02,37.09375000,33.18750000,3.90625000e+00
730,3.81054688,3.79296875,1.75781250e-02,-176.75000000,-189.50000000,1.27500000e+01
731,4.58593750,4.57421875,1.17187500e-02,54.68750000,56.62500000,1.93750000e+00
732,6.61328125,6.61718750,3.90625000e-03,-97.62500000,-101.56250000,3.93750000e+00
733,5.85156250,5.84375000,7.81250000e-03,152.37500000,148.37500000,4.00000000e+00
734,5.06250000,5.04296875,1.95312500e-02,31.25000000,21.48437500,9.76562500e+00
735,4.20312500,4.19531250,7.81250000e-03,27.34375000,27.34375000,0.00000000e+00
736,5.79296875,5.79687500,3.90625000e-03,148.37500000,144.50000000,3.87500000e+00
737,3.47656250,3.48046875,3.90625000e-03,-230.50000000,-225.62500000,4.87500000e+00
738,5.59375000,5.59375000,0.00000000e+00,-207.00000000,-207.00000000,0.00000000e+00
739,5.14843750,5.14843750,0.00000000e+00,-101.56250000,-101.56250000,0.00000000e+00
740,6.51953125,6.50000000,1.95312500e-02,33.18750000,29.29687500,3.89062500e+00
741,3.82812500,3.83789062,9.76562500e-03,134.75000000,129.87500000,4.87500000e+00
742,5.01953125,5.02734375,7.81250000e-03,-44.90625000,-41.00000000,3.90625000e+00
743,4.33203125,4.31250000,1.95312500e-02,150.37500000,144.50000000,5.87500000e+00
744,3.64453125,3.62304688,2.14843750e-02,-273.50000000,-294.00000000,2.05000000e+01
745,5.79687500,5.80468750,7.81250000e-03,-224.62500000,-234.37500000,9.75000000e+00
746,5.72656250,5.73828125,1.17187500e-02,41.00000000,48.81250000,7.81250000e+00
747,5.43750000,5.44140625,3.90625000e-03,189.50000000,187.50000000,2.00000000e+00
748,4.61718750,4.61718750,0.00000000e+00,-222.62500000,-220.75000000,1.87500000e+00
749,5.62500000,5.64062500,1.56250000e-02,37.09375000,31.25000000,5.84375000e+00
750,3.56445312,3.56640625,1.95312500e-03,41.00000000,48.81250000,7.81250000e+00
751,4.14062500,4.16406250,2.34375000e-02,60.53125000,70.31250000,9.78125000e+00
752,5.27343750,5.26171875,1.17187500e-02,-183.62500000,-181.62500000,2.00000000e+00
753,4.22656250,4.22265625,3.90625000e-03,-52.71875000,-58.59375000,5.87500000e+00
754,3.75390625,3.75585938,1.95312500e-03,-28.31250000,-31.25000000,2.93750000e+00
755,3.43554688,3.41796875,1.75781250e-02,65.43750000,56.62500000,8.81250000e+00
756,4.77343750,4.78515625,1.17187500e-02,103.50000000,107.43750000,3.93750000e+00
757,5.78125000,5.77343750,7.81250000e-03,-277.25000000,-285.25000000,8.00000000e+00
758,5.72265625,5.72656250,3.90625000e-03,201.12500000,203.12500000,2.00000000e+00
759,5.80468750,5.81250000,7.81250000e-03,156.25000000,162.12500000,5.87500000e+00
760,6.48437500,6.45312500,3.12500000e-02,-37.09375000,-37.09375000,0.00000000e+00
761,3.71875000,3.70312500,1.56250000e-02,93.75000000,91.81250000,1.93750000e+00
762,5.79687500,5.76953125,2.73437500e-02,500.00000000,494.25000000,5.75000000e+00
763,5.91796875,5.92968750,1.17187500e-02,68.37500000,68.37500000,0.00000000e+00
764,5.78515625,5.76953125,1.56250000e-02,84.00000000,76.18750000,7.81250000e+00
765,6.18359375,6.19531250,1.17187500e-02,113.25000000,109.37500000,3.87500000e+00
766,4.00781250,4.02734375,1.95312500e-02,390.50000000,404.25000000,1.37500000e+01
767,3.90625000,3.91015625,3.90625000e-03,-11.71875000,-17.57812500,5.85937500e+00
768,4.92968750,4.97265625,4.29687500e-02,125.00000000,158.25000000,3.32500000e+01
769,5.41015625,5.39453125,1.56250000e-02,-197.25000000,-209.00000000,1.17500000e+01
770,4.38671875,4.38281250,3.90625000e-03,-56.62500000,-58.59375000,1.96875000e+00
771,2.88867188,2.88671875,1.95312500e-03,-100.56250000,-99.62500000,9.37500000e-01
772,4.59375000,4.59375000,0.00000000e+00,-523.50000000,-515.50000000,8.00000000e+00
773,4.57031250,4.58203125,1.17187500e-02,-336.00000000,-330.00000000,6.00000000e+00
774,5.03125000,5.01562500,1.56250000e-02,-64.43750000,-74.18750000,9.75000000e+00
775,4.10156250,4.10546875,3.90625000e-03,-11.71875000,-13.67187500,1.95312500e+00
776,9.42968750,9.42187500,7.81250000e-03,562.50000000,562.50000000,0.00000000e+00
777,6.41406250,6.39062500,2.34375000e-02,-246.12500000,-250.00000000,3.87500000e+00
778,3.09765625,3.09960938,1.95312500e-03,-57.62500000,-50.78125000,6.84375000e+00
779,3.08203125,3.06640625,1.56250000e-02,-307.50000000,-313.50000000,6.00000000e+00
780,3.75781250,3.74609375,1.17187500e-02,14.64843750,9.76562500,4.88281250e+00
781,4.60156250,4.56640625,3.51562500e-02,-15.62500000,-25.39062500,9.76562500e+00
782,6.43750000,6.45312500,1.56250000e-02,-115.25000000,-105.43750000,9.81250000e+00
783,5.57031250,5.56250000,7.81250000e-03,17.57812500,11.71875000,5.85937500e+00
784,4.85156250,4.84375000,7.81250000e-03,-105.43750000,-113.25000000,7.81250000e+00
785,4.14062500,4.14453125,3.90625000e-03,-52.71875000,-44.90625000,7.81250000e+00
786,5.52343750,5.51562500,7.81250000e-03,64.43750000,62.50000000,1.93750000e+00
787,3.56640625,3.57031250,3.90625000e-03,7.81250000,21.48437500,1.36718750e+01
788,5.64843750,5.64843750,0.00000000e+00,113.25000000,128.87500000,1.56250000e+01
789,5.14843750,5.15625000,7.81250000e-03,76.18750000,85.93750000,9.75000000e+00
790,6.33203125,6.32812500,3.90625000e-03,-37.09375000,-54.68750000,1.75937500e+01
791,4.03515625,4.03906250,3.90625000e-03,270.50000000,267.50000000,3.00000000e+00
792,5.14062500,5.13671875,3.90625000e-03,111.31250000,103.50000000,7.81250000e+00
793,3.81250000,3.80078125,1.17187500e-02,-205.12500000,-210.87500000,5.75000000e+00
794,3.62890625,3.61914062,9.76562500e-03,-91.81250000,-103.50000000,1.16875000e+01
795,5.66796875,5.67578125,7.81250000e-03,-252.00000000,-248.00000000,4.00000000e+00
796,5.46093750,5.45312500,7.81250000e-03,-183.62500000,-185.50000000,1.87500000e+00
797,5.25000000,5.25781250,7.81250000e-03,35.15625000,39.06250000,3.90625000e+00
798,4.68359375,4.68750000,3.90625000e-03,-60.53125000,-52.71875000,7.81250000e+00
799,5.45312500,5.48046875,2.73437500e-02,-70.31250000,-60.53125000,9.78125000e+00
800,3.34765625,3.34375000,3.90625000e-03,-76.18750000,-70.31250000,5.87500000e+00
801,3.72656250,3.71093750,1.56250000e-02,-144.50000000,-146.50000000,2.00000000e+00
802,5.26562500,5.27343750,7.81250000e-03,-78.12500000,-68.37500000,9.75000000e+00
803,4.02343750,4.02734375,3.90625000e-03,-97.62500000,-103.50000000,5.87500000e+00
804,3.75390625,3.75000000,3.90625000e-03,38.09375000,37.09375000,1.00000000e+00
805,3.16601562,3.14453125,2.14843750e-02,-206.00000000,-209.00000000,3.00000000e+00
806,4.59375000,4.58593750,7.81250000e-03,-17.57812500,-21.48437500,3.90625000e+00
807,5.74218750,5.71875000,2.34375000e-02,-363.25000000,-379.00000000,1.57500000e+01
808,5.42187500,5.41406250,7.81250000e-03,-123.06250000,-125.00000000,1.93750000e+00
809,5.57421875,5.55468750,1.95312500e-02,-68.37500000,-72.25000000,3.87500000e+00
810,6.46093750,6.42187500,3.90625000e-02,101.56250000,85.93750000,1.56250000e+01
811,3.48242188,3.46875000,1.36718750e-02,-179.62500000,-187.50000000,7.87500000e+00
812,5.15625000,5.11718750,3.90625000e-02,11.71875000,7.81250000,3.90625000e+00
813,5.68750000,5.70703125,1.95312500e-02,74.18750000,84.00000000,9.81250000e+00
814,6.24218750,6.24609375,3.90625000e-03,429.75000000,443.25000000,1.35000000e+01
815,5.86718750,5.87109375,3.90625000e-03,-173.87500000,-169.87500000,4.00000000e+00
816,3.52343750,3.50585938,1.75781250e-02,11.71875000,2.92968750,8.78906250e+00
817,3.81640625,3.82031250,3.90625000e-03,-48.81250000,-54.68750000,5.87500000e+00
818,4.80078125,4.80468750,3.90625000e-03,-154.25000000,-160.12500000,5.87500000e+00
819,4.94140625,4.92968750,1.17187500e-02,-388.75000000,-386.75000000,2.00000000e+00
820,4.40625000,4.39062500,1.56250000e-02,35.15625000,29.29687500,5.85937500e+00
821,3.27343750,3.26953125,3.90625000e-03,197.25000000,203.12500000,5.87500000e+00
822,4.85156250,4.84765625,3.90625000e-03,-257.75000000,-248.00000000,9.75000000e+00
823,4.65625000,4.66015625,3.90625000e-03,-93.75000000,-93.75000000,0.00000000e+00
824,4.98828125,4.97656250,1.17187500e-02,9.76562500,11.71875000,1.95312500e+00
825,3.91992188,3.91210938,7.81250000e-03,-194.37500000,-200.25000000,5.87500000e+00
826,8.93750000,8.95312500,1.56250000e-02,472.75000000,482.50000000,9.75000000e+00
827,6.49218750,6.46875000,2.34375000e-02,-11.71875000,-15.62500000,3.90625000e+00
828,3.25000000,3.23828125,1.17187500e-02,115.25000000,109.37500000,5.87500000e+00
829,3.28710938,3.26953125,1.75781250e-02,-29.29687500,-35.15625000,5.85937500e+00
830,3.69531250,3.68750000,7.81250000e-03,-107.43750000,-113.25000000,5.81250000e+00
831,4.68750000,4.66796875,1.95312500e-02,197.25000000,197.25000000,0.00000000e+00
832,6.56250000,6.56640625,3.90625000e-03,199.25000000,201.12500000,1.87500000e+00
833,4.82031250,4.80078125,1.95312500e-02,-445.25000000,-447.25000000,2.00000000e+00
834,5.25000000,5.24218750,7.81250000e-03,285.25000000,296.75000000,1.15000000e+01
835,4.13671875,4.12500000,1.17187500e-02,-9.76562500,-11.71875000,1.95312500e+00
836,5.47265625,5.47656250,3.90625000e-03,0.00000000,0.00000000,0.00000000e+00
837,4.07812500,4.05859375,1.95312500e-02,414.00000000,408.25000000,5.75000000e+00
838,5.82031250,5.82031250,0.00000000e+00,142.62500000,148.37500000,5.75000000e+00
839,5.01562500,5.00781250,7.81250000e-03,-70.31250000,-74.18750000,3.87500000e+00
840,5.98437500,5.95312500,3.12500000e-02,-357.50000000,-373.00000000,1.55000000e+01
841,3.88867188,3.89062500,1.95312500e-03,208.00000000,201.12500000,6.87500000e+00
842,5.33593750,5.34375000,7.81250000e-03,332.00000000,336.00000000,4.00000000e+00
843,4.07812500,4.07812500,0.00000000e+00,72.25000000,80.06250000,7.81250000e+00
844,3.57812500,3.55468750,2.34375000e-02,-291.00000000,-298.75000000,7.75000000e+00
845,5.62500000,5.63281250,7.81250000e-03,-351.50000000,-355.50000000,4.00000000e+00
846,5.78906250,5.78906250,0.00000000e+00,117.18750000,113.25000000,3.93750000e+00
847,5.39843750,5.41015625,1.17187500e-02,144.50000000,142.62500000,1.87500000e+00
848,4.71875000,4.70312500,1.56250000e-02,152.37500000,150.37500000,2.00000000e+00
849,5.60156250,5.58203125,1.95312500e-02,42.96875000,35.15625000,7.81250000e+00
850,3.44921875,3.44335938,5.85937500e-03,42.96875000,45.90625000,2.93750000e+00
851,3.98828125,3.97851562,9.76562500e-03,71.31250000,74.18750000,2.87500000e+00
852,5.12500000,5.12500000,0.00000000e+00,-158.25000000,-158.25000000,0.00000000e+00
853,4.16406250,4.17187500,7.81250000e-03,-19.53125000,-19.53125000,0.00000000e+00
854,3.69531250,3.69531250,0.00000000e+00,3.90625000,8.78906250,4.88281250e+00
855,3.28710938,3.26757812,1.95312500e-02,-84.93750000,-86.93750000,2.00000000e+00
856,4.41015625,4.42968750,1.95312500e-02,-111.31250000,-101.56250000,9.75000000e+00
857,6.00000000,5.99218750,7.81250000e-03,136.75000000,119.12500000,1.76250000e+01
858,5.07812500,5.07031250,7.81250000e-03,-332.00000000,-336.00000000,4.00000000e+00
859,5.77734375,5.76953125,7.81250000e-03,107.43750000,111.31250000,3.87500000e+00
860,6.79687500,6.78515625,1.17187500e-02,89.81250000,87.87500000,1.93750000e+00
861,3.80859375,3.80468750,3.90625000e-03,146.50000000,152.37500000,5.87500000e+00
862,4.88281250,4.83593750,4.68750000e-02,-152.37500000,-162.12500000,9.75000000e+00
863,5.73437500,5.73828125,3.90625000e-03,113.25000000,107.43750000,5.81250000e+00
864,5.68750000,5.69140625,3.90625000e-03,158.25000000,162.12500000,3.87500000e+00
865,5.98828125,6.00000000,1.17187500e-02,-31.25000000,-17.57812500,1.36718750e+01
866,3.37695312,3.36718750,9.76562500e-03,-152.37500000,-164.00000000,1.16250000e+01
867,3.77343750,3.78320312,9.76562500e-03,-113.25000000,-112.31250000,9.37500000e-01
868,4.90625000,4.90234375,3.90625000e-03,39.06250000,52.71875000,1.36562500e+01
869,5.41796875,5.38281250,3.51562500e-02,-13.67187500,-27.34375000,1.36718750e+01
870,4.24609375,4.23828125,7.81250000e-03,-33.18750000,-33.18750000,0.00000000e+00
871,2.88476562,2.87500000,9.76562500e-03,-137.75000000,-142.62500000,4.87500000e+00
872,5.32421875,5.32031250,3.90625000e-03,162.12500000,168.00000000,5.87500000e+00
873,4.65234375,4.66015625,7.81250000e-03,-128.87500000,-130.87500000,2.00000000e+00
874,4.67578125,4.66406250,1.17187500e-02,-306.75000000,-312.50000000,5.75000000e+00
875,4.05468750,4.07031250,1.56250000e-02,25.39062500,31.25000000,5.85937500e+00
876,8.37500000,8.34375000,3.12500000e-02,-769.50000000,-789.00000000,1.95000000e+01
877,6.35937500,6.35937500,0.00000000e+00,-177.75000000,-175.75000000,2.00000000e+00
878,3.21093750,3.19726562,1.36718750e-02,68.37500000,61.53125000,6.84375000e+00
879,3.46093750,3.45507812,5.85937500e-03,93.75000000,96.68750000,2.93750000e+00
880,3.73046875,3.72851562,1.95312500e-03,-166.00000000,-155.25000000,1.07500000e+01
881,4.29687500,4.29687500,0.00000000e+00,-154.25000000,-142.62500000,1.16250000e+01
882,6.19531250,6.19531250,0.00000000e+00,-132.75000000,-125.00000000,7.75000000e+00
883,5.76562500,5.75000000,1.56250000e-02,199.25000000,195.25000000,4.00000000e+00
884,4.87109375,4.87109375,0.00000000e+00,-54.68750000,-48.81250000,5.87500000e+00
885,4.02734375,4.03125000,3.90625000e-03,-103.50000000,-97.62500000,5.87500000e+00
886,5.45703125,5.46093750,3.90625000e-03,41.00000000,42.96875000,1.96875000e+00
887,3.52734375,3.53320312,5.85937500e-03,25.39062500,32.21875000,6.82812500e+00
888,5.47656250,5.46484375,1.17187500e-02,-13.67187500,-15.62500000,1.95312500e+00
889,5.20312500,5.20312500,0.00000000e+00,179.62500000,175.75000000,3.87500000e+00
890,6.14062500,6.12890625,1.17187500e-02,-103.50000000,-111.31250000,7.81250000e+00
891,3.66796875,3.67187500,3.90625000e-03,-44.90625000,-54.68750000,9.78125000e+00
892,5.11328125,5.10937500,3.90625000e-03,168.00000000,160.12500000,7.87500000e+00
893,4.25781250,4.25000000,7.81250000e-03,283.25000000,291.00000000,7.75000000e+00
894,3.50390625,3.49609375,7.81250000e-03,-252.00000000,-250.00000000,2.00000000e+00
895,5.97656250,6.00000000,2.34375000e-02,-42.96875000,-37.09375000,5.87500000e+00
896,5.80468750,5.81640625,1.17187500e-02,371.00000000,373.00000000,2.00000000e+00
897,4.78906250,4.78125000,7.81250000e-03,-218.75000000,-234.37500000,1.56250000e+01
898,4.48046875,4.47656250,3.90625000e-03,-267.50000000,-267.50000000,0.00000000e+00
899,5.51562500,5.51171875,3.90625000e-03,273.50000000,277.25000000,3.75000000e+00
900,3.42968750,3.41601562,1.36718750e-02,-52.71875000,-57.62500000,4.90625000e+00
901,4.05078125,4.01562500,3.51562500e-02,232.37500000,207.00000000,2.53750000e+01
902,5.17578125,5.17578125,0.00000000e+00,21.48437500,21.48437500,0.00000000e+00
903,3.74414062,3.75000000,5.85937500e-03,-329.00000000,-336.00000000,7.00000000e+00
904,3.76953125,3.76562500,3.90625000e-03,183.62500000,179.62500000,4.00000000e+00
905,3.36328125,3.35351562,9.76562500e-03,54.68750000,53.71875000,9.68750000e-01
906,4.35156250,4.33984375,1.17187500e-02,-97.62500000,-109.37500000,1.17500000e+01
907,5.91406250,5.89843750,1.56250000e-02,50.78125000,50.78125000,0.00000000e+00
908,5.37500000,5.37500000,0.00000000e+00,-109.37500000,-113.25000000,3.87500000e+00
909,5.57031250,5.57031250,0.00000000e+00,-82.00000000,-66.37500000,1.56250000e+01
910,7.00000000,6.96875000,3.12500000e-02,316.50000000,300.75000000,1.57500000e+01
911,3.34570312,3.34179688,3.90625000e-03,-309.50000000,-307.50000000,2.00000000e+00
912,4.80468750,4.76562500,3.90625000e-02,-126.93750000,-134.75000000,7.81250000e+00
913,5.38281250,5.38281250,0.00000000e+00,-289.00000000,-289.00000000,0.00000000e+00
914,5.72656250,5.71093750,1.56250000e-02,359.25000000,355.50000000,3.75000000e+00
915,5.58984375,5.57812500,1.17187500e-02,-281.25000000,-296.75000000,1.55000000e+01
916,3.30859375,3.29882812,9.76562500e-03,-181.62500000,-193.37500000,1.17500000e+01
917,3.52734375,3.52734375,0.00000000e+00,-161.12500000,-160.12500000,1.00000000e+00
918,4.54296875,4.59375000,5.07812500e-02,-119.12500000,-78.12500000,4.10000000e+01
919,5.36718750,5.35937500,7.81250000e-03,-93.75000000,-85.93750000,7.81250000e+00
920,3.71875000,3.71484375,3.90625000e-03,-486.25000000,-486.25000000,0.00000000e+00
921,2.97656250,2.97070312,5.85937500e-03,45.90625000,42.00000000,3.90625000e+00
922,5.00000000,4.98828125,1.17187500e-02,-62.50000000,-64.43750000,1.93750000e+00
923,4.73437500,4.74218750,7.81250000e-03,-144.50000000,-132.75000000,1.17500000e+01
924,5.00000000,4.96484375,3.51562500e-02,99.62500000,89.81250000,9.81250000e+00
925,3.93359375,3.94531250,1.17187500e-02,-107.43750000,-97.62500000,9.81250000e+00
926,8.95312500,8.93750000,1.56250000e-02,-156.25000000,-148.37500000,7.87500000e+00
927,6.46875000,6.44531250,2.34375000e-02,-168.00000000,-169.87500000,1.87500000e+00
928,3.12695312,3.12500000,1.95312500e-03,73.25000000,84.93750000,1.16875000e+01
929,3.31250000,3.30468750,7.81250000e-03,-19.53125000,-15.62500000,3.90625000e+00
930,3.66992188,3.65234375,1.75781250e-02,-172.87500000,-168.00000000,4.87500000e+00
931,4.21484375,4.20312500,1.17187500e-02,-295.00000000,-277.25000000,1.77500000e+01
932,6.44531250,6.42968750,1.56250000e-02,97.62500000,85.93750000,1.16875000e+01
933,5.02343750,5.00390625,1.95312500e-02,-347.75000000,-334.00000000,1.37500000e+01
934,4.48828125,4.49218750,3.90625000e-03,-361.25000000,-363.25000000,2.00000000e+00
935,4.07421875,4.06250000,1.17187500e-02,106.43750000,107.43750000,1.00000000e+00
936,5.48437500,5.48437500,0.00000000e+00,93.75000000,101.56250000,7.81250000e+00
937,3.33789062,3.33203125,5.85937500e-03,-61.53125000,-54.68750000,6.84375000e+00
938,5.44531250,5.45312500,7.81250000e-03,-117.18750000,-111.31250000,5.87500000e+00
939,4.95312500,4.95312500,0.00000000e+00,-97.62500000,-101.56250000,3.93750000e+00
940,6.28906250,6.26562500,2.34375000e-02,-33.18750000,-52.71875000,1.95312500e+01
941,3.78320312,3.79296875,9.76562500e-03,133.75000000,138.62500000,4.87500000e+00
942,5.03906250,5.05078125,1.17187500e-02,-29.29687500,-21.48437500,7.81250000e+00
943,3.75195312,3.74414062,7.81250000e-03,-137.75000000,-135.75000000,2.00000000e+00
944,3.24609375,3.20703125,3.90625000e-02,-230.50000000,-249.00000000,1.85000000e+01
945,5.89453125,5.89062500,3.90625000e-03,-25.39062500,-31.25000000,5.85937500e+00
946,5.57031250,5.57421875,3.90625000e-03,23.43750000,25.39062500,1.95312500e+00
947,5.07812500,5.08593750,7.81250000e-03,15.62500000,23.43750000,7.81250000e+00
948,4.41015625,4.39843750,1.17187500e-02,-136.75000000,-136.75000000,0.00000000e+00
949,5.01171875,5.01562500,3.90625000e-03,-263.75000000,-265.50000000,1.75000000e+00
950,3.42578125,3.41210938,1.36718750e-02,-5.85937500,-2.92968750,2.92968750e+00
951,4.23437500,4.21875000,1.56250000e-02,166.00000000,165.00000000,1.00000000e+00
952,5.08593750,5.08203125,3.90625000e-03,-160.12500000,-160.12500000,0.00000000e+00
953,4.23828125,4.25000000,1.17187500e-02,158.25000000,166.00000000,7.75000000e+00
954,3.49414062,3.48828125,5.85937500e-03,-77.12500000,-76.18750000,9.37500000e-01
955,3.54296875,3.51953125,2.34375000e-02,171.87500000,164.00000000,7.87500000e+00
956,4.90625000,4.90234375,3.90625000e-03,355.50000000,345.75000000,9.75000000e+00
957,5.67968750,5.65625000,2.34375000e-02,-324.25000000,-336.00000000,1.17500000e+01
958,5.18750000,5.17968750,7.81250000e-03,-238.25000000,-240.25000000,2.00000000e+00
959,5.29687500,5.28515625,1.17187500e-02,-351.50000000,-361.25000000,9.75000000e+00
960,6.57031250,6.55468750,1.56250000e-02,277.25000000,259.75000000,1.75000000e+01
961,3.44921875,3.44140625,7.81250000e-03,-150.37500000,-154.25000000,3.87500000e+00
962,5.12500000,5.02343750,1.01562500e-01,164.00000000,125.00000000,3.90000000e+01
963,5.01171875,4.99218750,1.95312500e-02,-443.25000000,-453.00000000,9.75000000e+00
964,5.13281250,5.10937500,2.34375000e-02,-386.75000000,-406.25000000,1.95000000e+01
965,5.96093750,5.94531250,1.56250000e-02,171.87500000,158.25000000,1.36250000e+01
966,3.48437500,3.47265625,1.17187500e-02,9.76562500,-1.95312500,1.17187500e+01
967,3.95898438,3.97070312,1.17187500e-02,174.75000000,180.62500000,5.87500000e+00
968,4.61718750,4.60937500,7.81250000e-03,-199.25000000,-181.62500000,1.76250000e+01
969,5.35937500,5.34375000,1.56250000e-02,44.90625000,35.15625000,9.75000000e+00
970,4.51953125,4.51562500,3.90625000e-03,240.25000000,250.00000000,9.75000000e+00
971,3.11718750,3.11718750,0.00000000e+00,117.18750000,121.06250000,3.87500000e+00
972,5.25000000,5.23437500,1.56250000e-02,93.75000000,93.75000000,0.00000000e+00
973,4.50781250,4.50781250,0.00000000e+00,-339.75000000,-343.75000000,4.00000000e+00
974,4.92578125,4.92187500,3.90625000e-03,95.68750000,97.62500000,1.93750000e+00
975,4.08593750,4.08593750,0.00000000e+00,66.37500000,70.31250000,3.93750000e+00
976,8.92968750,8.85937500,7.03125000e-02,-27.34375000,-54.68750000,2.73437500e+01
977,6.57812500,6.58203125,3.90625000e-03,11.71875000,25.39062500,1.36718750e+01
978,2.93359375,2.92382812,9.76562500e-03,-85.93750000,-88.87500000,2.93750000e+00
979,3.04296875,3.03906250,3.90625000e-03,-228.50000000,-224.62500000,3.87500000e+00
980,3.44140625,3.43554688,5.85937500e-03,-200.25000000,-197.25000000,3.00000000e+00
981,3.96093750,3.94140625,1.95312500e-02,-468.75000000,-455.00000000,1.37500000e+01
982,6.51171875,6.51562500,3.90625000e-03,128.87500000,136.75000000,7.87500000e+00
983,5.34375000,5.32031250,2.34375000e-02,42.96875000,42.96875000,0.00000000e+00
984,4.82812500,4.80078125,2.73437500e-02,111.31250000,101.56250000,9.75000000e+00
985,3.72656250,3.72656250,0.00000000e+00,-250.00000000,-246.12500000,3.87500000e+00
986,5.51562500,5.51562500,0.00000000e+00,1.95312500,7.81250000,5.85937500e+00
987,3.39453125,3.37500000,1.95312500e-02,-85.93750000,-84.93750000,1.00000000e+00
988,5.77343750,5.77343750,0.00000000e+00,257.75000000,257.75000000,0.00000000e+00
989,5.02343750,5.03125000,7.81250000e-03,74.18750000,82.00000000,7.81250000e+00
990,5.66406250,5.61718750,4.68750000e-02,-470.75000000,-492.25000000,2.15000000e+01
991,3.51562500,3.52343750,7.81250000e-03,-60.53125000,-64.43750000,3.90625000e+00
992,4.85937500,4.84375000,1.56250000e-02,-15.62500000,-21.48437500,5.85937500e+00
993,4.05078125,4.01562500,3.51562500e-02,5.85937500,-7.81250000,1.36718750e+01
994,3.39843750,3.39062500,7.81250000e-03,-127.93750000,-123.06250000,4.87500000e+00
995,6.24218750,6.25390625,1.17187500e-02,363.25000000,375.00000000,1.17500000e+01
996,5.44531250,5.44921875,3.90625000e-03,-37.09375000,-41.00000000,3.90625000e+00
997,5.02734375,5.03125000,3.90625000e-03,-21.48437500,-19.53125000,1.95312500e+00
998,4.67187500,4.67187500,0.00000000e+00,99.62500000,105.43750000,5.81250000e+00
999,4.90625000,4.89843750,7.81250000e-03,-390.50000000,-394.50000000,4.00000000e+00
1000,3.27343750,3.24804688,2.53906250e-02,16.59375000,12.69531250,3.89843750e+00
1001,3.56640625,3.57617188,9.76562500e-03,-275.50000000,-258.75000000,1.67500000e+01
1002,4.98828125,4.98828125,0.00000000e+00,-76.18750000,-74.18750000,2.00000000e+00
1003,3.87500000,3.88281250,7.81250000e-03,-144.50000000,-144.50000000,0.00000000e+00
1004,3.64257812,3.62695312,1.56250000e-02,120.12500000,112.31250000,7.81250000e+00
1005,3.43750000,3.44140625,3.90625000e-03,112.31250000,119.12500000,6.81250000e+00
1006,4.02343750,4.02343750,0.00000000e+00,-427.75000000,-431.75000000,4.00000000e+00
1007,5.69531250,5.66796875,2.73437500e-02,-48.81250000,-52.71875000,3.90625000e+00
1008,5.35156250,5.35156250,0.00000000e+00,33.18750000,37.09375000,3.90625000e+00
1009,5.80859375,5.79687500,1.17187500e-02,244.12500000,242.12500000,2.00000000e+00
1010,6.39062500,6.37500000,1.56250000e-02,246.12500000,261.75000000,1.56250000e+01
1011,3.34960938,3.35156250,1.95312500e-03,-53.71875000,-47.84375000,5.87500000e+00
1012,4.67187500,4.61718750,5.46875000e-02,-109.37500000,-119.12500000,9.75000000e+00
1013,5.58203125,5.57031250,1.17187500e-02,23.43750000,19.53125000,3.90625000e+00
1014,5.10937500,5.10546875,3.90625000e-03,-250.00000000,-248.00000000,2.00000000e+00
1015,5.92187500,5.91406250,7.81250000e-03,113.25000000,115.25000000,2.00000000e+00
1016,3.48242188,3.48046875,1.95312500e-03,110.37500000,106.43750000,3.93750000e+00
1017,3.66210938,3.63281250,2.92968750e-02,26.35937500,5.85937500,2.05000000e+01
1018,4.70703125,4.70312500,3.90625000e-03,-68.37500000,-74.18750000,5.81250000e+00
1019,5.20312500,5.17968750,2.34375000e-02,-3.90625000,0.00000000,3.90625000e+00
1020,4.09375000,4.10546875,1.17187500e-02,-31.25000000,-13.67187500,1.75781250e+01
1021,2.67382812,2.66796875,5.85937500e-03,-263.75000000,-267.50000000,3.75000000e+00
1022,5.21093750,5.20312500,7.81250000e-03,109.37500000,105.43750000,3.93750000e+00
1023,4.66796875,4.65625000,1.17187500e-02,-29.29687500,-39.06250000,9.76562500e+00
1024,4.92578125,4.91406250,1.17187500e-02,87.87500000,97.62500000,9.75000000e+00
1025,4.06640625,4.08593750,1.95312500e-02,60.53125000,67.37500000,6.84375000e+00
1026,8.25781250,8.23437500,2.34375000e-02,-551.00000000,-562.50000000,1.15000000e+01
1027,5.92578125,5.92968750,3.90625000e-03,-525.50000000,-517.50000000,8.00000000e+00
1028,2.74218750,2.75781250,1.56250000e-02,-269.50000000,-253.87500000,1.56250000e+01
1029,3.13476562,3.11718750,1.75781250e-02,-60.53125000,-68.37500000,7.84375000e+00
1030,3.76171875,3.76953125,7.81250000e-03,144.50000000,142.62500000,1.87500000e+00
1031,4.32812500,4.30468750,2.34375000e-02,-44.90625000,-46.87500000,1.96875000e+00
1032,6.06250000,6.03906250,2.34375000e-02,-148.37500000,-158.25000000,9.87500000e+00
1033,5.47265625,5.47265625,0.00000000e+00,160.12500000,171.87500000,1.17500000e+01
1034,4.85937500,4.84375000,1.56250000e-02,121.06250000,117.18750000,3.87500000e+00
1035,3.80859375,3.80273438,5.85937500e-03,-78.12500000,-67.37500000,1.07500000e+01
1036,5.15625000,5.13281250,2.34375000e-02,-316.50000000,-336.00000000,1.95000000e+01
1037,3.37304688,3.38476562,1.17187500e-02,15.62500000,26.35937500,1.07343750e+01
1038,5.33593750,5.32031250,1.56250000e-02,-74.18750000,-72.25000000,1.93750000e+00
1039,4.76171875,4.75000000,1.17187500e-02,-9.76562500,-19.53125000,9.76562500e+00
1040,5.89062500,5.85937500,3.12500000e-02,-298.75000000,-308.50000000,9.75000000e+00
1041,3.59375000,3.60937500,1.56250000e-02,9.76562500,13.67187500,3.90625000e+00
1042,5.01562500,5.00781250,7.81250000e-03,78.12500000,66.37500000,1.17500000e+01
1043,3.83984375,3.83203125,7.81250000e-03,9.76562500,17.57812500,7.81250000e+00
1044,3.45312500,3.41210938,4.10156250e-02,92.75000000,61.53125000,3.12187500e+01
1045,6.10546875,6.10937500,3.90625000e-03,291.00000000,283.25000000,7.75000000e+00
1046,5.37500000,5.35156250,2.34375000e-02,11.71875000,5.85937500,5.85937500e+00
1047,4.88281250,4.90625000,2.34375000e-02,-85.93750000,-70.31250000,1.56250000e+01
1048,4.89453125,4.89062500,3.90625000e-03,222.62500000,222.62500000,0.00000000e+00
1049,4.94531250,4.95312500,7.81250000e-03,1.95312500,15.62500000,1.36718750e+01
1050,3.40625000,3.39062500,1.56250000e-02,135.75000000,132.75000000,3.00000000e+00
1051,3.94140625,3.91406250,2.73437500e-02,265.50000000,262.75000000,2.75000000e+00
1052,4.97656250,4.97656250,0.00000000e+00,-56.62500000,-54.68750000,1.93750000e+00
1053,3.89843750,3.91210938,1.36718750e-02,-82.00000000,-75.18750000,6.81250000e+00
1054,3.99218750,3.98437500,7.81250000e-03,441.50000000,439.50000000,2.00000000e+00
1055,3.45703125,3.44140625,1.56250000e-02,-20.50000000,-28.31250000,7.81250000e+00
1056,4.23828125,4.26562500,2.73437500e-02,-173.87500000,-168.00000000,5.87500000e+00
1057,5.25390625,5.21093750,4.29687500e-02,-377.00000000,-394.50000000,1.75000000e+01
1058,5.28515625,5.27343750,1.17187500e-02,-21.48437500,-23.43750000,1.95312500e+00
1059,5.44531250,5.44531250,0.00000000e+00,-113.25000000,-125.00000000,1.17500000e+01
1060,5.78125000,5.75000000,3.12500000e-02,-105.43750000,-113.25000000,7.81250000e+00
1061,3.03125000,3.02343750,7.81250000e-03,-539.00000000,-551.00000000,1.20000000e+01
1062,4.84375000,4.82812500,1.56250000e-02,406.25000000,406.25000000,0.00000000e+00
1063,5.66796875,5.66015625,7.81250000e-03,138.62500000,130.87500000,7.75000000e+00
1064,5.48046875,5.50000000,1.95312500e-02,-15.62500000,-23.43750000,7.81250000e+00
1065,5.94531250,5.92968750,1.56250000e-02,164.00000000,173.87500000,9.87500000e+00
1066,3.63085938,3.64062500,9.76562500e-03,335.00000000,339.75000000,4.75000000e+00
1067,3.71093750,3.72656250,1.56250000e-02,43.93750000,46.87500000,2.93750000e+00
1068,4.82812500,4.80859375,1.95312500e-02,265.50000000,261.75000000,3.75000000e+00
1069,5.00390625,5.01953125,1.56250000e-02,-195.25000000,-183.62500000,1.16250000e+01
1070,3.81250000,3.80468750,7.81250000e-03,-210.87500000,-218.75000000,7.87500000e+00
1071,2.91210938,2.91601562,3.90625000e-03,58.59375000,59.56250000,9.68750000e-01
1072,5.28125000,5.28515625,3.90625000e-03,203.12500000,212.87500000,9.75000000e+00
1073,4.65625000,4.66015625,3.90625000e-03,115.25000000,119.12500000,3.87500000e+00
1074,4.83984375,4.82031250,1.95312500e-02,123.06250000,121.06250000,2.00000000e+00
1075,4.15625000,4.16406250,7.81250000e-03,159.12500000,158.25000000,8.75000000e-01
1076,8.91406250,8.90625000,7.81250000e-03,168.00000000,179.62500000,1.16250000e+01
1077,6.18750000,6.19140625,3.90625000e-03,-103.50000000,-87.87500000,1.56250000e+01
1078,2.65039062,2.65625000,5.85937500e-03,-235.37500000,-234.37500000,1.00000000e+00
1079,3.31835938,3.31835938,0.00000000e+00,134.75000000,137.75000000,3.00000000e+00
1080,3.46289062,3.44726562,1.56250000e-02,-280.25000000,-299.75000000,1.95000000e+01
1081,4.61328125,4.58593750,2.73437500e-02,212.87500000,222.62500000,9.75000000e+00
1082,6.49609375,6.48828125,7.81250000e-03,330.00000000,332.00000000,2.00000000e+00
1083,5.17968750,5.17578125,3.90625000e-03,-58.59375000,-64.43750000,5.84375000e+00
1084,4.50781250,4.50781250,0.00000000e+00,-85.93750000,-82.00000000,3.93750000e+00
1085,3.97265625,3.96875000,3.90625000e-03,134.75000000,126.00000000,8.75000000e+00
1086,5.44140625,5.42968750,1.17187500e-02,76.18750000,78.12500000,1.93750000e+00
1087,3.01562500,3.01953125,3.90625000e-03,-160.12500000,-165.00000000,4.87500000e+00
1088,5.33593750,5.31640625,1.95312500e-02,80.06250000,85.93750000,5.87500000e+00
1089,4.83593750,4.83593750,0.00000000e+00,87.87500000,84.00000000,3.87500000e+00
1090,6.05468750,6.01953125,3.51562500e-02,7.81250000,-1.95312500,9.76562500e+00
1091,3.49609375,3.51562500,1.95312500e-02,1.95312500,0.97656250,9.76562500e-01
1092,4.82031250,4.82421875,3.90625000e-03,-23.43750000,-25.39062500,1.95312500e+00
1093,3.33398438,3.31640625,1.75781250e-02,-462.00000000,-455.00000000,7.00000000e+00
1094,3.42578125,3.41601562,9.76562500e-03,97.62500000,92.75000000,4.87500000e+00
1095,6.03906250,6.06250000,2.34375000e-02,191.37500000,210.87500000,1.95000000e+01
1096,5.31640625,5.30078125,1.56250000e-02,84.00000000,76.18750000,7.81250000e+00
1097,5.22265625,5.22265625,0.00000000e+00,136.75000000,142.62500000,5.87500000e+00
1098,4.42578125,4.40625000,1.95312500e-02,-146.50000000,-158.25000000,1.17500000e+01
1099,5.14843750,5.10937500,3.90625000e-02,228.50000000,199.25000000,2.92500000e+01
1100,3.20703125,3.20898438,1.95312500e-03,-48.81250000,-44.90625000,3.90625000e+00
1101,3.62695312,3.63671875,9.76562500e-03,-18.54687500,5.85937500,2.44062500e+01
1102,4.58593750,4.58593750,0.00000000e+00,-414.00000000,-414.00000000,0.00000000e+00
1103,4.14843750,4.16406250,1.56250000e-02,157.25000000,148.37500000,8.87500000e+00
1104,3.50390625,3.50390625,0.00000000e+00,19.53125000,21.48437500,1.95312500e+00
1105,3.37890625,3.38867188,9.76562500e-03,0.00000000,10.74218750,1.07421875e+01
1106,4.28125000,4.33593750,5.46875000e-02,-89.81250000,-66.37500000,2.34375000e+01
1107,5.51171875,5.48437500,2.73437500e-02,-160.12500000,-179.62500000,1.95000000e+01
1108,4.99218750,4.98828125,3.90625000e-03,-226.50000000,-232.37500000,5.87500000e+00
1109,5.24218750,5.23046875,1.17187500e-02,-72.25000000,-80.06250000,7.81250000e+00
1110,5.89843750,5.87500000,2.34375000e-02,-240.25000000,-242.12500000,1.87500000e+00
1111,3.36132812,3.37890625,1.75781250e-02,55.65625000,64.43750000,8.78125000e+00
1112,4.58593750,4.59765625,1.17187500e-02,-168.00000000,-150.37500000,1.76250000e+01
1113,5.32421875,5.32812500,3.90625000e-03,-5.85937500,-19.53125000,1.36718750e+01
1114,5.06250000,5.07421875,1.17187500e-02,-187.50000000,-181.62500000,5.87500000e+00
1115,5.56250000,5.54687500,1.56250000e-02,-250.00000000,-246.12500000,3.87500000e+00
1116,3.15039062,3.15429688,3.90625000e-03,-38.09375000,-42.00000000,3.90625000e+00
1117,3.55468750,3.56640625,1.17187500e-02,-37.09375000,-33.18750000,3.90625000e+00
1118,4.66015625,4.66406250,3.90625000e-03,25.39062500,27.34375000,1.95312500e+00
1119,5.06250000,5.06640625,3.90625000e-03,-64.43750000,-62.50000000,1.93750000e+00
1120,4.07031250,4.06640625,3.90625000e-03,64.43750000,56.62500000,7.81250000e+00
1121,2.78515625,2.77929688,5.85937500e-03,-102.56250000,-110.37500000,7.81250000e+00
1122,5.03125000,5.02343750,7.81250000e-03,109.37500000,117.18750000,7.81250000e+00
1123,4.59375000,4.59765625,3.90625000e-03,-93.75000000,-91.81250000,1.93750000e+00
1124,4.54296875,4.53125000,1.17187500e-02,-105.43750000,-97.62500000,7.81250000e+00
1125,3.85156250,3.86718750,1.56250000e-02,-103.50000000,-93.75000000,9.75000000e+00
1126,7.96093750,7.94531250,1.56250000e-02,-371.00000000,-382.75000000,1.17500000e+01
1127,6.62109375,6.61718750,3.90625000e-03,216.75000000,218.75000000,2.00000000e+00
1128,3.05078125,3.05859375,7.81250000e-03,150.37500000,153.37500000,3.00000000e+00
1129,3.23046875,3.23828125,7.81250000e-03,23.43750000,25.39062500,1.95312500e+00
1130,3.88085938,3.87890625,1.95312500e-03,328.00000000,323.25000000,4.75000000e+00
1131,4.54687500,4.51953125,2.73437500e-02,230.50000000,226.50000000,4.00000000e+00
1132,5.89843750,5.86718750,3.12500000e-02,-89.81250000,-103.50000000,1.36875000e+01
1133,5.39453125,5.37109375,2.34375000e-02,169.87500000,150.37500000,1.95000000e+01
1134,4.85937500,4.85546875,3.90625000e-03,185.50000000,183.62500000,1.87500000e+00
1135,3.90625000,3.91406250,7.81250000e-03,71.31250000,76.18750000,4.87500000e+00
1136,5.36718750,5.37500000,7.81250000e-03,56.62500000,70.31250000,1.36875000e+01
1137,3.47265625,3.48046875,7.81250000e-03,134.75000000,131.87500000,2.87500000e+00
1138,5.37500000,5.34375000,3.12500000e-02,-19.53125000,-27.34375000,7.81250000e+00
1139,5.25000000,5.24218750,7.81250000e-03,445.25000000,439.50000000,5.75000000e+00
1140,6.01562500,5.99218750,2.34375000e-02,-3.90625000,-11.71875000,7.81250000e+00
1141,3.63867188,3.65039062,1.17187500e-02,105.43750000,94.75000000,1.06875000e+01
1142,4.95312500,4.96093750,7.81250000e-03,19.53125000,27.34375000,7.81250000e+00
1143,3.64062500,3.64062500,0.00000000e+00,-162.12500000,-156.25000000,5.87500000e+00
1144,2.92773438,2.93750000,9.76562500e-03,-381.75000000,-371.00000000,1.07500000e+01
1145,5.84375000,5.85937500,1.56250000e-02,70.31250000,78.12500000,7.81250000e+00
1146,4.93359375,4.92187500,1.17187500e-02,-246.12500000,-255.87500000,9.75000000e+00
1147,4.69531250,4.69921875,3.90625000e-03,-293.00000000,-291.00000000,2.00000000e+00
1148,4.63671875,4.62890625,7.81250000e-03,48.81250000,52.71875000,3.90625000e+00
1149,5.09375000,5.09765625,3.90625000e-03,218.75000000,205.12500000,1.36250000e+01
1150,3.24414062,3.23632812,7.81250000e-03,-10.74218750,-18.54687500,7.80468750e+00
1151,3.50781250,3.51562500,7.81250000e-03,-39.06250000,-33.18750000,5.87500000e+00
1152,5.10546875,5.11718750,1.17187500e-02,230.50000000,234.37500000,3.87500000e+00
1153,3.81640625,3.85156250,3.51562500e-02,7.81250000,17.57812500,9.76562500e+00
1154,3.63085938,3.63867188,7.81250000e-03,69.31250000,74.18750000,4.87500000e+00
1155,3.46093750,3.46093750,0.00000000e+00,138.62500000,138.62500000,0.00000000e+00
1156,4.50781250,4.53125000,2.34375000e-02,130.87500000,132.75000000,1.87500000e+00
1157,5.65625000,5.65625000,0.00000000e+00,164.00000000,169.87500000,5.87500000e+00
1158,5.23828125,5.24218750,3.90625000e-03,52.71875000,54.68750000,1.96875000e+00
1159,5.19921875,5.18359375,1.56250000e-02,-44.90625000,-54.68750000,9.78125000e+00
1160,5.63281250,5.62500000,7.81250000e-03,-355.50000000,-355.50000000,0.00000000e+00
1161,3.06640625,3.06250000,3.90625000e-03,-158.25000000,-160.12500000,1.87500000e+00
1162,4.48046875,4.44531250,3.51562500e-02,-117.18750000,-140.62500000,2.34375000e+01
1163,5.35546875,5.35156250,3.90625000e-03,-111.31250000,-89.81250000,2.15000000e+01
1164,5.59375000,5.63281250,3.90625000e-02,285.25000000,293.00000000,7.75000000e+00
1165,5.29687500,5.28906250,7.81250000e-03,-330.00000000,-304.75000000,2.52500000e+01
1166,3.23046875,3.24218750,1.17187500e-02,0.00000000,5.85937500,5.85937500e+00
1167,3.39453125,3.40234375,7.81250000e-03,-136.75000000,-140.62500000,3.87500000e+00
1168,4.77343750,4.75781250,1.56250000e-02,177.75000000,181.62500000,3.87500000e+00
1169,4.91406250,4.89062500,2.34375000e-02,-64.43750000,-80.06250000,1.56250000e+01
1170,4.05859375,4.07421875,1.56250000e-02,186.50000000,185.50000000,1.00000000e+00
1171,2.42773438,2.43359375,5.85937500e-03,-305.75000000,-302.75000000,3.00000000e+00
1172,4.65625000,4.65625000,0.00000000e+00,-187.50000000,-189.50000000,2.00000000e+00
1173,4.64062500,4.65625000,1.56250000e-02,46.87500000,54.68750000,7.81250000e+00
1174,4.39453125,4.39062500,3.90625000e-03,-232.37500000,-222.62500000,9.75000000e+00
1175,3.92968750,3.94140625,1.17187500e-02,17.57812500,11.71875000,5.85937500e+00
1176,8.65625000,8.65625000,0.00000000e+00,191.37500000,191.37500000,0.00000000e+00
1177,6.16406250,6.15625000,7.81250000e-03,-304.75000000,-302.75000000,2.00000000e+00
1178,2.85156250,2.86718750,1.56250000e-02,-151.37500000,-140.62500000,1.07500000e+01
1179,2.89257812,2.89062500,1.95312500e-03,-184.62500000,-194.37500000,9.75000000e+00
1180,3.98828125,3.96875000,1.95312500e-02,376.00000000,361.25000000,1.47500000e+01
1181,4.00390625,3.98437500,1.95312500e-02,-171.87500000,-164.00000000,7.87500000e+00
1182,5.79687500,5.78125000,1.56250000e-02,-113.25000000,-117.18750000,3.93750000e+00
1183,4.83593750,4.82031250,1.56250000e-02,-263.75000000,-263.75000000,0.00000000e+00
1184,5.00000000,4.99218750,7.81250000e-03,402.25000000,398.50000000,3.75000000e+00
1185,3.72656250,3.72460938,1.95312500e-03,-130.87500000,-128.87500000,2.00000000e+00
1186,5.47656250,5.45312500,2.34375000e-02,150.37500000,154.25000000,3.87500000e+00
1187,3.06250000,3.06640625,3.90625000e-03,-111.31250000,-112.31250000,1.00000000e+00
1188,5.69140625,5.68359375,7.81250000e-03,363.25000000,365.25000000,2.00000000e+00
1189,4.89062500,4.89843750,7.81250000e-03,281.25000000,281.25000000,0.00000000e+00
1190,6.25000000,6.16406250,8.59375000e-02,250.00000000,210.87500000,3.91250000e+01
1191,3.53906250,3.55078125,1.17187500e-02,105.43750000,96.68750000,8.75000000e+00
1192,4.80468750,4.80468750,0.00000000e+00,-13.67187500,-17.57812500,3.90625000e+00
1193,4.55468750,4.59765625,4.29687500e-02,589.00000000,614.50000000,2.55000000e+01
1194,3.15234375,3.15234375,0.00000000e+00,-206.00000000,-218.75000000,1.27500000e+01
1195,5.53906250,5.55078125,1.17187500e-02,-203.12500000,-201.12500000,2.00000000e+00
1196,5.30468750,5.30468750,0.00000000e+00,128.87500000,138.62500000,9.75000000e+00
1197,4.91406250,4.92968750,1.56250000e-02,-39.06250000,-19.53125000,1.95312500e+01
1198,4.48437500,4.48046875,3.90625000e-03,35.15625000,41.00000000,5.84375000e+00
1199,4.87890625,4.91015625,3.12500000e-02,-60.53125000,-56.62500000,3.90625000e+00
1200,3.16796875,3.17578125,7.81250000e-03,-78.12500000,-73.25000000,4.87500000e+00
1201,3.51953125,3.51171875,7.81250000e-03,-21.48437500,-9.76562500,1.17187500e+01
1202,4.90234375,4.90234375,0.00000000e+00,-23.43750000,-33.18750000,9.75000000e+00
1203,3.98828125,4.01562500,2.73437500e-02,139.62500000,141.62500000,2.00000000e+00
1204,3.33398438,3.35351562,1.95312500e-02,-124.00000000,-109.37500000,1.46250000e+01
1205,3.32031250,3.30468750,1.56250000e-02,166.00000000,164.00000000,2.00000000e+00
1206,4.09765625,4.13281250,3.51562500e-02,-193.37500000,-187.50000000,5.87500000e+00
1207,5.33984375,5.34375000,3.90625000e-03,-64.43750000,-54.68750000,9.75000000e+00
1208,4.87500000,4.87500000,0.00000000e+00,-343.75000000,-347.75000000,4.00000000e+00
1209,5.19921875,5.18750000,1.17187500e-02,-37.09375000,-42.96875000,5.87500000e+00
1210,5.92187500,5.90625000,1.56250000e-02,58.59375000,44.90625000,1.36875000e+01
1211,3.26953125,3.27734375,7.81250000e-03,130.87500000,129.87500000,1.00000000e+00
1212,4.64843750,4.63281250,1.56250000e-02,207.00000000,218.75000000,1.17500000e+01
1213,5.35937500,5.39062500,3.12500000e-02,111.31250000,125.00000000,1.36875000e+01
1214,4.65234375,4.64843750,3.90625000e-03,-603.50000000,-625.00000000,2.15000000e+01
1215,5.52343750,5.51171875,1.17187500e-02,-191.37500000,-173.87500000,1.75000000e+01
1216,3.17187500,3.17968750,7.81250000e-03,10.74218750,14.64843750,3.90625000e+00
1217,3.70312500,3.71093750,7.81250000e-03,203.12500000,201.12500000,2.00000000e+00
1218,4.40625000,4.41406250,7.81250000e-03,111.31250000,125.00000000,1.36875000e+01
1219,5.08593750,5.09765625,1.17187500e-02,3.90625000,15.62500000,1.17187500e+01
1220,3.95898438,3.97265625,1.36718750e-02,-20.50000000,-19.53125000,9.68750000e-01
1221,2.72851562,2.74804688,1.95312500e-02,-116.18750000,-99.62500000,1.65625000e+01
1222,5.00781250,4.98046875,2.73437500e-02,128.87500000,115.25000000,1.36250000e+01
1223,4.53906250,4.54687500,7.81250000e-03,142.62500000,142.62500000,0.00000000e+00
1224,4.71484375,4.71875000,3.90625000e-03,93.75000000,105.43750000,1.16875000e+01
1225,3.80664062,3.81250000,5.85937500e-03,-90.81250000,-97.62500000,6.81250000e+00
1226,9.18750000,9.14843750,3.90625000e-02,941.50000000,910.00000000,3.15000000e+01
1227,6.36718750,6.35937500,7.81250000e-03,-21.48437500,-35.15625000,1.36718750e+01
1228,2.77734375,2.77734375,0.00000000e+00,-16.59375000,-17.57812500,9.84375000e-01
1229,2.69921875,2.69921875,0.00000000e+00,-259.75000000,-265.50000000,5.75000000e+00
1230,3.42187500,3.43750000,1.56250000e-02,-130.87500000,-128.87500000,2.00000000e+00
1231,4.02343750,4.01171875,1.17187500e-02,-171.87500000,-169.87500000,2.00000000e+00
1232,5.84375000,5.84375000,0.00000000e+00,-97.62500000,-97.62500000,0.00000000e+00
1233,5.35156250,5.33203125,1.95312500e-02,312.50000000,302.75000000,9.75000000e+00
1234,4.60156250,4.60546875,3.90625000e-03,54.68750000,62.50000000,7.81250000e+00
1235,3.74804688,3.75781250,9.76562500e-03,-98.62500000,-95.68750000,2.93750000e+00
1236,5.00000000,4.98828125,1.17187500e-02,-281.25000000,-273.50000000,7.75000000e+00
1237,2.94921875,2.95312500,3.90625000e-03,-142.62500000,-138.62500000,4.00000000e+00
1238,5.31250000,5.29687500,1.56250000e-02,-21.48437500,-25.39062500,3.90625000e+00
1239,4.79296875,4.79687500,3.90625000e-03,154.25000000,152.37500000,1.87500000e+00
1240,6.21875000,6.20312500,1.56250000e-02,169.87500000,160.12500000,9.75000000e+00
1241,3.49609375,3.53515625,3.90625000e-02,74.18750000,78.12500000,3.93750000e+00
1242,4.88671875,4.89062500,3.90625000e-03,54.68750000,58.59375000,3.90625000e+00
1243,3.69140625,3.68750000,3.90625000e-03,62.50000000,74.18750000,1.16875000e+01
1244,3.16601562,3.16015625,5.85937500e-03,-66.37500000,-78.12500000,1.17500000e+01
1245,5.75000000,5.76171875,1.17187500e-02,-46.87500000,-48.81250000,1.93750000e+00
1246,5.05078125,5.05859375,7.81250000e-03,-72.25000000,-56.62500000,1.56250000e+01
1247,5.07031250,5.08203125,1.17187500e-02,187.50000000,201.12500000,1.36250000e+01
1248,4.19140625,4.17187500,1.95312500e-02,-244.12500000,-248.00000000,3.87500000e+00
1249,4.94531250,4.93750000,7.81250000e-03,136.75000000,136.75000000,0.00000000e+00
1250,3.20312500,3.20703125,3.90625000e-03,64.43750000,56.62500000,7.81250000e+00
1251,3.24609375,3.24414062,1.95312500e-03,-365.25000000,-353.50000000,1.17500000e+01
1252,4.99218750,4.99609375,3.90625000e-03,185.50000000,169.87500000,1.56250000e+01
1253,3.77734375,3.80664062,2.92968750e-02,-46.87500000,-36.12500000,1.07500000e+01
1254,3.69531250,3.68750000,7.81250000e-03,173.87500000,170.87500000,3.00000000e+00
1255,3.07617188,3.06640625,9.76562500e-03,-267.50000000,-265.50000000,2.00000000e+00
1256,4.12890625,4.15234375,2.34375000e-02,-64.43750000,-64.43750000,0.00000000e+00
1257,5.22656250,5.17187500,5.46875000e-02,-142.62500000,-169.87500000,2.72500000e+01
1258,5.00781250,5.00390625,3.90625000e-03,-171.87500000,-181.62500000,9.75000000e+00
1259,5.01171875,5.01562500,3.90625000e-03,-353.50000000,-351.50000000,2.00000000e+00
1260,5.78125000,5.75000000,3.12500000e-02,-332.00000000,-345.75000000,1.37500000e+01
1261,3.25000000,3.25781250,7.81250000e-03,25.39062500,31.25000000,5.85937500e+00
1262,5.02343750,4.93359375,8.98437500e-02,752.00000000,700.00000000,5.20000000e+01
1263,5.44921875,5.44531250,3.90625000e-03,382.75000000,388.75000000,6.00000000e+00
1264,5.20312500,5.21875000,1.56250000e-02,191.37500000,195.25000000,3.87500000e+00
1265,5.47656250,5.46875000,7.81250000e-03,-91.81250000,-82.00000000,9.81250000e+00
1266,3.16015625,3.18359375,2.34375000e-02,78.12500000,84.00000000,5.87500000e+00
1267,3.32031250,3.33203125,1.17187500e-02,-78.12500000,-82.00000000,3.87500000e+00
1268,4.46875000,4.44531250,2.34375000e-02,693.50000000,681.50000000,1.20000000e+01
1269,5.45312500,5.43750000,1.56250000e-02,306.75000000,295.00000000,1.17500000e+01
1270,3.92773438,3.94140625,1.36718750e-02,43.93750000,32.21875000,1.17187500e+01
1271,2.78125000,2.77539062,5.85937500e-03,56.62500000,42.96875000,1.36562500e+01
1272,4.82421875,4.80859375,1.56250000e-02,-41.00000000,-42.96875000,1.96875000e+00
1273,4.67968750,4.68750000,7.81250000e-03,214.87500000,216.75000000,1.87500000e+00
1274,4.70312500,4.69531250,7.81250000e-03,173.87500000,162.12500000,1.17500000e+01
1275,3.80078125,3.82226562,2.14843750e-02,-64.43750000,-61.53125000,2.90625000e+00
1276,8.39843750,8.42968750,3.12500000e-02,-7.81250000,23.43750000,3.12500000e+01
1277,6.08593750,6.09375000,7.81250000e-03,-203.12500000,-191.37500000,1.17500000e+01
1278,2.66210938,2.66015625,1.95312500e-03,-284.25000000,-290.00000000,5.75000000e+00
1279,3.05273438,3.06640625,1.36718750e-02,30.26562500,31.25000000,9.84375000e-01
1280,3.60937500,3.63671875,2.73437500e-02,113.25000000,123.06250000,9.81250000e+00
1281,4.18750000,4.17187500,1.56250000e-02,179.62500000,195.25000000,1.56250000e+01
1282,5.75390625,5.74218750,1.17187500e-02,-209.00000000,-214.87500000,5.87500000e+00
1283,4.94531250,4.92968750,1.56250000e-02,-121.06250000,-132.75000000,1.16875000e+01
1284,4.20312500,4.18359375,1.95312500e-02,-289.00000000,-312.50000000,2.35000000e+01
1285,3.53125000,3.54296875,1.17187500e-02,-236.37500000,-232.37500000,4.00000000e+00
1286,5.35156250,5.33593750,1.56250000e-02,285.25000000,296.75000000,1.15000000e+01
1287,3.02734375,3.03906250,1.17187500e-02,41.00000000,42.96875000,1.96875000e+00
1288,5.34375000,5.35156250,7.81250000e-03,3.90625000,13.67187500,9.76562500e+00
1289,4.54687500,4.55859375,1.17187500e-02,-87.87500000,-91.81250000,3.93750000e+00
1290,6.04687500,6.05078125,3.90625000e-03,0.00000000,5.85937500,5.85937500e+00
1291,3.19921875,3.22656250,2.73437500e-02,-193.37500000,-194.37500000,1.00000000e+00
1292,4.88281250,4.89843750,1.56250000e-02,152.37500000,150.37500000,2.00000000e+00
1293,3.51171875,3.51171875,0.00000000e+00,-96.68750000,-89.81250000,6.87500000e+00
1294,3.07812500,3.09375000,1.56250000e-02,-13.67187500,-10.74218750,2.92968750e+00
1295,5.88671875,5.89843750,1.17187500e-02,80.06250000,82.00000000,1.93750000e+00
1296,4.95312500,4.95312500,0.00000000e+00,-425.75000000,-429.75000000,4.00000000e+00
1297,4.93359375,4.94140625,7.81250000e-03,130.87500000,136.75000000,5.87500000e+00
1298,4.60937500,4.62500000,1.56250000e-02,177.75000000,191.37500000,1.36250000e+01
1299,5.07031250,5.12109375,5.07812500e-02,113.25000000,128.87500000,1.56250000e+01
1300,3.40625000,3.40625000,0.00000000e+00,140.62500000,137.75000000,2.87500000e+00
1301,3.23828125,3.22265625,1.56250000e-02,-183.62500000,-203.12500000,1.95000000e+01
1302,4.77343750,4.78515625,1.17187500e-02,-17.57812500,-21.48437500,3.90625000e+00
1303,3.61523438,3.65234375,3.71093750e-02,-239.25000000,-240.25000000,1.00000000e+00
1304,3.41796875,3.41406250,3.90625000e-03,-55.65625000,-66.37500000,1.07187500e+01
1305,3.46875000,3.46484375,3.90625000e-03,285.25000000,278.25000000,7.00000000e+00
1306,4.05468750,4.10156250,4.68750000e-02,-13.67187500,-13.67187500,0.00000000e+00
1307,5.44531250,5.44531250,0.00000000e+00,7.81250000,7.81250000,0.00000000e+00
1308,5.46093750,5.46875000,7.81250000e-03,300.75000000,293.00000000,7.75000000e+00
1309,5.05078125,5.03906250,1.17187500e-02,-78.12500000,-82.00000000,3.87500000e+00
1310,5.69531250,5.67968750,1.56250000e-02,-85.93750000,-95.68750000,9.75000000e+00
1311,3.19335938,3.18945312,3.90625000e-03,42.00000000,38.09375000,3.90625000e+00
1312,3.88867188,3.87109375,1.75781250e-02,-235.37500000,-246.12500000,1.07500000e+01
1313,4.91406250,4.92968750,1.56250000e-02,-82.00000000,-60.53125000,2.14687500e+01
1314,4.28906250,4.30468750,1.56250000e-02,-863.50000000,-855.50000000,8.00000000e+00
1315,5.40625000,5.39843750,7.81250000e-03,-222.62500000,-205.12500000,1.75000000e+01
1316,3.44140625,3.46093750,1.95312500e-02,275.50000000,289.00000000,1.35000000e+01
1317,3.54296875,3.57031250,2.73437500e-02,72.25000000,80.06250000,7.81250000e+00
1318,4.44140625,4.51171875,7.03125000e-02,41.00000000,84.00000000,4.30000000e+01
1319,4.78906250,4.78515625,3.90625000e-03,-78.12500000,-72.25000000,5.87500000e+00
1320,4.04296875,4.06250000,1.95312500e-02,109.37500000,103.50000000,5.87500000e+00
1321,2.91015625,2.91796875,7.81250000e-03,183.62500000,191.37500000,7.75000000e+00
1322,4.07031250,4.07031250,0.00000000e+00,-683.50000000,-676.00000000,7.50000000e+00
1323,4.45312500,4.45703125,3.90625000e-03,136.75000000,142.62500000,5.87500000e+00
1324,4.46093750,4.47656250,1.56250000e-02,19.53125000,42.96875000,2.34375000e+01
1325,3.83203125,3.84765625,1.56250000e-02,31.25000000,31.25000000,0.00000000e+00
1326,7.77343750,7.81250000,3.90625000e-02,-418.00000000,-363.25000000,5.47500000e+01
1327,6.46484375,6.42968750,3.51562500e-02,64.43750000,60.53125000,3.90625000e+00
1328,3.00390625,3.01562500,1.17187500e-02,98.62500000,100.56250000,1.93750000e+00
1329,3.11132812,3.10937500,1.95312500e-03,122.06250000,113.25000000,8.81250000e+00
1330,3.11718750,3.12109375,3.90625000e-03,-255.87500000,-261.75000000,5.87500000e+00
1331,4.76562500,4.75390625,1.17187500e-02,449.25000000,447.25000000,2.00000000e+00
1332,5.83593750,5.81250000,2.34375000e-02,3.90625000,-15.62500000,1.95312500e+01
1333,4.88281250,4.86718750,1.56250000e-02,-126.93750000,-132.75000000,5.81250000e+00
1334,4.32421875,4.32812500,3.90625000e-03,173.87500000,185.50000000,1.16250000e+01
1335,3.50000000,3.50000000,0.00000000e+00,-267.50000000,-273.50000000,6.00000000e+00
1336,5.19531250,5.15625000,3.90625000e-02,105.43750000,89.81250000,1.56250000e+01
1337,3.14062500,3.14453125,3.90625000e-03,120.12500000,111.31250000,8.81250000e+00
1338,5.39062500,5.35937500,3.12500000e-02,101.56250000,89.81250000,1.17500000e+01
1339,4.65625000,4.68359375,2.73437500e-02,-85.93750000,-70.31250000,1.56250000e+01
1340,6.06640625,6.04687500,1.95312500e-02,175.75000000,168.00000000,7.75000000e+00
1341,3.36523438,3.38476562,1.95312500e-02,82.00000000,75.18750000,6.81250000e+00
1342,4.92187500,4.93750000,1.56250000e-02,56.62500000,68.37500000,1.17500000e+01
1343,3.45898438,3.43750000,2.14843750e-02,-75.18750000,-77.12500000,1.93750000e+00
1344,2.91796875,2.92187500,3.90625000e-03,-425.75000000,-427.75000000,2.00000000e+00
1345,5.97656250,5.96875000,7.81250000e-03,246.12500000,234.37500000,1.17500000e+01
1346,5.03125000,5.03125000,0.00000000e+00,62.50000000,60.53125000,1.96875000e+00
1347,5.05078125,5.07812500,2.73437500e-02,115.25000000,132.75000000,1.75000000e+01
1348,4.18750000,4.18359375,3.90625000e-03,-33.18750000,-29.29687500,3.89062500e+00
1349,4.70312500,4.76562500,6.25000000e-02,-84.00000000,-54.68750000,2.93125000e+01
1350,3.11328125,3.12890625,1.56250000e-02,20.50000000,33.18750000,1.26875000e+01
1351,3.26562500,3.26953125,3.90625000e-03,83.00000000,109.37500000,2.63750000e+01
1352,4.89062500,4.87890625,1.17187500e-02,85.93750000,64.43750000,2.15000000e+01
1353,3.60156250,3.63671875,3.51562500e-02,-39.06250000,-31.25000000,7.81250000e+00
1354,3.45703125,3.44921875,7.81250000e-03,37.09375000,31.25000000,5.84375000e+00
1355,2.71093750,2.71093750,0.00000000e+00,-328.00000000,-326.25000000,1.75000000e+00
1356,4.01953125,4.07031250,5.07812500e-02,3.90625000,19.53125000,1.56250000e+01
1357,5.28906250,5.28125000,7.81250000e-03,-187.50000000,-183.62500000,3.87500000e+00
1358,4.89062500,4.88281250,7.81250000e-03,-156.25000000,-160.12500000,3.87500000e+00
1359,5.41406250,5.39062500,2.34375000e-02,218.75000000,205.12500000,1.36250000e+01
1360,5.87109375,5.85937500,1.17187500e-02,66.37500000,66.37500000,0.00000000e+00
1361,2.76953125,2.76562500,3.90625000e-03,-268.50000000,-275.50000000,7.00000000e+00
1362,3.35546875,3.32421875,3.12500000e-02,-740.00000000,-728.50000000,1.15000000e+01
1363,5.33593750,5.33593750,0.00000000e+00,353.50000000,355.50000000,2.00000000e+00
1364,5.23437500,5.25781250,2.34375000e-02,431.75000000,431.75000000,0.00000000e+00
1365,5.00390625,5.00781250,3.90625000e-03,-338.00000000,-318.25000000,1.97500000e+01
1366,3.40625000,3.42773438,2.14843750e-02,278.25000000,286.25000000,8.00000000e+00
1367,3.35156250,3.38085938,2.92968750e-02,-64.43750000,-51.75000000,1.26875000e+01
1368,4.49609375,4.50390625,7.81250000e-03,248.00000000,240.25000000,7.75000000e+00
1369,4.69531250,4.67968750,1.56250000e-02,-121.06250000,-109.37500000,1.16875000e+01
1370,3.68750000,3.73437500,4.68750000e-02,-111.31250000,-102.56250000,8.75000000e+00
1371,2.69726562,2.69335938,3.90625000e-03,99.62500000,92.75000000,6.87500000e+00
1372,4.79687500,4.78906250,7.81250000e-03,85.93750000,78.12500000,7.81250000e+00
1373,4.26171875,4.25000000,1.17187500e-02,-76.18750000,-82.00000000,5.81250000e+00
1374,4.67578125,4.67578125,0.00000000e+00,207.00000000,203.12500000,3.87500000e+00
1375,3.70507812,3.71875000,1.36718750e-02,-12.69531250,-15.62500000,2.92968750e+00
1376,7.73828125,7.71093750,2.73437500e-02,-431.75000000,-418.00000000,1.37500000e+01
1377,6.47656250,6.49218750,1.56250000e-02,111.31250000,117.18750000,5.87500000e+00
1378,2.91601562,2.90625000,9.76562500e-03,-38.09375000,-39.06250000,9.68750000e-01
1379,3.11328125,3.11718750,3.90625000e-03,207.00000000,214.87500000,7.87500000e+00
1380,3.18359375,3.17773438,5.85937500e-03,-87.87500000,-89.81250000,1.93750000e+00
1381,4.34375000,4.32031250,2.34375000e-02,310.50000000,318.25000000,7.75000000e+00
1382,5.48437500,5.46093750,2.34375000e-02,-312.50000000,-324.25000000,1.17500000e+01
1383,4.68750000,4.69531250,7.81250000e-03,-11.71875000,3.90625000,1.56250000e+01
1384,4.23046875,4.25000000,1.95312500e-02,-74.18750000,-74.18750000,0.00000000e+00
1385,3.53125000,3.53906250,7.81250000e-03,-48.81250000,-44.90625000,3.90625000e+00
1386,4.96484375,4.92968750,3.51562500e-02,48.81250000,29.29687500,1.95156250e+01
1387,2.97656250,2.99023438,1.36718750e-02,-17.57812500,-13.67187500,3.90625000e+00
1388,4.86718750,4.85156250,1.56250000e-02,-283.25000000,-287.00000000,3.75000000e+00
1389,4.53906250,4.53125000,7.81250000e-03,-66.37500000,-70.31250000,3.93750000e+00
1390,6.11718750,6.07812500,3.90625000e-02,179.62500000,125.00000000,5.46250000e+01
1391,3.26953125,3.30078125,3.12500000e-02,30.26562500,31.25000000,9.84375000e-01
1392,4.47656250,4.48437500,7.81250000e-03,-160.12500000,-158.25000000,1.87500000e+00
1393,3.40625000,3.39257812,1.36718750e-02,-46.87500000,-42.00000000,4.87500000e+00
1394,3.17578125,3.17187500,3.90625000e-03,15.62500000,18.54687500,2.92187500e+00
1395,5.76562500,5.75781250,7.81250000e-03,-68.37500000,-62.50000000,5.87500000e+00
1396,4.67578125,4.67187500,3.90625000e-03,-295.00000000,-300.75000000,5.75000000e+00
1397,4.68750000,4.71093750,2.34375000e-02,-19.53125000,-13.67187500,5.85937500e+00
1398,4.44140625,4.43750000,3.90625000e-03,107.43750000,111.31250000,3.87500000e+00
1399,4.94531250,4.95312500,7.81250000e-03,195.25000000,191.37500000,3.87500000e+00
1400,3.09765625,3.09375000,3.90625000e-03,28.31250000,23.43750000,4.87500000e+00
1401,3.18164062,3.19335938,1.17187500e-02,-344.75000000,-327.25000000,1.75000000e+01
1402,4.86328125,4.87109375,7.81250000e-03,50.78125000,52.71875000,1.93750000e+00
1403,3.48437500,3.51367188,2.92968750e-02,-85.93750000,-98.62500000,1.26875000e+01
1404,3.44140625,3.44140625,0.00000000e+00,2.92968750,-2.92968750,5.85937500e+00
1405,3.28906250,3.28515625,3.90625000e-03,105.43750000,107.43750000,2.00000000e+00
1406,4.02343750,4.05859375,3.51562500e-02,160.12500000,156.25000000,3.87500000e+00
1407,5.35937500,5.36718750,7.81250000e-03,35.15625000,46.87500000,1.17187500e+01
1408,4.85937500,4.86328125,3.90625000e-03,-82.00000000,-89.81250000,7.81250000e+00
1409,4.87890625,4.89062500,1.17187500e-02,-37.09375000,-33.18750000,3.90625000e+00
1410,5.73828125,5.74218750,3.90625000e-03,-17.57812500,-7.81250000,9.76562500e+00
1411,3.08203125,3.07421875,7.81250000e-03,87.87500000,83.00000000,4.87500000e+00
1412,4.01953125,4.01171875,7.81250000e-03,-189.50000000,-177.75000000,1.17500000e+01
1413,4.83593750,4.83203125,3.90625000e-03,-89.81250000,-76.18750000,1.36250000e+01
1414,4.93359375,4.97656250,4.29687500e-02,197.25000000,212.87500000,1.56250000e+01
1415,4.87109375,4.86328125,7.81250000e-03,-470.75000000,-472.75000000,2.00000000e+00
1416,3.10351562,3.10546875,1.95312500e-03,-2.92968750,-2.92968750,0.00000000e+00
1417,3.44335938,3.45703125,1.36718750e-02,57.62500000,56.62500000,1.00000000e+00
1418,4.56640625,4.54687500,1.95312500e-02,539.00000000,457.00000000,8.20000000e+01
1419,4.97656250,4.97265625,3.90625000e-03,113.25000000,123.06250000,9.81250000e+00
1420,3.67773438,3.71484375,3.71093750e-02,-135.75000000,-132.75000000,3.00000000e+00
1421,2.59375000,2.58593750,7.81250000e-03,-29.29687500,-33.18750000,3.89062500e+00
1422,4.75781250,4.75781250,0.00000000e+00,99.62500000,97.62500000,2.00000000e+00
1423,4.03906250,4.04687500,7.81250000e-03,-158.25000000,-150.37500000,7.87500000e+00
1424,4.46093750,4.47265625,1.17187500e-02,62.50000000,62.50000000,0.00000000e+00
1425,3.90234375,3.92578125,2.34375000e-02,164.00000000,166.00000000,2.00000000e+00
1426,8.23437500,8.23437500,0.00000000e+00,23.43750000,23.43750000,0.00000000e+00
1427,6.07421875,6.07812500,3.90625000e-03,-21.48437500,-19.53125000,1.95312500e+00
1428,2.92578125,2.95312500,2.73437500e-02,1.95312500,15.62500000,1.36718750e+01
1429,3.05078125,3.04687500,3.90625000e-03,76.18750000,70.31250000,5.87500000e+00
1430,3.42578125,3.42382812,1.95312500e-03,189.50000000,178.75000000,1.07500000e+01
1431,3.89062500,3.85937500,3.12500000e-02,11.71875000,1.95312500,9.76562500e+00
1432,5.48046875,5.47656250,3.90625000e-03,-205.12500000,-203.12500000,2.00000000e+00
1433,5.20312500,5.21093750,7.81250000e-03,240.25000000,238.25000000,2.00000000e+00
1434,4.73437500,4.72656250,7.81250000e-03,519.50000000,531.00000000,1.15000000e+01
1435,3.63085938,3.63281250,1.95312500e-03,-40.03125000,-33.18750000,6.84375000e+00
1436,5.02343750,5.01171875,1.17187500e-02,-74.18750000,-68.37500000,5.81250000e+00
1437,3.30468750,3.30859375,3.90625000e-03,188.50000000,183.62500000,4.87500000e+00
1438,4.95312500,4.93750000,1.56250000e-02,-277.25000000,-289.00000000,1.17500000e+01
1439,4.43750000,4.45312500,1.56250000e-02,-42.96875000,-50.78125000,7.81250000e+00
1440,6.16015625,6.19531250,3.51562500e-02,25.39062500,44.90625000,1.95156250e+01
1441,3.00781250,3.04492188,3.71093750e-02,-234.37500000,-241.25000000,6.87500000e+00
1442,4.39062500,4.36328125,2.73437500e-02,-214.87500000,-224.62500000,9.75000000e+00
1443,3.10937500,3.10156250,7.81250000e-03,-367.25000000,-372.00000000,4.75000000e+00
1444,2.94140625,2.94726562,5.85937500e-03,-9.76562500,1.95312500,1.17187500e+01
1445,6.27343750,6.26562500,7.81250000e-03,308.50000000,296.75000000,1.17500000e+01
1446,5.01562500,4.99609375,1.95312500e-02,103.50000000,97.62500000,5.87500000e+00
1447,4.71093750,4.71484375,3.90625000e-03,-203.12500000,-214.87500000,1.17500000e+01
1448,4.23828125,4.24609375,7.81250000e-03,-50.78125000,-48.81250000,1.96875000e+00
1449,4.95703125,4.95703125,0.00000000e+00,126.93750000,119.12500000,7.81250000e+00
1450,2.90625000,2.90234375,3.90625000e-03,-97.62500000,-97.62500000,0.00000000e+00
1451,3.24609375,3.23046875,1.56250000e-02,107.43750000,105.43750000,2.00000000e+00
1452,4.59375000,4.59375000,0.00000000e+00,111.31250000,109.37500000,1.93750000e+00
1453,3.48632812,3.50976562,2.34375000e-02,-94.75000000,-100.56250000,5.81250000e+00
1454,3.53320312,3.54687500,1.36718750e-02,-10.74218750,-7.81250000,2.92968750e+00
1455,3.33203125,3.33593750,3.90625000e-03,132.75000000,132.75000000,0.00000000e+00
1456,3.96875000,4.00390625,3.51562500e-02,121.06250000,123.06250000,2.00000000e+00
1457,5.23437500,5.17187500,6.25000000e-02,-117.18750000,-144.50000000,2.73125000e+01
1458,4.79687500,4.78515625,1.17187500e-02,-160.12500000,-156.25000000,3.87500000e+00
1459,5.13281250,5.08203125,5.07812500e-02,-41.00000000,-62.50000000,2.15000000e+01
1460,5.50000000,5.48437500,1.56250000e-02,-74.18750000,-76.18750000,2.00000000e+00
1461,3.16406250,3.17578125,1.17187500e-02,108.37500000,109.37500000,1.00000000e+00
1462,4.32031250,4.31250000,7.81250000e-03,457.00000000,463.75000000,6.75000000e+00
1463,4.86718750,4.88671875,1.95312500e-02,-113.25000000,-107.43750000,5.81250000e+00
1464,4.28906250,4.29296875,3.90625000e-03,-285.25000000,-302.75000000,1.75000000e+01
1465,5.24218750,5.20312500,3.90625000e-02,-146.50000000,-160.12500000,1.36250000e+01
1466,3.17578125,3.18359375,7.81250000e-03,85.93750000,91.81250000,5.87500000e+00
1467,3.36523438,3.38476562,1.95312500e-02,106.43750000,109.37500000,2.93750000e+00
1468,4.10546875,4.08984375,1.56250000e-02,-193.37500000,-226.50000000,3.31250000e+01
1469,4.95312500,4.94531250,7.81250000e-03,-76.18750000,-76.18750000,0.00000000e+00
1470,3.96484375,3.96093750,3.90625000e-03,64.43750000,52.71875000,1.17187500e+01
1471,2.68750000,2.66992188,1.75781250e-02,82.00000000,77.12500000,4.87500000e+00
1472,4.65234375,4.64062500,1.17187500e-02,103.50000000,99.62500000,3.87500000e+00
1473,4.17968750,4.17578125,3.90625000e-03,-19.53125000,-19.53125000,0.00000000e+00
1474,4.01562500,4.02734375,1.17187500e-02,-296.75000000,-285.25000000,1.15000000e+01
1475,3.69335938,3.71484375,2.14843750e-02,-13.67187500,-18.54687500,4.87500000e+00
1476,8.10156250,8.09375000,7.81250000e-03,35.15625000,50.78125000,1.56250000e+01
1477,6.34375000,6.34375000,0.00000000e+00,289.00000000,291.00000000,2.00000000e+00
1478,2.73828125,2.75000000,1.17187500e-02,-162.12500000,-157.25000000,4.87500000e+00
1479,2.75000000,2.75781250,7.81250000e-03,-87.87500000,-95.68750000,7.81250000e+00
1480,3.38281250,3.37890625,3.90625000e-03,126.93750000,112.31250000,1.46250000e+01
1481,3.86718750,3.85937500,7.81250000e-03,86.93750000,102.56250000,1.56250000e+01
1482,5.60546875,5.60156250,3.90625000e-03,-183.62500000,-183.62500000,0.00000000e+00
1483,4.78906250,4.78906250,0.00000000e+00,0.00000000,-5.85937500,5.85937500e+00
1484,3.99609375,3.97656250,1.95312500e-02,68.37500000,62.50000000,5.87500000e+00
1485,3.68945312,3.68750000,1.95312500e-03,16.59375000,20.50000000,3.90625000e+00
1486,5.38281250,5.37500000,7.81250000e-03,439.50000000,449.25000000,9.75000000e+00
1487,3.14453125,3.16015625,1.56250000e-02,199.25000000,210.00000000,1.07500000e+01
1488,5.10156250,5.10156250,0.00000000e+00,-74.18750000,-70.31250000,3.87500000e+00
1489,4.41796875,4.42578125,7.81250000e-03,44.90625000,35.15625000,9.75000000e+00
1490,6.29296875,6.28125000,1.17187500e-02,400.50000000,414.00000000,1.35000000e+01
1491,3.30468750,3.34375000,3.90625000e-02,18.54687500,27.34375000,8.79687500e+00
1492,4.39843750,4.39453125,3.90625000e-03,-56.62500000,-54.68750000,1.93750000e+00
1493,3.31054688,3.30468750,5.85937500e-03,-147.50000000,-152.37500000,4.87500000e+00
1494,3.14453125,3.14648438,1.95312500e-03,104.50000000,107.43750000,2.93750000e+00
1495,5.82421875,5.82421875,0.00000000e+00,185.50000000,183.62500000,1.87500000e+00
1496,4.38281250,4.38671875,3.90625000e-03,-314.50000000,-318.25000000,3.75000000e+00
1497,4.50781250,4.53125000,2.34375000e-02,-222.62500000,-214.87500000,7.75000000e+00
1498,3.80859375,3.80859375,0.00000000e+00,-349.50000000,-349.50000000,0.00000000e+00
1499,4.77734375,4.80859375,3.12500000e-02,138.62500000,158.25000000,1.96250000e+01
1500,2.92968750,2.93750000,7.81250000e-03,-117.18750000,-118.18750000,1.00000000e+00
1501,3.19921875,3.17578125,2.34375000e-02,52.71875000,36.12500000,1.65937500e+01
1502,4.53125000,4.53125000,0.00000000e+00,-78.12500000,-78.12500000,0.00000000e+00
1503,3.37109375,3.39453125,2.34375000e-02,-166.00000000,-171.87500000,5.87500000e+00
1504,3.21875000,3.23046875,1.17187500e-02,-144.50000000,-140.62500000,3.87500000e+00
1505,3.02929688,3.03125000,1.95312500e-03,-90.81250000,-91.81250000,1.00000000e+00
1506,3.89062500,3.94140625,5.07812500e-02,69.31250000,80.06250000,1.07500000e+01
1507,5.23828125,5.17968750,5.85937500e-02,-68.37500000,-78.12500000,9.75000000e+00
1508,4.93750000,4.93750000,0.00000000e+00,-27.34375000,-27.34375000,0.00000000e+00
1509,4.89453125,4.91406250,1.95312500e-02,-5.85937500,0.00000000,5.85937500e+00
1510,5.50000000,5.50390625,3.90625000e-03,-238.25000000,-228.50000000,9.75000000e+00
1511,2.89453125,2.88085938,1.36718750e-02,-136.75000000,-143.50000000,6.75000000e+00
1512,4.00781250,3.98046875,2.73437500e-02,56.62500000,58.59375000,1.96875000e+00
1513,4.85937500,4.87890625,1.95312500e-02,82.00000000,87.87500000,5.87500000e+00
1514,4.60937500,4.64062500,3.12500000e-02,95.68750000,136.75000000,4.10625000e+01
1515,5.31250000,5.29687500,1.56250000e-02,-3.90625000,0.00000000,3.90625000e+00
1516,2.92578125,2.94726562,2.14843750e-02,22.45312500,21.48437500,9.68750000e-01
1517,3.08593750,3.10742188,2.14843750e-02,-208.00000000,-170.87500000,3.71250000e+01
1518,3.84375000,3.84765625,3.90625000e-03,-214.87500000,-220.75000000,5.87500000e+00
1519,5.12890625,5.11718750,1.17187500e-02,142.62500000,148.37500000,5.75000000e+00
1520,4.00781250,4.03515625,2.73437500e-02,136.75000000,134.75000000,2.00000000e+00
1521,2.55859375,2.55078125,7.81250000e-03,-30.26562500,-41.00000000,1.07343750e+01
1522,4.53906250,4.54296875,3.90625000e-03,74.18750000,72.25000000,1.93750000e+00
1523,4.05078125,4.03906250,1.17187500e-02,-191.37500000,-207.00000000,1.56250000e+01
1524,4.37500000,4.39453125,1.95312500e-02,48.81250000,64.43750000,1.56250000e+01
1525,3.72656250,3.75000000,2.34375000e-02,-54.68750000,-48.81250000,5.87500000e+00
1526,8.67187500,8.62500000,4.68750000e-02,586.00000000,576.00000000,1.00000000e+01
1527,5.79687500,5.81250000,1.56250000e-02,-332.00000000,-324.25000000,7.75000000e+00
1528,2.70703125,2.71093750,3.90625000e-03,-160.12500000,-172.87500000,1.27500000e+01
1529,3.07812500,3.08984375,1.17187500e-02,177.75000000,179.62500000,1.87500000e+00
1530,3.25781250,3.26757812,9.76562500e-03,65.43750000,61.53125000,3.90625000e+00
1531,3.88281250,3.85937500,2.34375000e-02,-191.37500000,-193.37500000,2.00000000e+00
1532,5.92187500,5.90625000,1.56250000e-02,58.59375000,35.15625000,2.34375000e+01
1533,4.53515625,4.55468750,1.95312500e-02,-322.25000000,-310.50000000,1.17500000e+01
1534,4.14843750,4.17187500,2.34375000e-02,158.25000000,169.87500000,1.16250000e+01
1535,3.54296875,3.53906250,3.90625000e-03,41.00000000,40.03125000,9.68750000e-01
1536,4.83593750,4.80859375,2.73437500e-02,-105.43750000,-115.25000000,9.81250000e+00
1537,2.95703125,2.96679688,9.76562500e-03,0.97656250,-0.97656250,1.95312500e+00
1538,4.85156250,4.83593750,1.56250000e-02,-169.87500000,-175.75000000,5.87500000e+00
1539,4.21484375,4.22656250,1.17187500e-02,-181.62500000,-177.75000000,3.87500000e+00
1540,5.71875000,5.69921875,1.95312500e-02,-93.75000000,-72.25000000,2.15000000e+01
1541,3.47851562,3.53125000,5.27343750e-02,86.93750000,105.43750000,1.85000000e+01
1542,4.32812500,4.32812500,0.00000000e+00,-210.87500000,-218.75000000,7.87500000e+00
1543,3.53906250,3.56640625,2.73437500e-02,240.25000000,265.50000000,2.52500000e+01
1544,2.92187500,2.93750000,1.56250000e-02,-252.87500000,-254.87500000,2.00000000e+00
1545,5.56250000,5.56640625,3.90625000e-03,39.06250000,23.43750000,1.56250000e+01
1546,5.12109375,5.12890625,7.81250000e-03,353.50000000,357.50000000,4.00000000e+00
1547,4.69531250,4.72265625,2.73437500e-02,64.43750000,78.12500000,1.36875000e+01
1548,4.16015625,4.15234375,7.81250000e-03,7.81250000,-1.95312500,9.76562500e+00
1549,4.53906250,4.60156250,6.25000000e-02,-99.62500000,-64.43750000,3.51875000e+01
1550,3.08203125,3.09375000,1.17187500e-02,62.50000000,70.31250000,7.81250000e+00
1551,3.26562500,3.27148438,5.85937500e-03,82.00000000,83.00000000,1.00000000e+00
1552,4.29687500,4.31640625,1.95312500e-02,-185.50000000,-187.50000000,2.00000000e+00
1553,3.42578125,3.47460938,4.88281250e-02,-87.87500000,-83.00000000,4.87500000e+00
1554,3.45898438,3.47265625,1.36718750e-02,104.50000000,99.62500000,4.87500000e+00
1555,3.03515625,3.04296875,7.81250000e-03,83.00000000,87.87500000,4.87500000e+00
1556,3.79101562,3.82226562,3.12500000e-02,0.97656250,-2.92968750,3.90625000e+00
1557,5.07031250,5.01562500,5.46875000e-02,62.50000000,46.87500000,1.56250000e+01
1558,4.46484375,4.48046875,1.56250000e-02,-421.75000000,-416.00000000,5.75000000e+00
1559,4.89062500,4.86718750,2.34375000e-02,-66.37500000,-78.12500000,1.17500000e+01
1560,5.62500000,5.60156250,2.34375000e-02,-9.76562500,-15.62500000,5.85937500e+00
1561,3.00390625,3.00195312,1.95312500e-03,19.53125000,18.54687500,9.84375000e-01
1562,4.10156250,4.07031250,3.12500000e-02,181.62500000,178.75000000,2.87500000e+00
1563,4.69921875,4.70312500,3.90625000e-03,15.62500000,33.18750000,1.75625000e+01
1564,3.92968750,3.92187500,7.81250000e-03,-363.25000000,-371.00000000,7.75000000e+00
1565,5.05468750,5.03906250,1.56250000e-02,-154.25000000,-146.50000000,7.75000000e+00
1566,3.08984375,3.10546875,1.56250000e-02,120.12500000,120.12500000,0.00000000e+00
1567,3.22656250,3.22851562,1.95312500e-03,-80.06250000,-86.93750000,6.87500000e+00
1568,3.98242188,3.98046875,1.95312500e-03,51.75000000,58.59375000,6.84375000e+00
1569,4.96875000,4.92968750,3.90625000e-02,70.31250000,62.50000000,7.81250000e+00
1570,3.63671875,3.66210938,2.53906250e-02,-175.75000000,-188.50000000,1.27500000e+01
1571,2.60937500,2.62109375,1.17187500e-02,-25.39062500,-18.54687500,6.84375000e+00
1572,4.40625000,4.39062500,1.56250000e-02,35.15625000,23.43750000,1.17187500e+01
1573,4.39843750,4.39843750,0.00000000e+00,123.06250000,101.56250000,2.15000000e+01
1574,4.22656250,4.24218750,1.56250000e-02,70.31250000,64.43750000,5.87500000e+00
1575,3.64257812,3.66406250,2.14843750e-02,-16.59375000,-13.67187500,2.92187500e+00
1576,7.65625000,7.68750000,3.12500000e-02,15.62500000,41.00000000,2.53750000e+01
1577,5.94921875,5.92968750,1.95312500e-02,-142.62500000,-160.12500000,1.75000000e+01
1578,2.62109375,2.63281250,1.17187500e-02,-238.25000000,-240.25000000,2.00000000e+00
1579,2.83593750,2.83984375,3.90625000e-03,29.29687500,31.25000000,1.95312500e+00
1580,3.06250000,3.08789062,2.53906250e-02,-144.50000000,-139.62500000,4.87500000e+00
1581,3.77929688,3.76757812,1.17187500e-02,26.35937500,30.26562500,3.90625000e+00
1582,5.57812500,5.59375000,1.56250000e-02,62.50000000,70.31250000,7.81250000e+00
1583,4.38671875,4.38671875,0.00000000e+00,-433.50000000,-435.50000000,2.00000000e+00
1584,3.97460938,4.00781250,3.32031250e-02,170.87500000,192.37500000,2.15000000e+01
1585,3.57812500,3.55859375,1.95312500e-02,37.09375000,23.43750000,1.36562500e+01
1586,4.82031250,4.78906250,3.12500000e-02,-46.87500000,-46.87500000,0.00000000e+00
1587,2.80859375,2.82421875,1.56250000e-02,-142.62500000,-148.37500000,5.75000000e+00
1588,4.94531250,4.91406250,3.12500000e-02,-15.62500000,-31.25000000,1.56250000e+01
1589,4.34375000,4.36328125,1.95312500e-02,78.12500000,82.00000000,3.87500000e+00
1590,5.73437500,5.73437500,0.00000000e+00,191.37500000,210.87500000,1.95000000e+01
1591,3.34179688,3.38281250,4.10156250e-02,106.43750000,111.31250000,4.87500000e+00
1592,4.42187500,4.42968750,7.81250000e-03,-37.09375000,-44.90625000,7.81250000e+00
1593,3.46484375,3.46289062,1.95312500e-03,64.43750000,75.18750000,1.07500000e+01
1594,2.60937500,2.59375000,1.56250000e-02,-294.00000000,-294.00000000,0.00000000e+00
1595,5.73437500,5.71093750,2.34375000e-02,82.00000000,52.71875000,2.92812500e+01
1596,5.17968750,5.17968750,0.00000000e+00,330.00000000,324.25000000,5.75000000e+00
1597,4.73437500,4.71093750,2.34375000e-02,-19.53125000,-37.09375000,1.75625000e+01
1598,4.00781250,4.01171875,3.90625000e-03,-160.12500000,-154.25000000,5.87500000e+00
1599,4.55468750,4.57812500,2.34375000e-02,-15.62500000,1.95312500,1.75781250e+01
1600,2.94531250,2.93554688,9.76562500e-03,-51.75000000,-59.56250000,7.81250000e+00
1601,3.51953125,3.52539062,5.85937500e-03,330.00000000,333.00000000,3.00000000e+00
1602,4.08984375,4.09375000,3.90625000e-03,-367.25000000,-377.00000000,9.75000000e+00
1603,3.71484375,3.75585938,4.10156250e-02,217.75000000,227.50000000,9.75000000e+00
1604,3.26953125,3.28515625,1.56250000e-02,-17.57812500,-11.71875000,5.85937500e+00
1605,3.07031250,3.06640625,3.90625000e-03,169.00000000,166.00000000,3.00000000e+00
1606,3.69335938,3.71289062,1.95312500e-02,18.54687500,8.78906250,9.75781250e+00
1607,4.99218750,4.95703125,3.51562500e-02,-111.31250000,-117.18750000,5.87500000e+00
1608,4.89843750,4.90625000,7.81250000e-03,19.53125000,17.57812500,1.95312500e+00
1609,4.81250000,4.78906250,2.34375000e-02,-111.31250000,-128.87500000,1.75625000e+01
1610,5.55468750,5.57031250,1.56250000e-02,7.81250000,3.90625000,3.90625000e+00
1611,2.77343750,2.77343750,0.00000000e+00,-105.43750000,-97.62500000,7.81250000e+00
1612,3.75976562,3.70117188,5.85937500e-02,-42.00000000,-43.93750000,1.93750000e+00
1613,4.51562500,4.52343750,7.81250000e-03,-148.37500000,-138.62500000,9.75000000e+00
1614,4.50390625,4.53125000,2.73437500e-02,52.71875000,58.59375000,5.87500000e+00
1615,5.06250000,5.07031250,7.81250000e-03,-265.50000000,-246.12500000,1.93750000e+01
1616,2.84375000,2.86523438,2.14843750e-02,-218.75000000,-206.00000000,1.27500000e+01
1617,3.24218750,3.26757812,2.53906250e-02,13.67187500,16.59375000,2.92187500e+00
1618,3.82031250,3.81640625,3.90625000e-03,-353.50000000,-345.75000000,7.75000000e+00
1619,4.47656250,4.44140625,3.51562500e-02,-132.75000000,-140.62500000,7.87500000e+00
1620,3.77929688,3.80468750,2.53906250e-02,64.43750000,59.56250000,4.87500000e+00
1621,2.48046875,2.48242188,1.95312500e-03,-164.00000000,-167.00000000,3.00000000e+00
1622,4.39062500,4.41406250,2.34375000e-02,-82.00000000,-68.37500000,1.36250000e+01
1623,4.16406250,4.16796875,3.90625000e-03,37.09375000,41.00000000,3.90625000e+00
1624,3.99218750,4.02343750,3.12500000e-02,-207.00000000,-195.25000000,1.17500000e+01
1625,3.94140625,3.95312500,1.17187500e-02,240.25000000,236.37500000,3.87500000e+00
1626,8.39843750,8.46093750,6.25000000e-02,418.00000000,449.25000000,3.12500000e+01
1627,5.94531250,5.96875000,2.34375000e-02,-5.85937500,0.00000000,5.85937500e+00
1628,2.91406250,2.91796875,3.90625000e-03,-56.62500000,-58.59375000,1.96875000e+00
1629,2.83203125,2.83398438,1.95312500e-03,42.96875000,43.93750000,9.68750000e-01
1630,3.58984375,3.59765625,7.81250000e-03,255.87500000,252.87500000,3.00000000e+00
1631,3.70703125,3.67968750,2.73437500e-02,-181.62500000,-183.62500000,2.00000000e+00
1632,5.26562500,5.29687500,3.12500000e-02,-347.75000000,-324.25000000,2.35000000e+01
1633,4.39062500,4.37500000,1.56250000e-02,-121.06250000,-138.62500000,1.75625000e+01
1634,3.96484375,3.99609375,3.12500000e-02,-44.90625000,-27.34375000,1.75625000e+01
1635,3.55664062,3.55468750,1.95312500e-03,10.74218750,7.81250000,2.92968750e+00
1636,4.78515625,4.76171875,2.34375000e-02,29.29687500,25.39062500,3.90625000e+00
1637,2.98046875,2.98437500,3.90625000e-03,-37.09375000,-37.09375000,0.00000000e+00
1638,4.58593750,4.58593750,0.00000000e+00,-349.50000000,-351.50000000,2.00000000e+00
1639,4.09375000,4.10937500,1.56250000e-02,-230.50000000,-230.50000000,0.00000000e+00
1640,5.94531250,5.85546875,8.98437500e-02,199.25000000,152.37500000,4.68750000e+01
1641,3.02539062,3.04101562,1.56250000e-02,-159.12500000,-163.12500000,4.00000000e+00
1642,4.39843750,4.38671875,1.17187500e-02,-29.29687500,-37.09375000,7.79687500e+00
1643,3.11328125,3.10937500,3.90625000e-03,-185.50000000,-187.50000000,2.00000000e+00
1644,2.87500000,2.86914062,5.85937500e-03,11.71875000,8.78906250,2.92968750e+00
1645,5.70703125,5.71875000,1.17187500e-02,60.53125000,74.18750000,1.36562500e+01
1646,4.60156250,4.61718750,1.56250000e-02,101.56250000,117.18750000,1.56250000e+01
1647,4.92968750,4.93750000,7.81250000e-03,193.37500000,191.37500000,2.00000000e+00
1648,3.81835938,3.81054688,7.81250000e-03,-294.00000000,-301.75000000,7.75000000e+00
1649,4.44140625,4.46093750,1.95312500e-02,-128.87500000,-109.37500000,1.95000000e+01
1650,2.96093750,2.95703125,3.90625000e-03,-7.81250000,-3.90625000,3.90625000e+00
1651,3.25390625,3.24218750,1.17187500e-02,130.87500000,130.87500000,0.00000000e+00
1652,4.14843750,4.16406250,1.56250000e-02,-295.00000000,-291.00000000,4.00000000e+00
1653,3.22070312,3.23828125,1.75781250e-02,-161.12500000,-178.75000000,1.76250000e+01
1654,3.13671875,3.14648438,9.76562500e-03,-144.50000000,-143.50000000,1.00000000e+00
1655,2.93750000,2.92187500,1.56250000e-02,-49.81250000,-52.71875000,2.90625000e+00
1656,3.66406250,3.70312500,3.90625000e-02,-23.43750000,-14.64843750,8.78906250e+00
1657,5.15625000,5.14062500,1.56250000e-02,-97.62500000,-105.43750000,7.81250000e+00
1658,4.77343750,4.78125000,7.81250000e-03,52.71875000,66.37500000,1.36562500e+01
1659,5.05468750,5.04296875,1.17187500e-02,125.00000000,142.62500000,1.76250000e+01
1660,5.83593750,5.80468750,3.12500000e-02,46.87500000,39.06250000,7.81250000e+00
1661,2.76953125,2.73046875,3.90625000e-02,-134.75000000,-154.25000000,1.95000000e+01
1662,3.55859375,3.50390625,5.46875000e-02,-72.25000000,-78.12500000,5.87500000e+00
1663,4.46484375,4.47656250,1.17187500e-02,-103.50000000,-93.75000000,9.75000000e+00
1664,4.09765625,4.08593750,1.17187500e-02,-310.50000000,-300.75000000,9.75000000e+00
1665,4.88281250,4.89453125,1.17187500e-02,-222.62500000,-212.87500000,9.75000000e+00
1666,2.86523438,2.86328125,1.95312500e-03,34.18750000,31.25000000,2.93750000e+00
1667,3.05273438,3.04492188,7.81250000e-03,-151.37500000,-161.12500000,9.75000000e+00
1668,4.47265625,4.44921875,2.34375000e-02,429.75000000,420.00000000,9.75000000e+00
1669,4.93359375,4.94531250,1.17187500e-02,234.37500000,252.00000000,1.76250000e+01
1670,3.82421875,3.84375000,1.95312500e-02,46.87500000,48.81250000,1.93750000e+00
1671,2.44140625,2.43750000,3.90625000e-03,-66.37500000,-76.18750000,9.81250000e+00
1672,4.21875000,4.23828125,1.95312500e-02,-171.87500000,-169.87500000,2.00000000e+00
1673,4.00781250,4.02343750,1.56250000e-02,-199.25000000,-197.25000000,2.00000000e+00
1674,3.76171875,3.74609375,1.56250000e-02,-185.50000000,-205.12500000,1.96250000e+01
1675,3.75000000,3.77148438,2.14843750e-02,121.06250000,127.93750000,6.87500000e+00
1676,7.96484375,8.02343750,5.85937500e-02,173.87500000,199.25000000,2.53750000e+01
1677,6.09375000,6.07031250,2.34375000e-02,166.00000000,156.25000000,9.75000000e+00
1678,2.85937500,2.88281250,2.34375000e-02,-56.62500000,-42.00000000,1.46250000e+01
1679,2.53515625,2.53906250,3.90625000e-03,-185.50000000,-179.62500000,5.87500000e+00
1680,2.89257812,2.89648438,3.90625000e-03,-144.50000000,-145.50000000,1.00000000e+00
1681,3.84765625,3.81445312,3.32031250e-02,154.25000000,145.50000000,8.75000000e+00
1682,5.51562500,5.51562500,0.00000000e+00,-66.37500000,-76.18750000,9.81250000e+00
1683,4.37890625,4.36718750,1.17187500e-02,-533.00000000,-535.00000000,2.00000000e+00
1684,3.55468750,3.55859375,3.90625000e-03,-302.75000000,-298.75000000,4.00000000e+00
1685,3.41015625,3.41015625,0.00000000e+00,-156.25000000,-159.12500000,2.87500000e+00
1686,5.00781250,4.97656250,3.12500000e-02,113.25000000,89.81250000,2.34375000e+01
1687,2.89843750,2.92578125,2.73437500e-02,-11.71875000,-1.95312500,9.76562500e+00
1688,5.09375000,5.10937500,1.56250000e-02,255.87500000,259.75000000,3.87500000e+00
1689,3.97656250,4.00390625,2.73437500e-02,-283.25000000,-275.50000000,7.75000000e+00
1690,5.60937500,5.60937500,0.00000000e+00,-179.62500000,-160.12500000,1.95000000e+01
1691,3.21679688,3.23046875,1.36718750e-02,56.62500000,53.71875000,2.90625000e+00
1692,4.55468750,4.55468750,0.00000000e+00,205.12500000,210.87500000,5.75000000e+00
1693,3.18359375,3.18164062,1.95312500e-03,-83.00000000,-89.81250000,6.81250000e+00
1694,2.78125000,2.73828125,4.29687500e-02,-43.93750000,-54.68750000,1.07500000e+01
1695,5.44921875,5.44140625,7.81250000e-03,-175.75000000,-185.50000000,9.75000000e+00
1696,4.65625000,4.64843750,7.81250000e-03,101.56250000,93.75000000,7.81250000e+00
1697,4.69140625,4.69921875,7.81250000e-03,46.87500000,62.50000000,1.56250000e+01
1698,4.21875000,4.21484375,3.90625000e-03,70.31250000,60.53125000,9.78125000e+00
1699,4.43359375,4.45703125,2.34375000e-02,-68.37500000,-54.68750000,1.36875000e+01
1700,2.96093750,2.95312500,7.81250000e-03,9.76562500,7.81250000,1.95312500e+00
1701,3.11328125,3.12500000,1.17187500e-02,42.96875000,68.37500000,2.54062500e+01
1702,4.15625000,4.17968750,2.34375000e-02,-205.12500000,-205.12500000,0.00000000e+00
1703,3.26953125,3.30078125,3.12500000e-02,-84.00000000,-80.06250000,3.93750000e+00
1704,3.32031250,3.33593750,1.56250000e-02,-29.29687500,-19.53125000,9.76562500e+00
1705,2.84765625,2.85546875,7.81250000e-03,-178.75000000,-174.75000000,4.00000000e+00
1706,3.83203125,3.84765625,1.56250000e-02,43.93750000,29.29687500,1.46406250e+01
1707,5.33593750,5.32812500,7.81250000e-03,189.50000000,207.00000000,1.75000000e+01
1708,4.82812500,4.82812500,0.00000000e+00,89.81250000,97.62500000,7.81250000e+00
1709,4.98437500,4.97265625,1.17187500e-02,85.93750000,78.12500000,7.81250000e+00
1710,5.40234375,5.39843750,3.90625000e-03,-21.48437500,-11.71875000,9.76562500e+00
1711,2.97265625,2.96289062,9.76562500e-03,83.00000000,84.93750000,1.93750000e+00
1712,4.48437500,4.48828125,3.90625000e-03,631.00000000,654.50000000,2.35000000e+01
1713,5.20312500,5.20312500,0.00000000e+00,173.87500000,175.75000000,1.87500000e+00
1714,4.51171875,4.50781250,3.90625000e-03,72.25000000,58.59375000,1.36562500e+01
1715,4.89062500,4.89062500,0.00000000e+00,-109.37500000,-117.18750000,7.81250000e+00
1716,2.94921875,2.93750000,1.17187500e-02,-30.26562500,-42.96875000,1.27031250e+01
1717,3.17578125,3.19140625,1.56250000e-02,0.00000000,4.88281250,4.88281250e+00
1718,3.76953125,3.73437500,3.51562500e-02,335.00000000,247.12500000,8.78750000e+01
1719,4.80078125,4.77343750,2.73437500e-02,125.00000000,91.81250000,3.31875000e+01
1720,3.65625000,3.68359375,2.73437500e-02,-9.76562500,-11.71875000,1.95312500e+00
1721,2.71093750,2.70703125,3.90625000e-03,135.75000000,140.62500000,4.87500000e+00
1722,4.64062500,4.65234375,1.17187500e-02,226.50000000,234.37500000,7.87500000e+00
1723,4.16015625,4.16796875,7.81250000e-03,-1.95312500,-3.90625000,1.95312500e+00
1724,4.32031250,4.29296875,2.73437500e-02,185.50000000,164.00000000,2.15000000e+01
1725,3.80664062,3.82421875,1.75781250e-02,145.50000000,142.62500000,2.87500000e+00
1726,7.55078125,7.65625000,1.05468750e-01,-56.62500000,5.85937500,6.24843750e+01
1727,6.16406250,6.18750000,2.34375000e-02,162.12500000,175.75000000,1.36250000e+01
1728,2.87890625,2.91015625,3.12500000e-02,11.71875000,25.39062500,1.36718750e+01
1729,2.74804688,2.75000000,1.95312500e-03,22.45312500,23.43750000,9.84375000e-01
1730,3.40234375,3.40039062,1.95312500e-03,269.50000000,268.50000000,1.00000000e+00
1731,3.87695312,3.84960938,2.73437500e-02,88.87500000,84.93750000,3.93750000e+00
1732,5.88281250,5.89062500,7.81250000e-03,355.50000000,353.50000000,2.00000000e+00
1733,5.23437500,5.20312500,3.12500000e-02,449.25000000,429.75000000,1.95000000e+01
1734,3.58984375,3.61132812,2.14843750e-02,-216.75000000,-202.12500000,1.46250000e+01
1735,3.34765625,3.36718750,1.95312500e-02,-62.50000000,-50.78125000,1.17187500e+01
1736,4.55468750,4.53906250,1.56250000e-02,-58.59375000,-50.78125000,7.81250000e+00
1737,2.97265625,2.98828125,1.56250000e-02,79.12500000,78.12500000,1.00000000e+00
1738,4.71093750,4.69531250,1.56250000e-02,80.06250000,78.12500000,1.93750000e+00
1739,4.43750000,4.46093750,2.34375000e-02,76.18750000,87.87500000,1.16875000e+01
1740,5.78125000,5.75000000,3.12500000e-02,54.68750000,58.59375000,3.90625000e+00
1741,3.23437500,3.25781250,2.34375000e-02,64.43750000,74.18750000,9.75000000e+00
1742,4.65625000,4.64843750,7.81250000e-03,218.75000000,226.50000000,7.75000000e+00
1743,3.15625000,3.15625000,0.00000000e+00,-61.53125000,-50.78125000,1.07500000e+01
1744,2.79101562,2.78906250,1.95312500e-03,-162.12500000,-160.12500000,2.00000000e+00
1745,5.51562500,5.51562500,0.00000000e+00,-140.62500000,-136.75000000,3.87500000e+00
1746,4.79687500,4.73437500,6.25000000e-02,171.87500000,142.62500000,2.92500000e+01
1747,4.76562500,4.77734375,1.17187500e-02,138.62500000,138.62500000,0.00000000e+00
1748,3.76953125,3.76367188,5.85937500e-03,-252.00000000,-252.87500000,8.75000000e-01
1749,4.65234375,4.62500000,2.73437500e-02,125.00000000,91.81250000,3.31875000e+01
1750,2.98046875,2.96484375,1.56250000e-02,11.71875000,1.95312500,9.76562500e+00
1751,3.13085938,3.10546875,2.53906250e-02,114.25000000,107.43750000,6.81250000e+00
1752,4.61328125,4.64062500,2.73437500e-02,205.12500000,214.87500000,9.75000000e+00
1753,3.50976562,3.53515625,2.53906250e-02,55.65625000,66.37500000,1.07187500e+01
1754,3.14843750,3.16601562,1.75781250e-02,-202.12500000,-183.62500000,1.85000000e+01
1755,2.60937500,2.59375000,1.56250000e-02,-265.50000000,-273.50000000,8.00000000e+00
1756,3.56054688,3.56054688,0.00000000e+00,-73.25000000,-76.18750000,2.93750000e+00
1757,5.01953125,4.98437500,3.51562500e-02,15.62500000,27.34375000,1.17187500e+01
1758,4.62500000,4.61328125,1.17187500e-02,-70.31250000,-80.06250000,9.75000000e+00
1759,5.03125000,5.00000000,3.12500000e-02,240.25000000,252.00000000,1.17500000e+01
1760,5.10546875,5.10937500,3.90625000e-03,-498.00000000,-500.00000000,2.00000000e+00
1761,3.00000000,2.97656250,2.34375000e-02,109.37500000,107.43750000,1.93750000e+00
1762,4.11718750,4.00781250,1.09375000e-01,361.25000000,321.25000000,4.00000000e+01
1763,4.48437500,4.50781250,2.34375000e-02,-156.25000000,-162.12500000,5.87500000e+00
1764,4.18750000,4.17968750,7.81250000e-03,-7.81250000,-3.90625000,3.90625000e+00
1765,4.99218750,5.00390625,1.17187500e-02,-33.18750000,-25.39062500,7.79687500e+00
1766,2.85546875,2.85937500,3.90625000e-03,-23.43750000,-29.29687500,5.85937500e+00
1767,2.87304688,2.89257812,1.95312500e-02,-249.00000000,-239.25000000,9.75000000e+00
1768,4.14453125,4.14062500,3.90625000e-03,246.12500000,218.75000000,2.73750000e+01
1769,4.78906250,4.75781250,3.12500000e-02,-62.50000000,-78.12500000,1.56250000e+01
1770,3.50390625,3.55273438,4.88281250e-02,-72.25000000,-55.65625000,1.65937500e+01
1771,2.51171875,2.51562500,3.90625000e-03,-17.57812500,-11.71875000,5.85937500e+00
1772,4.39062500,4.39062500,0.00000000e+00,25.39062500,27.34375000,1.95312500e+00
1773,3.92578125,3.91015625,1.56250000e-02,-87.87500000,-105.43750000,1.75625000e+01
1774,4.20703125,4.21093750,3.90625000e-03,87.87500000,82.00000000,5.87500000e+00
1775,3.31250000,3.31640625,3.90625000e-03,-221.62500000,-233.37500000,1.17500000e+01
1776,7.59375000,7.62500000,3.12500000e-02,-218.75000000,-199.25000000,1.95000000e+01
1777,5.67968750,5.67968750,0.00000000e+00,-306.75000000,-314.50000000,7.75000000e+00
1778,2.38281250,2.37890625,3.90625000e-03,-344.75000000,-351.50000000,6.75000000e+00
1779,2.67968750,2.68359375,3.90625000e-03,31.25000000,31.25000000,0.00000000e+00
1780,2.66406250,2.68750000,2.34375000e-02,-332.00000000,-322.25000000,9.75000000e+00
1781,3.62500000,3.60351562,2.14843750e-02,-85.93750000,-75.18750000,1.07500000e+01
1782,5.68750000,5.68750000,0.00000000e+00,296.75000000,289.00000000,7.75000000e+00
1783,4.58203125,4.58593750,3.90625000e-03,39.06250000,44.90625000,5.84375000e+00
1784,3.40625000,3.39843750,7.81250000e-03,-304.75000000,-310.50000000,5.75000000e+00
1785,3.47460938,3.46875000,5.85937500e-03,-88.87500000,-79.12500000,9.75000000e+00
1786,4.13281250,4.09765625,3.51562500e-02,-500.00000000,-519.50000000,1.95000000e+01
1787,2.74804688,2.75781250,9.76562500e-03,-120.12500000,-122.06250000,1.93750000e+00
1788,5.05468750,5.08203125,2.73437500e-02,300.75000000,298.75000000,2.00000000e+00
1789,4.26171875,4.29687500,3.51562500e-02,25.39062500,41.00000000,1.56093750e+01
1790,5.46875000,5.42968750,3.90625000e-02,-74.18750000,-74.18750000,0.00000000e+00
1791,3.22851562,3.25000000,2.14843750e-02,40.03125000,47.84375000,7.81250000e+00
1792,4.54296875,4.52343750,1.95312500e-02,166.00000000,164.00000000,2.00000000e+00
1793,3.07421875,3.05468750,1.95312500e-02,-100.56250000,-109.37500000,8.81250000e+00
1794,2.83398438,2.80078125,3.32031250e-02,-120.12500000,-103.50000000,1.66250000e+01
1795,5.50000000,5.49609375,3.90625000e-03,109.37500000,99.62500000,9.75000000e+00
1796,4.39453125,4.37109375,2.34375000e-02,-25.39062500,-37.09375000,1.17031250e+01
1797,4.95312500,4.96875000,1.56250000e-02,296.75000000,302.75000000,6.00000000e+00
1798,3.80078125,3.80078125,0.00000000e+00,-84.00000000,-80.06250000,3.93750000e+00
1799,4.51562500,4.54687500,3.12500000e-02,58.59375000,74.18750000,1.55937500e+01
1800,2.94140625,2.92968750,1.17187500e-02,-15.62500000,-17.57812500,1.95312500e+00
1801,2.94921875,2.92382812,2.53906250e-02,-189.50000000,-210.00000000,2.05000000e+01
1802,4.11328125,4.12500000,1.17187500e-02,-144.50000000,-130.87500000,1.36250000e+01
1803,3.44531250,3.46679688,2.14843750e-02,19.53125000,21.48437500,1.95312500e+00
1804,3.39843750,3.40234375,3.90625000e-03,88.87500000,90.81250000,1.93750000e+00
1805,2.85742188,2.81640625,4.10156250e-02,-83.00000000,-100.56250000,1.75625000e+01
1806,3.72070312,3.72656250,5.85937500e-03,75.18750000,67.37500000,7.81250000e+00
1807,5.73046875,5.69140625,3.90625000e-02,625.00000000,588.00000000,3.70000000e+01
1808,4.54687500,4.54296875,3.90625000e-03,-148.37500000,-146.50000000,1.87500000e+00
1809,4.62109375,4.61328125,7.81250000e-03,-171.87500000,-177.75000000,5.87500000e+00
1810,6.63281250,6.63671875,3.90625000e-03,926.00000000,933.50000000,7.50000000e+00
1811,2.84960938,2.83984375,9.76562500e-03,25.39062500,20.50000000,4.89062500e+00
1812,3.40039062,3.33203125,6.83593750e-02,-298.75000000,-300.75000000,2.00000000e+00
1813,4.76562500,4.80078125,3.51562500e-02,271.50000000,281.25000000,9.75000000e+00
1814,4.17578125,4.21484375,3.90625000e-02,9.76562500,33.18750000,2.34218750e+01
1815,4.97656250,4.97656250,0.00000000e+00,109.37500000,107.43750000,1.93750000e+00
1816,2.96679688,2.96093750,5.85937500e-03,67.37500000,58.59375000,8.78125000e+00
1817,3.24023438,3.24218750,1.95312500e-03,49.81250000,42.00000000,7.81250000e+00
1818,3.88085938,3.89453125,1.36718750e-02,-51.75000000,-48.81250000,2.93750000e+00
1819,4.63281250,4.61718750,1.56250000e-02,-5.85937500,11.71875000,1.75781250e+01
1820,3.81250000,3.87109375,5.85937500e-02,147.50000000,160.12500000,1.26250000e+01
1821,2.58789062,2.57031250,1.75781250e-02,43.93750000,43.93750000,0.00000000e+00
1822,4.03906250,4.01562500,2.34375000e-02,-207.00000000,-218.75000000,1.17500000e+01
1823,3.96875000,3.99218750,2.34375000e-02,66.37500000,80.06250000,1.36875000e+01
1824,3.93750000,3.92968750,7.81250000e-03,-132.75000000,-130.87500000,1.87500000e+00
1825,3.64257812,3.67187500,2.92968750e-02,65.43750000,80.06250000,1.46250000e+01
1826,8.01562500,8.00000000,1.56250000e-02,128.87500000,85.93750000,4.29375000e+01
1827,5.95703125,5.93750000,1.95312500e-02,82.00000000,78.12500000,3.87500000e+00
1828,2.75781250,2.76171875,3.90625000e-03,-41.00000000,-42.96875000,1.96875000e+00
1829,2.78125000,2.77734375,3.90625000e-03,64.43750000,60.53125000,3.90625000e+00
1830,3.00390625,3.00390625,0.00000000e+00,-64.43750000,-70.31250000,5.87500000e+00
1831,3.45507812,3.42968750,2.53906250e-02,-156.25000000,-146.50000000,9.75000000e+00
1832,5.53515625,5.53125000,3.90625000e-03,134.75000000,126.93750000,7.81250000e+00
1833,4.59765625,4.61718750,1.95312500e-02,-132.75000000,-121.06250000,1.16875000e+01
1834,3.81445312,3.78710938,2.73437500e-02,42.00000000,34.18750000,7.81250000e+00
1835,3.34375000,3.33203125,1.17187500e-02,1.95312500,-1.95312500,3.90625000e+00
1836,4.53125000,4.50781250,2.34375000e-02,-105.43750000,-103.50000000,1.93750000e+00
1837,3.09960938,3.11132812,1.17187500e-02,191.37500000,188.50000000,2.87500000e+00
1838,4.62109375,4.62109375,0.00000000e+00,-132.75000000,-138.62500000,5.87500000e+00
1839,4.08203125,4.11718750,3.51562500e-02,-54.68750000,-54.68750000,0.00000000e+00
1840,5.88281250,5.85156250,3.12500000e-02,357.50000000,363.25000000,5.75000000e+00
1841,3.22265625,3.24414062,2.14843750e-02,72.25000000,79.12500000,6.87500000e+00
1842,4.26171875,4.23437500,2.73437500e-02,-74.18750000,-85.93750000,1.17500000e+01
1843,3.27539062,3.29492188,1.95312500e-02,51.75000000,64.43750000,1.26875000e+01
1844,2.87109375,2.86132812,9.76562500e-03,-3.90625000,-12.69531250,8.78906250e+00
1845,5.46875000,5.47265625,3.90625000e-03,25.39062500,33.18750000,7.79687500e+00
1846,4.50390625,4.50390625,0.00000000e+00,72.25000000,80.06250000,7.81250000e+00
1847,4.50000000,4.50000000,0.00000000e+00,-82.00000000,-82.00000000,0.00000000e+00
1848,3.95312500,3.94726562,5.85937500e-03,-66.37500000,-55.65625000,1.07187500e+01
1849,4.72656250,4.80078125,7.42187500e-02,267.50000000,295.00000000,2.75000000e+01
1850,3.14062500,3.12890625,1.17187500e-02,213.87500000,205.12500000,8.75000000e+00
1851,3.00000000,2.98437500,1.56250000e-02,56.62500000,55.65625000,9.68750000e-01
1852,4.01953125,4.01562500,3.90625000e-03,-76.18750000,-89.81250000,1.36250000e+01
1853,3.39062500,3.43750000,4.68750000e-02,166.00000000,180.62500000,1.46250000e+01
1854,3.22265625,3.23632812,1.36718750e-02,-60.53125000,-61.53125000,1.00000000e+00
1855,3.12890625,3.14062500,1.17187500e-02,99.62500000,119.12500000,1.95000000e+01
1856,3.32421875,3.32812500,3.90625000e-03,-384.75000000,-392.50000000,7.75000000e+00
1857,5.05468750,5.05468750,0.00000000e+00,166.00000000,164.00000000,2.00000000e+00
1858,4.80859375,4.81250000,3.90625000e-03,41.00000000,54.68750000,1.36875000e+01
1859,4.94531250,4.94140625,3.90625000e-03,101.56250000,113.25000000,1.16875000e+01
1860,5.76562500,5.72656250,3.90625000e-02,144.50000000,142.62500000,1.87500000e+00
1861,2.81054688,2.76562500,4.49218750e-02,32.21875000,11.71875000,2.05000000e+01
1862,3.91601562,3.86718750,4.88281250e-02,194.37500000,187.50000000,6.87500000e+00
1863,4.42187500,4.43750000,1.56250000e-02,-207.00000000,-185.50000000,2.15000000e+01
1864,4.02734375,4.02343750,3.90625000e-03,-99.62500000,-111.31250000,1.16875000e+01
1865,5.15625000,5.12500000,3.12500000e-02,191.37500000,183.62500000,7.75000000e+00
1866,2.75390625,2.75976562,5.85937500e-03,-97.62500000,-100.56250000,2.93750000e+00
1867,2.91796875,2.91796875,0.00000000e+00,-195.25000000,-205.12500000,9.87500000e+00
1868,3.78906250,3.76562500,2.34375000e-02,-49.81250000,-70.31250000,2.05000000e+01
1869,4.80078125,4.77343750,2.73437500e-02,103.50000000,101.56250000,1.93750000e+00
1870,3.69921875,3.73828125,3.90625000e-02,111.31250000,113.25000000,1.93750000e+00
1871,2.51171875,2.49609375,1.56250000e-02,-78.12500000,-76.18750000,1.93750000e+00
1872,4.31250000,4.28515625,2.73437500e-02,-93.75000000,-107.43750000,1.36875000e+01
1873,4.02734375,4.01171875,1.56250000e-02,68.37500000,56.62500000,1.17500000e+01
1874,3.73437500,3.74609375,1.17187500e-02,-199.25000000,-205.12500000,5.87500000e+00
1875,3.42578125,3.42187500,3.90625000e-03,-114.25000000,-138.62500000,2.43750000e+01
1876,7.97656250,7.92187500,5.46875000e-02,527.50000000,504.00000000,2.35000000e+01
1877,5.96093750,5.91796875,4.29687500e-02,183.62500000,160.12500000,2.35000000e+01
1878,2.87304688,2.89257812,1.95312500e-02,126.00000000,122.06250000,3.93750000e+00
1879,2.74609375,2.74609375,0.00000000e+00,103.50000000,107.43750000,3.93750000e+00
1880,2.89453125,2.88476562,9.76562500e-03,-99.62500000,-115.25000000,1.56250000e+01
1881,3.66796875,3.64453125,2.34375000e-02,1.95312500,17.57812500,1.56250000e+01
1882,5.65625000,5.63281250,2.34375000e-02,234.37500000,222.62500000,1.17500000e+01
1883,4.57421875,4.61328125,3.90625000e-02,27.34375000,44.90625000,1.75625000e+01
1884,3.59765625,3.62500000,2.73437500e-02,-170.87500000,-173.87500000,3.00000000e+00
1885,3.54687500,3.53515625,1.17187500e-02,103.50000000,95.68750000,7.81250000e+00
1886,4.46093750,4.44531250,1.56250000e-02,3.90625000,15.62500000,1.17187500e+01
1887,3.01953125,3.04687500,2.73437500e-02,239.25000000,248.00000000,8.75000000e+00
1888,4.89062500,4.89843750,7.81250000e-03,74.18750000,78.12500000,3.93750000e+00
1889,4.10546875,4.14843750,4.29687500e-02,-35.15625000,-11.71875000,2.34375000e+01
1890,5.04296875,5.01171875,3.12500000e-02,-353.50000000,-357.50000000,4.00000000e+00
1891,3.10546875,3.12890625,2.34375000e-02,-66.37500000,-57.62500000,8.75000000e+00
1892,4.05859375,4.05468750,3.90625000e-03,-222.62500000,-214.87500000,7.75000000e+00
1893,3.15625000,3.15625000,0.00000000e+00,4.88281250,13.67187500,8.78906250e+00
1894,3.02148438,2.98828125,3.32031250e-02,94.75000000,95.68750000,9.37500000e-01
1895,5.50000000,5.50781250,7.81250000e-03,3.90625000,27.34375000,2.34375000e+01
1896,4.24218750,4.22656250,1.56250000e-02,-289.00000000,-312.50000000,2.35000000e+01
1897,4.75000000,4.70312500,4.68750000e-02,205.12500000,168.00000000,3.71250000e+01
1898,3.84375000,3.83593750,7.81250000e-03,-11.71875000,-8.78906250,2.92968750e+00
1899,4.46093750,4.49609375,3.51562500e-02,-35.15625000,-13.67187500,2.14843750e+01
1900,3.10351562,3.09375000,9.76562500e-03,102.56250000,95.68750000,6.87500000e+00
1901,3.10156250,3.08007812,2.14843750e-02,53.71875000,51.75000000,1.96875000e+00
1902,4.00781250,4.01171875,3.90625000e-03,-27.34375000,-17.57812500,9.76562500e+00
1903,3.67578125,3.72656250,5.07812500e-02,267.50000000,291.00000000,2.35000000e+01
1904,3.09960938,3.08398438,1.56250000e-02,-132.75000000,-132.75000000,0.00000000e+00
1905,2.86718750,2.84375000,2.34375000e-02,-113.25000000,-119.12500000,5.87500000e+00
1906,3.90234375,3.91601562,1.36718750e-02,166.00000000,164.00000000,2.00000000e+00
1907,4.92187500,4.89453125,2.73437500e-02,17.57812500,25.39062500,7.81250000e+00
1908,4.47265625,4.46093750,1.17187500e-02,-60.53125000,-70.31250000,9.78125000e+00
1909,4.90234375,4.91406250,1.17187500e-02,154.25000000,156.25000000,2.00000000e+00
1910,4.89062500,4.89843750,7.81250000e-03,-269.50000000,-269.50000000,0.00000000e+00
1911,2.76562500,2.75000000,1.56250000e-02,-58.59375000,-51.75000000,6.84375000e+00
1912,4.30078125,4.23437500,6.64062500e-02,658.00000000,649.50000000,8.50000000e+00
1913,4.05468750,4.07031250,1.56250000e-02,-349.50000000,-330.00000000,1.95000000e+01
1914,3.97656250,3.97460938,1.95312500e-03,-58.59375000,-61.53125000,2.93750000e+00
1915,5.03125000,5.02734375,3.90625000e-03,121.06250000,111.31250000,9.75000000e+00
1916,2.97265625,2.96679688,5.85937500e-03,46.87500000,39.06250000,7.81250000e+00
1917,3.05078125,3.05078125,0.00000000e+00,-101.56250000,-114.25000000,1.26875000e+01
1918,3.95117188,3.96875000,1.75781250e-02,90.81250000,99.62500000,8.81250000e+00
1919,4.60546875,4.57031250,3.51562500e-02,23.43750000,13.67187500,9.76562500e+00
1920,3.50000000,3.52929688,2.92968750e-02,-78.12500000,-75.18750000,2.93750000e+00
1921,2.34765625,2.33789062,9.76562500e-03,-113.25000000,-114.25000000,1.00000000e+00
1922,4.40625000,4.40625000,0.00000000e+00,158.25000000,166.00000000,7.75000000e+00
1923,3.94921875,3.95117188,1.95312500e-03,74.18750000,82.00000000,7.81250000e+00
1924,4.02343750,4.02343750,0.00000000e+00,62.50000000,68.37500000,5.87500000e+00
1925,3.69921875,3.71484375,1.56250000e-02,226.50000000,228.50000000,2.00000000e+00
1926,7.33593750,7.40625000,7.03125000e-02,0.00000000,50.78125000,5.07812500e+01
1927,5.49218750,5.46093750,3.12500000e-02,-253.87500000,-263.75000000,9.87500000e+00
1928,2.80859375,2.81054688,1.95312500e-03,65.43750000,61.53125000,3.90625000e+00
1929,2.64453125,2.64062500,3.90625000e-03,85.93750000,81.06250000,4.87500000e+00
1930,3.14843750,3.13867188,9.76562500e-03,139.62500000,135.75000000,3.87500000e+00
1931,3.52929688,3.51367188,1.56250000e-02,-57.62500000,-47.84375000,9.78125000e+00
1932,5.56250000,5.54687500,1.56250000e-02,314.50000000,308.50000000,6.00000000e+00
1933,4.72656250,4.71875000,7.81250000e-03,113.25000000,109.37500000,3.87500000e+00
1934,4.11718750,4.17187500,5.46875000e-02,35.15625000,50.78125000,1.56250000e+01
1935,3.58007812,3.57031250,9.76562500e-03,131.87500000,121.06250000,1.08125000e+01
1936,4.77343750,4.76562500,7.81250000e-03,341.75000000,347.75000000,6.00000000e+00
1937,2.70117188,2.72265625,2.14843750e-02,-77.12500000,-67.37500000,9.75000000e+00
1938,4.28906250,4.33593750,4.68750000e-02,-322.25000000,-302.75000000,1.95000000e+01
1939,4.08593750,4.09375000,7.81250000e-03,-19.53125000,-19.53125000,0.00000000e+00
1940,5.40625000,5.38281250,2.34375000e-02,-103.50000000,-123.06250000,1.95625000e+01
1941,2.88281250,2.89843750,1.56250000e-02,-259.75000000,-255.87500000,3.87500000e+00
1942,4.24609375,4.20312500,4.29687500e-02,-56.62500000,-82.00000000,2.53750000e+01
1943,2.82031250,2.81640625,3.90625000e-03,-304.75000000,-293.00000000,1.17500000e+01
1944,2.81640625,2.79882812,1.75781250e-02,-112.31250000,-113.25000000,9.37500000e-01
1945,5.40625000,5.39062500,1.56250000e-02,66.37500000,50.78125000,1.55937500e+01
1946,4.39453125,4.39453125,0.00000000e+00,9.76562500,-5.85937500,1.56250000e+01
1947,4.43750000,4.45703125,1.95312500e-02,-58.59375000,-52.71875000,5.87500000e+00
1948,3.91015625,3.90625000,3.90625000e-03,52.71875000,52.71875000,0.00000000e+00
1949,4.54687500,4.53125000,1.56250000e-02,89.81250000,76.18750000,1.36250000e+01
1950,2.88671875,2.87695312,9.76562500e-03,-37.09375000,-42.00000000,4.90625000e+00
1951,2.76562500,2.73242188,3.32031250e-02,-97.62500000,-103.50000000,5.87500000e+00
1952,4.01953125,4.02343750,3.90625000e-03,-101.56250000,-109.37500000,7.81250000e+00
1953,3.31250000,3.31835938,5.85937500e-03,51.75000000,49.81250000,1.93750000e+00
1954,3.37500000,3.37890625,3.90625000e-03,104.50000000,109.37500000,4.87500000e+00
1955,2.97265625,2.97460938,1.95312500e-03,81.06250000,94.75000000,1.36875000e+01
1956,3.60546875,3.61328125,7.81250000e-03,-93.75000000,-102.56250000,8.81250000e+00
1957,4.60546875,4.57031250,3.51562500e-02,-353.50000000,-334.00000000,1.95000000e+01
1958,4.40625000,4.40625000,0.00000000e+00,-42.96875000,-46.87500000,3.90625000e+00
1959,4.34375000,4.35156250,7.81250000e-03,-310.50000000,-285.25000000,2.52500000e+01
1960,5.57031250,5.53515625,3.51562500e-02,304.75000000,253.87500000,5.08750000e+01
1961,2.72265625,2.70703125,1.56250000e-02,-21.48437500,-17.57812500,3.90625000e+00
1962,3.58203125,3.55859375,2.34375000e-02,157.25000000,168.00000000,1.07500000e+01
1963,4.71093750,4.70312500,7.81250000e-03,281.25000000,273.50000000,7.75000000e+00
1964,3.93750000,3.92968750,7.81250000e-03,-230.50000000,-273.50000000,4.30000000e+01
1965,4.83984375,4.85156250,1.17187500e-02,-5.85937500,-3.90625000,1.95312500e+00
1966,2.97460938,2.97656250,1.95312500e-03,47.84375000,46.87500000,9.68750000e-01
1967,2.99609375,3.01171875,1.56250000e-02,0.00000000,11.71875000,1.17187500e+01
1968,3.89062500,3.87890625,1.17187500e-02,223.62500000,179.62500000,4.40000000e+01
1969,4.91406250,4.89453125,1.95312500e-02,226.50000000,226.50000000,0.00000000e+00
1970,3.92578125,3.92578125,0.00000000e+00,293.00000000,268.50000000,2.45000000e+01
1971,2.54687500,2.53125000,1.56250000e-02,37.09375000,35.15625000,1.93750000e+00
1972,3.87890625,3.87500000,3.90625000e-03,-181.62500000,-183.62500000,2.00000000e+00
1973,3.69140625,3.70312500,1.17187500e-02,-222.62500000,-210.87500000,1.17500000e+01
1974,3.83789062,3.82031250,1.75781250e-02,-104.50000000,-107.43750000,2.93750000e+00
1975,3.47460938,3.49609375,2.14843750e-02,-55.65625000,-50.78125000,4.87500000e+00
1976,6.50781250,6.57031250,6.25000000e-02,-777.50000000,-750.00000000,2.75000000e+01
1977,5.28515625,5.28906250,3.90625000e-03,-279.25000000,-289.00000000,9.75000000e+00
1978,2.75976562,2.77343750,1.36718750e-02,-34.18750000,-33.18750000,1.00000000e+00
1979,2.67773438,2.69531250,1.75781250e-02,94.75000000,105.43750000,1.06875000e+01
1980,3.09960938,3.09570312,3.90625000e-03,131.87500000,129.87500000,2.00000000e+00
1981,3.82421875,3.79296875,3.12500000e-02,267.50000000,255.87500000,1.16250000e+01
1982,5.26562500,5.26171875,3.90625000e-03,-46.87500000,-60.53125000,1.36562500e+01
1983,4.12500000,4.12890625,3.90625000e-03,-402.25000000,-392.50000000,9.75000000e+00
1984,3.96093750,3.94531250,1.56250000e-02,123.06250000,113.25000000,9.81250000e+00
1985,3.09765625,3.10546875,7.81250000e-03,-160.12500000,-160.12500000,0.00000000e+00
1986,4.61718750,4.57031250,4.68750000e-02,252.00000000,236.37500000,1.56250000e+01
1987,2.93750000,2.97070312,3.32031250e-02,175.75000000,182.62500000,6.87500000e+00
1988,4.50000000,4.50000000,0.00000000e+00,-27.34375000,-48.81250000,2.14687500e+01
1989,4.35937500,4.36718750,7.81250000e-03,121.06250000,115.25000000,5.81250000e+00
1990,5.78906250,5.76953125,1.95312500e-02,474.50000000,459.00000000,1.55000000e+01
1991,2.99218750,3.01562500,2.34375000e-02,-160.12500000,-160.12500000,0.00000000e+00
1992,4.33593750,4.29687500,3.90625000e-02,58.59375000,31.25000000,2.73437500e+01
1993,2.97070312,2.94921875,2.14843750e-02,-126.93750000,-131.87500000,4.93750000e+00
1994,2.63281250,2.61328125,1.95312500e-02,-142.62500000,-138.62500000,4.00000000e+00
1995,5.44531250,5.44140625,3.90625000e-03,82.00000000,72.25000000,9.75000000e+00
1996,4.72265625,4.72265625,0.00000000e+00,332.00000000,326.25000000,5.75000000e+00
1997,4.45312500,4.45312500,0.00000000e+00,80.06250000,76.18750000,3.87500000e+00
1998,3.57812500,3.54296875,3.51562500e-02,-291.00000000,-306.75000000,1.57500000e+01
1999,4.20703125,4.23437500,2.73437500e-02,76.18750000,58.59375000,1.75937500e+01
2000,2.65625000,2.63085938,2.53906250e-02,-210.87500000,-233.37500000,2.25000000e+01
2001,2.82031250,2.79492188,2.53906250e-02,-103.50000000,-100.56250000,2.93750000e+00
2002,3.81640625,3.83593750,1.95312500e-02,-181.62500000,-173.87500000,7.75000000e+00
2003,3.08203125,3.11718750,3.51562500e-02,-74.18750000,-73.25000000,9.37500000e-01
2004,3.39648438,3.37500000,2.14843750e-02,96.68750000,87.87500000,8.81250000e+00
2005,2.60546875,2.60937500,3.90625000e-03,-334.00000000,-334.00000000,0.00000000e+00
2006,3.66796875,3.68750000,1.95312500e-02,37.09375000,36.12500000,9.68750000e-01
2007,4.73828125,4.71484375,2.34375000e-02,80.06250000,95.68750000,1.56250000e+01
2008,4.75000000,4.77734375,2.73437500e-02,283.25000000,295.00000000,1.17500000e+01
2009,4.55468750,4.54687500,7.81250000e-03,-31.25000000,-31.25000000,0.00000000e+00
2010,5.21484375,5.23046875,1.56250000e-02,-97.62500000,-37.09375000,6.05312500e+01
2011,2.66015625,2.65625000,3.90625000e-03,-75.18750000,-71.31250000,3.87500000e+00
2012,3.57812500,3.52343750,5.46875000e-02,171.87500000,168.00000000,3.87500000e+00
2013,3.88476562,3.90625000,2.14843750e-02,-391.50000000,-390.50000000,1.00000000e+00
2014,3.95898438,3.96484375,5.85937500e-03,52.71875000,44.90625000,7.81250000e+00
2015,4.56250000,4.56250000,0.00000000e+00,-168.00000000,-162.12500000,5.87500000e+00
2016,3.06250000,3.05468750,7.81250000e-03,123.06250000,111.31250000,1.17500000e+01
2017,3.02148438,3.02343750,1.95312500e-03,-2.92968750,-3.90625000,9.76562500e-01
2018,3.61718750,3.63281250,1.56250000e-02,13.67187500,15.62500000,1.95312500e+00
2019,4.28515625,4.22656250,5.85937500e-02,-275.50000000,-281.25000000,5.75000000e+00
2020,3.80078125,3.81835938,1.75781250e-02,99.62500000,79.12500000,2.05000000e+01
2021,2.46484375,2.47656250,1.17187500e-02,84.00000000,94.75000000,1.07500000e+01
2022,4.30859375,4.30468750,3.90625000e-03,207.00000000,209.00000000,2.00000000e+00
2023,4.21875000,4.23437500,1.56250000e-02,400.50000000,408.25000000,7.75000000e+00
2024,4.03515625,4.01562500,1.95312500e-02,240.25000000,230.50000000,9.75000000e+00
2025,3.66015625,3.66796875,7.81250000e-03,142.62500000,143.50000000,8.75000000e-01
2026,7.07421875,7.11718750,4.29687500e-02,-99.62500000,-97.62500000,2.00000000e+00
2027,5.59375000,5.59765625,3.90625000e-03,-93.75000000,-91.81250000,1.93750000e+00
2028,2.98242188,3.00000000,1.75781250e-02,343.75000000,364.25000000,2.05000000e+01
2029,2.57812500,2.57421875,3.90625000e-03,68.37500000,66.37500000,2.00000000e+00
2030,3.23046875,3.22656250,3.90625000e-03,169.87500000,166.00000000,3.87500000e+00
2031,3.95312500,3.96093750,7.81250000e-03,330.00000000,345.75000000,1.57500000e+01
2032,4.82812500,4.82812500,0.00000000e+00,-85.93750000,-85.93750000,0.00000000e+00
2033,4.37500000,4.37890625,3.90625000e-03,-1.95312500,-17.57812500,1.56250000e+01
2034,3.73828125,3.74414062,5.85937500e-03,134.75000000,129.87500000,4.87500000e+00
2035,3.37890625,3.39648438,1.75781250e-02,123.06250000,135.75000000,1.26875000e+01
2036,4.12500000,4.12500000,0.00000000e+00,-203.12500000,-210.87500000,7.75000000e+00
2037,2.94140625,2.96484375,2.34375000e-02,170.87500000,177.75000000,6.87500000e+00
2038,4.32031250,4.31250000,7.81250000e-03,-199.25000000,-207.00000000,7.75000000e+00
2039,4.44531250,4.44531250,0.00000000e+00,209.00000000,187.50000000,2.15000000e+01
2040,5.28125000,5.29296875,1.17187500e-02,11.71875000,44.90625000,3.31875000e+01
2041,3.30078125,3.34960938,4.88281250e-02,216.75000000,232.37500000,1.56250000e+01
2042,4.33593750,4.31250000,2.34375000e-02,178.75000000,156.25000000,2.25000000e+01
2043,2.98828125,2.98437500,3.90625000e-03,-54.68750000,-57.62500000,2.93750000e+00
2044,2.65820312,2.63671875,2.14843750e-02,-81.06250000,-89.81250000,8.75000000e+00
2045,5.51562500,5.55468750,3.90625000e-02,144.50000000,168.00000000,2.35000000e+01
2046,3.90234375,3.89062500,1.17187500e-02,-306.75000000,-318.25000000,1.15000000e+01
2047,4.27343750,4.26953125,3.90625000e-03,-50.78125000,-52.71875000,1.93750000e+00
2048,3.78125000,3.78906250,7.81250000e-03,13.67187500,17.57812500,3.90625000e+00
2049,3.88281250,3.99609375,1.13281250e-01,-326.25000000,-255.87500000,7.03750000e+01
2050,2.71875000,2.71484375,3.90625000e-03,-169.00000000,-166.00000000,3.00000000e+00
2051,2.59960938,2.58203125,1.75781250e-02,-81.06250000,-82.00000000,9.37500000e-01
2052,3.91992188,3.93750000,1.75781250e-02,-51.75000000,-41.00000000,1.07500000e+01
2053,3.12500000,3.14453125,1.95312500e-02,14.64843750,17.57812500,2.92968750e+00
2054,3.23046875,3.23437500,3.90625000e-03,35.15625000,34.18750000,9.68750000e-01
2055,2.72851562,2.73046875,1.95312500e-03,36.12500000,55.65625000,1.95312500e+01
2056,3.44140625,3.44921875,7.81250000e-03,-160.12500000,-169.87500000,9.75000000e+00
2057,4.71875000,4.66406250,5.46875000e-02,7.81250000,-23.43750000,3.12500000e+01
2058,4.48437500,4.49218750,7.81250000e-03,68.37500000,66.37500000,2.00000000e+00
2059,4.30078125,4.27343750,2.73437500e-02,-60.53125000,-64.43750000,3.90625000e+00
2060,5.38671875,5.39843750,1.17187500e-02,351.50000000,363.25000000,1.17500000e+01
2061,2.52148438,2.50781250,1.36718750e-02,-181.62500000,-185.50000000,3.87500000e+00
2062,3.13281250,3.11523438,1.75781250e-02,-89.81250000,-104.50000000,1.46875000e+01
2063,4.10937500,4.13281250,2.34375000e-02,-277.25000000,-265.50000000,1.17500000e+01
2064,3.80664062,3.81640625,9.76562500e-03,-139.62500000,-125.00000000,1.46250000e+01
2065,4.66796875,4.65625000,1.17187500e-02,39.06250000,25.39062500,1.36718750e+01
2066,2.55859375,2.55859375,0.00000000e+00,-251.00000000,-256.75000000,5.75000000e+00
2067,2.85546875,2.87500000,1.95312500e-02,-60.53125000,-62.50000000,1.96875000e+00
2068,3.55859375,3.55859375,0.00000000e+00,-54.68750000,-60.53125000,5.84375000e+00
2069,4.22656250,4.20703125,1.95312500e-02,-265.50000000,-269.50000000,4.00000000e+00
2070,3.06250000,3.08203125,1.95312500e-02,-338.00000000,-343.75000000,5.75000000e+00
2071,2.50976562,2.49804688,1.17187500e-02,166.00000000,159.12500000,6.87500000e+00
2072,4.41406250,4.39843750,1.56250000e-02,355.50000000,348.75000000,6.75000000e+00
2073,3.44335938,3.44531250,1.95312500e-03,-174.75000000,-170.87500000,3.87500000e+00
2074,3.88476562,3.87109375,1.36718750e-02,47.84375000,41.00000000,6.84375000e+00
2075,3.60937500,3.60937500,0.00000000e+00,75.18750000,69.31250000,5.87500000e+00
2076,6.76562500,6.79687500,3.12500000e-02,-386.75000000,-363.25000000,2.35000000e+01
2077,5.64843750,5.65625000,7.81250000e-03,160.12500000,168.00000000,7.87500000e+00
2078,2.43750000,2.44921875,1.17187500e-02,-107.43750000,-115.25000000,7.81250000e+00
2079,2.46484375,2.46093750,3.90625000e-03,-37.09375000,-39.06250000,1.96875000e+00
2080,2.84375000,2.84375000,0.00000000e+00,-80.06250000,-79.12500000,9.37500000e-01
2081,3.37500000,3.36328125,1.17187500e-02,-70.31250000,-76.18750000,5.87500000e+00
2082,5.18750000,5.17187500,1.56250000e-02,76.18750000,62.50000000,1.36875000e+01
2083,4.31250000,4.34765625,3.51562500e-02,-11.71875000,9.76562500,2.14843750e+01
2084,3.79882812,3.80078125,1.95312500e-03,84.93750000,89.81250000,4.87500000e+00
2085,3.42773438,3.41015625,1.75781250e-02,217.75000000,208.00000000,9.75000000e+00
2086,3.87890625,3.86718750,1.17187500e-02,-373.00000000,-359.25000000,1.37500000e+01
2087,2.76171875,2.79101562,2.92968750e-02,58.59375000,56.62500000,1.96875000e+00
2088,4.04296875,4.01562500,2.73437500e-02,-357.50000000,-363.25000000,5.75000000e+00
2089,4.59375000,4.60156250,7.81250000e-03,485.25000000,486.25000000,1.00000000e+00
2090,5.72265625,5.64062500,8.20312500e-02,482.50000000,416.00000000,6.65000000e+01
2091,3.01953125,3.04296875,2.34375000e-02,4.88281250,7.81250000,2.92968750e+00
2092,4.10937500,4.11328125,3.90625000e-03,23.43750000,37.09375000,1.36562500e+01
2093,2.93750000,2.93945312,1.95312500e-03,-31.25000000,-17.57812500,1.36718750e+01
2094,2.55078125,2.52343750,2.73437500e-02,-199.25000000,-203.12500000,3.87500000e+00
2095,5.68750000,5.65625000,3.12500000e-02,298.75000000,277.25000000,2.15000000e+01
2096,4.22265625,4.20312500,1.95312500e-02,175.75000000,171.87500000,3.87500000e+00
2097,4.35156250,4.35937500,7.81250000e-03,160.12500000,171.87500000,1.17500000e+01
2098,3.61718750,3.58984375,2.73437500e-02,-39.06250000,-60.53125000,2.14687500e+01
2099,4.40625000,4.40625000,0.00000000e+00,42.96875000,35.15625000,7.81250000e+00
2100,2.96679688,2.97070312,3.90625000e-03,221.62500000,224.62500000,3.00000000e+00
2101,2.84375000,2.82421875,1.95312500e-02,60.53125000,60.53125000,0.00000000e+00
2102,4.05468750,4.07031250,1.56250000e-02,132.75000000,136.75000000,4.00000000e+00
2103,3.17968750,3.18359375,3.90625000e-03,15.62500000,9.76562500,5.85937500e+00
2104,3.13281250,3.14257812,9.76562500e-03,-1.95312500,5.85937500,7.81250000e+00
2105,2.38476562,2.33203125,5.27343750e-02,-249.00000000,-275.50000000,2.65000000e+01
2106,3.22460938,3.21875000,5.85937500e-03,-275.50000000,-291.00000000,1.55000000e+01
2107,4.92968750,4.91015625,1.95312500e-02,377.00000000,361.25000000,1.57500000e+01
2108,4.34765625,4.37500000,2.73437500e-02,-19.53125000,-3.90625000,1.56250000e+01
2109,4.34375000,4.33593750,7.81250000e-03,52.71875000,58.59375000,5.87500000e+00
2110,4.99609375,5.05078125,5.46875000e-02,-95.68750000,-48.81250000,4.68750000e+01
2111,2.78906250,2.78906250,0.00000000e+00,135.75000000,146.50000000,1.07500000e+01
2112,3.51757812,3.48828125,2.92968750e-02,266.50000000,269.50000000,3.00000000e+00
2113,4.49218750,4.49609375,3.90625000e-03,199.25000000,183.62500000,1.56250000e+01
2114,3.92578125,3.89648438,2.92968750e-02,2.92968750,-28.31250000,3.12421875e+01
2115,4.64062500,4.62500000,1.56250000e-02,-23.43750000,-31.25000000,7.81250000e+00
2116,2.91406250,2.91796875,3.90625000e-03,59.56250000,66.37500000,6.81250000e+00
2117,2.90234375,2.91796875,1.56250000e-02,-100.56250000,-91.81250000,8.75000000e+00
2118,3.22460938,3.42382812,1.99218750e-01,-212.87500000,-106.43750000,1.06437500e+02
2119,4.00000000,3.98828125,1.17187500e-02,-205.12500000,-177.75000000,2.73750000e+01
2120,3.63671875,3.66210938,2.53906250e-02,212.87500000,217.75000000,4.87500000e+00
2121,2.41992188,2.40234375,1.75781250e-02,-42.00000000,-46.87500000,4.87500000e+00
2122,3.95507812,3.97656250,2.14843750e-02,61.53125000,77.12500000,1.55937500e+01
2123,3.79296875,3.79687500,3.90625000e-03,45.90625000,52.71875000,6.81250000e+00
2124,3.76171875,3.75390625,7.81250000e-03,11.71875000,21.48437500,9.76562500e+00
2125,3.25390625,3.26171875,7.81250000e-03,-277.25000000,-272.50000000,4.75000000e+00
2126,6.98437500,6.98437500,0.00000000e+00,-240.25000000,-232.37500000,7.87500000e+00
2127,5.33593750,5.30468750,3.12500000e-02,-109.37500000,-130.87500000,2.15000000e+01
2128,2.50000000,2.53906250,3.90625000e-02,-19.53125000,-7.81250000,1.17187500e+01
2129,2.37890625,2.37890625,0.00000000e+00,-144.50000000,-145.50000000,1.00000000e+00
2130,2.79687500,2.78906250,7.81250000e-03,-37.09375000,-35.15625000,1.93750000e+00
2131,3.71093750,3.70312500,7.81250000e-03,232.37500000,231.50000000,8.75000000e-01
2132,4.86718750,4.86718750,0.00000000e+00,-11.71875000,-11.71875000,0.00000000e+00
2133,3.99609375,3.99218750,3.90625000e-03,-179.62500000,-216.75000000,3.71250000e+01
2134,3.69335938,3.70703125,1.36718750e-02,83.00000000,102.56250000,1.95625000e+01
2135,3.10742188,3.08203125,2.53906250e-02,-17.57812500,-42.00000000,2.44218750e+01
2136,4.95312500,4.95312500,0.00000000e+00,680.50000000,681.50000000,1.00000000e+00
2137,2.61914062,2.62500000,5.85937500e-03,-60.53125000,-62.50000000,1.96875000e+00
2138,4.35937500,4.37500000,1.56250000e-02,54.68750000,64.43750000,9.75000000e+00
2139,3.96093750,3.98242188,2.14843750e-02,-50.78125000,-55.65625000,4.87500000e+00
2140,4.81250000,4.78515625,2.73437500e-02,-199.25000000,-201.12500000,1.87500000e+00
2141,3.15039062,3.15625000,5.85937500e-03,124.00000000,125.00000000,1.00000000e+00
2142,3.98437500,3.98632812,1.95312500e-03,-140.62500000,-145.50000000,4.87500000e+00
2143,3.00585938,2.99218750,1.36718750e-02,63.46875000,53.71875000,9.75000000e+00
2144,2.92382812,2.93554688,1.17187500e-02,187.50000000,203.12500000,1.56250000e+01
2145,5.36328125,5.39062500,2.73437500e-02,80.06250000,85.93750000,5.87500000e+00
2146,4.06250000,4.02343750,3.90625000e-02,56.62500000,39.06250000,1.75625000e+01
2147,4.41406250,4.43750000,2.34375000e-02,223.62500000,230.50000000,6.87500000e+00
2148,4.07031250,4.04687500,2.34375000e-02,365.25000000,339.75000000,2.55000000e+01
2149,4.26171875,4.29687500,3.51562500e-02,-1.95312500,1.95312500,3.90625000e+00
2150,2.60546875,2.60156250,3.90625000e-03,-152.37500000,-155.25000000,2.87500000e+00
2151,2.99414062,2.96484375,2.92968750e-02,141.62500000,132.75000000,8.87500000e+00
2152,4.32812500,4.34375000,1.56250000e-02,426.75000000,435.50000000,8.75000000e+00
2153,3.32812500,3.33007812,1.95312500e-03,148.37500000,138.62500000,9.75000000e+00
2154,3.07226562,3.09765625,2.53906250e-02,-129.87500000,-115.25000000,1.46250000e+01
2155,2.34375000,2.33984375,3.90625000e-03,-445.25000000,-457.00000000,1.17500000e+01
2156,3.50781250,3.50390625,3.90625000e-03,78.12500000,68.37500000,9.75000000e+00
2157,4.25781250,4.21875000,3.90625000e-02,-152.37500000,-173.87500000,2.15000000e+01
2158,4.27734375,4.30468750,2.73437500e-02,-9.76562500,7.81250000,1.75781250e+01
2159,4.76171875,4.78125000,1.95312500e-02,382.75000000,397.50000000,1.47500000e+01
2160,4.77343750,4.79687500,2.34375000e-02,-160.12500000,-164.00000000,3.87500000e+00
2161,2.47265625,2.43554688,3.71093750e-02,-41.00000000,-57.62500000,1.66250000e+01
2162,3.04687500,3.00781250,3.90625000e-02,49.81250000,37.09375000,1.27187500e+01
2163,3.88281250,3.90234375,1.95312500e-02,-375.00000000,-373.00000000,2.00000000e+00
2164,3.83007812,3.82421875,5.85937500e-03,38.09375000,29.29687500,8.79687500e+00
2165,4.75000000,4.73828125,1.17187500e-02,128.87500000,115.25000000,1.36250000e+01
2166,2.91796875,2.91210938,5.85937500e-03,134.75000000,125.00000000,9.75000000e+00
2167,2.84375000,2.83984375,3.90625000e-03,-58.59375000,-68.37500000,9.78125000e+00
2168,3.71875000,3.68750000,3.12500000e-02,142.62500000,112.31250000,3.03125000e+01
2169,4.46484375,4.44531250,1.95312500e-02,179.62500000,171.87500000,7.75000000e+00
2170,3.60351562,3.63085938,2.73437500e-02,165.00000000,172.87500000,7.87500000e+00
2171,2.66406250,2.65625000,7.81250000e-03,244.12500000,242.12500000,2.00000000e+00
2172,3.81640625,3.84179688,2.53906250e-02,28.31250000,40.03125000,1.17187500e+01
2173,3.67578125,3.68750000,1.17187500e-02,63.46875000,67.37500000,3.90625000e+00
2174,3.59960938,3.63085938,3.12500000e-02,-112.31250000,-112.31250000,0.00000000e+00
2175,3.69531250,3.70703125,1.17187500e-02,261.75000000,257.75000000,4.00000000e+00
2176,7.70312500,7.78515625,8.20312500e-02,504.00000000,552.50000000,4.85000000e+01
2177,5.57421875,5.57031250,3.90625000e-03,142.62500000,144.50000000,1.87500000e+00
2178,2.44921875,2.47265625,2.34375000e-02,-58.59375000,-60.53125000,1.93750000e+00
2179,2.19921875,2.18554688,1.36718750e-02,-190.37500000,-192.37500000,2.00000000e+00
2180,2.83203125,2.85156250,1.95312500e-02,-58.59375000,-42.96875000,1.56250000e+01
2181,3.45703125,3.44140625,1.56250000e-02,162.12500000,164.00000000,1.87500000e+00
2182,5.53125000,5.52343750,7.81250000e-03,558.50000000,560.50000000,2.00000000e+00
2183,4.33984375,4.36328125,2.34375000e-02,207.00000000,205.12500000,1.87500000e+00
2184,3.66406250,3.68750000,2.34375000e-02,132.75000000,151.37500000,1.86250000e+01
2185,3.19140625,3.19531250,3.90625000e-03,170.87500000,182.62500000,1.17500000e+01
2186,4.28515625,4.26562500,1.95312500e-02,219.75000000,222.62500000,2.87500000e+00
2187,2.75781250,2.74609375,1.17187500e-02,169.87500000,150.37500000,1.95000000e+01
2188,4.16406250,4.15625000,7.81250000e-03,-29.29687500,-35.15625000,5.85937500e+00
2189,3.92578125,3.93750000,1.17187500e-02,-62.50000000,-89.81250000,2.73125000e+01
2190,5.03515625,5.02343750,1.17187500e-02,-228.50000000,-214.87500000,1.36250000e+01
2191,2.93359375,2.95312500,1.95312500e-02,43.93750000,41.00000000,2.93750000e+00
2192,3.91015625,3.87500000,3.51562500e-02,-91.81250000,-107.43750000,1.56250000e+01
2193,2.70703125,2.69335938,1.36718750e-02,-214.87500000,-219.75000000,4.87500000e+00
2194,2.59960938,2.61328125,1.36718750e-02,-66.37500000,-42.96875000,2.34062500e+01
2195,4.87500000,4.87109375,3.90625000e-03,-91.81250000,-91.81250000,0.00000000e+00
2196,3.93750000,3.94921875,1.17187500e-02,-97.62500000,-80.06250000,1.75625000e+01
2197,3.85937500,3.89453125,3.51562500e-02,-80.06250000,-72.25000000,7.81250000e+00
2198,3.66796875,3.65429688,1.36718750e-02,105.43750000,96.68750000,8.75000000e+00
2199,4.10937500,4.10937500,0.00000000e+00,-15.62500000,-29.29687500,1.36718750e+01
2200,2.93945312,2.94140625,1.95312500e-03,156.25000000,155.25000000,1.00000000e+00
2201,2.74609375,2.73828125,7.81250000e-03,0.00000000,-1.95312500,1.95312500e+00
2202,3.80078125,3.78906250,1.17187500e-02,39.06250000,42.00000000,2.93750000e+00
2203,3.14843750,3.17968750,3.12500000e-02,21.48437500,29.29687500,7.81250000e+00
2204,3.13671875,3.14062500,3.90625000e-03,15.62500000,3.90625000,1.17187500e+01
2205,2.71875000,2.71093750,7.81250000e-03,260.75000000,280.25000000,1.95000000e+01
2206,3.44921875,3.42187500,2.73437500e-02,97.62500000,86.93750000,1.06875000e+01
2207,4.28906250,4.26562500,2.34375000e-02,-126.93750000,-144.50000000,1.75625000e+01
2208,4.14453125,4.14843750,3.90625000e-03,-64.43750000,-54.68750000,9.75000000e+00
2209,4.23828125,4.22265625,1.56250000e-02,-193.37500000,-189.50000000,3.87500000e+00
2210,5.07421875,5.05468750,1.95312500e-02,52.71875000,46.87500000,5.84375000e+00
2211,2.47070312,2.44531250,2.53906250e-02,-29.29687500,-29.29687500,0.00000000e+00
2212,3.04101562,2.99218750,4.88281250e-02,-12.69531250,-15.62500000,2.92968750e+00
2213,3.76953125,3.79101562,2.14843750e-02,-382.75000000,-381.75000000,1.00000000e+00
2214,3.63281250,3.63281250,0.00000000e+00,-185.50000000,-177.75000000,7.75000000e+00
2215,4.64843750,4.64062500,7.81250000e-03,37.09375000,37.09375000,0.00000000e+00
2216,2.94531250,2.94921875,3.90625000e-03,171.87500000,173.87500000,2.00000000e+00
2217,2.84765625,2.85156250,3.90625000e-03,-87.87500000,-88.87500000,1.00000000e+00
2218,3.52734375,3.55273438,2.53906250e-02,164.00000000,169.00000000,5.00000000e+00
2219,4.33984375,4.32031250,1.95312500e-02,-103.50000000,-84.00000000,1.95000000e+01
2220,3.43359375,3.46679688,3.32031250e-02,130.87500000,141.62500000,1.07500000e+01
2221,2.35937500,2.33593750,2.34375000e-02,-46.87500000,-56.62500000,9.75000000e+00
2222,3.50390625,3.51171875,7.81250000e-03,-197.25000000,-197.25000000,0.00000000e+00
2223,3.71875000,3.70703125,1.17187500e-02,183.62500000,169.00000000,1.46250000e+01
2224,3.62890625,3.66406250,3.51562500e-02,68.37500000,81.06250000,1.26875000e+01
2225,3.57421875,3.58593750,1.17187500e-02,133.75000000,131.87500000,1.87500000e+00
2226,6.67578125,6.71093750,3.51562500e-02,-281.25000000,-259.75000000,2.15000000e+01
2227,5.20703125,5.19921875,7.81250000e-03,-54.68750000,-64.43750000,9.75000000e+00
2228,2.54687500,2.57421875,2.73437500e-02,17.57812500,23.43750000,5.85937500e+00
2229,2.69531250,2.68750000,7.81250000e-03,212.87500000,220.75000000,7.87500000e+00
2230,2.82226562,2.79882812,2.34375000e-02,42.00000000,38.09375000,3.90625000e+00
2231,3.57812500,3.52343750,5.46875000e-02,168.00000000,140.62500000,2.73750000e+01
2232,4.83593750,4.83593750,0.00000000e+00,-21.48437500,-41.00000000,1.95156250e+01
2233,4.10546875,4.10937500,3.90625000e-03,-195.25000000,-214.87500000,1.96250000e+01
2234,3.44921875,3.41015625,3.90625000e-02,-191.37500000,-210.87500000,1.95000000e+01
2235,2.95703125,2.97265625,1.56250000e-02,-146.50000000,-134.75000000,1.17500000e+01
2236,4.02343750,4.02343750,0.00000000e+00,56.62500000,63.46875000,6.84375000e+00
2237,2.68359375,2.69531250,1.17187500e-02,37.09375000,35.15625000,1.93750000e+00
2238,4.07812500,4.09765625,1.95312500e-02,187.50000000,216.75000000,2.92500000e+01
2239,4.03906250,4.09765625,5.85937500e-02,175.75000000,212.87500000,3.71250000e+01
2240,4.78515625,4.80468750,1.95312500e-02,54.68750000,74.18750000,1.95000000e+01
2241,2.79296875,2.80859375,1.56250000e-02,-113.25000000,-111.31250000,1.93750000e+00
2242,3.98046875,3.98437500,3.90625000e-03,66.37500000,80.06250000,1.36875000e+01
2243,3.10156250,3.11328125,1.17187500e-02,201.12500000,196.25000000,4.87500000e+00
2244,2.42187500,2.43359375,1.17187500e-02,-142.62500000,-128.87500000,1.37500000e+01
2245,5.34375000,5.37890625,3.51562500e-02,250.00000000,259.75000000,9.75000000e+00
2246,3.62109375,3.61718750,3.90625000e-03,-386.75000000,-379.00000000,7.75000000e+00
2247,3.95312500,3.99609375,4.29687500e-02,-68.37500000,-46.87500000,2.15000000e+01
2248,3.59570312,3.59375000,1.95312500e-03,41.00000000,48.81250000,7.81250000e+00
2249,4.36718750,4.38281250,1.56250000e-02,248.00000000,265.50000000,1.75000000e+01
2250,2.87695312,2.87890625,1.95312500e-03,81.06250000,88.87500000,7.81250000e+00
2251,2.37695312,2.35351562,2.34375000e-02,-208.00000000,-213.87500000,5.87500000e+00
2252,3.86718750,3.85156250,1.56250000e-02,132.75000000,138.62500000,5.87500000e+00
2253,3.02929688,3.04101562,1.17187500e-02,-13.67187500,-8.78906250,4.88281250e+00
2254,3.19335938,3.15234375,4.10156250e-02,71.31250000,45.90625000,2.54062500e+01
2255,2.80078125,2.80078125,0.00000000e+00,113.25000000,109.37500000,3.87500000e+00
2256,3.49609375,3.51562500,1.95312500e-02,169.87500000,177.75000000,7.87500000e+00
2257,4.11718750,4.12109375,3.90625000e-03,-414.00000000,-406.25000000,7.75000000e+00
2258,4.11718750,4.10937500,7.81250000e-03,97.62500000,91.81250000,5.81250000e+00
2259,4.37500000,4.33203125,4.29687500e-02,50.78125000,33.18750000,1.75937500e+01
2260,4.64843750,4.63281250,1.56250000e-02,-318.25000000,-339.75000000,2.15000000e+01
2261,2.39257812,2.38671875,5.85937500e-03,-122.06250000,-110.37500000,1.16875000e+01
2262,2.90429688,2.85156250,5.27343750e-02,-83.00000000,-69.31250000,1.36875000e+01
2263,4.10937500,4.11718750,7.81250000e-03,88.87500000,85.93750000,2.93750000e+00
2264,3.73046875,3.72265625,7.81250000e-03,80.06250000,63.46875000,1.65937500e+01
2265,4.57812500,4.58203125,3.90625000e-03,154.25000000,162.12500000,7.87500000e+00
2266,2.62500000,2.60937500,1.56250000e-02,-46.87500000,-55.65625000,8.78125000e+00
2267,2.91601562,2.92187500,5.85937500e-03,57.62500000,52.71875000,4.90625000e+00
2268,3.11718750,3.11718750,0.00000000e+00,-285.25000000,-283.25000000,2.00000000e+00
2269,4.53125000,4.49218750,3.90625000e-02,275.50000000,271.50000000,4.00000000e+00
2270,3.18359375,3.22265625,3.90625000e-02,-193.37500000,-179.62500000,1.37500000e+01
2271,2.37500000,2.37500000,0.00000000e+00,42.96875000,55.65625000,1.26875000e+01
2272,3.79101562,3.78125000,9.76562500e-03,67.37500000,46.87500000,2.05000000e+01
2273,3.41796875,3.42773438,9.76562500e-03,-171.87500000,-166.00000000,5.87500000e+00
2274,3.38671875,3.39843750,1.17187500e-02,-154.25000000,-142.62500000,1.16250000e+01
2275,3.40234375,3.42187500,1.95312500e-02,-14.64843750,-14.64843750,0.00000000e+00
2276,6.69921875,6.75000000,5.07812500e-02,-134.75000000,-109.37500000,2.53750000e+01
2277,5.02343750,5.01562500,7.81250000e-03,-238.25000000,-238.25000000,0.00000000e+00
2278,2.54882812,2.56250000,1.36718750e-02,38.09375000,48.81250000,1.07187500e+01
2279,2.42578125,2.41406250,1.17187500e-02,-33.18750000,-40.03125000,6.84375000e+00
2280,2.94726562,2.92968750,1.75781250e-02,129.87500000,126.93750000,2.93750000e+00
2281,3.72460938,3.71484375,9.76562500e-03,294.00000000,296.75000000,2.75000000e+00
2282,4.75781250,4.77343750,1.56250000e-02,-119.12500000,-121.06250000,1.93750000e+00
2283,3.87109375,3.87109375,0.00000000e+00,-310.50000000,-318.25000000,7.75000000e+00
2284,3.44531250,3.37695312,6.83593750e-02,39.06250000,16.59375000,2.24687500e+01
2285,2.86328125,2.86718750,3.90625000e-03,-88.87500000,-84.00000000,4.87500000e+00
2286,3.97656250,3.94921875,2.73437500e-02,50.78125000,45.90625000,4.87500000e+00
2287,2.63281250,2.65039062,1.75781250e-02,53.71875000,75.18750000,2.14687500e+01
2288,4.37109375,4.37500000,3.90625000e-03,123.06250000,134.75000000,1.16875000e+01
2289,3.75195312,3.80859375,5.66406250e-02,-143.50000000,-130.87500000,1.26250000e+01
2290,4.98437500,5.00781250,2.34375000e-02,197.25000000,220.75000000,2.35000000e+01
2291,2.66210938,2.68359375,2.14843750e-02,-169.00000000,-169.87500000,8.75000000e-01
2292,4.01562500,4.01953125,3.90625000e-03,76.18750000,74.18750000,2.00000000e+00
2293,2.87890625,2.86914062,9.76562500e-03,-50.78125000,-48.81250000,1.96875000e+00
2294,2.87304688,2.87500000,1.95312500e-03,133.75000000,137.75000000,4.00000000e+00
2295,5.04296875,5.05078125,7.81250000e-03,-91.81250000,-109.37500000,1.75625000e+01
2296,3.83593750,3.91406250,7.81250000e-02,-99.62500000,-58.59375000,4.10312500e+01
2297,4.32812500,4.32031250,7.81250000e-03,158.25000000,154.25000000,4.00000000e+00
2298,3.61523438,3.62890625,1.36718750e-02,34.18750000,54.68750000,2.05000000e+01
2299,4.01953125,4.05468750,3.51562500e-02,-175.75000000,-179.62500000,3.87500000e+00
2300,2.57421875,2.58007812,5.85937500e-03,-224.62500000,-228.50000000,3.87500000e+00
2301,2.50000000,2.47265625,2.73437500e-02,-115.25000000,-121.06250000,5.81250000e+00
2302,3.58203125,3.59375000,1.17187500e-02,-3.90625000,12.69531250,1.66015625e+01
2303,2.89453125,2.91796875,2.34375000e-02,-169.87500000,-171.87500000,2.00000000e+00
2304,3.19531250,3.19140625,3.90625000e-03,98.62500000,94.75000000,3.87500000e+00
2305,2.19726562,2.19335938,3.90625000e-03,-362.25000000,-362.25000000,0.00000000e+00
2306,3.62890625,3.63085938,1.95312500e-03,160.12500000,161.12500000,1.00000000e+00
2307,4.40625000,4.42187500,1.56250000e-02,70.31250000,97.62500000,2.73125000e+01
2308,3.85351562,3.86328125,9.76562500e-03,-155.25000000,-152.37500000,2.87500000e+00
2309,4.62500000,4.66406250,3.90625000e-02,437.50000000,463.00000000,2.55000000e+01
2310,4.66796875,4.67578125,7.81250000e-03,-158.25000000,-160.12500000,1.87500000e+00
2311,2.51953125,2.50781250,1.17187500e-02,66.37500000,71.31250000,4.93750000e+00
2312,2.89648438,2.81835938,7.81250000e-02,-6.83593750,-40.03125000,3.31953125e+01
2313,4.12109375,4.15234375,3.12500000e-02,-13.67187500,19.53125000,3.32031250e+01
2314,3.36523438,3.37500000,9.76562500e-03,-329.00000000,-318.25000000,1.07500000e+01
2315,4.24218750,4.23437500,7.81250000e-03,-173.87500000,-175.75000000,1.87500000e+00
2316,2.51953125,2.50000000,1.95312500e-02,-162.12500000,-175.75000000,1.36250000e+01
2317,2.42187500,2.42968750,7.81250000e-03,-306.75000000,-320.25000000,1.35000000e+01
2318,3.54492188,3.55468750,9.76562500e-03,227.50000000,213.87500000,1.36250000e+01
2319,4.28125000,4.27343750,7.81250000e-03,206.00000000,201.12500000,4.87500000e+00
2320,3.37109375,3.39453125,2.34375000e-02,39.06250000,33.18750000,5.87500000e+00
2321,2.03515625,2.03320312,1.95312500e-03,-285.25000000,-292.00000000,6.75000000e+00
2322,3.74804688,3.74218750,5.85937500e-03,26.35937500,21.48437500,4.87500000e+00
2323,3.34375000,3.36523438,2.14843750e-02,-61.53125000,-34.18750000,2.73437500e+01
2324,3.62890625,3.68554688,5.66406250e-02,-9.76562500,18.54687500,2.83125000e+01
2325,3.22265625,3.25195312,2.92968750e-02,-149.37500000,-154.25000000,4.87500000e+00
2326,6.72656250,6.76562500,3.90625000e-02,0.00000000,23.43750000,2.34375000e+01
2327,4.96093750,4.96875000,7.81250000e-03,-156.25000000,-160.12500000,3.87500000e+00
2328,2.49023438,2.49609375,5.85937500e-03,32.21875000,21.48437500,1.07343750e+01
2329,2.23828125,2.23046875,7.81250000e-03,-68.37500000,-74.18750000,5.81250000e+00
2330,2.64062500,2.65625000,1.56250000e-02,-13.67187500,-3.90625000,9.76562500e+00
2331,3.24023438,3.22656250,1.36718750e-02,-71.31250000,-68.37500000,2.93750000e+00
2332,4.55859375,4.57031250,1.17187500e-02,-234.37500000,-234.37500000,0.00000000e+00
2333,4.39062500,4.39843750,7.81250000e-03,33.18750000,52.71875000,1.95312500e+01
2334,3.32031250,3.30468750,1.56250000e-02,-128.87500000,-145.50000000,1.66250000e+01
2335,2.97265625,2.99023438,1.75781250e-02,22.45312500,34.18750000,1.17343750e+01
2336,4.16406250,4.19531250,3.12500000e-02,215.87500000,228.50000000,1.26250000e+01
2337,2.52734375,2.51562500,1.17187500e-02,31.25000000,28.31250000,2.93750000e+00
2338,3.80859375,3.80078125,7.81250000e-03,-283.25000000,-283.25000000,0.00000000e+00
2339,3.56640625,3.57421875,7.81250000e-03,-97.62500000,-96.68750000,9.37500000e-01
2340,5.03906250,5.01562500,2.34375000e-02,138.62500000,121.06250000,1.75625000e+01
2341,2.77343750,2.80078125,2.73437500e-02,-87.87500000,-86.93750000,9.37500000e-01
2342,3.78906250,3.74609375,4.29687500e-02,-115.25000000,-134.75000000,1.95000000e+01
2343,2.86132812,2.84375000,1.75781250e-02,-42.00000000,-39.06250000,2.93750000e+00
2344,2.82812500,2.78515625,4.29687500e-02,41.00000000,25.39062500,1.56093750e+01
2345,4.82031250,4.84375000,2.34375000e-02,-168.00000000,-164.00000000,4.00000000e+00
2346,3.88476562,3.90625000,2.14843750e-02,-30.26562500,-33.18750000,2.92187500e+00
2347,3.74023438,3.75585938,1.56250000e-02,-8.78906250,-26.35937500,1.75703125e+01
2348,3.20312500,3.21875000,1.56250000e-02,-164.00000000,-144.50000000,1.95000000e+01
2349,4.38281250,4.39843750,1.56250000e-02,292.00000000,271.50000000,2.05000000e+01
2350,2.80468750,2.79687500,7.81250000e-03,86.93750000,75.18750000,1.17500000e+01
2351,2.53320312,2.51953125,1.36718750e-02,-2.92968750,11.71875000,1.46484375e+01
2352,3.47851562,3.45312500,2.53906250e-02,-196.25000000,-215.87500000,1.96250000e+01
2353,3.14453125,3.15234375,7.81250000e-03,82.00000000,64.43750000,1.75625000e+01
2354,3.01757812,3.01171875,5.85937500e-03,20.50000000,21.48437500,9.84375000e-01
2355,2.65625000,2.65234375,3.90625000e-03,74.18750000,85.93750000,1.17500000e+01
2356,3.48632812,3.47656250,9.76562500e-03,227.50000000,212.87500000,1.46250000e+01
2357,4.52734375,4.49218750,3.51562500e-02,185.50000000,175.75000000,9.75000000e+00
2358,3.77343750,3.77734375,3.90625000e-03,-234.37500000,-240.25000000,5.87500000e+00
2359,4.41015625,4.39453125,1.56250000e-02,119.12500000,119.12500000,0.00000000e+00
2360,5.05468750,5.06250000,7.81250000e-03,199.25000000,214.87500000,1.56250000e+01
2361,2.40625000,2.39843750,7.81250000e-03,-144.50000000,-143.50000000,1.00000000e+00
2362,2.83203125,2.81250000,1.95312500e-02,-169.87500000,-152.37500000,1.75000000e+01
2363,4.35937500,4.36328125,3.90625000e-03,252.00000000,257.75000000,5.75000000e+00
2364,3.50585938,3.52343750,1.75781250e-02,-45.90625000,-33.18750000,1.27187500e+01
2365,4.48046875,4.47656250,3.90625000e-03,33.18750000,39.06250000,5.87500000e+00
2366,2.67382812,2.67578125,1.95312500e-03,20.50000000,19.53125000,9.68750000e-01
2367,2.61328125,2.60937500,3.90625000e-03,-146.50000000,-158.25000000,1.17500000e+01
2368,3.75390625,3.83984375,8.59375000e-02,192.37500000,228.50000000,3.61250000e+01
2369,4.16406250,4.16406250,0.00000000e+00,-1.95312500,1.95312500,3.90625000e+00
2370,3.25781250,3.29687500,3.90625000e-02,-117.18750000,-107.43750000,9.75000000e+00
2371,2.06445312,2.07421875,9.76562500e-03,-206.00000000,-191.37500000,1.46250000e+01
2372,3.91796875,3.95898438,4.10156250e-02,128.87500000,146.50000000,1.76250000e+01
2373,3.36914062,3.37109375,1.95312500e-03,-59.56250000,-54.68750000,4.87500000e+00
2374,3.37500000,3.35742188,1.75781250e-02,-195.25000000,-193.37500000,1.87500000e+00
2375,3.33203125,3.36328125,3.12500000e-02,-76.18750000,-78.12500000,1.93750000e+00
2376,6.20312500,6.22656250,2.34375000e-02,-461.00000000,-441.50000000,1.95000000e+01
2377,5.71484375,5.70703125,7.81250000e-03,369.25000000,392.50000000,2.32500000e+01
2378,2.49218750,2.50781250,1.56250000e-02,113.25000000,101.56250000,1.16875000e+01
2379,2.32031250,2.31250000,7.81250000e-03,-62.50000000,-66.37500000,3.87500000e+00
2380,3.02343750,3.01953125,3.90625000e-03,334.00000000,328.00000000,6.00000000e+00
2381,3.16210938,3.13085938,3.12500000e-02,-4.88281250,-16.59375000,1.17109375e+01
2382,4.74218750,4.75000000,7.81250000e-03,50.78125000,50.78125000,0.00000000e+00
2383,4.72656250,4.71484375,1.17187500e-02,451.25000000,416.00000000,3.52500000e+01
2384,3.32421875,3.31250000,1.17187500e-02,-80.06250000,-77.12500000,2.93750000e+00
2385,2.91796875,2.89843750,1.95312500e-02,-118.18750000,-129.87500000,1.16875000e+01
2386,3.88671875,3.89257812,5.85937500e-03,99.62500000,94.75000000,4.87500000e+00
2387,2.36914062,2.40820312,3.90625000e-02,-256.75000000,-249.00000000,7.75000000e+00
2388,3.71875000,3.71484375,3.90625000e-03,-42.96875000,-51.75000000,8.78125000e+00
2389,3.65625000,3.69140625,3.51562500e-02,-207.00000000,-207.00000000,0.00000000e+00
2390,4.28906250,4.21093750,7.81250000e-02,-408.25000000,-392.50000000,1.57500000e+01
2391,2.55859375,2.58398438,2.53906250e-02,-218.75000000,-222.62500000,3.87500000e+00
2392,3.74804688,3.76953125,2.14843750e-02,-38.09375000,-19.53125000,1.85625000e+01
2393,2.79687500,2.77734375,1.95312500e-02,3.90625000,-7.81250000,1.17187500e+01
2394,2.35546875,2.36328125,7.81250000e-03,-123.06250000,-109.37500000,1.36875000e+01
2395,5.18750000,5.18359375,3.90625000e-03,138.62500000,91.81250000,4.68125000e+01
2396,3.99609375,4.00000000,3.90625000e-03,155.25000000,169.87500000,1.46250000e+01
2397,3.72265625,3.71484375,7.81250000e-03,-220.75000000,-252.00000000,3.12500000e+01
2398,3.51953125,3.48828125,3.12500000e-02,130.87500000,119.12500000,1.17500000e+01
2399,4.08984375,4.09765625,7.81250000e-03,134.75000000,101.56250000,3.31875000e+01
2400,2.62109375,2.60351562,1.75781250e-02,-51.75000000,-63.46875000,1.17187500e+01
2401,2.69335938,2.71484375,2.14843750e-02,176.75000000,206.00000000,2.92500000e+01
2402,3.37109375,3.36328125,7.81250000e-03,-306.75000000,-320.25000000,1.35000000e+01
2403,2.70703125,2.76171875,5.46875000e-02,-275.50000000,-254.87500000,2.06250000e+01
2404,3.03906250,3.04492188,5.85937500e-03,68.37500000,67.37500000,1.00000000e+00
2405,2.75390625,2.73828125,1.56250000e-02,80.06250000,83.00000000,2.93750000e+00
2406,3.33789062,3.30664062,3.12500000e-02,-33.18750000,-53.71875000,2.05312500e+01
2407,4.61328125,4.60937500,3.90625000e-03,35.15625000,48.81250000,1.36562500e+01
2408,3.97851562,3.98242188,3.90625000e-03,24.40625000,34.18750000,9.78125000e+00
2409,4.09375000,4.06250000,3.12500000e-02,-132.75000000,-134.75000000,2.00000000e+00
2410,4.75000000,4.76562500,1.56250000e-02,-7.81250000,-11.71875000,3.90625000e+00
2411,2.57421875,2.54882812,2.53906250e-02,87.87500000,80.06250000,7.81250000e+00
2412,2.76562500,2.73437500,3.12500000e-02,-97.62500000,-114.25000000,1.66250000e+01
2413,3.83593750,3.78515625,5.07812500e-02,-212.87500000,-236.37500000,2.35000000e+01
2414,3.76562500,3.75195312,1.36718750e-02,173.87500000,161.12500000,1.27500000e+01
2415,4.69531250,4.66796875,2.73437500e-02,220.75000000,209.00000000,1.17500000e+01
2416,2.47070312,2.47656250,5.85937500e-03,-219.75000000,-230.50000000,1.07500000e+01
2417,2.81640625,2.83789062,2.14843750e-02,77.12500000,91.81250000,1.46875000e+01
2418,1.89453125,1.93261719,3.80859375e-02,-1011.50000000,-1010.00000000,1.50000000e+00
2419,4.19140625,4.15625000,3.51562500e-02,115.25000000,101.56250000,1.36875000e+01
2420,3.19531250,3.22656250,3.12500000e-02,50.78125000,55.65625000,4.87500000e+00
2421,2.11914062,2.12109375,1.95312500e-03,-124.00000000,-123.06250000,9.37500000e-01
2422,3.78125000,3.76953125,1.17187500e-02,250.00000000,242.12500000,7.87500000e+00
2423,3.36328125,3.34765625,1.56250000e-02,-22.45312500,-31.25000000,8.79687500e+00
2424,3.87500000,3.89062500,1.56250000e-02,202.12500000,204.12500000,2.00000000e+00
2425,3.27734375,3.30468750,2.73437500e-02,-85.93750000,-84.00000000,1.93750000e+00
2426,7.28125000,7.31250000,3.12500000e-02,232.37500000,244.12500000,1.17500000e+01
2427,5.40234375,5.34375000,5.85937500e-02,107.43750000,72.25000000,3.51875000e+01
2428,2.50585938,2.51953125,1.36718750e-02,77.12500000,82.00000000,4.87500000e+00
2429,2.30078125,2.29101562,9.76562500e-03,-19.53125000,-22.45312500,2.92187500e+00
2430,2.89453125,2.89453125,0.00000000e+00,193.37500000,191.37500000,2.00000000e+00
2431,2.95507812,2.96484375,9.76562500e-03,-273.50000000,-259.75000000,1.37500000e+01
2432,4.52734375,4.52343750,3.90625000e-03,-212.87500000,-234.37500000,2.15000000e+01
2433,3.93945312,3.93945312,0.00000000e+00,-362.25000000,-360.25000000,2.00000000e+00
2434,3.50781250,3.48437500,2.34375000e-02,191.37500000,177.75000000,1.36250000e+01
2435,3.17578125,3.15625000,1.95312500e-02,78.12500000,66.37500000,1.17500000e+01
2436,4.07421875,4.06640625,7.81250000e-03,322.25000000,328.00000000,5.75000000e+00
2437,2.46679688,2.48828125,2.14843750e-02,-0.97656250,7.81250000,8.78906250e+00
2438,3.42968750,3.44140625,1.17187500e-02,-486.25000000,-476.50000000,9.75000000e+00
2439,3.86328125,3.85156250,1.17187500e-02,263.75000000,240.25000000,2.35000000e+01
2440,4.60156250,4.59765625,3.90625000e-03,66.37500000,80.06250000,1.36875000e+01
2441,3.05859375,3.12500000,6.64062500e-02,318.25000000,341.75000000,2.35000000e+01
2442,3.80859375,3.80664062,1.95312500e-03,-33.18750000,-29.29687500,3.89062500e+00
2443,3.01171875,2.99218750,1.95312500e-02,114.25000000,103.50000000,1.07500000e+01
2444,2.71093750,2.71875000,7.81250000e-03,152.37500000,164.00000000,1.16250000e+01
2445,4.75781250,4.76562500,7.81250000e-03,-216.75000000,-230.50000000,1.37500000e+01
2446,3.73046875,3.75585938,2.53906250e-02,-7.81250000,17.57812500,2.53906250e+01
2447,3.55859375,3.57421875,1.56250000e-02,-281.25000000,-302.75000000,2.15000000e+01
2448,3.29492188,3.27343750,2.14843750e-02,-66.37500000,-60.53125000,5.84375000e+00
2449,3.93359375,3.94531250,1.17187500e-02,-119.12500000,-160.12500000,4.10000000e+01
2450,2.83398438,2.82812500,5.85937500e-03,168.00000000,159.12500000,8.87500000e+00
2451,2.45703125,2.43554688,2.14843750e-02,-72.25000000,-72.25000000,0.00000000e+00
2452,3.52929688,3.52539062,3.90625000e-03,106.43750000,114.25000000,7.81250000e+00
2453,3.04687500,3.06835938,2.14843750e-02,50.78125000,40.03125000,1.07500000e+01
2454,2.94921875,2.95507812,5.85937500e-03,-13.67187500,-18.54687500,4.87500000e+00
2455,2.32812500,2.31640625,1.17187500e-02,-173.87500000,-158.25000000,1.56250000e+01
2456,3.46484375,3.45507812,9.76562500e-03,223.62500000,215.87500000,7.75000000e+00
2457,4.25000000,4.23437500,1.56250000e-02,-78.12500000,-70.31250000,7.81250000e+00
2458,4.26953125,4.26953125,0.00000000e+00,272.50000000,282.25000000,9.75000000e+00
2459,4.02343750,4.00000000,2.34375000e-02,-48.81250000,-58.59375000,9.78125000e+00
2460,4.71875000,4.70312500,1.56250000e-02,-109.37500000,-130.87500000,2.15000000e+01
2461,2.56250000,2.55859375,3.90625000e-03,42.96875000,65.43750000,2.24687500e+01
2462,2.28906250,2.26562500,2.34375000e-02,-416.00000000,-427.75000000,1.17500000e+01
2463,4.22265625,4.19140625,3.12500000e-02,107.43750000,84.00000000,2.34375000e+01
2464,3.55468750,3.57226562,1.75781250e-02,-105.43750000,-106.43750000,1.00000000e+00
2465,4.07031250,4.07031250,0.00000000e+00,-281.25000000,-273.50000000,7.75000000e+00
2466,2.67968750,2.67382812,5.85937500e-03,2.92968750,1.95312500,9.76562500e-01
2467,2.38476562,2.39062500,5.85937500e-03,-201.12500000,-203.12500000,2.00000000e+00
2468,3.78906250,3.88281250,9.37500000e-02,457.00000000,485.25000000,2.82500000e+01
2469,3.72851562,3.69726562,3.12500000e-02,-266.50000000,-268.50000000,2.00000000e+00
2470,3.23046875,3.23632812,5.85937500e-03,-50.78125000,-47.84375000,2.93750000e+00
2471,2.38085938,2.37500000,5.85937500e-03,127.93750000,126.00000000,1.93750000e+00
2472,3.42773438,3.43554688,7.81250000e-03,-73.25000000,-69.31250000,3.93750000e+00
2473,3.31445312,3.28515625,2.92968750e-02,-60.53125000,-71.31250000,1.07812500e+01
2474,3.57421875,3.55468750,1.95312500e-02,25.39062500,-5.85937500,3.12500000e+01
2475,3.38085938,3.41015625,2.92968750e-02,23.43750000,27.34375000,3.90625000e+00
2476,6.59375000,6.58203125,1.17187500e-02,-336.00000000,-369.25000000,3.32500000e+01
2477,4.96093750,4.96484375,3.90625000e-03,-183.62500000,-166.00000000,1.76250000e+01
2478,2.48046875,2.49804688,1.75781250e-02,167.00000000,175.75000000,8.75000000e+00
2479,2.21093750,2.20117188,9.76562500e-03,-82.00000000,-92.75000000,1.07500000e+01
2480,2.67968750,2.66406250,1.56250000e-02,-97.62500000,-97.62500000,0.00000000e+00
2481,3.06835938,3.05859375,9.76562500e-03,-40.03125000,-39.06250000,9.68750000e-01
2482,4.76562500,4.71093750,5.46875000e-02,-50.78125000,-85.93750000,3.51562500e+01
2483,4.21875000,4.21093750,7.81250000e-03,171.87500000,173.87500000,2.00000000e+00
2484,3.28320312,3.24023438,4.29687500e-02,77.12500000,62.50000000,1.46250000e+01
2485,2.94140625,2.91796875,2.34375000e-02,24.40625000,24.40625000,0.00000000e+00
2486,3.64453125,3.65039062,5.85937500e-03,-165.00000000,-159.12500000,5.87500000e+00
2487,2.55468750,2.57617188,2.14843750e-02,67.37500000,65.43750000,1.93750000e+00
2488,3.82031250,3.82226562,1.95312500e-03,-166.00000000,-169.00000000,3.00000000e+00
2489,3.84765625,3.91406250,6.64062500e-02,202.12500000,226.50000000,2.43750000e+01
2490,4.59375000,4.55468750,3.90625000e-02,125.00000000,117.18750000,7.81250000e+00
2491,2.48437500,2.49218750,7.81250000e-03,-228.50000000,-238.25000000,9.75000000e+00
2492,3.66601562,3.66796875,1.95312500e-03,-141.62500000,-136.75000000,4.87500000e+00
2493,2.92578125,2.91992188,5.85937500e-03,105.43750000,100.56250000,4.87500000e+00
2494,2.66406250,2.64062500,2.34375000e-02,67.37500000,67.37500000,0.00000000e+00
2495,4.73437500,4.76562500,3.12500000e-02,-160.12500000,-168.00000000,7.87500000e+00
2496,3.52734375,3.50781250,1.95312500e-02,-58.59375000,-66.37500000,7.78125000e+00
2497,3.80859375,3.83007812,2.14843750e-02,-68.37500000,-69.31250000,9.37500000e-01
2498,3.07812500,3.07421875,3.90625000e-03,-178.75000000,-169.87500000,8.87500000e+00
2499,3.89843750,3.94726562,4.88281250e-02,-82.00000000,-51.75000000,3.02500000e+01
2500,2.44921875,2.45312500,3.90625000e-03,-150.37500000,-148.37500000,2.00000000e+00
2501,2.61718750,2.58789062,2.92968750e-02,-57.62500000,-65.43750000,7.81250000e+00
2502,3.38671875,3.38085938,5.85937500e-03,-139.62500000,-137.75000000,1.87500000e+00
2503,3.18359375,3.19531250,1.17187500e-02,101.56250000,93.75000000,7.81250000e+00
2504,2.83203125,2.82812500,3.90625000e-03,-162.12500000,-169.00000000,6.87500000e+00
2505,2.48046875,2.46289062,1.75781250e-02,21.48437500,31.25000000,9.76562500e+00
2506,3.55078125,3.54687500,3.90625000e-03,343.75000000,334.00000000,9.75000000e+00
2507,3.96679688,3.92382812,4.29687500e-02,-98.62500000,-96.68750000,1.93750000e+00
2508,3.88281250,3.87500000,7.81250000e-03,5.85937500,15.62500000,9.76562500e+00
2509,3.83984375,3.80468750,3.51562500e-02,-351.50000000,-379.00000000,2.75000000e+01
2510,4.90625000,4.89062500,1.56250000e-02,195.25000000,171.87500000,2.33750000e+01
2511,2.43554688,2.43554688,0.00000000e+00,-110.37500000,-104.50000000,5.87500000e+00
2512,2.70898438,2.65625000,5.27343750e-02,-90.81250000,-111.31250000,2.05000000e+01
2513,3.90429688,3.86328125,4.10156250e-02,131.87500000,119.12500000,1.27500000e+01
2514,3.62109375,3.64453125,2.34375000e-02,47.84375000,50.78125000,2.93750000e+00
2515,4.40625000,4.40625000,0.00000000e+00,78.12500000,78.12500000,0.00000000e+00
2516,2.55078125,2.52343750,2.73437500e-02,-19.53125000,-26.35937500,6.82812500e+00
2517,2.83593750,2.85546875,1.95312500e-02,205.12500000,216.75000000,1.16250000e+01
2518,2.12109375,2.25976562,1.38671875e-01,-490.25000000,-424.75000000,6.55000000e+01
2519,4.01171875,3.95507812,5.66406250e-02,21.48437500,11.71875000,9.76562500e+00
2520,3.24609375,3.27343750,2.73437500e-02,118.18750000,125.00000000,6.81250000e+00
2521,2.05468750,2.07226562,1.75781250e-02,-218.75000000,-194.37500000,2.43750000e+01
2522,3.58984375,3.58984375,0.00000000e+00,107.43750000,115.25000000,7.81250000e+00
2523,3.21093750,3.20898438,1.95312500e-03,-98.62500000,-89.81250000,8.81250000e+00
2524,3.47656250,3.50781250,3.12500000e-02,3.90625000,23.43750000,1.95312500e+01
2525,3.33203125,3.33593750,3.90625000e-03,-13.67187500,-16.59375000,2.92187500e+00
2526,7.24218750,7.27343750,3.12500000e-02,484.25000000,480.50000000,3.75000000e+00
2527,5.06640625,5.05468750,1.17187500e-02,126.93750000,97.62500000,2.93125000e+01
2528,2.16601562,2.18359375,1.75781250e-02,-97.62500000,-81.06250000,1.65625000e+01
2529,2.21093750,2.19531250,1.56250000e-02,13.67187500,13.67187500,0.00000000e+00
2530,2.76757812,2.74609375,2.14843750e-02,45.90625000,42.96875000,2.93750000e+00
2531,2.93359375,2.93554688,1.95312500e-03,-209.00000000,-206.00000000,3.00000000e+00
2532,4.37500000,4.41015625,3.51562500e-02,-214.87500000,-185.50000000,2.93750000e+01
2533,4.27343750,4.27343750,0.00000000e+00,160.12500000,158.25000000,1.87500000e+00
2534,3.22265625,3.19921875,2.34375000e-02,-87.87500000,-76.18750000,1.16875000e+01
2535,2.98828125,2.97460938,1.36718750e-02,71.31250000,68.37500000,2.93750000e+00
2536,3.61328125,3.59570312,1.75781250e-02,-95.68750000,-114.25000000,1.85625000e+01
2537,2.76171875,2.77734375,1.56250000e-02,210.87500000,226.50000000,1.56250000e+01
2538,3.83593750,3.82031250,1.56250000e-02,81.06250000,43.93750000,3.71250000e+01
2539,3.59570312,3.62109375,2.53906250e-02,-92.75000000,-85.93750000,6.81250000e+00
2540,4.49609375,4.46093750,3.51562500e-02,80.06250000,58.59375000,2.14687500e+01
2541,2.94726562,2.98437500,3.71093750e-02,216.75000000,225.62500000,8.87500000e+00
2542,3.72265625,3.71093750,1.17187500e-02,-75.18750000,-85.93750000,1.07500000e+01
2543,2.70703125,2.70312500,3.90625000e-03,-65.43750000,-61.53125000,3.90625000e+00
2544,2.66210938,2.64257812,1.95312500e-02,67.37500000,47.84375000,1.95312500e+01
2545,5.01953125,5.07421875,5.46875000e-02,152.37500000,210.87500000,5.85000000e+01
2546,3.71875000,3.73046875,1.17187500e-02,-17.57812500,-6.83593750,1.07421875e+01
2547,3.60156250,3.61718750,1.56250000e-02,-72.25000000,-57.62500000,1.46250000e+01
2548,3.60742188,3.57812500,2.92968750e-02,288.00000000,279.25000000,8.75000000e+00
2549,3.89453125,3.92968750,3.51562500e-02,-76.18750000,-78.12500000,1.93750000e+00
2550,2.70312500,2.71875000,1.56250000e-02,140.62500000,150.37500000,9.75000000e+00
2551,2.58984375,2.58007812,9.76562500e-03,144.50000000,153.37500000,8.87500000e+00
2552,3.39062500,3.37109375,1.95312500e-02,12.69531250,-5.85937500,1.85546875e+01
2553,2.76562500,2.80078125,3.51562500e-02,-168.00000000,-169.00000000,1.00000000e+00
2554,2.93359375,2.92382812,9.76562500e-03,-103.50000000,-110.37500000,6.87500000e+00
2555,2.55859375,2.53515625,2.34375000e-02,111.31250000,103.50000000,7.81250000e+00
2556,2.83593750,2.82421875,1.17187500e-02,-353.50000000,-361.25000000,7.75000000e+00
2557,4.46093750,4.51562500,5.46875000e-02,251.00000000,311.50000000,6.05000000e+01
2558,4.03125000,4.03515625,3.90625000e-03,180.62500000,189.50000000,8.87500000e+00
2559,4.46093750,4.47656250,1.56250000e-02,218.75000000,246.12500000,2.73750000e+01
2560,4.74609375,4.73437500,1.17187500e-02,99.62500000,101.56250000,1.93750000e+00
2561,2.28125000,2.28710938,5.85937500e-03,-103.50000000,-95.68750000,7.81250000e+00
2562,2.58203125,2.53515625,4.68750000e-02,-117.18750000,-130.87500000,1.36875000e+01
2563,3.85937500,3.85546875,3.90625000e-03,-95.68750000,-97.62500000,1.93750000e+00
2564,3.50000000,3.56640625,6.64062500e-02,7.81250000,41.00000000,3.31875000e+01
2565,4.22656250,4.25000000,2.34375000e-02,3.90625000,23.43750000,1.95312500e+01
2566,2.58203125,2.58007812,1.95312500e-03,-22.45312500,-26.35937500,3.90625000e+00
2567,2.72656250,2.76171875,3.51562500e-02,108.37500000,132.75000000,2.43750000e+01
2568,3.12304688,3.15039062,2.73437500e-02,72.25000000,73.25000000,1.00000000e+00
2569,4.10156250,4.07421875,2.73437500e-02,123.06250000,109.37500000,1.36875000e+01
2570,3.60937500,3.61718750,7.81250000e-03,285.25000000,280.25000000,5.00000000e+00
2571,2.27343750,2.27734375,3.90625000e-03,39.06250000,48.81250000,9.75000000e+00
2572,3.33593750,3.34375000,7.81250000e-03,-85.93750000,-79.12500000,6.81250000e+00
2573,3.45703125,3.44921875,7.81250000e-03,115.25000000,103.50000000,1.17500000e+01
2574,3.63867188,3.63085938,7.81250000e-03,49.81250000,32.21875000,1.75937500e+01
2575,3.25000000,3.24609375,3.90625000e-03,-48.81250000,-61.53125000,1.27187500e+01
2576,6.07031250,6.10156250,3.12500000e-02,-238.25000000,-240.25000000,2.00000000e+00
2577,5.26953125,5.27343750,3.90625000e-03,296.75000000,300.75000000,4.00000000e+00
2578,2.36523438,2.39453125,2.92968750e-02,32.21875000,59.56250000,2.73437500e+01
2579,2.14648438,2.16601562,1.95312500e-02,-84.93750000,-63.46875000,2.14687500e+01
2580,2.78125000,2.77343750,7.81250000e-03,60.53125000,65.43750000,4.90625000e+00
2581,3.07421875,3.08203125,7.81250000e-03,-80.06250000,-52.71875000,2.73437500e+01
2582,4.67968750,4.68359375,3.90625000e-03,123.06250000,107.43750000,1.56250000e+01
2583,4.66406250,4.64062500,2.34375000e-02,357.50000000,343.75000000,1.37500000e+01
2584,3.14843750,3.11718750,3.12500000e-02,-60.53125000,-62.50000000,1.96875000e+00
2585,2.68359375,2.64648438,3.71093750e-02,-221.62500000,-231.50000000,9.87500000e+00
2586,3.52148438,3.52539062,3.90625000e-03,-68.37500000,-66.37500000,2.00000000e+00
2587,2.80859375,2.80664062,1.95312500e-03,289.00000000,290.00000000,1.00000000e+00
2588,4.09375000,4.09375000,0.00000000e+00,248.00000000,238.25000000,9.75000000e+00
2589,3.99609375,4.03125000,3.51562500e-02,347.75000000,355.50000000,7.75000000e+00
2590,4.51562500,4.53515625,1.95312500e-02,42.96875000,84.00000000,4.10312500e+01
2591,2.84765625,2.85937500,1.17187500e-02,144.50000000,142.62500000,1.87500000e+00
2592,3.68359375,3.69921875,1.56250000e-02,32.21875000,51.75000000,1.95312500e+01
2593,2.77734375,2.76562500,1.17187500e-02,60.53125000,57.62500000,2.90625000e+00
2594,2.49609375,2.49414062,1.95312500e-03,28.31250000,35.15625000,6.84375000e+00
2595,4.92187500,5.00000000,7.81250000e-02,111.31250000,144.50000000,3.31875000e+01
2596,3.67773438,3.69531250,1.75781250e-02,55.65625000,78.12500000,2.24687500e+01
2597,3.30078125,3.30078125,0.00000000e+00,-205.12500000,-215.87500000,1.07500000e+01
2598,3.49414062,3.50000000,5.85937500e-03,182.62500000,210.87500000,2.82500000e+01
2599,4.18359375,4.18750000,3.90625000e-03,114.25000000,109.37500000,4.87500000e+00
2600,2.58984375,2.60937500,1.95312500e-02,29.29687500,43.93750000,1.46406250e+01
2601,2.55078125,2.52734375,2.34375000e-02,116.18750000,121.06250000,4.87500000e+00
2602,3.23437500,3.24609375,1.17187500e-02,-115.25000000,-105.43750000,9.81250000e+00
2603,3.28320312,3.32617188,4.29687500e-02,228.50000000,249.00000000,2.05000000e+01
2604,3.02734375,3.02343750,3.90625000e-03,-43.93750000,-46.87500000,2.93750000e+00
2605,2.37890625,2.36328125,1.56250000e-02,-91.81250000,-80.06250000,1.17500000e+01
2606,3.45117188,3.43750000,1.36718750e-02,135.75000000,119.12500000,1.66250000e+01
2607,4.02343750,3.97851562,4.49218750e-02,-296.75000000,-319.25000000,2.25000000e+01
2608,3.94921875,3.96093750,1.17187500e-02,109.37500000,116.18750000,6.81250000e+00
2609,3.95507812,3.96484375,9.76562500e-03,-114.25000000,-80.06250000,3.41875000e+01
2610,4.39843750,4.40234375,3.90625000e-03,-295.00000000,-283.25000000,1.17500000e+01
2611,2.44921875,2.41796875,3.12500000e-02,68.37500000,68.37500000,0.00000000e+00
2612,2.73828125,2.73046875,7.81250000e-03,-152.37500000,-139.62500000,1.27500000e+01
2613,3.79101562,3.82031250,2.92968750e-02,15.62500000,28.31250000,1.26875000e+01
2614,3.21093750,3.22265625,1.17187500e-02,-84.93750000,-82.00000000,2.93750000e+00
2615,4.47265625,4.50781250,3.51562500e-02,197.25000000,226.50000000,2.92500000e+01
2616,2.78906250,2.76562500,2.34375000e-02,258.75000000,250.00000000,8.75000000e+00
2617,2.45117188,2.44140625,9.76562500e-03,-108.37500000,-119.12500000,1.07500000e+01
2618,3.54296875,3.75976562,2.16796875e-01,128.87500000,215.87500000,8.70000000e+01
2619,4.05468750,3.99218750,6.25000000e-02,-37.09375000,-48.81250000,1.17187500e+01
2620,2.97851562,2.99609375,1.75781250e-02,-237.25000000,-250.00000000,1.27500000e+01
2621,2.22265625,2.19921875,2.34375000e-02,38.09375000,27.34375000,1.07500000e+01
2622,3.32812500,3.32812500,0.00000000e+00,-67.37500000,-72.25000000,4.87500000e+00
2623,3.22656250,3.25781250,3.12500000e-02,-136.75000000,-113.25000000,2.35000000e+01
2624,3.27343750,3.28125000,7.81250000e-03,-115.25000000,-117.18750000,1.93750000e+00
2625,3.52734375,3.53125000,3.90625000e-03,189.50000000,197.25000000,7.75000000e+00
2626,6.33593750,6.38281250,4.68750000e-02,-351.50000000,-314.50000000,3.70000000e+01
2627,4.84765625,4.84375000,3.90625000e-03,-183.62500000,-195.25000000,1.16250000e+01
2628,2.53515625,2.53906250,3.90625000e-03,177.75000000,181.62500000,3.87500000e+00
2629,2.41015625,2.40625000,3.90625000e-03,215.87500000,216.25000000,3.75000000e-01
2630,2.70312500,2.66210938,4.10156250e-02,13.67187500,2.92968750,1.07421875e+01
2631,3.07031250,3.07812500,7.81250000e-03,-1.95312500,0.00000000,1.95312500e+00
2632,4.70703125,4.73437500,2.73437500e-02,216.75000000,220.75000000,4.00000000e+00
2633,4.32812500,4.32421875,3.90625000e-03,99.62500000,87.87500000,1.17500000e+01
2634,3.70312500,3.64453125,5.85937500e-02,418.00000000,400.50000000,1.75000000e+01
2635,3.16015625,3.17187500,1.17187500e-02,113.25000000,136.75000000,2.35000000e+01
2636,3.64843750,3.69531250,4.68750000e-02,126.93750000,152.37500000,2.54375000e+01
2637,2.41796875,2.40625000,1.17187500e-02,-49.81250000,-52.71875000,2.90625000e+00
2638,3.53515625,3.55468750,1.95312500e-02,-255.87500000,-267.50000000,1.16250000e+01
2639,3.87304688,3.90039062,2.73437500e-02,249.00000000,239.25000000,9.75000000e+00
2640,4.75000000,4.70703125,4.29687500e-02,349.50000000,334.00000000,1.55000000e+01
2641,2.81054688,2.82226562,1.17187500e-02,42.00000000,46.87500000,4.87500000e+00
2642,3.80859375,3.80859375,0.00000000e+00,5.85937500,12.69531250,6.83593750e+00
2643,2.77148438,2.73437500,3.71093750e-02,-12.69531250,-42.96875000,3.02734375e+01
2644,2.59570312,2.56640625,2.92968750e-02,-46.87500000,-60.53125000,1.36562500e+01
2645,5.00390625,5.01953125,1.56250000e-02,64.43750000,70.31250000,5.87500000e+00
2646,3.39843750,3.39843750,0.00000000e+00,-270.50000000,-252.00000000,1.85000000e+01
2647,3.21484375,3.20312500,1.17187500e-02,-202.12500000,-210.87500000,8.75000000e+00
2648,3.03906250,3.05468750,1.56250000e-02,-196.25000000,-181.62500000,1.46250000e+01
2649,4.14843750,4.14062500,7.81250000e-03,525.50000000,445.25000000,8.02500000e+01
2650,2.58203125,2.58203125,0.00000000e+00,27.34375000,35.15625000,7.81250000e+00
2651,2.54101562,2.49609375,4.49218750e-02,88.87500000,75.18750000,1.36875000e+01
2652,3.24218750,3.23046875,1.17187500e-02,-48.81250000,-48.81250000,0.00000000e+00
2653,2.81054688,2.84179688,3.12500000e-02,-10.74218750,-14.64843750,3.90625000e+00
2654,3.10156250,3.09765625,3.90625000e-03,48.81250000,48.81250000,0.00000000e+00
2655,2.50781250,2.48437500,2.34375000e-02,42.96875000,35.15625000,7.81250000e+00
2656,3.14453125,3.12695312,1.75781250e-02,-113.25000000,-112.31250000,9.37500000e-01
2657,3.96875000,4.00781250,3.90625000e-02,-189.50000000,-144.50000000,4.50000000e+01
2658,3.93945312,3.95312500,1.36718750e-02,75.18750000,80.06250000,4.87500000e+00
2659,4.21093750,4.16796875,4.29687500e-02,199.25000000,185.50000000,1.37500000e+01
2660,4.62500000,4.62500000,0.00000000e+00,210.87500000,207.00000000,3.87500000e+00
2661,2.35156250,2.31640625,3.51562500e-02,-93.75000000,-92.75000000,1.00000000e+00
2662,2.89843750,2.89453125,3.90625000e-03,130.87500000,154.25000000,2.33750000e+01
2663,4.13671875,4.09375000,4.29687500e-02,220.75000000,191.37500000,2.93750000e+01
2664,3.15625000,3.17578125,1.95312500e-02,-270.50000000,-269.50000000,1.00000000e+00
2665,4.29296875,4.28906250,3.90625000e-03,185.50000000,175.75000000,9.75000000e+00
2666,2.62890625,2.60546875,2.34375000e-02,-7.81250000,-18.54687500,1.07343750e+01
2667,2.71875000,2.71875000,0.00000000e+00,82.00000000,76.18750000,5.81250000e+00
2668,2.93359375,2.95703125,2.34375000e-02,-181.62500000,-197.25000000,1.56250000e+01
2669,3.89062500,3.86328125,2.73437500e-02,-78.12500000,-78.12500000,0.00000000e+00
2670,3.28515625,3.28906250,3.90625000e-03,12.69531250,-11.71875000,2.44140625e+01
2671,2.25195312,2.23242188,1.95312500e-02,2.92968750,-10.74218750,1.36718750e+01
2672,3.07421875,3.07226562,1.95312500e-03,-209.00000000,-215.87500000,6.87500000e+00
2673,3.23828125,3.23242188,5.85937500e-03,-9.76562500,-32.21875000,2.24531250e+01
2674,3.34765625,3.36328125,1.56250000e-02,1.95312500,39.06250000,3.71093750e+01
2675,3.28906250,3.31250000,2.34375000e-02,-74.18750000,-76.18750000,2.00000000e+00
2676,6.50390625,6.52343750,1.95312500e-02,72.25000000,125.00000000,5.27500000e+01
2677,5.13671875,5.12500000,1.17187500e-02,271.50000000,269.50000000,2.00000000e+00
2678,2.31445312,2.33984375,2.53906250e-02,-38.09375000,-11.71875000,2.63750000e+01
2679,2.17187500,2.16796875,3.90625000e-03,-29.29687500,-26.35937500,2.93750000e+00
2680,2.82031250,2.80859375,1.17187500e-02,190.37500000,188.50000000,1.87500000e+00
2681,3.05468750,3.07421875,1.95312500e-02,-33.18750000,-7.81250000,2.53750000e+01
2682,4.37500000,4.37500000,0.00000000e+00,5.85937500,-11.71875000,1.75781250e+01
2683,4.53515625,4.47656250,5.85937500e-02,210.87500000,199.25000000,1.16250000e+01
2684,2.97656250,2.94726562,2.92968750e-02,-162.12500000,-152.37500000,9.75000000e+00
2685,2.93945312,2.94335938,3.90625000e-03,99.62500000,89.81250000,9.81250000e+00
2686,3.69921875,3.70312500,3.90625000e-03,25.39062500,27.34375000,1.95312500e+00
2687,2.33007812,2.32617188,3.90625000e-03,-0.97656250,-7.81250000,6.83593750e+00
2688,3.70312500,3.72851562,2.53906250e-02,42.00000000,38.09375000,3.90625000e+00
2689,3.63281250,3.64843750,1.56250000e-02,-27.34375000,-31.25000000,3.90625000e+00
2690,4.64843750,4.58593750,6.25000000e-02,250.00000000,66.37500000,1.83625000e+02
2691,2.80468750,2.82421875,1.95312500e-02,53.71875000,60.53125000,6.81250000e+00
2692,3.62500000,3.62500000,0.00000000e+00,-60.53125000,-66.37500000,5.84375000e+00
2693,2.77734375,2.78125000,3.90625000e-03,1.95312500,-1.95312500,3.90625000e+00
2694,2.67382812,2.68164062,7.81250000e-03,161.12500000,170.87500000,9.75000000e+00
2695,4.51562500,4.55078125,3.51562500e-02,-209.00000000,-210.87500000,1.87500000e+00
2696,3.45312500,3.43750000,1.56250000e-02,-89.81250000,-83.00000000,6.81250000e+00
2697,3.41796875,3.48828125,7.03125000e-02,-60.53125000,-35.15625000,2.53750000e+01
2698,3.08593750,3.06250000,2.34375000e-02,-40.03125000,-52.71875000,1.26875000e+01
2699,3.94531250,3.98437500,3.90625000e-02,-140.62500000,-123.06250000,1.75625000e+01
2700,2.57421875,2.58593750,1.17187500e-02,56.62500000,62.50000000,5.87500000e+00
2701,2.48046875,2.46484375,1.56250000e-02,-27.34375000,-41.00000000,1.36562500e+01
2702,3.08984375,3.08203125,7.81250000e-03,-263.75000000,-271.50000000,7.75000000e+00
2703,2.74218750,2.77343750,3.12500000e-02,-25.39062500,-17.57812500,7.81250000e+00
2704,2.88476562,2.87109375,1.36718750e-02,-93.75000000,-91.81250000,1.93750000e+00
2705,2.78906250,2.76953125,1.95312500e-02,436.50000000,444.25000000,7.75000000e+00
2706,3.19921875,3.17187500,2.73437500e-02,1.95312500,-5.85937500,7.81250000e+00
2707,4.31250000,4.30468750,7.81250000e-03,328.00000000,334.00000000,6.00000000e+00
2708,3.66992188,3.66796875,1.95312500e-03,-136.75000000,-128.87500000,7.87500000e+00
2709,3.69531250,3.70703125,1.17187500e-02,-306.75000000,-283.25000000,2.35000000e+01
2710,4.65234375,4.62109375,3.12500000e-02,9.76562500,-17.57812500,2.73437500e+01
2711,2.31250000,2.29296875,1.95312500e-02,-113.25000000,-101.56250000,1.16875000e+01
2712,2.82812500,2.80078125,2.73437500e-02,-18.54687500,-25.39062500,6.84375000e+00
2713,3.70703125,3.72851562,2.14843750e-02,-68.37500000,-47.84375000,2.05312500e+01
2714,3.20117188,3.23437500,3.32031250e-02,-116.18750000,-95.68750000,2.05000000e+01
2715,4.26562500,4.28515625,1.95312500e-02,128.87500000,132.75000000,3.87500000e+00
2716,2.39453125,2.37500000,1.95312500e-02,-58.59375000,-76.18750000,1.75937500e+01
2717,2.80078125,2.75195312,4.88281250e-02,174.75000000,143.50000000,3.12500000e+01
2718,3.02734375,3.01953125,7.81250000e-03,135.75000000,44.90625000,9.08437500e+01
2719,4.10156250,4.08203125,1.95312500e-02,140.62500000,148.37500000,7.75000000e+00
2720,3.33984375,3.33984375,0.00000000e+00,177.75000000,165.00000000,1.27500000e+01
2721,1.88964844,1.86523438,2.44140625e-02,-232.87500000,-255.87500000,2.30000000e+01
2722,3.50781250,3.52929688,2.14843750e-02,169.87500000,165.00000000,4.87500000e+00
2723,3.13671875,3.12500000,1.17187500e-02,-240.25000000,-240.25000000,0.00000000e+00
2724,3.39257812,3.38671875,5.85937500e-03,67.37500000,57.62500000,9.75000000e+00
2725,3.22265625,3.21875000,3.90625000e-03,-110.37500000,-116.18750000,5.81250000e+00
2726,6.37890625,6.36718750,1.17187500e-02,-210.87500000,-250.00000000,3.91250000e+01
2727,4.92187500,4.94140625,1.95312500e-02,-3.90625000,13.67187500,1.75781250e+01
2728,2.23242188,2.26171875,2.92968750e-02,-119.12500000,-105.43750000,1.36875000e+01
2729,2.20703125,2.21093750,3.90625000e-03,9.76562500,21.48437500,1.17187500e+01
2730,2.67187500,2.66015625,1.17187500e-02,119.12500000,117.18750000,1.93750000e+00
2731,2.98046875,2.96093750,1.95312500e-02,-134.75000000,-138.62500000,3.87500000e+00
2732,4.73046875,4.73437500,3.90625000e-03,279.25000000,277.25000000,2.00000000e+00
2733,4.02343750,3.98632812,3.71093750e-02,-68.37500000,-65.43750000,2.93750000e+00
2734,3.38671875,3.37109375,1.56250000e-02,269.50000000,259.75000000,9.75000000e+00
2735,2.88281250,2.87890625,3.90625000e-03,99.62500000,102.56250000,2.93750000e+00
2736,3.55859375,3.57031250,1.17187500e-02,-84.93750000,-79.12500000,5.81250000e+00
2737,2.41406250,2.39257812,2.14843750e-02,29.29687500,19.53125000,9.76562500e+00
2738,3.17578125,3.19921875,2.34375000e-02,-447.25000000,-463.00000000,1.57500000e+01
2739,3.43554688,3.45312500,1.75781250e-02,-254.87500000,-271.50000000,1.66250000e+01
2740,3.70703125,3.72265625,1.56250000e-02,-414.00000000,-394.50000000,1.95000000e+01
2741,2.71093750,2.71093750,0.00000000e+00,52.71875000,37.09375000,1.56250000e+01
2742,3.59179688,3.57031250,2.14843750e-02,-53.71875000,-56.62500000,2.90625000e+00
2743,3.04687500,3.01562500,3.12500000e-02,279.25000000,282.25000000,3.00000000e+00
2744,2.63085938,2.61132812,1.95312500e-02,59.56250000,44.90625000,1.46562500e+01
2745,4.17187500,4.21093750,3.90625000e-02,-367.25000000,-357.50000000,9.75000000e+00
2746,3.69140625,3.70117188,9.76562500e-03,138.62500000,144.50000000,5.87500000e+00
2747,3.39453125,3.41992188,2.53906250e-02,-73.25000000,-53.71875000,1.95312500e+01
2748,3.11328125,3.09179688,2.14843750e-02,-42.96875000,-45.90625000,2.93750000e+00
2749,3.73046875,3.77343750,4.29687500e-02,-119.12500000,-109.37500000,9.75000000e+00
2750,2.56054688,2.54687500,1.36718750e-02,-38.09375000,-52.71875000,1.46250000e+01
2751,2.41015625,2.40625000,3.90625000e-03,51.75000000,54.68750000,2.93750000e+00
2752,3.39453125,3.38671875,7.81250000e-03,150.37500000,156.25000000,5.87500000e+00
2753,2.84960938,2.85156250,1.95312500e-03,105.43750000,82.00000000,2.34375000e+01
2754,2.82617188,2.84570312,1.95312500e-02,-96.68750000,-78.12500000,1.85625000e+01
2755,2.36328125,2.34375000,1.95312500e-02,-78.12500000,-79.12500000,1.00000000e+00
2756,3.11914062,3.13281250,1.36718750e-02,57.62500000,66.37500000,8.75000000e+00
2757,4.08984375,4.08203125,7.81250000e-03,134.75000000,132.75000000,2.00000000e+00
2758,3.86328125,3.85937500,3.90625000e-03,113.25000000,128.87500000,1.56250000e+01
2759,3.82031250,3.78710938,3.32031250e-02,-46.87500000,-68.37500000,2.15000000e+01
2760,4.61328125,4.60937500,3.90625000e-03,193.37500000,187.50000000,5.87500000e+00
2761,2.55078125,2.51367188,3.71093750e-02,162.12500000,139.62500000,2.25000000e+01
2762,2.92578125,2.86328125,6.25000000e-02,143.50000000,119.12500000,2.43750000e+01
2763,3.80859375,3.78515625,2.34375000e-02,-11.71875000,-54.68750000,4.29687500e+01
2764,3.36328125,3.37109375,7.81250000e-03,62.50000000,48.81250000,1.36875000e+01
2765,4.20312500,4.20312500,0.00000000e+00,123.06250000,126.93750000,3.87500000e+00
2766,2.41015625,2.39062500,1.95312500e-02,-128.87500000,-127.93750000,9.37500000e-01
2767,2.43750000,2.44531250,7.81250000e-03,-58.59375000,-58.59375000,0.00000000e+00
2768,2.94140625,2.94531250,3.90625000e-03,-88.87500000,-77.12500000,1.17500000e+01
2769,3.84765625,3.81835938,2.92968750e-02,21.48437500,25.39062500,3.90625000e+00
2770,3.04687500,3.07226562,2.53906250e-02,9.76562500,28.31250000,1.85468750e+01
2771,2.20312500,2.19531250,7.81250000e-03,90.81250000,87.87500000,2.93750000e+00
2772,3.27148438,3.28515625,1.36718750e-02,-35.15625000,-31.25000000,3.90625000e+00
2773,3.25781250,3.26171875,3.90625000e-03,-42.00000000,-33.18750000,8.81250000e+00
2774,3.26367188,3.27539062,1.17187500e-02,-59.56250000,-44.90625000,1.46562500e+01
2775,3.38671875,3.40234375,1.56250000e-02,80.06250000,82.00000000,1.93750000e+00
2776,6.23828125,6.25781250,1.95312500e-02,-162.12500000,-162.12500000,0.00000000e+00
2777,4.53125000,4.61718750,8.59375000e-02,-15.62500000,39.06250000,5.46875000e+01
2778,2.39648438,2.40820312,1.17187500e-02,57.62500000,52.71875000,4.90625000e+00
2779,2.17968750,2.15625000,2.34375000e-02,54.68750000,42.96875000,1.17187500e+01
2780,2.55078125,2.53515625,1.56250000e-02,-14.64843750,-15.62500000,9.76562500e-01
2781,3.05859375,3.04687500,1.17187500e-02,66.37500000,72.25000000,5.87500000e+00
2782,4.46875000,4.50000000,3.12500000e-02,138.62500000,171.87500000,3.32500000e+01
2783,4.36718750,4.43750000,7.03125000e-02,287.00000000,328.00000000,4.10000000e+01
2784,3.18359375,3.13671875,4.68750000e-02,40.03125000,50.78125000,1.07500000e+01
2785,2.65234375,2.66406250,1.17187500e-02,-54.68750000,-36.12500000,1.85625000e+01
2786,3.54101562,3.55468750,1.36718750e-02,-66.37500000,-47.84375000,1.85312500e+01
2787,2.26953125,2.28125000,1.17187500e-02,-181.62500000,-174.75000000,6.87500000e+00
2788,3.97656250,3.97265625,3.90625000e-03,201.12500000,209.00000000,7.87500000e+00
2789,3.68359375,3.71484375,3.12500000e-02,-56.62500000,-59.56250000,2.93750000e+00
2790,4.07421875,4.00390625,7.03125000e-02,-62.50000000,-76.18750000,1.36875000e+01
2791,2.58203125,2.59765625,1.56250000e-02,-147.50000000,-142.62500000,4.87500000e+00
2792,3.71875000,3.70507812,1.36718750e-02,68.37500000,63.46875000,4.90625000e+00
2793,2.64843750,2.63085938,1.75781250e-02,5.85937500,1.95312500,3.90625000e+00
2794,2.57031250,2.56640625,3.90625000e-03,11.71875000,20.50000000,8.78125000e+00
2795,4.68359375,4.65625000,2.73437500e-02,-169.87500000,-179.62500000,9.75000000e+00
2796,3.44921875,3.45312500,3.90625000e-03,-43.93750000,-35.15625000,8.78125000e+00
2797,3.03906250,3.07031250,3.12500000e-02,-316.50000000,-349.50000000,3.30000000e+01
2798,3.17578125,3.11718750,5.85937500e-02,125.00000000,100.56250000,2.44375000e+01
2799,3.20898438,3.28906250,8.00781250e-02,-382.75000000,-352.50000000,3.02500000e+01
2800,2.56640625,2.55859375,7.81250000e-03,5.85937500,1.95312500,3.90625000e+00
2801,2.69726562,2.66796875,2.92968750e-02,236.37500000,233.37500000,3.00000000e+00
2802,3.39257812,3.36914062,2.34375000e-02,104.50000000,86.93750000,1.75625000e+01
2803,2.64453125,2.68750000,4.29687500e-02,-99.62500000,-84.00000000,1.56250000e+01
2804,3.05273438,3.03515625,1.75781250e-02,96.68750000,82.00000000,1.46875000e+01
2805,2.37109375,2.37304688,1.95312500e-03,15.62500000,31.25000000,1.56250000e+01
2806,3.02148438,3.01171875,9.76562500e-03,-125.00000000,-137.75000000,1.27500000e+01
2807,4.52734375,4.45312500,7.42187500e-02,303.75000000,243.12500000,6.06250000e+01
2808,3.64257812,3.62500000,1.75781250e-02,-55.65625000,-52.71875000,2.93750000e+00
2809,3.79492188,3.76562500,2.92968750e-02,-86.93750000,-89.81250000,2.87500000e+00
2810,4.44921875,4.46093750,1.17187500e-02,17.57812500,23.43750000,5.85937500e+00
2811,2.37890625,2.36523438,1.36718750e-02,63.46875000,65.43750000,1.96875000e+00
2812,2.54687500,2.51171875,3.51562500e-02,-195.25000000,-216.75000000,2.15000000e+01
2813,3.68945312,3.70507812,1.56250000e-02,-227.50000000,-225.62500000,1.87500000e+00
2814,3.88281250,3.95703125,7.42187500e-02,420.00000000,457.00000000,3.70000000e+01
2815,4.02734375,4.03515625,7.81250000e-03,-119.12500000,-113.25000000,5.87500000e+00
2816,2.75976562,2.71875000,4.10156250e-02,240.25000000,229.50000000,1.07500000e+01
2817,2.70507812,2.71875000,1.36718750e-02,194.37500000,197.25000000,2.87500000e+00
2818,2.56640625,2.81835938,2.51953125e-01,-227.50000000,-105.43750000,1.22062500e+02
2819,4.07031250,4.02734375,4.29687500e-02,227.50000000,247.12500000,1.96250000e+01
2820,3.09375000,3.11328125,1.95312500e-02,-23.43750000,-25.39062500,1.95312500e+00
2821,2.34375000,2.34960938,5.85937500e-03,165.00000000,175.25000000,1.02500000e+01
2822,3.41796875,3.45703125,3.90625000e-02,146.50000000,162.12500000,1.56250000e+01
2823,2.91601562,2.94531250,2.92968750e-02,-210.87500000,-189.50000000,2.13750000e+01
2824,3.55468750,3.54687500,7.81250000e-03,130.87500000,121.06250000,9.81250000e+00
2825,3.15039062,3.15234375,1.95312500e-03,-71.31250000,-83.00000000,1.16875000e+01
2826,6.38281250,6.41796875,3.51562500e-02,-169.87500000,-150.37500000,1.95000000e+01
2827,4.63281250,4.63281250,0.00000000e+00,-44.90625000,-64.43750000,1.95312500e+01
2828,2.39843750,2.41015625,1.17187500e-02,254.37500000,267.00000000,1.26250000e+01
2829,2.10156250,2.09765625,3.90625000e-03,-17.57812500,-9.76562500,7.81250000e+00
2830,2.73046875,2.66406250,6.64062500e-02,189.50000000,152.37500000,3.71250000e+01
2831,3.00000000,2.96875000,3.12500000e-02,46.87500000,27.34375000,1.95312500e+01
2832,4.04296875,4.08203125,3.90625000e-02,-295.00000000,-252.00000000,4.30000000e+01
2833,4.25390625,4.24218750,1.17187500e-02,248.00000000,255.87500000,7.87500000e+00
2834,3.26171875,3.24414062,1.75781250e-02,205.12500000,210.00000000,4.87500000e+00
2835,2.51757812,2.52343750,5.85937500e-03,-270.50000000,-267.50000000,3.00000000e+00
2836,3.82031250,3.87109375,5.07812500e-02,226.50000000,246.12500000,1.96250000e+01
2837,2.46679688,2.49218750,2.53906250e-02,75.18750000,92.75000000,1.75625000e+01
2838,3.46484375,3.51367188,4.88281250e-02,-103.50000000,-92.75000000,1.07500000e+01
2839,3.86328125,3.90625000,4.29687500e-02,367.25000000,366.25000000,1.00000000e+00
2840,4.03125000,4.02343750,7.81250000e-03,-390.50000000,-382.75000000,7.75000000e+00
2841,2.55468750,2.58203125,2.73437500e-02,-29.29687500,-33.18750000,3.89062500e+00
2842,3.73046875,3.69531250,3.51562500e-02,-41.00000000,-40.03125000,9.68750000e-01
2843,2.52148438,2.55468750,3.32031250e-02,-81.06250000,-59.56250000,2.15000000e+01
2844,2.60742188,2.60156250,5.85937500e-03,86.93750000,94.75000000,7.81250000e+00
2845,4.98828125,4.98828125,0.00000000e+00,318.25000000,312.50000000,5.75000000e+00
2846,3.68359375,3.62109375,6.25000000e-02,110.37500000,84.00000000,2.63750000e+01
2847,3.28710938,3.30468750,1.75781250e-02,-177.75000000,-213.87500000,3.61250000e+01
2848,2.92187500,2.93750000,1.56250000e-02,-185.50000000,-156.25000000,2.92500000e+01
2849,3.67382812,3.77539062,1.01562500e-01,-89.81250000,-57.62500000,3.21875000e+01
2850,2.47460938,2.47070312,3.90625000e-03,-20.50000000,-19.53125000,9.68750000e-01
2851,2.37109375,2.37890625,7.81250000e-03,-48.81250000,-35.15625000,1.36562500e+01
2852,3.04492188,3.04687500,1.95312500e-03,-86.93750000,-76.18750000,1.07500000e+01
2853,2.69140625,2.70898438,1.75781250e-02,25.39062500,20.50000000,4.89062500e+00
2854,2.83984375,2.85546875,1.56250000e-02,-72.25000000,-67.37500000,4.87500000e+00
2855,2.25781250,2.25390625,3.90625000e-03,78.12500000,94.75000000,1.66250000e+01
2856,3.28515625,3.27539062,9.76562500e-03,175.75000000,163.12500000,1.26250000e+01
2857,3.44140625,3.46484375,2.34375000e-02,-459.00000000,-447.25000000,1.17500000e+01
2858,3.63867188,3.62109375,1.75781250e-02,22.45312500,31.25000000,8.79687500e+00
2859,4.01562500,4.02734375,1.17187500e-02,36.12500000,46.87500000,1.07500000e+01
2860,4.64453125,4.67578125,3.12500000e-02,185.50000000,207.00000000,2.15000000e+01
2861,2.55664062,2.54882812,7.81250000e-03,200.25000000,210.00000000,9.75000000e+00
2862,2.35937500,2.33203125,2.73437500e-02,-248.00000000,-239.25000000,8.75000000e+00
2863,3.70703125,3.67578125,3.12500000e-02,84.00000000,60.53125000,2.34687500e+01
2864,3.11132812,3.09765625,1.36718750e-02,-223.62500000,-235.37500000,1.17500000e+01
2865,3.90039062,3.89453125,5.85937500e-03,-127.93750000,-134.75000000,6.81250000e+00
2866,2.26562500,2.25000000,1.56250000e-02,-60.53125000,-67.37500000,6.84375000e+00
2867,2.36718750,2.37109375,3.90625000e-03,-35.15625000,-31.25000000,3.90625000e+00
2868,2.50781250,2.59375000,8.59375000e-02,-289.00000000,-243.12500000,4.58750000e+01
2869,3.65625000,3.63671875,1.95312500e-02,-54.68750000,-41.00000000,1.36875000e+01
2870,3.08007812,3.12109375,4.10156250e-02,15.62500000,26.35937500,1.07343750e+01
2871,2.26757812,2.26953125,1.95312500e-03,115.25000000,132.75000000,1.75000000e+01
2872,3.18359375,3.22656250,4.29687500e-02,-61.53125000,-47.84375000,1.36875000e+01
2873,2.93750000,2.92187500,1.56250000e-02,-261.75000000,-273.50000000,1.17500000e+01
2874,3.43945312,3.48046875,4.10156250e-02,248.00000000,285.25000000,3.72500000e+01
2875,3.18750000,3.17187500,1.56250000e-02,-31.25000000,-39.06250000,7.81250000e+00
2876,6.81250000,6.83593750,2.34375000e-02,439.50000000,431.75000000,7.75000000e+00
2877,4.44531250,4.46093750,1.56250000e-02,-359.25000000,-379.00000000,1.97500000e+01
2878,2.08007812,2.04492188,3.51562500e-02,2.92968750,-30.26562500,3.31953125e+01
2879,2.08203125,2.05468750,2.73437500e-02,-60.53125000,-68.37500000,7.84375000e+00
2880,2.42578125,2.42578125,0.00000000e+00,-129.87500000,-105.43750000,2.44375000e+01
2881,3.17578125,3.14648438,2.92968750e-02,144.50000000,140.62500000,3.87500000e+00
2882,4.36718750,4.39062500,2.34375000e-02,-50.78125000,-54.68750000,3.90625000e+00
2883,3.76757812,3.74218750,2.53906250e-02,-358.50000000,-361.25000000,2.75000000e+00
2884,3.08593750,3.05078125,3.51562500e-02,-10.74218750,-27.34375000,1.66015625e+01
2885,2.68359375,2.66796875,1.56250000e-02,-41.00000000,-48.81250000,7.81250000e+00
2886,3.61718750,3.62500000,7.81250000e-03,88.87500000,87.87500000,1.00000000e+00
2887,2.18359375,2.18164062,1.95312500e-03,-117.18750000,-119.12500000,1.93750000e+00
2888,3.39648438,3.44531250,4.88281250e-02,-145.50000000,-133.75000000,1.17500000e+01
2889,3.46484375,3.50000000,3.51562500e-02,62.50000000,59.56250000,2.93750000e+00
2890,4.46093750,4.50000000,3.90625000e-02,240.25000000,303.75000000,6.35000000e+01
2891,2.96289062,3.01171875,4.88281250e-02,329.00000000,338.75000000,9.75000000e+00
2892,3.52343750,3.55468750,3.12500000e-02,-142.62500000,-78.12500000,6.45000000e+01
2893,2.52539062,2.54296875,1.75781250e-02,22.45312500,46.87500000,2.44218750e+01
2894,2.47265625,2.41796875,5.46875000e-02,-92.75000000,-132.75000000,4.00000000e+01
2895,4.43359375,4.47265625,3.90625000e-02,-95.68750000,-87.87500000,7.81250000e+00
2896,3.65039062,3.69140625,4.10156250e-02,20.50000000,48.81250000,2.83125000e+01
2897,3.31640625,3.29687500,1.95312500e-02,28.31250000,-5.85937500,3.41718750e+01
2898,2.81250000,2.78320312,2.92968750e-02,-269.50000000,-270.50000000,1.00000000e+00
2899,3.12500000,3.23828125,1.13281250e-01,-490.25000000,-447.25000000,4.30000000e+01
2900,2.05859375,2.06250000,3.90625000e-03,-190.37500000,-181.62500000,8.75000000e+00
2901,2.43945312,2.41210938,2.73437500e-02,20.50000000,20.50000000,0.00000000e+00
2902,2.98046875,2.93750000,4.29687500e-02,-218.75000000,-228.50000000,9.75000000e+00
2903,2.67578125,2.70312500,2.73437500e-02,-63.46875000,-52.71875000,1.07500000e+01
2904,2.96289062,2.98828125,2.53906250e-02,81.06250000,99.62500000,1.85625000e+01
2905,1.90625000,1.88671875,1.95312500e-02,-454.00000000,-470.75000000,1.67500000e+01
2906,3.13671875,3.13671875,0.00000000e+00,149.37500000,139.62500000,9.75000000e+00
2907,3.76367188,3.77734375,1.36718750e-02,104.50000000,120.12500000,1.56250000e+01
2908,3.51562500,3.46875000,4.68750000e-02,-50.78125000,-66.37500000,1.55937500e+01
2909,3.75390625,3.72460938,2.92968750e-02,-85.93750000,-96.68750000,1.07500000e+01
2910,4.07812500,4.03906250,3.90625000e-02,-281.25000000,-308.50000000,2.72500000e+01
2911,2.38671875,2.35351562,3.32031250e-02,50.78125000,36.12500000,1.46562500e+01
2912,2.45898438,2.42187500,3.71093750e-02,-82.00000000,-84.00000000,2.00000000e+00
2913,3.55859375,3.55468750,3.90625000e-03,-168.00000000,-162.12500000,5.87500000e+00
2914,3.40429688,3.43359375,2.92968750e-02,84.93750000,82.00000000,2.93750000e+00
2915,3.95703125,3.99218750,3.51562500e-02,-82.00000000,-58.59375000,2.34062500e+01
2916,2.58007812,2.57812500,1.95312500e-03,83.00000000,74.18750000,8.81250000e+00
2917,2.48437500,2.47851562,5.85937500e-03,11.71875000,2.92968750,8.78906250e+00
2918,3.10156250,3.11718750,1.56250000e-02,486.25000000,442.50000000,4.37500000e+01
2919,3.59179688,3.54687500,4.49218750e-02,-94.75000000,-101.56250000,6.81250000e+00
2920,3.26953125,3.27734375,7.81250000e-03,78.12500000,45.90625000,3.22187500e+01
2921,2.02734375,2.01562500,1.17187500e-02,-111.31250000,-100.56250000,1.07500000e+01
2922,3.29296875,3.30078125,7.81250000e-03,-41.00000000,-62.50000000,2.15000000e+01
2923,2.81054688,2.82031250,9.76562500e-03,-416.00000000,-410.25000000,5.75000000e+00
2924,3.21484375,3.18164062,3.32031250e-02,1.95312500,4.88281250,2.92968750e+00
2925,3.06640625,3.06250000,3.90625000e-03,-126.93750000,-142.62500000,1.56875000e+01
2926,6.14453125,6.16796875,2.34375000e-02,-330.00000000,-330.00000000,0.00000000e+00
2927,4.65625000,4.71875000,6.25000000e-02,-97.62500000,-54.68750000,4.29375000e+01
2928,2.17187500,2.15625000,1.56250000e-02,19.53125000,15.62500000,3.90625000e+00
2929,2.03906250,2.04687500,7.81250000e-03,36.12500000,50.28125000,1.41562500e+01
2930,2.45312500,2.41796875,3.51562500e-02,-1.95312500,-0.97656250,9.76562500e-01
2931,2.58984375,2.59179688,1.95312500e-03,-373.00000000,-351.50000000,2.15000000e+01
2932,4.53125000,4.54687500,1.56250000e-02,199.25000000,214.87500000,1.56250000e+01
2933,3.87890625,3.84375000,3.51562500e-02,-341.75000000,-343.75000000,2.00000000e+00
2934,3.10937500,3.08984375,1.95312500e-02,-205.12500000,-207.00000000,1.87500000e+00
2935,2.64648438,2.64648438,0.00000000e+00,-78.12500000,-67.37500000,1.07500000e+01
2936,3.46875000,3.49218750,2.34375000e-02,-4.88281250,5.85937500,1.07421875e+01
2937,2.32031250,2.33398438,1.36718750e-02,-36.12500000,-41.00000000,4.87500000e+00
2938,3.65234375,3.71484375,6.25000000e-02,168.00000000,220.75000000,5.27500000e+01
2939,3.27734375,3.30468750,2.73437500e-02,-195.25000000,-209.00000000,1.37500000e+01
2940,4.16406250,4.15625000,7.81250000e-03,-121.06250000,-117.18750000,3.87500000e+00
2941,2.62304688,2.63671875,1.36718750e-02,20.50000000,23.43750000,2.93750000e+00
2942,3.64062500,3.60546875,3.51562500e-02,39.06250000,28.31250000,1.07500000e+01
2943,2.79687500,2.79296875,3.90625000e-03,166.00000000,171.87500000,5.87500000e+00
2944,2.44726562,2.44726562,0.00000000e+00,37.09375000,38.09375000,1.00000000e+00
2945,4.58203125,4.58593750,3.90625000e-03,7.81250000,19.53125000,1.17187500e+01
2946,3.52343750,3.52734375,3.90625000e-03,54.68750000,72.25000000,1.75625000e+01
2947,3.54296875,3.59765625,5.46875000e-02,107.43750000,132.75000000,2.53125000e+01
2948,2.85351562,2.84960938,3.90625000e-03,-90.81250000,-74.18750000,1.66250000e+01
2949,3.35156250,3.35156250,0.00000000e+00,-421.75000000,-416.00000000,5.75000000e+00
2950,2.32031250,2.32031250,0.00000000e+00,-72.25000000,-69.31250000,2.93750000e+00
2951,2.11523438,2.08203125,3.32031250e-02,-229.50000000,-226.50000000,3.00000000e+00
2952,3.06445312,3.07421875,9.76562500e-03,19.53125000,15.62500000,3.90625000e+00
2953,2.85546875,2.87500000,1.95312500e-02,60.53125000,65.43750000,4.90625000e+00
2954,2.86718750,2.86328125,3.90625000e-03,-156.25000000,-145.50000000,1.07500000e+01
2955,2.47656250,2.46484375,1.17187500e-02,148.37500000,162.12500000,1.37500000e+01
2956,2.77343750,2.77148438,1.95312500e-03,-295.00000000,-296.00000000,1.00000000e+00
2957,3.94531250,4.04687500,1.01562500e-01,160.12500000,201.12500000,4.10000000e+01
2958,3.50781250,3.48828125,1.95312500e-02,-68.37500000,-58.59375000,9.78125000e+00
2959,4.04296875,4.03125000,1.17187500e-02,237.25000000,252.00000000,1.47500000e+01
2960,5.01953125,5.07031250,5.07812500e-02,511.75000000,547.00000000,3.52500000e+01
2961,2.54882812,2.53320312,1.56250000e-02,127.93750000,128.87500000,9.37500000e-01
2962,2.38671875,2.34960938,3.71093750e-02,-155.25000000,-157.25000000,2.00000000e+00
2963,3.50585938,3.49609375,9.76562500e-03,45.90625000,38.09375000,7.81250000e+00
2964,3.32812500,3.33203125,3.90625000e-03,106.43750000,104.50000000,1.93750000e+00
2965,4.07031250,4.06250000,7.81250000e-03,45.90625000,58.59375000,1.26875000e+01
2966,2.32226562,2.32031250,1.95312500e-03,5.85937500,15.62500000,9.76562500e+00
2967,2.22460938,2.24023438,1.56250000e-02,-257.75000000,-254.87500000,2.87500000e+00
2968,3.22460938,3.23046875,5.85937500e-03,206.00000000,206.00000000,0.00000000e+00
2969,3.76171875,3.72460938,3.71093750e-02,6.83593750,4.88281250,1.95312500e+00
2970,3.05273438,3.05859375,5.85937500e-03,26.35937500,13.67187500,1.26875000e+01
2971,2.14062500,2.11718750,2.34375000e-02,35.15625000,29.29687500,5.85937500e+00
2972,3.17187500,3.17187500,0.00000000e+00,-26.35937500,-48.81250000,2.24531250e+01
2973,3.08203125,3.08203125,0.00000000e+00,93.75000000,103.50000000,9.75000000e+00
2974,3.27343750,3.26562500,7.81250000e-03,81.06250000,71.31250000,9.75000000e+00
2975,3.38671875,3.36328125,2.34375000e-02,136.75000000,115.25000000,2.15000000e+01
2976,5.78906250,5.77343750,1.56250000e-02,-363.25000000,-398.50000000,3.52500000e+01
2977,5.03906250,5.02734375,1.17187500e-02,384.75000000,388.75000000,4.00000000e+00
2978,2.33203125,2.33203125,0.00000000e+00,174.75000000,177.25000000,2.50000000e+00
2979,2.06445312,2.05468750,9.76562500e-03,31.25000000,21.48437500,9.76562500e+00
2980,2.53125000,2.48046875,5.07812500e-02,56.62500000,41.00000000,1.56250000e+01
2981,2.75390625,2.73437500,1.95312500e-02,-279.25000000,-272.50000000,6.75000000e+00
2982,4.12500000,4.18359375,5.85937500e-02,-128.87500000,-68.37500000,6.05000000e+01
2983,3.86718750,3.83984375,2.73437500e-02,-82.00000000,-85.93750000,3.93750000e+00
2984,3.08398438,3.03125000,5.27343750e-02,94.75000000,85.93750000,8.81250000e+00
2985,2.66015625,2.64843750,1.17187500e-02,106.43750000,88.87500000,1.75625000e+01
2986,3.58593750,3.59765625,1.17187500e-02,-10.74218750,0.00000000,1.07421875e+01
2987,2.22070312,2.22070312,0.00000000e+00,-74.18750000,-78.12500000,3.93750000e+00
2988,3.21484375,3.20312500,1.17187500e-02,-121.06250000,-142.62500000,2.15625000e+01
2989,3.54687500,3.58593750,3.90625000e-02,57.62500000,83.00000000,2.53750000e+01
2990,4.07812500,4.07421875,3.90625000e-03,29.29687500,68.37500000,3.90781250e+01
2991,2.52343750,2.55273438,2.92968750e-02,-46.87500000,-61.53125000,1.46562500e+01
2992,3.45898438,3.44335938,1.56250000e-02,2.92968750,4.88281250,1.95312500e+00
2993,2.50390625,2.50585938,1.95312500e-03,-105.43750000,-92.75000000,1.26875000e+01
2994,2.37890625,2.41406250,3.51562500e-02,-95.68750000,-62.50000000,3.31875000e+01
2995,4.33593750,4.38671875,5.07812500e-02,-181.62500000,-173.87500000,7.75000000e+00
2996,3.52148438,3.50390625,1.75781250e-02,13.67187500,9.76562500,3.90625000e+00
2997,3.28320312,3.32421875,4.10156250e-02,-119.12500000,-101.56250000,1.75625000e+01
2998,2.82031250,2.79687500,2.34375000e-02,-171.87500000,-169.87500000,2.00000000e+00
2999,4.13281250,4.10937500,2.34375000e-02,241.25000000,216.75000000,2.45000000e+01
3000,2.48437500,2.46484375,1.95312500e-02,97.62500000,95.68750000,1.93750000e+00
3001,2.25000000,2.22070312,2.92968750e-02,-115.25000000,-114.25000000,1.00000000e+00
3002,3.21093750,3.20117188,9.76562500e-03,218.75000000,227.50000000,8.75000000e+00
3003,2.64843750,2.64843750,0.00000000e+00,-7.81250000,-17.57812500,9.76562500e+00
3004,3.00781250,3.00000000,7.81250000e-03,113.25000000,111.31250000,1.93750000e+00
3005,2.29101562,2.25781250,3.32031250e-02,-0.97656250,-0.97656250,0.00000000e+00
3006,2.70703125,2.72656250,1.95312500e-02,-209.00000000,-188.50000000,2.05000000e+01
3007,4.20703125,4.17187500,3.51562500e-02,277.25000000,250.00000000,2.72500000e+01
3008,3.58007812,3.54296875,3.71093750e-02,-4.88281250,13.67187500,1.85546875e+01
3009,3.54101562,3.51171875,2.92968750e-02,-186.50000000,-182.62500000,3.87500000e+00
3010,4.12109375,4.16015625,3.90625000e-02,-216.75000000,-203.12500000,1.36250000e+01
3011,2.19335938,2.15234375,4.10156250e-02,-145.50000000,-158.25000000,1.27500000e+01
3012,2.60937500,2.57812500,3.12500000e-02,60.53125000,56.62500000,3.90625000e+00
3013,3.87109375,3.88281250,1.17187500e-02,308.50000000,317.50000000,9.00000000e+00
3014,2.93164062,2.92968750,1.95312500e-03,-143.50000000,-129.87500000,1.36250000e+01
3015,4.04687500,4.05468750,7.81250000e-03,92.75000000,95.68750000,2.93750000e+00
3016,2.26367188,2.23046875,3.32031250e-02,-155.25000000,-167.00000000,1.17500000e+01
3017,2.10937500,2.08984375,1.95312500e-02,-324.25000000,-326.25000000,2.00000000e+00
3018,3.06054688,3.14062500,8.00781250e-02,278.25000000,312.50000000,3.42500000e+01
3019,3.51562500,3.44531250,7.03125000e-02,-193.37500000,-206.00000000,1.26250000e+01
3020,2.93554688,2.99218750,5.66406250e-02,-151.37500000,-126.00000000,2.53750000e+01
3021,2.06835938,2.03906250,2.92968750e-02,-8.78906250,-11.71875000,2.92968750e+00
3022,3.01171875,3.05468750,4.29687500e-02,-95.68750000,-89.81250000,5.87500000e+00
3023,3.16601562,3.19140625,2.53906250e-02,10.74218750,33.18750000,2.24453125e+01
3024,3.35156250,3.34375000,7.81250000e-03,100.56250000,119.12500000,1.85625000e+01
3025,3.35937500,3.36328125,3.90625000e-03,78.12500000,80.06250000,1.93750000e+00
3026,6.90234375,6.89062500,1.17187500e-02,580.00000000,554.50000000,2.55000000e+01
3027,4.83593750,4.82421875,1.17187500e-02,181.62500000,177.75000000,3.87500000e+00
3028,2.23828125,2.24609375,7.81250000e-03,146.50000000,154.25000000,7.75000000e+00
3029,2.02148438,2.01562500,5.85937500e-03,32.21875000,38.09375000,5.87500000e+00
3030,2.42187500,2.37500000,4.68750000e-02,22.45312500,23.43750000,9.84375000e-01
3031,2.74218750,2.74414062,1.95312500e-03,-88.87500000,-67.37500000,2.15000000e+01
3032,4.31640625,4.28906250,2.73437500e-02,230.50000000,203.12500000,2.73750000e+01
3033,3.68945312,3.70703125,1.75781250e-02,-370.00000000,-334.00000000,3.60000000e+01
3034,2.64257812,2.59179688,5.07812500e-02,-300.75000000,-299.75000000,1.00000000e+00
3035,2.63476562,2.66406250,2.92968750e-02,24.40625000,31.25000000,6.84375000e+00
3036,3.40234375,3.42968750,2.73437500e-02,-18.54687500,-21.48437500,2.93750000e+00
3037,2.26562500,2.25781250,7.81250000e-03,-75.18750000,-73.25000000,1.93750000e+00
3038,3.17968750,3.23046875,5.07812500e-02,-204.12500000,-156.25000000,4.78750000e+01
3039,3.51562500,3.53125000,1.56250000e-02,136.75000000,150.37500000,1.36250000e+01
3040,3.97656250,3.89843750,7.81250000e-02,-125.00000000,-138.62500000,1.36250000e+01
3041,2.34960938,2.35742188,7.81250000e-03,-239.25000000,-249.00000000,9.75000000e+00
3042,3.62109375,3.59765625,2.34375000e-02,105.43750000,97.62500000,7.81250000e+00
3043,2.76953125,2.77734375,7.81250000e-03,212.87500000,226.50000000,1.36250000e+01
3044,2.71484375,2.69531250,1.95312500e-02,214.87500000,205.12500000,9.75000000e+00
3045,4.41015625,4.43750000,2.73437500e-02,-78.12500000,-23.43750000,5.46875000e+01
3046,3.40234375,3.38281250,1.95312500e-02,-44.90625000,-41.00000000,3.90625000e+00
3047,3.16406250,3.16796875,3.90625000e-03,-298.75000000,-339.75000000,4.10000000e+01
3048,3.16210938,3.14453125,1.75781250e-02,211.87500000,212.87500000,1.00000000e+00
3049,3.74609375,3.79101562,4.49218750e-02,-146.50000000,-131.87500000,1.46250000e+01
3050,2.14453125,2.10156250,4.29687500e-02,-171.87500000,-187.50000000,1.56250000e+01
3051,2.21875000,2.19726562,2.14843750e-02,10.74218750,16.59375000,5.85156250e+00
3052,3.08203125,3.07031250,1.17187500e-02,97.62500000,101.56250000,3.93750000e+00
3053,2.54492188,2.55468750,9.76562500e-03,-147.50000000,-141.62500000,5.87500000e+00
3054,2.75000000,2.75390625,3.90625000e-03,-20.50000000,-14.64843750,5.85156250e+00
3055,2.14062500,2.13281250,7.81250000e-03,-59.56250000,-43.93750000,1.56250000e+01
3056,2.66015625,2.64453125,1.56250000e-02,-287.00000000,-266.50000000,2.05000000e+01
3057,4.01562500,4.04687500,3.12500000e-02,248.00000000,285.25000000,3.72500000e+01
3058,3.58203125,3.53125000,5.07812500e-02,95.68750000,82.00000000,1.36875000e+01
3059,3.84375000,3.87695312,3.32031250e-02,-49.81250000,-28.31250000,2.15000000e+01
3060,4.53906250,4.50781250,3.12500000e-02,76.18750000,54.68750000,2.15000000e+01
3061,2.18750000,2.14453125,4.29687500e-02,-162.12500000,-169.87500000,7.75000000e+00
3062,2.48242188,2.49609375,1.36718750e-02,-12.69531250,18.54687500,3.12421875e+01
3063,3.53125000,3.50976562,2.14843750e-02,84.00000000,77.12500000,6.87500000e+00
3064,2.98828125,2.98046875,7.81250000e-03,-189.50000000,-210.00000000,2.05000000e+01
3065,3.90625000,3.89843750,7.81250000e-03,89.81250000,78.12500000,1.16875000e+01
3066,2.54101562,2.50585938,3.51562500e-02,221.62500000,206.00000000,1.56250000e+01
3067,2.44921875,2.45703125,7.81250000e-03,84.00000000,93.75000000,9.75000000e+00
3068,2.53125000,2.54687500,1.56250000e-02,-420.00000000,-406.25000000,1.37500000e+01
3069,3.85937500,3.79687500,6.25000000e-02,158.25000000,153.37500000,4.87500000e+00
3070,2.63671875,2.68359375,4.68750000e-02,-299.75000000,-296.75000000,3.00000000e+00
3071,1.94531250,1.92382812,2.14843750e-02,-133.75000000,-144.50000000,1.07500000e+01
3072,3.15625000,3.17968750,2.34375000e-02,27.34375000,33.18750000,5.84375000e+00
3073,3.21484375,3.23046875,1.56250000e-02,13.67187500,31.25000000,1.75781250e+01
3074,3.57031250,3.55468750,1.56250000e-02,421.75000000,420.00000000,1.75000000e+00
3075,3.08203125,3.08984375,7.81250000e-03,-56.62500000,-44.90625000,1.17187500e+01
3076,6.27343750,6.35937500,8.59375000e-02,183.62500000,222.62500000,3.90000000e+01
3077,4.32031250,4.32421875,3.90625000e-03,-41.00000000,-60.53125000,1.95312500e+01
3078,2.06054688,2.04296875,1.75781250e-02,-4.88281250,-2.92968750,1.95312500e+00
3079,2.04296875,2.02343750,1.95312500e-02,29.29687500,23.43750000,5.85937500e+00
3080,2.25976562,2.23242188,2.73437500e-02,-114.25000000,-111.31250000,2.93750000e+00
3081,2.82226562,2.79687500,2.53906250e-02,52.71875000,53.71875000,1.00000000e+00
3082,4.15625000,4.10156250,5.46875000e-02,58.59375000,23.43750000,3.51562500e+01
3083,3.68750000,3.76171875,7.42187500e-02,-164.00000000,-123.06250000,4.09375000e+01
3084,3.09375000,3.06445312,2.92968750e-02,210.87500000,204.12500000,6.75000000e+00
3085,2.98437500,2.95507812,2.92968750e-02,296.75000000,280.25000000,1.65000000e+01
3086,3.28710938,3.29492188,7.81250000e-03,-155.25000000,-161.12500000,5.87500000e+00
3087,2.20703125,2.21093750,3.90625000e-03,-46.87500000,-39.06250000,7.81250000e+00
3088,3.20312500,3.21484375,1.17187500e-02,-117.18750000,-107.43750000,9.75000000e+00
3089,3.71484375,3.70703125,7.81250000e-03,295.00000000,291.00000000,4.00000000e+00
3090,4.31250000,4.26562500,4.68750000e-02,308.50000000,283.25000000,2.52500000e+01
3091,2.56640625,2.59179688,2.53906250e-02,9.76562500,24.40625000,1.46406250e+01
3092,3.41406250,3.39062500,2.34375000e-02,-48.81250000,-64.43750000,1.56250000e+01
3093,2.48046875,2.48828125,7.81250000e-03,-17.57812500,-17.57812500,0.00000000e+00
3094,2.41601562,2.43359375,1.75781250e-02,15.62500000,41.00000000,2.53750000e+01
3095,4.10937500,4.11718750,7.81250000e-03,-195.25000000,-205.12500000,9.87500000e+00
3096,3.05273438,3.00781250,4.49218750e-02,-167.00000000,-187.50000000,2.05000000e+01
3097,3.46484375,3.55664062,9.17968750e-02,115.25000000,176.75000000,6.15000000e+01
3098,2.89062500,2.87500000,1.56250000e-02,-74.18750000,-64.43750000,9.75000000e+00
3099,3.91406250,3.91406250,0.00000000e+00,80.06250000,86.93750000,6.87500000e+00
3100,2.37890625,2.35546875,2.34375000e-02,24.40625000,18.54687500,5.85937500e+00
3101,2.51953125,2.49609375,2.34375000e-02,226.50000000,234.37500000,7.87500000e+00
3102,2.96093750,2.94531250,1.56250000e-02,99.62500000,101.56250000,1.93750000e+00
3103,2.59765625,2.62109375,2.34375000e-02,-69.31250000,-46.87500000,2.24375000e+01
3104,2.80468750,2.79687500,7.81250000e-03,-1.95312500,9.76562500,1.17187500e+01
3105,2.24414062,2.25390625,9.76562500e-03,202.12500000,226.12500000,2.40000000e+01
3106,2.96679688,2.94140625,2.53906250e-02,-0.97656250,-21.48437500,2.05078125e+01
3107,4.21875000,4.21484375,3.90625000e-03,156.25000000,191.37500000,3.51250000e+01
3108,3.41406250,3.36328125,5.07812500e-02,3.90625000,-23.43750000,2.73437500e+01
3109,3.59375000,3.55859375,3.51562500e-02,-84.00000000,-107.43750000,2.34375000e+01
3110,4.33593750,4.34375000,7.81250000e-03,-72.25000000,-64.43750000,7.81250000e+00
3111,2.25390625,2.21679688,3.71093750e-02,56.62500000,53.71875000,2.90625000e+00
3112,2.44531250,2.42187500,2.34375000e-02,-22.45312500,-29.29687500,6.84375000e+00
3113,3.79296875,3.79296875,0.00000000e+00,361.25000000,388.75000000,2.75000000e+01
3114,3.05273438,3.05078125,1.95312500e-03,64.43750000,70.31250000,5.87500000e+00
3115,4.06250000,4.06640625,3.90625000e-03,203.12500000,199.25000000,3.87500000e+00
3116,2.27929688,2.24414062,3.51562500e-02,-69.31250000,-83.00000000,1.36875000e+01
3117,2.23242188,2.21484375,1.75781250e-02,-57.62500000,-58.59375000,9.68750000e-01
3118,2.94335938,2.97460938,3.12500000e-02,61.53125000,75.18750000,1.36562500e+01
3119,3.70312500,3.67187500,3.12500000e-02,52.71875000,58.59375000,5.87500000e+00
3120,3.02734375,3.07226562,4.49218750e-02,-79.12500000,-61.53125000,1.75937500e+01
3121,1.95507812,1.94140625,1.36718750e-02,-116.18750000,-102.56250000,1.36250000e+01
3122,3.00390625,2.99218750,1.17187500e-02,-117.18750000,-158.25000000,4.10625000e+01
3123,2.79882812,2.80859375,9.76562500e-03,-202.12500000,-191.37500000,1.07500000e+01
3124,2.83398438,2.85937500,2.53906250e-02,-127.93750000,-101.56250000,2.63750000e+01
3125,2.86132812,2.83007812,3.12500000e-02,-239.25000000,-262.75000000,2.35000000e+01
3126,6.25781250,6.27343750,1.56250000e-02,296.75000000,287.00000000,9.75000000e+00
3127,4.29296875,4.31250000,1.95312500e-02,-162.12500000,-168.00000000,5.87500000e+00
3128,2.12500000,2.09765625,2.73437500e-02,94.25000000,78.12500000,1.61250000e+01
3129,1.97558594,1.95898438,1.66015625e-02,-83.50000000,-79.12500000,4.37500000e+00
3130,2.18750000,2.17187500,1.56250000e-02,-168.00000000,-164.00000000,4.00000000e+00
3131,2.80664062,2.77734375,2.92968750e-02,30.26562500,17.57812500,1.26875000e+01
3132,4.32031250,4.30468750,1.56250000e-02,184.62500000,146.50000000,3.81250000e+01
3133,4.09765625,4.00000000,9.76562500e-02,189.50000000,155.25000000,3.42500000e+01
3134,3.21679688,3.15234375,6.44531250e-02,259.75000000,238.25000000,2.15000000e+01
3135,2.61718750,2.60546875,1.17187500e-02,78.12500000,72.25000000,5.87500000e+00
3136,3.45703125,3.44531250,1.17187500e-02,50.78125000,28.31250000,2.24687500e+01
3137,2.51171875,2.51562500,3.90625000e-03,316.50000000,327.25000000,1.07500000e+01
3138,2.88281250,2.96679688,8.39843750e-02,-290.00000000,-256.75000000,3.32500000e+01
3139,3.34375000,3.36132812,1.75781250e-02,-46.87500000,-56.62500000,9.75000000e+00
3140,3.51757812,3.52734375,9.76562500e-03,-270.50000000,-238.25000000,3.22500000e+01
3141,2.50976562,2.51953125,9.76562500e-03,71.31250000,74.18750000,2.87500000e+00
3142,3.71093750,3.71093750,0.00000000e+00,172.87500000,165.00000000,7.87500000e+00
3143,2.60546875,2.59960938,5.85937500e-03,48.81250000,45.90625000,2.90625000e+00
3144,2.30078125,2.28125000,1.95312500e-02,-38.09375000,-42.96875000,4.87500000e+00
3145,4.16406250,4.17187500,7.81250000e-03,-298.75000000,-312.50000000,1.37500000e+01
3146,3.49218750,3.42187500,7.03125000e-02,199.25000000,173.87500000,2.53750000e+01
3147,3.33007812,3.34960938,1.95312500e-02,4.88281250,-27.34375000,3.22265625e+01
3148,2.85351562,2.83984375,1.36718750e-02,85.93750000,85.93750000,0.00000000e+00
3149,3.78125000,3.88281250,1.01562500e-01,140.62500000,181.62500000,4.10000000e+01
3150,2.20507812,2.17578125,2.92968750e-02,-2.92968750,-13.67187500,1.07421875e+01
3151,2.02343750,1.99609375,2.73437500e-02,-107.43750000,-110.37500000,2.93750000e+00
3152,2.93750000,2.95312500,1.56250000e-02,-27.34375000,-13.67187500,1.36718750e+01
3153,2.57812500,2.60546875,2.73437500e-02,21.48437500,25.39062500,3.90625000e+00
3154,2.47265625,2.45703125,1.56250000e-02,-255.87500000,-263.75000000,7.87500000e+00
3155,2.16210938,2.13085938,3.12500000e-02,39.06250000,26.35937500,1.27031250e+01
3156,2.78125000,2.77734375,3.90625000e-03,-42.00000000,-30.26562500,1.17343750e+01
3157,3.74609375,3.72656250,1.95312500e-02,-82.00000000,-87.87500000,5.87500000e+00
3158,3.17187500,3.14843750,2.34375000e-02,-196.25000000,-199.25000000,3.00000000e+00
3159,3.84765625,3.83593750,1.17187500e-02,113.25000000,130.87500000,1.76250000e+01
3160,4.24218750,4.22656250,1.56250000e-02,-87.87500000,-85.93750000,1.93750000e+00
3161,2.27929688,2.24218750,3.71093750e-02,91.81250000,76.18750000,1.56250000e+01
3162,2.44140625,2.39062500,5.07812500e-02,41.00000000,28.31250000,1.26875000e+01
3163,3.81250000,3.80468750,7.81250000e-03,243.12500000,266.50000000,2.33750000e+01
3164,3.25781250,3.25976562,1.95312500e-03,111.31250000,131.87500000,2.05625000e+01
3165,3.72265625,3.69921875,2.34375000e-02,-35.15625000,-52.71875000,1.75625000e+01
3166,2.29687500,2.26953125,2.73437500e-02,-2.92968750,-9.76562500,6.83593750e+00
3167,2.32617188,2.31250000,1.36718750e-02,42.00000000,33.18750000,8.81250000e+00
3168,2.74609375,2.77343750,2.73437500e-02,-88.87500000,-52.71875000,3.61562500e+01
3169,3.40625000,3.39062500,1.56250000e-02,-259.75000000,-257.75000000,2.00000000e+00
3170,2.80664062,2.81445312,7.81250000e-03,-44.90625000,-55.65625000,1.07500000e+01
3171,1.99707031,1.97753906,1.95312500e-02,-92.31250000,-99.12500000,6.81250000e+00
3172,3.11523438,3.14648438,3.12500000e-02,-30.26562500,-10.74218750,1.95234375e+01
3173,2.93164062,2.95312500,2.14843750e-02,-2.92968750,2.92968750,5.85937500e+00
3174,2.88476562,2.85156250,3.32031250e-02,-241.25000000,-259.75000000,1.85000000e+01
3175,3.04687500,3.05078125,3.90625000e-03,-23.43750000,-22.45312500,9.84375000e-01
3176,5.97265625,5.97656250,3.90625000e-03,70.31250000,11.71875000,5.85937500e+01
3177,4.69531250,4.70312500,7.81250000e-03,236.37500000,240.25000000,3.87500000e+00
3178,2.06640625,2.05468750,1.17187500e-02,36.12500000,26.35937500,9.76562500e+00
3179,1.83007812,1.86035156,3.02734375e-02,-151.37500000,-132.37500000,1.90000000e+01
3180,2.44531250,2.43359375,1.17187500e-02,115.25000000,129.87500000,1.46250000e+01
3181,2.84765625,2.82031250,2.73437500e-02,60.53125000,39.06250000,2.14687500e+01
3182,3.82812500,3.85156250,2.34375000e-02,-324.25000000,-308.50000000,1.57500000e+01
3183,4.04687500,4.07031250,2.34375000e-02,142.62500000,183.62500000,4.10000000e+01
3184,2.63671875,2.61914062,1.75781250e-02,-105.43750000,-92.75000000,1.26875000e+01
3185,2.47656250,2.46679688,9.76562500e-03,-32.21875000,-45.90625000,1.36875000e+01
3186,3.25195312,3.26171875,9.76562500e-03,-141.62500000,-154.25000000,1.26250000e+01
3187,2.28710938,2.29687500,9.76562500e-03,-19.53125000,-16.59375000,2.93750000e+00
3188,3.13476562,3.11328125,2.14843750e-02,-22.45312500,-41.00000000,1.85468750e+01
3189,2.94140625,3.00000000,5.85937500e-02,-289.00000000,-284.25000000,4.75000000e+00
3190,3.92773438,3.95312500,2.53906250e-02,-110.37500000,-117.18750000,6.81250000e+00
3191,2.24218750,2.29101562,4.88281250e-02,-187.50000000,-178.75000000,8.75000000e+00
3192,3.50195312,3.51953125,1.75781250e-02,73.25000000,97.62500000,2.43750000e+01
3193,2.53906250,2.52734375,1.17187500e-02,15.62500000,22.45312500,6.82812500e+00
3194,2.42578125,2.41796875,7.81250000e-03,52.71875000,52.71875000,0.00000000e+00
3195,4.33984375,4.35156250,1.17187500e-02,107.43750000,113.25000000,5.81250000e+00
3196,3.30468750,3.29492188,9.76562500e-03,94.75000000,86.93750000,7.81250000e+00
3197,3.74218750,3.79687500,5.46875000e-02,506.75000000,557.50000000,5.07500000e+01
3198,2.86132812,2.81445312,4.68750000e-02,-63.46875000,-88.87500000,2.54062500e+01
3199,3.83593750,3.85156250,1.56250000e-02,-70.31250000,-70.31250000,0.00000000e+00
3200,2.37500000,2.36132812,1.36718750e-02,194.37500000,192.87500000,1.50000000e+00
3201,2.23437500,2.19140625,4.29687500e-02,21.48437500,27.34375000,5.85937500e+00
3202,2.85156250,2.84960938,1.95312500e-03,5.85937500,5.85937500,0.00000000e+00
3203,2.61328125,2.62890625,1.56250000e-02,31.25000000,41.00000000,9.75000000e+00
3204,2.46093750,2.47656250,1.56250000e-02,-240.25000000,-222.62500000,1.76250000e+01
3205,1.89941406,1.86816406,3.12500000e-02,-231.87500000,-233.87500000,2.00000000e+00
3206,2.97656250,3.00781250,3.12500000e-02,4.88281250,25.39062500,2.05078125e+01
3207,3.88281250,3.83398438,4.88281250e-02,64.43750000,31.25000000,3.31875000e+01
3208,3.12109375,3.10937500,1.17187500e-02,-160.12500000,-152.37500000,7.75000000e+00
3209,3.63671875,3.62890625,7.81250000e-03,42.00000000,42.00000000,0.00000000e+00
3210,3.87500000,3.83398438,4.10156250e-02,-304.75000000,-323.25000000,1.85000000e+01
3211,2.19335938,2.16015625,3.32031250e-02,-30.26562500,-37.09375000,6.82812500e+00
3212,2.59765625,2.55859375,3.90625000e-02,169.87500000,152.37500000,1.75000000e+01
3213,3.17578125,3.19531250,1.95312500e-02,-431.75000000,-402.25000000,2.95000000e+01
3214,3.31640625,3.31640625,0.00000000e+00,257.75000000,257.75000000,0.00000000e+00
3215,3.85156250,3.86132812,9.76562500e-03,62.50000000,65.43750000,2.93750000e+00
3216,2.02539062,2.03125000,5.85937500e-03,-178.75000000,-166.00000000,1.27500000e+01
3217,2.35156250,2.35937500,7.81250000e-03,60.53125000,58.59375000,1.93750000e+00
3218,2.88867188,2.95312500,6.44531250e-02,172.87500000,222.62500000,4.97500000e+01
3219,3.97460938,3.92187500,5.27343750e-02,385.75000000,390.50000000,4.75000000e+00
3220,3.19921875,3.19726562,1.95312500e-03,301.75000000,276.25000000,2.55000000e+01
3221,2.26171875,2.23242188,2.92968750e-02,243.12500000,244.12500000,1.00000000e+00
3222,3.17968750,3.20312500,2.34375000e-02,152.37500000,155.25000000,2.87500000e+00
3223,3.05859375,3.06250000,3.90625000e-03,172.87500000,184.62500000,1.17500000e+01
3224,2.72070312,2.68359375,3.71093750e-02,-266.50000000,-290.00000000,2.35000000e+01
3225,3.04687500,3.04101562,5.85937500e-03,-23.43750000,-24.40625000,9.68750000e-01
3226,6.20312500,6.20703125,3.90625000e-03,-105.43750000,-82.00000000,2.34375000e+01
3227,4.35937500,4.40234375,4.29687500e-02,-242.12500000,-216.75000000,2.53750000e+01
3228,2.08203125,2.02929688,5.27343750e-02,-46.87500000,-75.18750000,2.83125000e+01
3229,1.92968750,1.91406250,1.56250000e-02,-38.09375000,-33.68750000,4.40625000e+00
3230,2.32812500,2.32031250,7.81250000e-03,-25.39062500,-7.81250000,1.75781250e+01
3231,2.69921875,2.69726562,1.95312500e-03,-80.06250000,-72.25000000,7.81250000e+00
3232,4.25000000,4.25000000,0.00000000e+00,182.62500000,151.37500000,3.12500000e+01
3233,4.00781250,3.98437500,2.34375000e-02,-82.00000000,-85.93750000,3.93750000e+00
3234,2.75976562,2.72460938,3.51562500e-02,-114.25000000,-114.25000000,0.00000000e+00
3235,2.54296875,2.52343750,1.95312500e-02,166.00000000,158.25000000,7.75000000e+00
3236,3.37500000,3.37500000,0.00000000e+00,162.12500000,152.37500000,9.75000000e+00
3237,2.18554688,2.18359375,1.95312500e-03,-53.71875000,-55.65625000,1.93750000e+00
3238,2.88281250,2.90234375,1.95312500e-02,-402.25000000,-375.00000000,2.72500000e+01
3239,3.00781250,3.04687500,3.90625000e-02,-85.93750000,-71.31250000,1.46250000e+01
3240,4.01171875,3.97656250,3.51562500e-02,80.06250000,62.50000000,1.75625000e+01
3241,2.45312500,2.48242188,2.92968750e-02,-21.48437500,-44.90625000,2.34218750e+01
3242,3.44921875,3.41796875,3.12500000e-02,27.34375000,24.40625000,2.93750000e+00
3243,2.55273438,2.54882812,3.90625000e-03,59.56250000,52.71875000,6.84375000e+00
3244,2.33984375,2.32421875,1.56250000e-02,-57.62500000,-58.59375000,9.68750000e-01
3245,3.56250000,3.52929688,3.32031250e-02,-459.00000000,-503.00000000,4.40000000e+01
3246,3.41015625,3.41015625,0.00000000e+00,214.87500000,218.75000000,3.87500000e+00
3247,3.09375000,3.16210938,6.83593750e-02,99.62500000,112.31250000,1.26875000e+01
3248,2.69921875,2.66796875,3.12500000e-02,-84.93750000,-98.62500000,1.36875000e+01
3249,3.71679688,3.69726562,1.95312500e-02,-102.56250000,-106.43750000,3.87500000e+00
3250,2.25390625,2.23828125,1.56250000e-02,6.83593750,14.64843750,7.81250000e+00
3251,2.31250000,2.27929688,3.32031250e-02,219.75000000,223.62500000,3.87500000e+00
3252,2.86328125,2.83203125,3.12500000e-02,57.62500000,52.71875000,4.90625000e+00
3253,2.37890625,2.41406250,3.51562500e-02,-148.37500000,-146.50000000,1.87500000e+00
3254,2.50390625,2.47656250,2.73437500e-02,-187.50000000,-206.00000000,1.85000000e+01
3255,1.98046875,1.94238281,3.80859375e-02,-41.00000000,-41.50000000,5.00000000e-01
3256,3.27734375,3.28515625,7.81250000e-03,396.50000000,408.25000000,1.17500000e+01
3257,3.10937500,3.12109375,1.17187500e-02,-427.75000000,-416.00000000,1.17500000e+01
3258,3.29296875,3.24023438,5.27343750e-02,39.06250000,14.64843750,2.44140625e+01
3259,3.65234375,3.62695312,2.53906250e-02,1.95312500,9.76562500,7.81250000e+00
3260,3.91015625,3.83007812,8.00781250e-02,-322.25000000,-389.75000000,6.75000000e+01
3261,2.20703125,2.17968750,2.73437500e-02,104.50000000,104.50000000,0.00000000e+00
3262,2.38476562,2.39062500,5.85937500e-03,57.62500000,59.56250000,1.93750000e+00
3263,3.37890625,3.41992188,4.10156250e-02,166.00000000,204.12500000,3.81250000e+01
3264,2.92773438,2.92578125,1.95312500e-03,38.09375000,27.34375000,1.07500000e+01
3265,3.61132812,3.59960938,1.17187500e-02,-126.00000000,-133.75000000,7.75000000e+00
3266,2.12500000,2.10937500,1.56250000e-02,-85.93750000,-87.87500000,1.93750000e+00
3267,2.06640625,2.07421875,7.81250000e-03,-181.62500000,-171.87500000,9.75000000e+00
3268,2.63281250,2.60937500,2.34375000e-02,265.50000000,152.37500000,1.13125000e+02
3269,3.41015625,3.33984375,7.03125000e-02,-109.37500000,-126.00000000,1.66250000e+01
3270,3.04296875,3.07421875,3.12500000e-02,55.65625000,45.90625000,9.75000000e+00
3271,1.93457031,1.91406250,2.05078125e-02,-11.22656250,-6.34765625,4.87890625e+00
3272,2.80468750,2.82421875,1.95312500e-02,-190.37500000,-191.37500000,1.00000000e+00
3273,2.57812500,2.58398438,5.85937500e-03,-247.12500000,-236.37500000,1.07500000e+01
3274,2.82031250,2.83789062,1.75781250e-02,-132.75000000,-110.37500000,2.23750000e+01
3275,3.12890625,3.11328125,1.56250000e-02,42.96875000,21.48437500,2.14843750e+01
3276,5.89843750,5.93359375,3.51562500e-02,138.62500000,169.87500000,3.12500000e+01
3277,3.87500000,3.87890625,3.90625000e-03,-490.25000000,-498.00000000,7.75000000e+00
3278,2.05664062,2.03515625,2.14843750e-02,124.00000000,90.81250000,3.31875000e+01
3279,2.10937500,2.10156250,7.81250000e-03,118.62500000,129.87500000,1.12500000e+01
3280,2.35156250,2.33593750,1.56250000e-02,30.26562500,39.06250000,8.79687500e+00
3281,2.60351562,2.61132812,7.81250000e-03,-36.12500000,-27.34375000,8.78125000e+00
3282,4.22265625,4.28125000,5.85937500e-02,60.53125000,103.50000000,4.29687500e+01
3283,3.84375000,3.83593750,7.81250000e-03,-136.75000000,-128.87500000,7.87500000e+00
3284,2.90234375,2.89648438,5.85937500e-03,37.09375000,57.62500000,2.05312500e+01
3285,2.34570312,2.33203125,1.36718750e-02,-73.25000000,-91.81250000,1.85625000e+01
3286,3.11914062,3.07812500,4.10156250e-02,-84.93750000,-115.25000000,3.03125000e+01
3287,2.18164062,2.19531250,1.36718750e-02,-31.25000000,-31.25000000,0.00000000e+00
3288,3.80664062,3.78125000,2.53906250e-02,575.00000000,586.00000000,1.10000000e+01
3289,3.41796875,3.49414062,7.61718750e-02,264.75000000,280.25000000,1.55000000e+01
3290,3.61523438,3.55859375,5.66406250e-02,-151.37500000,-185.50000000,3.41250000e+01
3291,2.17968750,2.21484375,3.51562500e-02,-169.87500000,-162.12500000,7.75000000e+00
3292,3.61718750,3.60937500,7.81250000e-03,136.75000000,143.50000000,6.75000000e+00
3293,2.61718750,2.62109375,3.90625000e-03,142.62500000,148.37500000,5.75000000e+00
3294,2.58789062,2.58398438,3.90625000e-03,202.12500000,221.62500000,1.95000000e+01
3295,4.07031250,4.01953125,5.07812500e-02,-269.50000000,-283.25000000,1.37500000e+01
3296,3.05664062,3.03906250,1.75781250e-02,-109.37500000,-116.18750000,6.81250000e+00
3297,2.93359375,2.93164062,1.95312500e-03,1.95312500,-0.97656250,2.92968750e+00
3298,2.55468750,2.54687500,7.81250000e-03,-141.62500000,-140.62500000,1.00000000e+00
3299,3.44921875,3.47656250,2.73437500e-02,-515.50000000,-638.50000000,1.23000000e+02
3300,1.91503906,1.88867188,2.63671875e-02,-234.87500000,-246.12500000,1.12500000e+01
3301,2.00390625,1.97851562,2.53906250e-02,-28.31250000,-36.12500000,7.81250000e+00
3302,2.96875000,2.93359375,3.51562500e-02,113.25000000,111.31250000,1.93750000e+00
3303,2.56054688,2.60156250,4.10156250e-02,36.12500000,56.62500000,2.05000000e+01
3304,2.80078125,2.82031250,1.95312500e-02,120.12500000,137.75000000,1.76250000e+01
3305,2.06640625,2.06640625,0.00000000e+00,17.57812500,23.43750000,5.85937500e+00
3306,2.84179688,2.86328125,2.14843750e-02,-21.48437500,-13.67187500,7.81250000e+00
3307,3.29101562,3.25781250,3.32031250e-02,-53.71875000,-66.37500000,1.26562500e+01
3308,3.37500000,3.31445312,6.05468750e-02,48.81250000,16.59375000,3.22187500e+01
3309,3.57031250,3.57226562,1.95312500e-03,95.68750000,116.18750000,2.05000000e+01
3310,4.06250000,4.04687500,1.56250000e-02,-115.25000000,-99.62500000,1.56250000e+01
3311,2.17187500,2.15039062,2.14843750e-02,9.76562500,4.88281250,4.88281250e+00
3312,2.41406250,2.39843750,1.56250000e-02,23.43750000,31.25000000,7.81250000e+00
3313,3.51562500,3.54101562,2.53906250e-02,101.56250000,138.62500000,3.70625000e+01
3314,2.88281250,2.89062500,7.81250000e-03,68.37500000,64.43750000,3.93750000e+00
3315,3.81640625,3.81835938,1.95312500e-03,143.50000000,140.62500000,2.87500000e+00
3316,2.34960938,2.35546875,5.85937500e-03,272.50000000,287.00000000,1.45000000e+01
3317,2.07421875,2.08007812,5.85937500e-03,-22.45312500,-14.64843750,7.80468750e+00
3318,2.51953125,2.53125000,1.17187500e-02,-50.78125000,-58.59375000,7.81250000e+00
3319,3.67578125,3.61718750,5.85937500e-02,160.12500000,166.00000000,5.87500000e+00
3320,2.77343750,2.78906250,1.56250000e-02,-11.71875000,-17.57812500,5.85937500e+00
3321,2.21289062,2.18945312,2.34375000e-02,245.12500000,239.25000000,5.87500000e+00
3322,2.85937500,2.88281250,2.34375000e-02,-177.75000000,-177.75000000,0.00000000e+00
3323,2.76953125,2.79492188,2.53906250e-02,-21.48437500,0.00000000,2.14843750e+01
3324,2.41406250,2.38085938,3.32031250e-02,-474.50000000,-504.00000000,2.95000000e+01
3325,3.19726562,3.23046875,3.32031250e-02,20.50000000,41.00000000,2.05000000e+01
3326,5.59765625,5.58593750,1.17187500e-02,-269.50000000,-275.50000000,6.00000000e+00
3327,4.52343750,4.53906250,1.56250000e-02,168.00000000,175.75000000,7.75000000e+00
3328,1.97753906,1.95800781,1.95312500e-02,-27.82812500,-46.37500000,1.85468750e+01
3329,1.88574219,1.89648438,1.07421875e-02,-102.06250000,-90.81250000,1.12500000e+01
3330,2.25000000,2.24218750,7.81250000e-03,-105.43750000,-113.25000000,7.81250000e+00
3331,2.50976562,2.50781250,1.95312500e-03,-107.43750000,-97.62500000,9.81250000e+00
3332,3.79101562,3.81250000,2.14843750e-02,-235.37500000,-222.62500000,1.27500000e+01
3333,3.98437500,4.00390625,1.95312500e-02,-320.25000000,-318.25000000,2.00000000e+00
3334,2.70898438,2.68359375,2.53906250e-02,-223.62500000,-181.62500000,4.20000000e+01
3335,2.59765625,2.60156250,3.90625000e-03,183.62500000,169.87500000,1.37500000e+01
3336,3.16406250,3.16796875,3.90625000e-03,-41.00000000,-68.37500000,2.73750000e+01
3337,2.32421875,2.30468750,1.95312500e-02,90.81250000,66.37500000,2.44375000e+01
3338,3.40429688,3.40234375,1.95312500e-03,187.50000000,199.25000000,1.17500000e+01
3339,3.29492188,3.31250000,1.75781250e-02,135.75000000,133.75000000,2.00000000e+00
3340,4.13281250,4.11718750,1.56250000e-02,389.75000000,371.00000000,1.87500000e+01
3341,2.58593750,2.63085938,4.49218750e-02,174.75000000,173.87500000,8.75000000e-01
3342,3.71875000,3.66796875,5.07812500e-02,318.25000000,289.00000000,2.92500000e+01
3343,2.30468750,2.30273438,1.95312500e-03,-99.62500000,-114.25000000,1.46250000e+01
3344,2.30664062,2.28710938,1.95312500e-02,-32.21875000,-24.40625000,7.81250000e+00
3345,4.31250000,4.24609375,6.64062500e-02,270.50000000,257.75000000,1.27500000e+01
3346,3.06835938,3.03906250,2.92968750e-02,8.78906250,12.69531250,3.90625000e+00
3347,3.39843750,3.39843750,0.00000000e+00,216.75000000,210.87500000,5.87500000e+00
3348,2.71875000,2.67968750,3.90625000e-02,0.00000000,-17.57812500,1.75781250e+01
3349,3.91601562,3.90039062,1.56250000e-02,204.12500000,213.87500000,9.75000000e+00
3350,2.32031250,2.28125000,3.90625000e-02,201.12500000,190.37500000,1.07500000e+01
3351,1.97265625,1.91308594,5.95703125e-02,-232.37500000,-242.62500000,1.02500000e+01
3352,2.82812500,2.79492188,3.32031250e-02,44.90625000,23.43750000,2.14687500e+01
3353,2.24609375,2.26757812,2.14843750e-02,-302.75000000,-320.25000000,1.75000000e+01
3354,2.80468750,2.76757812,3.71093750e-02,199.25000000,155.25000000,4.40000000e+01
3355,1.74316406,1.73437500,8.78906250e-03,-194.87500000,-187.50000000,7.37500000e+00
3356,2.54296875,2.58984375,4.68750000e-02,-185.50000000,-159.12500000,2.63750000e+01
3357,3.62109375,3.66796875,4.68750000e-02,136.75000000,174.75000000,3.80000000e+01
3358,3.34570312,3.32031250,2.53906250e-02,118.18750000,115.25000000,2.93750000e+00
3359,3.55273438,3.53125000,2.14843750e-02,-45.90625000,-47.84375000,1.93750000e+00
3360,4.08593750,4.07031250,1.56250000e-02,-173.87500000,-134.75000000,3.91250000e+01
3361,1.96386719,1.94628906,1.75781250e-02,-129.37500000,-137.25000000,7.87500000e+00
3362,2.10156250,2.06054688,4.10156250e-02,-183.62500000,-206.00000000,2.23750000e+01
3363,3.15039062,3.13671875,1.36718750e-02,22.45312500,16.59375000,5.85937500e+00
3364,2.74804688,2.75390625,5.85937500e-03,13.67187500,14.64843750,9.76562500e-01
3365,3.73828125,3.73046875,7.81250000e-03,-29.29687500,-31.25000000,1.95312500e+00
3366,2.00585938,2.00195312,3.90625000e-03,-56.62500000,-48.81250000,7.81250000e+00
3367,2.21484375,2.21679688,1.95312500e-03,79.12500000,72.25000000,6.87500000e+00
3368,2.88867188,2.95312500,6.44531250e-02,309.50000000,337.00000000,2.75000000e+01
3369,3.37890625,3.32031250,5.85937500e-02,-38.09375000,-40.03125000,1.93750000e+00
3370,2.99414062,3.02343750,2.92968750e-02,133.75000000,138.62500000,4.87500000e+00
3371,2.10156250,2.09765625,3.90625000e-03,106.43750000,116.18750000,9.75000000e+00
3372,3.08203125,3.08593750,3.90625000e-03,29.29687500,15.62500000,1.36718750e+01
3373,2.54296875,2.54492188,1.95312500e-03,-255.87500000,-248.00000000,7.87500000e+00
3374,2.82031250,2.78515625,3.51562500e-02,60.53125000,52.71875000,7.81250000e+00
3375,2.87109375,2.89453125,2.34375000e-02,-210.00000000,-216.75000000,6.75000000e+00
3376,5.98437500,5.98437500,0.00000000e+00,33.18750000,15.62500000,1.75625000e+01
3377,4.67187500,4.69140625,1.95312500e-02,367.25000000,363.25000000,4.00000000e+00
3378,1.83105469,1.80957031,2.14843750e-02,-215.37500000,-234.87500000,1.95000000e+01
3379,1.98828125,1.99609375,7.81250000e-03,62.50000000,68.37500000,5.87500000e+00
3380,2.01953125,2.01367188,5.85937500e-03,-195.25000000,-186.50000000,8.75000000e+00
3381,2.59960938,2.58789062,1.17187500e-02,-53.71875000,-51.75000000,1.96875000e+00
3382,4.05468750,4.07812500,2.34375000e-02,-39.06250000,-46.87500000,7.81250000e+00
3383,4.06640625,4.01953125,4.68750000e-02,-89.81250000,-93.75000000,3.93750000e+00
3384,2.61132812,2.57812500,3.32031250e-02,-186.50000000,-164.00000000,2.25000000e+01
3385,2.34765625,2.38671875,3.90625000e-02,107.43750000,145.50000000,3.80625000e+01
3386,3.07812500,3.07031250,7.81250000e-03,-86.93750000,-88.87500000,1.93750000e+00
3387,2.26953125,2.25781250,1.17187500e-02,48.81250000,43.93750000,4.87500000e+00
3388,2.92578125,2.89843750,2.73437500e-02,-4.88281250,-34.18750000,2.93046875e+01
3389,3.19335938,3.25390625,6.05468750e-02,169.00000000,181.62500000,1.26250000e+01
3390,3.59375000,3.54101562,5.27343750e-02,-92.75000000,-130.87500000,3.81250000e+01
3391,2.14843750,2.15625000,7.81250000e-03,-175.75000000,-203.12500000,2.73750000e+01
3392,3.20312500,3.18750000,1.56250000e-02,-146.50000000,-158.25000000,1.17500000e+01
3393,2.50195312,2.48437500,1.75781250e-02,96.68750000,82.00000000,1.46875000e+01
3394,2.36328125,2.33203125,3.12500000e-02,87.87500000,70.31250000,1.75625000e+01
3395,4.55468750,4.50781250,4.68750000e-02,80.06250000,64.43750000,1.56250000e+01
3396,3.44140625,3.42382812,1.75781250e-02,218.75000000,242.12500000,2.33750000e+01
3397,3.30078125,3.24218750,5.85937500e-02,324.25000000,297.75000000,2.65000000e+01
3398,2.98242188,2.94921875,3.32031250e-02,224.62500000,224.62500000,0.00000000e+00
3399,3.42578125,3.46484375,3.90625000e-02,-396.50000000,-349.50000000,4.70000000e+01
3400,2.12500000,2.13281250,7.81250000e-03,-42.96875000,-31.25000000,1.17187500e+01
3401,1.94140625,1.90136719,4.00390625e-02,-118.18750000,-133.25000000,1.50625000e+01
3402,2.49609375,2.47460938,2.14843750e-02,-198.25000000,-205.12500000,6.87500000e+00
3403,2.46484375,2.49218750,2.73437500e-02,21.48437500,27.34375000,5.85937500e+00
3404,2.80273438,2.78515625,1.75781250e-02,139.62500000,138.62500000,1.00000000e+00
3405,2.05664062,2.02343750,3.32031250e-02,100.12500000,84.93750000,1.51875000e+01
3406,2.81250000,2.82812500,1.56250000e-02,-156.25000000,-175.75000000,1.95000000e+01
3407,3.83398438,3.83203125,1.95312500e-03,177.75000000,188.50000000,1.07500000e+01
3408,2.99609375,2.96484375,3.12500000e-02,-204.12500000,-218.75000000,1.46250000e+01
3409,3.49609375,3.48828125,7.81250000e-03,37.09375000,45.90625000,8.81250000e+00
3410,4.71484375,4.75000000,3.51562500e-02,587.00000000,593.00000000,6.00000000e+00
3411,2.09570312,2.05664062,3.90625000e-02,-41.00000000,-59.56250000,1.85625000e+01
3412,2.20898438,2.21484375,5.85937500e-03,-26.35937500,-36.12500000,9.76562500e+00
3413,3.36328125,3.36718750,3.90625000e-03,236.37500000,220.75000000,1.56250000e+01
3414,2.96484375,2.94140625,2.34375000e-02,85.93750000,84.00000000,1.93750000e+00
3415,3.65625000,3.65625000,0.00000000e+00,2.92968750,7.81250000,4.88281250e+00
3416,2.29687500,2.28515625,1.17187500e-02,176.75000000,180.12500000,3.37500000e+00
3417,2.32031250,2.35937500,3.90625000e-02,204.12500000,236.87500000,3.27500000e+01
3418,2.71484375,2.72656250,1.17187500e-02,171.87500000,184.62500000,1.27500000e+01
3419,3.10742188,3.06640625,4.10156250e-02,-299.75000000,-271.50000000,2.82500000e+01
3420,2.86328125,2.87109375,7.81250000e-03,46.87500000,36.12500000,1.07500000e+01
3421,1.90917969,1.89648438,1.26953125e-02,-47.37500000,-40.03125000,7.34375000e+00
3422,2.80859375,2.82031250,1.17187500e-02,-59.56250000,-62.50000000,2.93750000e+00
3423,2.72265625,2.74023438,1.75781250e-02,61.53125000,74.18750000,1.26562500e+01
3424,2.84375000,2.84765625,3.90625000e-03,119.12500000,136.75000000,1.76250000e+01
3425,2.85937500,2.88476562,2.53906250e-02,-169.87500000,-171.87500000,2.00000000e+00
3426,5.66015625,5.64062500,1.95312500e-02,244.12500000,216.75000000,2.73750000e+01
3427,4.26562500,4.27343750,7.81250000e-03,152.37500000,134.75000000,1.76250000e+01
3428,1.88476562,1.88769531,2.92968750e-03,24.40625000,26.35937500,1.95312500e+00
3429,2.04687500,2.03515625,1.17187500e-02,108.37500000,104.50000000,3.87500000e+00
3430,2.27148438,2.25781250,1.36718750e-02,89.81250000,85.93750000,3.87500000e+00
3431,2.75195312,2.71875000,3.32031250e-02,151.37500000,136.75000000,1.46250000e+01
3432,4.32031250,4.30468750,1.56250000e-02,291.00000000,271.50000000,1.95000000e+01
3433,3.98046875,3.95312500,2.73437500e-02,-238.25000000,-240.25000000,2.00000000e+00
3434,2.48632812,2.46289062,2.34375000e-02,-174.75000000,-189.50000000,1.47500000e+01
3435,2.13671875,2.13281250,3.90625000e-03,-141.62500000,-144.50000000,2.87500000e+00
3436,2.88671875,2.91796875,3.12500000e-02,-89.81250000,-91.81250000,2.00000000e+00
3437,2.03125000,2.06054688,2.92968750e-02,-85.93750000,-66.37500000,1.95625000e+01
3438,2.79296875,2.77343750,1.95312500e-02,-235.37500000,-234.37500000,1.00000000e+00
3439,2.80078125,2.83398438,3.32031250e-02,-102.56250000,-107.43750000,4.87500000e+00
3440,3.30859375,3.33203125,2.34375000e-02,-402.25000000,-392.50000000,9.75000000e+00
3441,2.35156250,2.41406250,6.25000000e-02,-76.18750000,-61.53125000,1.46562500e+01
3442,3.17578125,3.16015625,1.56250000e-02,-15.62500000,-11.71875000,3.90625000e+00
3443,2.20117188,2.17968750,2.14843750e-02,-179.62500000,-191.37500000,1.17500000e+01
3444,2.28515625,2.26562500,1.95312500e-02,15.62500000,5.85937500,9.76562500e+00
3445,3.94921875,3.93359375,1.56250000e-02,-9.76562500,15.62500000,2.53906250e+01
3446,2.98632812,2.91796875,6.83593750e-02,0.97656250,-29.29687500,3.02734375e+01
3447,2.94531250,2.94140625,3.90625000e-03,111.31250000,89.81250000,2.15000000e+01
3448,2.62500000,2.59960938,2.53906250e-02,35.15625000,42.00000000,6.84375000e+00
3449,3.85546875,3.90820312,5.27343750e-02,143.50000000,174.75000000,3.12500000e+01
3450,2.13476562,2.12695312,7.81250000e-03,-14.64843750,-4.88281250,9.76562500e+00
3451,1.85058594,1.81835938,3.22265625e-02,-155.75000000,-169.87500000,1.41250000e+01
3452,2.75781250,2.74609375,1.17187500e-02,44.90625000,48.81250000,3.90625000e+00
3453,2.35742188,2.38671875,2.92968750e-02,-68.37500000,-72.25000000,3.87500000e+00
3454,2.59375000,2.57812500,1.56250000e-02,46.87500000,29.29687500,1.75781250e+01
3455,2.16406250,2.12109375,4.29687500e-02,194.37500000,182.62500000,1.17500000e+01
3456,2.65234375,2.67187500,1.95312500e-02,-150.37500000,-126.93750000,2.34375000e+01
3457,3.55468750,3.59179688,3.71093750e-02,-60.53125000,-59.56250000,9.68750000e-01
3458,3.26367188,3.21875000,4.49218750e-02,84.00000000,72.25000000,1.17500000e+01
3459,3.42578125,3.40820312,1.75781250e-02,77.12500000,100.56250000,2.34375000e+01
3460,4.37500000,4.35156250,2.34375000e-02,292.00000000,284.25000000,7.75000000e+00
3461,2.07812500,2.05859375,1.95312500e-02,58.59375000,47.84375000,1.07500000e+01
3462,2.25781250,2.24609375,1.17187500e-02,69.31250000,70.31250000,1.00000000e+00
3463,3.13281250,3.15625000,2.34375000e-02,-49.81250000,-40.03125000,9.78125000e+00
3464,2.84570312,2.84960938,3.90625000e-03,54.68750000,53.71875000,9.68750000e-01
3465,3.38085938,3.32812500,5.27343750e-02,-184.62500000,-209.00000000,2.43750000e+01
3466,1.83398438,1.83007812,3.90625000e-03,-219.75000000,-224.62500000,4.87500000e+00
3467,2.02343750,2.03710938,1.36718750e-02,-97.62500000,-90.81250000,6.81250000e+00
3468,2.56445312,2.56250000,1.95312500e-03,-7.81250000,-4.88281250,2.92968750e+00
3469,3.26953125,3.20898438,6.05468750e-02,-33.18750000,-44.90625000,1.17187500e+01
3470,2.76562500,2.77734375,1.17187500e-02,83.00000000,62.50000000,2.05000000e+01
3471,1.82812500,1.79492188,3.32031250e-02,-55.65625000,-58.09375000,2.43750000e+00
3472,2.52734375,2.57421875,4.68750000e-02,-324.25000000,-319.25000000,5.00000000e+00
3473,2.60156250,2.59765625,3.90625000e-03,-120.12500000,-137.75000000,1.76250000e+01
3474,2.68750000,2.67382812,1.36718750e-02,-21.48437500,-40.03125000,1.85468750e+01
3475,2.92968750,2.95312500,2.34375000e-02,-74.18750000,-70.31250000,3.87500000e+00
3476,5.26562500,5.28906250,2.34375000e-02,-363.25000000,-355.50000000,7.75000000e+00
3477,3.85937500,3.82812500,3.12500000e-02,-179.62500000,-187.50000000,7.87500000e+00
3478,2.08398438,2.05859375,2.53906250e-02,127.93750000,121.06250000,6.87500000e+00
3479,2.00000000,2.00000000,0.00000000e+00,105.43750000,102.06250000,3.37500000e+00
3480,2.04296875,1.98632812,5.66406250e-02,-113.25000000,-133.75000000,2.05000000e+01
3481,2.60156250,2.61132812,9.76562500e-03,103.50000000,114.25000000,1.07500000e+01
3482,3.57812500,3.64062500,6.25000000e-02,-427.75000000,-410.25000000,1.75000000e+01
3483,3.65429688,3.60546875,4.88281250e-02,-368.25000000,-377.00000000,8.75000000e+00
3484,2.59765625,2.60156250,3.90625000e-03,-230.50000000,-219.75000000,1.07500000e+01
3485,2.04296875,2.03515625,7.81250000e-03,-182.62500000,-190.37500000,7.75000000e+00
3486,2.97656250,2.99023438,1.36718750e-02,21.48437500,30.26562500,8.78125000e+00
3487,2.12500000,2.14062500,1.56250000e-02,57.62500000,55.65625000,1.96875000e+00
3488,3.37890625,3.37500000,3.90625000e-03,265.50000000,304.75000000,3.92500000e+01
3489,3.09375000,3.09375000,0.00000000e+00,121.06250000,97.62500000,2.34375000e+01
3490,3.02148438,3.00781250,1.36718750e-02,-483.50000000,-448.25000000,3.52500000e+01
3491,2.41406250,2.50390625,8.98437500e-02,74.18750000,107.43750000,3.32500000e+01
3492,3.27929688,3.28710938,7.81250000e-03,42.00000000,69.31250000,2.73125000e+01
3493,2.33398438,2.33593750,1.95312500e-03,0.00000000,2.92968750,2.92968750e+00
3494,2.47851562,2.46875000,9.76562500e-03,203.12500000,187.50000000,1.56250000e+01
3495,4.06640625,4.03906250,2.73437500e-02,5.85937500,-15.62500000,2.14843750e+01
3496,2.97851562,2.95703125,2.14843750e-02,53.71875000,41.00000000,1.27187500e+01
3497,3.10156250,3.09375000,7.81250000e-03,222.62500000,166.00000000,5.66250000e+01
3498,2.65039062,2.63281250,1.75781250e-02,107.43750000,128.87500000,2.14375000e+01
3499,3.63281250,3.66601562,3.32031250e-02,-64.43750000,-69.31250000,4.87500000e+00
3500,2.27343750,2.25000000,2.34375000e-02,217.25000000,230.50000000,1.32500000e+01
3501,1.98925781,1.96484375,2.44140625e-02,32.71875000,13.67187500,1.90468750e+01
3502,2.89453125,2.90429688,9.76562500e-03,220.75000000,246.12500000,2.53750000e+01
3503,2.46289062,2.50390625,4.10156250e-02,83.00000000,86.93750000,3.93750000e+00
3504,2.33593750,2.36328125,2.73437500e-02,-293.00000000,-271.50000000,2.15000000e+01
3505,1.95312500,1.96679688,1.36718750e-02,127.93750000,140.12500000,1.21875000e+01
3506,2.54882812,2.54101562,7.81250000e-03,-100.56250000,-118.18750000,1.76250000e+01
3507,3.71875000,3.79492188,7.61718750e-02,231.50000000,254.87500000,2.33750000e+01
3508,3.01953125,2.98828125,3.12500000e-02,-116.18750000,-119.12500000,2.93750000e+00
3509,3.18945312,3.16015625,2.92968750e-02,-239.25000000,-252.00000000,1.27500000e+01
3510,3.86328125,3.78906250,7.42187500e-02,-121.06250000,-185.50000000,6.44375000e+01
3511,2.10937500,2.06250000,4.68750000e-02,15.62500000,0.00000000,1.56250000e+01
3512,2.20312500,2.18750000,1.56250000e-02,19.53125000,-7.81250000,2.73437500e+01
3513,3.21093750,3.21875000,7.81250000e-03,73.25000000,67.37500000,5.87500000e+00
3514,2.88476562,2.89843750,1.36718750e-02,146.50000000,142.62500000,3.87500000e+00
3515,3.10937500,3.11718750,7.81250000e-03,-357.50000000,-334.00000000,2.35000000e+01
3516,2.07421875,2.06250000,1.17187500e-02,11.71875000,19.53125000,7.81250000e+00
3517,1.99316406,1.99511719,1.95312500e-03,-50.28125000,-58.09375000,7.81250000e+00
3518,2.36523438,2.35937500,5.85937500e-03,-140.62500000,-166.00000000,2.53750000e+01
3519,3.31640625,3.22851562,8.78906250e-02,-35.15625000,-56.62500000,2.14687500e+01
3520,2.75585938,2.80468750,4.88281250e-02,-67.37500000,-54.68750000,1.26875000e+01
3521,1.82421875,1.83496094,1.07421875e-02,13.67187500,37.09375000,2.34218750e+01
3522,2.86328125,2.91015625,4.68750000e-02,132.75000000,166.00000000,3.32500000e+01
3523,2.52734375,2.52343750,3.90625000e-03,29.29687500,22.45312500,6.84375000e+00
3524,2.90429688,2.86718750,3.71093750e-02,176.75000000,160.12500000,1.66250000e+01
3525,2.95703125,2.97851562,2.14843750e-02,-129.87500000,-131.87500000,2.00000000e+00
3526,5.07031250,5.09375000,2.34375000e-02,-312.50000000,-332.00000000,1.95000000e+01
3527,4.39453125,4.38281250,1.17187500e-02,209.00000000,202.12500000,6.87500000e+00
3528,1.67285156,1.66992188,2.92968750e-03,-270.00000000,-288.00000000,1.80000000e+01
3529,2.06445312,2.09179688,2.73437500e-02,192.87500000,210.00000000,1.71250000e+01
3530,2.08203125,2.08007812,1.95312500e-03,-88.87500000,-95.68750000,6.81250000e+00
3531,2.73046875,2.70898438,2.14843750e-02,154.25000000,146.50000000,7.75000000e+00
3532,3.46875000,3.44531250,2.34375000e-02,-425.75000000,-482.50000000,5.67500000e+01
3533,3.85937500,3.83984375,1.95312500e-02,-115.25000000,-107.43750000,7.81250000e+00
3534,2.86718750,2.84570312,2.14843750e-02,191.37500000,192.37500000,1.00000000e+00
3535,2.05078125,2.07031250,1.95312500e-02,-159.12500000,-139.62500000,1.95000000e+01
3536,3.10546875,3.08593750,1.95312500e-02,78.12500000,58.59375000,1.95312500e+01
3537,2.36132812,2.38085938,1.95312500e-02,265.50000000,276.00000000,1.05000000e+01
3538,3.60156250,3.48437500,1.17187500e-01,338.00000000,261.75000000,7.62500000e+01
3539,3.09765625,3.15625000,5.85937500e-02,136.75000000,146.50000000,9.75000000e+00
3540,3.44531250,3.41796875,2.73437500e-02,-42.96875000,-42.96875000,0.00000000e+00
3541,2.39062500,2.42187500,3.12500000e-02,46.87500000,52.71875000,5.84375000e+00
3542,3.19531250,3.15429688,4.10156250e-02,11.71875000,-34.18750000,4.59062500e+01
3543,2.46679688,2.46875000,1.95312500e-03,170.87500000,182.62500000,1.17500000e+01
3544,2.26562500,2.28125000,1.56250000e-02,72.25000000,71.31250000,9.37500000e-01
3545,3.85742188,3.84375000,1.36718750e-02,-55.65625000,-60.53125000,4.87500000e+00
3546,3.25000000,3.24609375,3.90625000e-03,338.00000000,334.00000000,4.00000000e+00
3547,3.04296875,3.14062500,9.76562500e-02,392.50000000,414.00000000,2.15000000e+01
3548,2.34570312,2.34765625,1.95312500e-03,-194.37500000,-170.87500000,2.35000000e+01
3549,3.82226562,3.82421875,1.95312500e-03,97.62500000,103.50000000,5.87500000e+00
3550,2.08984375,2.08984375,0.00000000e+00,85.93750000,76.18750000,9.75000000e+00
3551,1.87500000,1.82910156,4.58984375e-02,12.69531250,-15.62500000,2.83203125e+01
3552,2.58593750,2.55273438,3.32031250e-02,-17.57812500,-33.18750000,1.56093750e+01
3553,2.50195312,2.54687500,4.49218750e-02,116.18750000,130.87500000,1.46875000e+01
3554,2.60156250,2.59375000,7.81250000e-03,159.12500000,142.62500000,1.65000000e+01
3555,1.69824219,1.67968750,1.85546875e-02,-84.00000000,-89.37500000,5.37500000e+00
3556,2.86718750,2.89453125,2.73437500e-02,239.25000000,267.50000000,2.82500000e+01
3557,3.91210938,3.88281250,2.92968750e-02,528.50000000,488.25000000,4.02500000e+01
3558,3.46093750,3.46875000,7.81250000e-03,345.75000000,350.50000000,4.75000000e+00
3559,3.27929688,3.25390625,2.53906250e-02,-2.92968750,-14.64843750,1.17187500e+01
3560,4.28906250,4.25000000,3.90625000e-02,222.62500000,197.25000000,2.53750000e+01
3561,2.25000000,2.20117188,4.88281250e-02,150.87500000,130.87500000,2.00000000e+01
3562,2.11718750,2.11328125,3.90625000e-03,91.81250000,90.81250000,1.00000000e+00
3563,3.01171875,3.04882812,3.71093750e-02,-29.29687500,-38.09375000,8.79687500e+00
3564,2.54687500,2.53515625,1.17187500e-02,-123.06250000,-134.75000000,1.16875000e+01
3565,3.26562500,3.28515625,1.95312500e-02,-108.37500000,-91.81250000,1.65625000e+01
3566,2.02148438,1.99609375,2.53906250e-02,-13.67187500,-43.93750000,3.02656250e+01
3567,2.13867188,2.14453125,5.85937500e-03,108.37500000,101.56250000,6.81250000e+00
3568,3.19921875,3.27343750,7.42187500e-02,334.00000000,365.25000000,3.12500000e+01
3569,3.49414062,3.42968750,6.44531250e-02,260.75000000,227.50000000,3.32500000e+01
3570,2.83984375,2.83007812,9.76562500e-03,12.69531250,8.78906250,3.90625000e+00
3571,1.85546875,1.85937500,3.90625000e-03,43.93750000,61.53125000,1.75937500e+01
3572,2.89843750,2.90625000,7.81250000e-03,102.56250000,105.43750000,2.87500000e+00
3573,2.58789062,2.60937500,2.14843750e-02,125.00000000,132.75000000,7.75000000e+00
3574,2.80859375,2.85546875,4.68750000e-02,105.43750000,142.62500000,3.71875000e+01
3575,3.08984375,3.10937500,1.95312500e-02,90.81250000,89.81250000,1.00000000e+00
3576,5.60937500,5.54687500,6.25000000e-02,82.00000000,15.62500000,6.63750000e+01
3577,3.97265625,4.00781250,3.51562500e-02,-89.81250000,-93.75000000,3.93750000e+00
3578,1.91406250,1.90234375,1.17187500e-02,109.37500000,91.81250000,1.75625000e+01
3579,1.99121094,1.98632812,4.88281250e-03,109.37500000,103.00000000,6.37500000e+00
3580,1.98730469,1.99804688,1.07421875e-02,-53.21875000,-57.62500000,4.40625000e+00
3581,2.38085938,2.38671875,5.85937500e-03,-100.56250000,-85.93750000,1.46250000e+01
3582,3.64843750,3.69531250,4.68750000e-02,-183.62500000,-179.62500000,4.00000000e+00
3583,3.80859375,3.71875000,8.98437500e-02,-191.37500000,-253.87500000,6.25000000e+01
3584,2.58203125,2.55664062,2.53906250e-02,-16.59375000,0.97656250,1.75703125e+01
3585,2.42578125,2.45117188,2.53906250e-02,271.00000000,282.25000000,1.12500000e+01
3586,2.95703125,2.94921875,7.81250000e-03,5.85937500,9.76562500,3.90625000e+00
3587,2.11718750,2.13085938,1.36718750e-02,13.67187500,15.62500000,1.95312500e+00
3588,3.12890625,3.13671875,7.81250000e-03,335.00000000,349.50000000,1.45000000e+01
3589,2.75390625,2.83984375,8.59375000e-02,-38.09375000,-11.71875000,2.63750000e+01
3590,3.32031250,3.28125000,3.90625000e-02,-11.71875000,-33.18750000,2.14687500e+01
3591,2.30273438,2.37500000,7.22656250e-02,14.64843750,28.31250000,1.36640625e+01
3592,3.14843750,3.14062500,7.81250000e-03,-89.81250000,-91.81250000,2.00000000e+00
3593,2.25976562,2.26562500,5.85937500e-03,-7.81250000,9.76562500,1.75781250e+01
3594,2.29101562,2.30273438,1.17187500e-02,98.62500000,81.06250000,1.75625000e+01
3595,3.79296875,3.78125000,1.17187500e-02,-68.37500000,-72.25000000,3.87500000e+00
3596,2.74218750,2.75781250,1.56250000e-02,-175.75000000,-187.50000000,1.17500000e+01
3597,2.73046875,2.76562500,3.51562500e-02,-46.87500000,-51.75000000,4.87500000e+00
3598,2.60546875,2.58398438,2.14843750e-02,167.00000000,160.12500000,6.87500000e+00
3599,3.78320312,3.77929688,3.90625000e-03,104.50000000,94.75000000,9.75000000e+00
3600,2.00390625,2.00390625,0.00000000e+00,-84.00000000,-79.12500000,4.87500000e+00
3601,1.76562500,1.73632812,2.92968750e-02,-107.43750000,-112.31250000,4.87500000e+00
3602,2.85546875,2.80859375,4.68750000e-02,236.37500000,214.87500000,2.15000000e+01
3603,2.43554688,2.47265625,3.71093750e-02,186.50000000,176.75000000,9.75000000e+00
3604,2.40039062,2.41406250,1.36718750e-02,-83.00000000,-78.12500000,4.87500000e+00
3605,1.66796875,1.68554688,1.75781250e-02,-162.12500000,-140.12500000,2.20000000e+01
3606,2.53906250,2.55468750,1.56250000e-02,-72.25000000,-66.37500000,5.87500000e+00
3607,2.98046875,3.00390625,2.34375000e-02,-95.68750000,-103.50000000,7.81250000e+00
3608,2.93945312,2.92968750,9.76562500e-03,-127.93750000,-121.06250000,6.87500000e+00
3609,3.28320312,3.27148438,1.17187500e-02,-23.43750000,11.71875000,3.51562500e+01
3610,3.25781250,3.26562500,7.81250000e-03,-593.50000000,-578.00000000,1.55000000e+01
3611,2.30468750,2.31250000,7.81250000e-03,205.62500000,218.75000000,1.31250000e+01
3612,2.40625000,2.41015625,3.90625000e-03,245.12500000,256.25000000,1.11250000e+01
3613,3.10546875,3.13281250,2.73437500e-02,13.67187500,15.62500000,1.95312500e+00
3614,2.38671875,2.42187500,3.51562500e-02,-321.25000000,-312.50000000,8.75000000e+00
3615,3.28125000,3.27539062,5.85937500e-03,-144.50000000,-149.37500000,4.87500000e+00
3616,1.85058594,1.84960938,9.76562500e-04,-121.56250000,-119.12500000,2.43750000e+00
3617,2.00585938,2.01953125,1.36718750e-02,27.34375000,34.65625000,7.31250000e+00
3618,2.95117188,3.01953125,6.83593750e-02,381.75000000,415.00000000,3.32500000e+01
3619,3.05859375,3.04296875,1.56250000e-02,5.85937500,29.29687500,2.34375000e+01
3620,2.81250000,2.83984375,2.73437500e-02,-121.06250000,-105.43750000,1.56250000e+01
3621,1.72656250,1.71289062,1.36718750e-02,-111.31250000,-114.25000000,2.93750000e+00
3622,2.85156250,2.85742188,5.85937500e-03,80.06250000,79.12500000,9.37500000e-01
3623,2.50390625,2.52343750,1.95312500e-02,60.53125000,58.59375000,1.93750000e+00
3624,2.54687500,2.54101562,5.85937500e-03,-95.68750000,-88.87500000,6.81250000e+00
3625,2.78906250,2.77343750,1.56250000e-02,-144.50000000,-156.25000000,1.17500000e+01
3626,5.20703125,5.18750000,1.95312500e-02,-25.39062500,-46.87500000,2.14843750e+01
3627,3.80078125,3.79296875,7.81250000e-03,39.06250000,25.39062500,1.36718750e+01
3628,1.67578125,1.64453125,3.12500000e-02,-22.45312500,-62.50000000,4.00468750e+01
3629,1.83203125,1.80664062,2.53906250e-02,-36.12500000,-55.65625000,1.95312500e+01
3630,2.30468750,2.30468750,0.00000000e+00,220.75000000,217.75000000,3.00000000e+00
3631,2.41796875,2.42968750,1.17187500e-02,-32.21875000,-24.40625000,7.81250000e+00
3632,3.69140625,3.71875000,2.73437500e-02,-128.87500000,-134.75000000,5.87500000e+00
3633,3.30273438,3.28710938,1.56250000e-02,-575.00000000,-567.50000000,7.50000000e+00
3634,2.62304688,2.71875000,9.57031250e-02,-14.64843750,83.00000000,9.76484375e+01
3635,1.91308594,1.91894531,5.85937500e-03,-358.00000000,-347.25000000,1.07500000e+01
3636,3.28906250,3.30859375,1.95312500e-02,255.87500000,268.50000000,1.26250000e+01
3637,1.97851562,1.99414062,1.56250000e-02,-55.65625000,-46.87500000,8.78125000e+00
3638,2.67187500,2.69921875,2.73437500e-02,-115.25000000,-54.68750000,6.05625000e+01
3639,2.89453125,2.89843750,3.90625000e-03,68.37500000,33.18750000,3.51875000e+01
3640,3.33398438,3.34960938,1.56250000e-02,-73.25000000,-43.93750000,2.93125000e+01
3641,2.34765625,2.37890625,3.12500000e-02,11.71875000,19.53125000,7.81250000e+00
3642,3.12890625,3.08984375,3.90625000e-02,-7.81250000,-25.39062500,1.75781250e+01
3643,2.22070312,2.22460938,3.90625000e-03,38.09375000,33.18750000,4.90625000e+00
3644,2.31054688,2.26953125,4.10156250e-02,54.68750000,41.00000000,1.36875000e+01
3645,3.78515625,3.74218750,4.29687500e-02,-103.50000000,-103.50000000,0.00000000e+00
3646,2.63671875,2.63476562,1.95312500e-03,-195.25000000,-194.37500000,8.75000000e-01
3647,2.67187500,2.73828125,6.64062500e-02,148.37500000,175.75000000,2.73750000e+01
3648,2.35742188,2.33007812,2.73437500e-02,-90.81250000,-104.50000000,1.36875000e+01
3649,3.49414062,3.51757812,2.34375000e-02,-8.78906250,-11.71875000,2.92968750e+00
3650,2.05468750,2.04687500,7.81250000e-03,18.54687500,20.50000000,1.95312500e+00
3651,1.71875000,1.69824219,2.05078125e-02,-166.00000000,-152.87500000,1.31250000e+01
3652,2.42773438,2.41210938,1.56250000e-02,-68.37500000,-59.56250000,8.81250000e+00
3653,2.17968750,2.18750000,7.81250000e-03,-212.87500000,-215.87500000,3.00000000e+00
3654,2.51171875,2.52343750,1.17187500e-02,11.71875000,20.50000000,8.78125000e+00
3655,1.70898438,1.67773438,3.12500000e-02,-75.18750000,-82.00000000,6.81250000e+00
3656,2.43164062,2.39257812,3.90625000e-02,-10.74218750,-18.54687500,7.80468750e+00
3657,3.53125000,3.55859375,2.73437500e-02,309.50000000,309.50000000,0.00000000e+00
3658,3.03906250,3.02148438,1.75781250e-02,33.18750000,41.00000000,7.81250000e+00
3659,3.19140625,3.03125000,1.60156250e-01,-128.87500000,-214.87500000,8.60000000e+01
3660,4.14453125,4.16406250,1.95312500e-02,351.50000000,421.75000000,7.02500000e+01
3661,2.02929688,2.02734375,1.95312500e-03,-32.21875000,-14.64843750,1.75703125e+01
3662,2.16992188,2.12109375,4.88281250e-02,36.12500000,1.95312500,3.41718750e+01
3663,2.90625000,2.91992188,1.36718750e-02,73.25000000,67.37500000,5.87500000e+00
3664,2.80468750,2.82617188,2.14843750e-02,170.87500000,169.00000000,1.87500000e+00
3665,3.50195312,3.49804688,3.90625000e-03,86.93750000,85.93750000,1.00000000e+00
3666,2.12500000,2.09960938,2.53906250e-02,95.68750000,84.93750000,1.07500000e+01
3667,2.13476562,2.14453125,9.76562500e-03,184.62500000,188.00000000,3.37500000e+00
3668,2.23437500,2.25976562,2.53906250e-02,-207.00000000,-196.25000000,1.07500000e+01
3669,3.59570312,3.56445312,3.12500000e-02,362.25000000,362.25000000,0.00000000e+00
3670,2.68359375,2.68554688,1.95312500e-03,-48.81250000,-72.25000000,2.34375000e+01
3671,1.69238281,1.65234375,4.00390625e-02,-66.87500000,-69.31250000,2.43750000e+00
3672,2.50390625,2.51953125,1.56250000e-02,-138.62500000,-148.37500000,9.75000000e+00
3673,2.61718750,2.61718750,0.00000000e+00,114.25000000,105.43750000,8.81250000e+00
3674,2.54492188,2.55859375,1.36718750e-02,-43.93750000,-42.96875000,9.68750000e-01
3675,2.89062500,2.91992188,2.92968750e-02,-50.78125000,-41.00000000,9.78125000e+00
3676,5.28906250,5.34375000,5.46875000e-02,-42.96875000,3.90625000,4.68750000e+01
3677,3.94140625,3.83203125,1.09375000e-01,179.62500000,84.93750000,9.46875000e+01
3678,1.76562500,1.76171875,3.90625000e-03,-51.75000000,-51.75000000,0.00000000e+00
3679,1.85351562,1.83398438,1.95312500e-02,41.00000000,32.21875000,8.78125000e+00
3680,2.06250000,2.04296875,1.95312500e-02,-3.90625000,-11.71875000,7.81250000e+00
3681,2.32812500,2.34375000,1.56250000e-02,-67.37500000,-66.37500000,1.00000000e+00
3682,3.70312500,3.74609375,4.29687500e-02,24.40625000,13.67187500,1.07343750e+01
3683,4.30078125,4.29296875,7.81250000e-03,306.75000000,398.50000000,9.17500000e+01
3684,2.85351562,2.79296875,6.05468750e-02,151.37500000,121.06250000,3.03125000e+01
3685,2.28320312,2.26953125,1.36718750e-02,110.37500000,111.31250000,9.37500000e-01
3686,3.07226562,3.09570312,2.34375000e-02,69.31250000,97.62500000,2.83125000e+01
3687,2.01171875,2.02539062,1.36718750e-02,0.00000000,-1.95312500,1.95312500e+00
3688,2.74218750,2.78320312,4.10156250e-02,-84.00000000,-52.71875000,3.12812500e+01
3689,2.66796875,2.68750000,1.95312500e-02,-207.00000000,-213.87500000,6.87500000e+00
3690,3.09765625,3.09765625,0.00000000e+00,-114.25000000,-104.50000000,9.75000000e+00
3691,2.44531250,2.51562500,7.03125000e-02,56.62500000,62.50000000,5.87500000e+00
3692,3.41796875,3.42773438,9.76562500e-03,111.31250000,114.25000000,2.93750000e+00
3693,2.21093750,2.22265625,1.17187500e-02,-115.25000000,-99.62500000,1.56250000e+01
3694,2.02734375,1.97460938,5.27343750e-02,-192.37500000,-227.50000000,3.51250000e+01
3695,4.38281250,4.39062500,7.81250000e-03,590.00000000,625.00000000,3.50000000e+01
3696,2.62109375,2.65625000,3.51562500e-02,-64.43750000,-44.90625000,1.95312500e+01
3697,2.63085938,2.68750000,5.66406250e-02,157.25000000,150.37500000,6.87500000e+00
3698,2.29296875,2.29687500,3.90625000e-03,-76.18750000,-68.37500000,7.81250000e+00
3699,3.76171875,3.76171875,0.00000000e+00,142.62500000,139.62500000,3.00000000e+00
3700,2.47656250,2.41796875,5.85937500e-02,420.00000000,384.75000000,3.52500000e+01
3701,1.75195312,1.73437500,1.75781250e-02,-62.50000000,-47.84375000,1.46562500e+01
3702,2.38085938,2.34375000,3.71093750e-02,-89.81250000,-100.56250000,1.07500000e+01
3703,2.31250000,2.32617188,1.36718750e-02,116.18750000,93.75000000,2.24375000e+01
3704,2.69726562,2.71875000,2.14843750e-02,153.37500000,169.87500000,1.65000000e+01
3705,1.65625000,1.64648438,9.76562500e-03,-196.25000000,-162.62500000,3.36250000e+01
3706,2.37890625,2.38281250,3.90625000e-03,-259.75000000,-253.87500000,5.87500000e+00
3707,3.24218750,3.24218750,0.00000000e+00,56.62500000,46.87500000,9.75000000e+00
3708,2.89453125,2.88671875,7.81250000e-03,7.81250000,27.34375000,1.95312500e+01
3709,3.08984375,3.06054688,2.92968750e-02,-138.62500000,-137.75000000,8.75000000e-01
3710,3.85546875,3.84375000,1.17187500e-02,-84.00000000,-87.87500000,3.87500000e+00
3711,1.85839844,1.83203125,2.63671875e-02,-184.12500000,-189.50000000,5.37500000e+00
3712,1.96191406,1.96679688,4.88281250e-03,-94.25000000,-73.25000000,2.10000000e+01
3713,2.97656250,3.04296875,6.64062500e-02,166.00000000,165.00000000,1.00000000e+00
3714,2.82226562,2.83593750,1.36718750e-02,266.50000000,285.25000000,1.87500000e+01
3715,3.51562500,3.51367188,1.95312500e-03,169.87500000,168.00000000,1.87500000e+00
3716,1.89648438,1.87304688,2.34375000e-02,-118.18750000,-135.75000000,1.75625000e+01
3717,1.90820312,1.90820312,0.00000000e+00,-73.25000000,-80.06250000,6.81250000e+00
3718,2.39843750,2.41406250,1.56250000e-02,-3.90625000,-15.62500000,1.17187500e+01
3719,2.58789062,2.58593750,1.95312500e-03,-318.25000000,-288.00000000,3.02500000e+01
3720,2.61328125,2.67578125,6.25000000e-02,-175.75000000,-147.50000000,2.82500000e+01
3721,1.85156250,1.82617188,2.53906250e-02,75.68750000,74.18750000,1.50000000e+00
3722,2.73046875,2.74609375,1.56250000e-02,78.12500000,58.59375000,1.95312500e+01
3723,2.70703125,2.68750000,1.95312500e-02,174.75000000,156.25000000,1.85000000e+01
3724,2.26757812,2.24804688,1.95312500e-02,-241.25000000,-266.50000000,2.52500000e+01
3725,3.15625000,3.18750000,3.12500000e-02,155.25000000,154.25000000,1.00000000e+00
3726,5.69531250,5.63671875,5.85937500e-02,287.00000000,240.25000000,4.67500000e+01
3727,3.34179688,3.37890625,3.71093750e-02,-411.25000000,-420.00000000,8.75000000e+00
3728,1.70898438,1.68554688,2.34375000e-02,21.48437500,14.64843750,6.83593750e+00
3729,1.71679688,1.66406250,5.27343750e-02,-116.18750000,-143.50000000,2.73125000e+01
3730,2.08593750,2.08593750,0.00000000e+00,-38.09375000,-37.09375000,1.00000000e+00
3731,2.55468750,2.57031250,1.56250000e-02,106.43750000,117.18750000,1.07500000e+01
3732,3.73242188,3.76757812,3.51562500e-02,40.03125000,-2.92968750,4.29609375e+01
3733,4.33593750,4.28906250,4.68750000e-02,308.50000000,319.25000000,1.07500000e+01
3734,2.45312500,2.40820312,4.49218750e-02,-155.25000000,-172.87500000,1.76250000e+01
3735,2.07812500,2.08984375,1.17187500e-02,23.43750000,29.29687500,5.85937500e+00
3736,2.96875000,2.98632812,1.75781250e-02,47.84375000,44.90625000,2.93750000e+00
3737,1.99218750,2.01953125,2.73437500e-02,-9.76562500,8.78906250,1.85546875e+01
3738,3.03125000,3.10156250,7.03125000e-02,178.75000000,210.00000000,3.12500000e+01
3739,2.76953125,2.81054688,4.10156250e-02,32.21875000,42.96875000,1.07500000e+01
3740,3.35546875,3.29687500,5.85937500e-02,142.62500000,95.68750000,4.69375000e+01
3741,2.66796875,2.71289062,4.49218750e-02,273.50000000,274.50000000,1.00000000e+00
3742,3.16601562,3.12890625,3.71093750e-02,-83.00000000,-125.00000000,4.20000000e+01
3743,2.18554688,2.19531250,9.76562500e-03,-18.54687500,2.92968750,2.14765625e+01
3744,2.36132812,2.33984375,2.14843750e-02,62.50000000,70.31250000,7.81250000e+00
3745,3.95898438,3.86328125,9.57031250e-02,275.50000000,283.25000000,7.75000000e+00
3746,2.69140625,2.69531250,3.90625000e-03,-49.81250000,-29.29687500,2.05156250e+01
3747,2.57812500,2.69921875,1.21093750e-01,93.75000000,150.37500000,5.66250000e+01
3748,2.18359375,2.17773438,5.85937500e-03,-84.93750000,-82.00000000,2.93750000e+00
3749,3.28515625,3.31250000,2.73437500e-02,-326.25000000,-299.75000000,2.65000000e+01
3750,2.12109375,2.10546875,1.56250000e-02,160.12500000,164.00000000,3.87500000e+00
3751,1.65625000,1.62500000,3.12500000e-02,-136.75000000,-141.62500000,4.87500000e+00
3752,2.34765625,2.34765625,0.00000000e+00,20.50000000,38.09375000,1.75937500e+01
3753,2.30859375,2.33984375,3.12500000e-02,5.85937500,3.90625000,1.95312500e+00
3754,2.55078125,2.51562500,3.51562500e-02,25.39062500,-3.90625000,2.92968750e+01
3755,2.05468750,2.06250000,7.81250000e-03,248.50000000,264.75000000,1.62500000e+01
3756,3.05078125,2.96875000,8.20312500e-02,496.00000000,451.25000000,4.47500000e+01
3757,3.18554688,3.20703125,2.14843750e-02,9.76562500,12.69531250,2.92968750e+00
3758,2.75390625,2.71875000,3.51562500e-02,-199.25000000,-217.75000000,1.85000000e+01
3759,3.19921875,3.16406250,3.51562500e-02,53.71875000,42.96875000,1.07500000e+01
3760,3.73242188,3.69140625,4.10156250e-02,3.90625000,-3.90625000,7.81250000e+00
3761,2.05078125,2.00195312,4.88281250e-02,62.00000000,48.81250000,1.31875000e+01
3762,2.24218750,2.23242188,9.76562500e-03,147.50000000,159.12500000,1.16250000e+01
3763,2.91796875,2.93750000,1.95312500e-02,105.43750000,106.43750000,1.00000000e+00
3764,2.51367188,2.52929688,1.56250000e-02,2.92968750,-0.97656250,3.90625000e+00
3765,3.25000000,3.23828125,1.17187500e-02,-62.50000000,-83.00000000,2.05000000e+01
3766,2.07031250,2.06640625,3.90625000e-03,155.25000000,162.12500000,6.87500000e+00
3767,2.01367188,2.00585938,7.81250000e-03,27.34375000,17.57812500,9.76562500e+00
3768,2.30468750,2.31250000,7.81250000e-03,146.50000000,126.93750000,1.95625000e+01
3769,3.04687500,3.04296875,3.90625000e-03,-68.37500000,-76.18750000,7.81250000e+00
3770,2.89648438,2.95312500,5.66406250e-02,298.75000000,324.25000000,2.55000000e+01
3771,1.50781250,1.47167969,3.61328125e-02,-188.50000000,-214.87500000,2.63750000e+01
3772,2.80273438,2.81445312,1.17187500e-02,151.37500000,136.75000000,1.46250000e+01
3773,2.53515625,2.58593750,5.07812500e-02,148.37500000,165.00000000,1.66250000e+01
3774,2.65625000,2.61718750,3.90625000e-02,82.00000000,64.43750000,1.75625000e+01
3775,2.87695312,2.91015625,3.32031250e-02,-100.56250000,-98.62500000,1.93750000e+00
3776,5.41406250,5.48437500,7.03125000e-02,257.75000000,308.50000000,5.07500000e+01
3777,3.74609375,3.77734375,3.12500000e-02,66.37500000,60.53125000,5.84375000e+00
3778,1.58105469,1.58984375,8.78906250e-03,-27.82812500,-7.81250000,2.00156250e+01
3779,1.91406250,1.90429688,9.76562500e-03,22.45312500,24.90625000,2.45312500e+00
3780,2.07421875,2.03125000,4.29687500e-02,48.34375000,8.78906250,3.95546875e+01
3781,2.22460938,2.22656250,1.95312500e-03,-101.56250000,-100.56250000,1.00000000e+00
3782,3.84179688,3.90234375,6.05468750e-02,192.37500000,222.62500000,3.02500000e+01
3783,2.93750000,2.90039062,3.71093750e-02,-742.00000000,-733.50000000,8.50000000e+00
3784,2.63671875,2.66406250,2.73437500e-02,3.90625000,29.29687500,2.53906250e+01
3785,2.21289062,2.22460938,1.17187500e-02,100.56250000,104.50000000,3.93750000e+00
3786,2.76171875,2.78125000,1.95312500e-02,-54.68750000,-54.68750000,0.00000000e+00
3787,2.01562500,2.01953125,3.90625000e-03,40.03125000,46.87500000,6.84375000e+00
3788,2.97265625,3.02734375,5.46875000e-02,247.12500000,261.75000000,1.46250000e+01
3789,2.73242188,2.76171875,2.92968750e-02,-99.62500000,-87.87500000,1.17500000e+01
3790,3.23046875,3.21093750,1.95312500e-02,140.62500000,113.25000000,2.73750000e+01
3791,2.20703125,2.21289062,5.85937500e-03,-232.37500000,-211.87500000,2.05000000e+01
3792,3.08984375,3.05078125,3.90625000e-02,-95.68750000,-108.37500000,1.26875000e+01
3793,2.41992188,2.42187500,1.95312500e-03,211.87500000,205.12500000,6.75000000e+00
3794,2.07617188,2.01953125,5.66406250e-02,-38.09375000,-70.31250000,3.22187500e+01
3795,3.52734375,3.48437500,4.29687500e-02,-187.50000000,-175.75000000,1.17500000e+01
3796,2.82226562,2.83593750,1.36718750e-02,90.81250000,119.12500000,2.83125000e+01
3797,2.49609375,2.52734375,3.12500000e-02,31.25000000,-5.85937500,3.71093750e+01
3798,2.21289062,2.19921875,1.36718750e-02,-170.87500000,-163.12500000,7.75000000e+00
3799,3.33398438,3.34570312,1.17187500e-02,-298.75000000,-266.50000000,3.22500000e+01
3800,2.09960938,2.10156250,1.95312500e-03,164.00000000,159.12500000,4.87500000e+00
3801,1.76367188,1.75878906,4.88281250e-03,-74.18750000,-68.87500000,5.31250000e+00
3802,2.32031250,2.30859375,1.17187500e-02,-50.78125000,-39.06250000,1.17187500e+01
3803,2.23828125,2.29882812,6.05468750e-02,-6.83593750,9.76562500,1.66015625e+01
3804,2.62890625,2.62695312,1.95312500e-03,120.12500000,102.56250000,1.75625000e+01
3805,1.48730469,1.45898438,2.83203125e-02,-225.12500000,-248.00000000,2.28750000e+01
3806,2.46679688,2.42968750,3.71093750e-02,-31.25000000,-18.54687500,1.27031250e+01
3807,3.37890625,3.40820312,2.92968750e-02,267.50000000,254.87500000,1.26250000e+01
3808,2.95312500,2.90625000,4.68750000e-02,177.75000000,167.00000000,1.07500000e+01
3809,2.96289062,2.92968750,3.32031250e-02,-192.37500000,-215.87500000,2.35000000e+01
3810,4.03125000,4.00390625,2.73437500e-02,177.75000000,164.00000000,1.37500000e+01
3811,1.94921875,1.89550781,5.37109375e-02,22.95312500,1.46484375,2.14882812e+01
3812,1.91406250,1.88867188,2.53906250e-02,-26.35937500,-36.12500000,9.76562500e+00
3813,2.96679688,3.01562500,4.88281250e-02,-2.92968750,15.62500000,1.85546875e+01
3814,2.81640625,2.83203125,1.56250000e-02,224.62500000,226.50000000,1.87500000e+00
3815,3.41406250,3.44921875,3.51562500e-02,82.00000000,101.56250000,1.95625000e+01
3816,2.11328125,2.08789062,2.53906250e-02,116.18750000,100.12500000,1.60625000e+01
3817,2.08398438,2.08593750,1.95312500e-03,135.25000000,143.50000000,8.25000000e+00
3818,2.08203125,2.10156250,1.95312500e-02,-200.25000000,-238.25000000,3.80000000e+01
3819,3.21093750,3.22460938,1.36718750e-02,95.68750000,124.00000000,2.83125000e+01
3820,2.86718750,2.82226562,4.49218750e-02,-33.18750000,-69.31250000,3.61250000e+01
3821,1.91015625,1.87890625,3.12500000e-02,150.37500000,153.75000000,3.37500000e+00
3822,2.88671875,2.92968750,4.29687500e-02,258.75000000,281.25000000,2.25000000e+01
3823,2.34375000,2.32031250,2.34375000e-02,-123.06250000,-148.37500000,2.53125000e+01
3824,2.45898438,2.42968750,2.92968750e-02,-6.83593750,-14.64843750,7.81250000e+00
3825,3.25000000,3.30859375,5.85937500e-02,328.00000000,367.25000000,3.92500000e+01
3826,4.67578125,4.70312500,2.73437500e-02,-629.00000000,-633.00000000,4.00000000e+00
3827,3.50585938,3.50390625,1.95312500e-03,-208.00000000,-226.50000000,1.85000000e+01
3828,1.57421875,1.56542969,8.78906250e-03,-78.12500000,-90.31250000,1.21875000e+01
3829,1.84375000,1.83789062,5.85937500e-03,-31.25000000,-27.34375000,3.90625000e+00
3830,1.87500000,1.87792969,2.92968750e-03,-89.81250000,-87.37500000,2.43750000e+00
3831,2.34765625,2.35546875,7.81250000e-03,27.34375000,15.62500000,1.17187500e+01
3832,3.77148438,3.78906250,1.75781250e-02,-83.00000000,-72.25000000,1.07500000e+01
3833,3.57812500,3.50390625,7.42187500e-02,-165.00000000,-189.50000000,2.45000000e+01
3834,3.03125000,2.96484375,6.64062500e-02,229.50000000,183.62500000,4.58750000e+01
3835,2.20117188,2.18750000,1.36718750e-02,82.00000000,58.59375000,2.34062500e+01
3836,3.03125000,3.04296875,1.17187500e-02,251.00000000,267.50000000,1.65000000e+01
3837,1.85546875,1.84472656,1.07421875e-02,-200.25000000,-197.75000000,2.50000000e+00
3838,3.00976562,3.01953125,9.76562500e-03,307.50000000,319.25000000,1.17500000e+01
3839,2.48437500,2.51171875,2.73437500e-02,-45.90625000,-78.12500000,3.22187500e+01
3840,3.06250000,2.98437500,7.81250000e-02,-316.50000000,-339.75000000,2.32500000e+01
3841,2.52148438,2.56054688,3.90625000e-02,190.37500000,192.37500000,2.00000000e+00
3842,3.06250000,2.99609375,6.64062500e-02,-136.75000000,-179.62500000,4.28750000e+01
3843,2.06835938,2.09375000,2.53906250e-02,-81.06250000,-79.12500000,1.93750000e+00
3844,2.16015625,2.18359375,2.34375000e-02,-61.53125000,-49.81250000,1.17187500e+01
3845,3.81640625,3.77734375,3.90625000e-02,273.50000000,249.00000000,2.45000000e+01
3846,2.48242188,2.50585938,2.34375000e-02,-223.62500000,-208.00000000,1.56250000e+01
3847,2.46093750,2.51171875,5.07812500e-02,-102.56250000,-132.75000000,3.01875000e+01
3848,2.43359375,2.43554688,1.95312500e-03,112.31250000,126.00000000,1.36875000e+01
3849,3.39843750,3.37695312,2.14843750e-02,-48.81250000,-82.00000000,3.31875000e+01
3850,1.96093750,1.95898438,1.95312500e-03,59.09375000,59.09375000,0.00000000e+00
3851,1.61425781,1.56835938,4.58984375e-02,-156.25000000,-181.12500000,2.48750000e+01
3852,2.20898438,2.17382812,3.51562500e-02,-167.00000000,-171.87500000,4.87500000e+00
3853,2.17382812,2.23437500,6.05468750e-02,-53.71875000,-46.87500000,6.84375000e+00
3854,2.57812500,2.56640625,1.17187500e-02,142.62500000,138.62500000,4.00000000e+00
3855,1.63769531,1.60546875,3.22265625e-02,-35.65625000,-50.78125000,1.51250000e+01
3856,2.50781250,2.49414062,1.36718750e-02,-67.37500000,-51.75000000,1.56250000e+01
3857,3.07617188,3.08984375,1.36718750e-02,-79.12500000,-76.18750000,2.93750000e+00
3858,2.86523438,2.83398438,3.12500000e-02,61.53125000,53.71875000,7.81250000e+00
3859,2.92382812,2.87304688,5.07812500e-02,-167.00000000,-184.62500000,1.76250000e+01
3860,3.86132812,3.90039062,3.90625000e-02,195.25000000,217.75000000,2.25000000e+01
3861,2.17578125,2.16601562,9.76562500e-03,162.12500000,172.87500000,1.07500000e+01
3862,2.01757812,2.00390625,1.36718750e-02,90.81250000,95.68750000,4.87500000e+00
3863,2.93750000,2.93750000,0.00000000e+00,203.12500000,173.87500000,2.92500000e+01
3864,2.40039062,2.38867188,1.17187500e-02,-114.25000000,-122.06250000,7.81250000e+00
3865,3.32812500,3.30859375,1.95312500e-02,123.06250000,95.68750000,2.73750000e+01
3866,1.89257812,1.90039062,7.81250000e-03,-39.06250000,-35.15625000,3.90625000e+00
3867,1.76367188,1.75683594,6.83593750e-03,-78.62500000,-88.87500000,1.02500000e+01
3868,1.35156250,1.44140625,8.98437500e-02,-513.50000000,-472.75000000,4.07500000e+01
3869,2.76171875,2.78125000,1.95312500e-02,-76.18750000,-64.43750000,1.17500000e+01
3870,2.27929688,2.28515625,5.85937500e-03,-460.00000000,-463.75000000,3.75000000e+00
3871,1.86914062,1.86718750,1.95312500e-03,136.25000000,160.62500000,2.43750000e+01
3872,2.49218750,2.50390625,1.17187500e-02,-55.65625000,-62.50000000,6.84375000e+00
3873,2.32812500,2.29687500,3.12500000e-02,-68.37500000,-71.31250000,2.93750000e+00
3874,2.44531250,2.40429688,4.10156250e-02,113.25000000,89.81250000,2.34375000e+01
3875,2.91796875,2.93359375,1.56250000e-02,107.43750000,104.50000000,2.93750000e+00
3876,4.77343750,4.71093750,6.25000000e-02,-332.00000000,-412.00000000,8.00000000e+01
3877,3.66406250,3.62890625,3.51562500e-02,-120.12500000,-144.50000000,2.43750000e+01
3878,1.86914062,1.82812500,4.10156250e-02,171.87500000,168.50000000,3.37500000e+00
3879,1.71679688,1.70214844,1.46484375e-02,-122.06250000,-126.00000000,3.93750000e+00
3880,2.05468750,2.03906250,1.56250000e-02,9.76562500,4.88281250,4.88281250e+00
3881,2.21289062,2.21289062,0.00000000e+00,-51.75000000,-49.81250000,1.93750000e+00
3882,3.49218750,3.60156250,1.09375000e-01,-48.81250000,3.90625000,5.27187500e+01
3883,4.17578125,4.14062500,3.51562500e-02,274.50000000,253.87500000,2.06250000e+01
3884,2.76757812,2.73046875,3.71093750e-02,78.12500000,84.00000000,5.87500000e+00
3885,1.83984375,1.82812500,1.17187500e-02,-102.56250000,-119.12500000,1.65625000e+01
3886,2.64843750,2.66015625,1.17187500e-02,-93.75000000,-85.93750000,7.81250000e+00
3887,1.91601562,1.87109375,4.49218750e-02,28.81250000,-9.76562500,3.85781250e+01
3888,2.88671875,2.84765625,3.90625000e-02,285.25000000,264.75000000,2.05000000e+01
3889,2.34960938,2.40039062,5.07812500e-02,-237.25000000,-240.25000000,3.00000000e+00
3890,3.19531250,3.12500000,7.03125000e-02,19.53125000,-48.81250000,6.83437500e+01
3891,2.47265625,2.51562500,4.29687500e-02,195.25000000,201.12500000,5.87500000e+00
3892,3.16796875,3.14843750,1.95312500e-02,-3.90625000,0.97656250,4.88281250e+00
3893,2.24218750,2.22851562,1.36718750e-02,48.81250000,42.00000000,6.81250000e+00
3894,2.19140625,2.18945312,1.95312500e-03,67.37500000,80.06250000,1.26875000e+01
3895,3.30859375,3.33593750,2.73437500e-02,-193.37500000,-121.06250000,7.23125000e+01
3896,2.93359375,2.91992188,1.36718750e-02,248.00000000,241.25000000,6.75000000e+00
3897,2.73242188,2.78906250,5.66406250e-02,102.56250000,106.43750000,3.87500000e+00
3898,2.01171875,2.01367188,1.95312500e-03,-253.87500000,-229.50000000,2.43750000e+01
3899,3.35937500,3.39062500,3.12500000e-02,-238.25000000,-195.25000000,4.30000000e+01
3900,2.02539062,1.99316406,3.22265625e-02,220.75000000,203.62500000,1.71250000e+01
3901,1.88378906,1.85742188,2.63671875e-02,73.75000000,82.00000000,8.25000000e+00
3902,2.43945312,2.41601562,2.34375000e-02,-102.56250000,-82.00000000,2.05625000e+01
3903,2.40039062,2.42187500,2.14843750e-02,179.62500000,175.75000000,3.87500000e+00
3904,2.42187500,2.41992188,1.95312500e-03,-3.90625000,10.74218750,1.46484375e+01
3905,1.84179688,1.82128906,2.05078125e-02,154.25000000,138.62500000,1.56250000e+01
3906,2.30468750,2.33593750,3.12500000e-02,-191.37500000,-169.87500000,2.15000000e+01
3907,3.15625000,3.20312500,4.68750000e-02,10.74218750,19.53125000,8.78906250e+00
3908,2.73046875,2.72070312,9.76562500e-03,10.74218750,12.69531250,1.95312500e+00
3909,3.10546875,3.11328125,7.81250000e-03,-112.31250000,-58.59375000,5.37187500e+01
3910,3.82421875,3.74609375,7.81250000e-02,-33.18750000,-84.93750000,5.17500000e+01
3911,1.91015625,1.90234375,7.81250000e-03,85.93750000,90.81250000,4.87500000e+00
3912,2.39062500,2.37695312,1.36718750e-02,386.75000000,387.75000000,1.00000000e+00
3913,2.71484375,2.77343750,5.85937500e-02,-10.74218750,-11.71875000,9.76562500e-01
3914,2.23828125,2.25976562,2.14843750e-02,-231.50000000,-230.50000000,1.00000000e+00
3915,3.25781250,3.24609375,1.17187500e-02,3.90625000,-1.95312500,5.85937500e+00
3916,1.87304688,1.88671875,1.36718750e-02,5.85937500,7.81250000,1.95312500e+00
3917,1.88281250,1.89062500,7.81250000e-03,49.81250000,59.56250000,9.75000000e+00
3918,2.35156250,2.36132812,9.76562500e-03,85.93750000,73.25000000,1.26875000e+01
3919,2.59375000,2.57226562,2.14843750e-02,-333.00000000,-338.75000000,5.75000000e+00
3920,2.66992188,2.69140625,2.14843750e-02,28.31250000,41.00000000,1.26875000e+01
3921,1.71093750,1.66406250,4.68750000e-02,100.56250000,102.56250000,2.00000000e+00
3922,2.32421875,2.34179688,1.75781250e-02,-214.87500000,-225.62500000,1.07500000e+01
3923,2.28125000,2.31640625,3.51562500e-02,-109.37500000,-84.93750000,2.44375000e+01
3924,2.49609375,2.47656250,1.95312500e-02,166.00000000,154.25000000,1.17500000e+01
3925,2.64648438,2.69531250,4.88281250e-02,-138.62500000,-109.37500000,2.92500000e+01
3926,5.35546875,5.34375000,1.17187500e-02,255.87500000,269.50000000,1.36250000e+01
3927,4.03906250,4.01953125,1.95312500e-02,433.50000000,414.00000000,1.95000000e+01
3928,1.66406250,1.66992188,5.85937500e-03,-105.00000000,-97.62500000,7.37500000e+00
3929,1.71484375,1.69628906,1.85546875e-02,-17.57812500,-20.01562500,2.43750000e+00
3930,2.08984375,2.08789062,1.95312500e-03,125.00000000,130.37500000,5.37500000e+00
3931,2.31054688,2.34375000,3.32031250e-02,81.06250000,97.62500000,1.65625000e+01
3932,3.88281250,3.86328125,1.95312500e-02,613.50000000,539.00000000,7.45000000e+01
3933,3.49609375,3.54296875,4.68750000e-02,-157.25000000,-97.62500000,5.96250000e+01
3934,2.67773438,2.70507812,2.73437500e-02,-32.21875000,-2.92968750,2.92890625e+01
3935,2.22265625,2.22656250,3.90625000e-03,210.00000000,216.75000000,6.75000000e+00
3936,3.03906250,3.07031250,3.12500000e-02,265.50000000,268.50000000,3.00000000e+00
3937,1.79101562,1.82226562,3.12500000e-02,-94.25000000,-83.00000000,1.12500000e+01
3938,2.67968750,2.73242188,5.27343750e-02,7.81250000,42.00000000,3.41875000e+01
3939,2.63281250,2.67187500,3.90625000e-02,102.56250000,82.00000000,2.05625000e+01
3940,2.99218750,2.98242188,9.76562500e-03,-346.75000000,-331.00000000,1.57500000e+01
3941,2.06445312,2.04101562,2.34375000e-02,-16.59375000,-36.12500000,1.95312500e+01
3942,2.94140625,2.91796875,2.34375000e-02,-61.53125000,-70.31250000,8.78125000e+00
3943,2.26367188,2.28906250,2.53906250e-02,124.00000000,135.75000000,1.17500000e+01
3944,2.19531250,2.20898438,1.36718750e-02,46.87500000,46.87500000,0.00000000e+00
3945,3.51953125,3.46289062,5.66406250e-02,21.48437500,36.12500000,1.46406250e+01
3946,2.52148438,2.53125000,9.76562500e-03,-49.81250000,-33.18750000,1.66250000e+01
3947,2.47265625,2.50976562,3.71093750e-02,185.50000000,183.62500000,1.87500000e+00
3948,2.29101562,2.27734375,1.36718750e-02,-2.92968750,-25.39062500,2.24609375e+01
3949,3.06250000,3.11328125,5.07812500e-02,-345.75000000,-306.75000000,3.90000000e+01
3950,1.85742188,1.84960938,7.81250000e-03,128.87500000,124.00000000,4.87500000e+00
3951,1.62695312,1.60937500,1.75781250e-02,-12.69531250,-10.74218750,1.95312500e+00
3952,2.39453125,2.37890625,1.56250000e-02,111.31250000,114.25000000,2.93750000e+00
3953,2.08007812,2.11523438,3.51562500e-02,-129.87500000,-145.50000000,1.56250000e+01
3954,2.37500000,2.36523438,9.76562500e-03,33.18750000,36.12500000,2.93750000e+00
3955,1.77636719,1.78125000,4.88281250e-03,149.87500000,179.62500000,2.97500000e+01
3956,2.18750000,2.16210938,2.53906250e-02,-261.75000000,-288.00000000,2.62500000e+01
3957,3.00781250,2.99804688,9.76562500e-03,3.90625000,-34.18750000,3.80937500e+01
3958,2.94726562,2.92187500,2.53906250e-02,213.87500000,193.37500000,2.05000000e+01
3959,2.83203125,2.86914062,3.71093750e-02,-125.00000000,-89.81250000,3.51875000e+01
3960,4.44531250,4.39843750,4.68750000e-02,526.50000000,515.50000000,1.10000000e+01
3961,1.96484375,1.93945312,2.53906250e-02,84.00000000,76.68750000,7.31250000e+00
3962,1.98632812,1.99218750,5.85937500e-03,23.43750000,41.00000000,1.75625000e+01
3963,2.87500000,2.85156250,2.34375000e-02,123.06250000,82.00000000,4.10625000e+01
3964,2.19921875,2.22656250,2.73437500e-02,-206.00000000,-187.50000000,1.85000000e+01
3965,2.81054688,2.78125000,2.92968750e-02,-373.00000000,-389.75000000,1.67500000e+01
3966,1.88085938,1.87500000,5.85937500e-03,19.53125000,13.67187500,5.85937500e+00
3967,1.78906250,1.76757812,2.14843750e-02,-2.92968750,-21.48437500,1.85546875e+01
3968,2.13281250,2.14062500,7.81250000e-03,-130.87500000,-160.12500000,2.92500000e+01
3969,3.00000000,2.97265625,2.73437500e-02,90.81250000,95.68750000,4.87500000e+00
3970,2.53906250,2.56250000,2.34375000e-02,-429.75000000,-453.00000000,2.32500000e+01
3971,1.56738281,1.50585938,6.15234375e-02,-88.37500000,-93.75000000,5.37500000e+00
3972,2.51367188,2.51562500,1.95312500e-03,45.90625000,44.90625000,1.00000000e+00
3973,2.48046875,2.50390625,2.34375000e-02,205.12500000,204.12500000,1.00000000e+00
3974,2.65625000,2.68164062,2.53906250e-02,161.12500000,169.00000000,7.87500000e+00
3975,3.09375000,3.13671875,4.29687500e-02,289.00000000,311.50000000,2.25000000e+01
3976,4.01171875,4.08593750,7.42187500e-02,-920.00000000,-886.50000000,3.35000000e+01
3977,3.47656250,3.46484375,1.17187500e-02,-105.43750000,-142.62500000,3.71875000e+01
3978,1.78417969,1.78906250,4.88281250e-03,136.25000000,154.25000000,1.80000000e+01
3979,1.85644531,1.84375000,1.26953125e-02,111.81250000,114.25000000,2.43750000e+00
3980,1.95898438,1.97265625,1.36718750e-02,52.71875000,66.37500000,1.36562500e+01
3981,2.30273438,2.32031250,1.75781250e-02,86.93750000,95.68750000,8.75000000e+00
3982,4.08984375,4.17187500,8.20312500e-02,542.00000000,582.00000000,4.00000000e+01
3983,3.88867188,3.93359375,4.49218750e-02,71.31250000,114.25000000,4.29375000e+01
3984,2.18359375,2.10156250,8.20312500e-02,-333.00000000,-367.25000000,3.42500000e+01
3985,2.09375000,2.08593750,7.81250000e-03,132.75000000,124.50000000,8.25000000e+00
3986,2.58984375,2.56835938,2.14843750e-02,-56.62500000,-55.65625000,9.68750000e-01
3987,1.58300781,1.61914062,3.61328125e-02,-201.62500000,-191.37500000,1.02500000e+01
3988,2.47656250,2.51171875,3.51562500e-02,-5.85937500,-1.95312500,3.90625000e+00
3989,2.12109375,2.11718750,3.90625000e-03,-367.25000000,-404.25000000,3.70000000e+01
3990,2.90820312,2.92578125,1.75781250e-02,26.35937500,42.96875000,1.66093750e+01
3991,2.29101562,2.30468750,1.36718750e-02,111.31250000,97.62500000,1.36875000e+01
3992,3.31640625,3.28125000,3.51562500e-02,252.00000000,226.50000000,2.55000000e+01
3993,2.06835938,2.11132812,4.29687500e-02,-4.88281250,6.83593750,1.17187500e+01
3994,2.26757812,2.33984375,7.22656250e-02,157.25000000,218.75000000,6.15000000e+01
3995,3.39453125,3.38085938,1.36718750e-02,0.97656250,22.45312500,2.14765625e+01
3996,2.61523438,2.60937500,5.85937500e-03,12.69531250,-14.64843750,2.73437500e+01
3997,2.16601562,2.24609375,8.00781250e-02,-162.12500000,-144.50000000,1.76250000e+01
3998,2.16406250,2.14843750,1.56250000e-02,-18.54687500,-22.45312500,3.90625000e+00
3999,3.83398438,3.85156250,1.75781250e-02,350.50000000,369.25000000,1.87500000e+01
